loss_event_id,campaign_id,event_start_datetime,event_end_datetime,duration_hours,island,area,system_id,system_name,functional_location,asset_id,impact_scope,event_type,cause_category,failure_mode,event_description,root_cause_status,baseline_rate_adt_day,actual_rate_adt_day,production_loss_adt,operations_comment,history_coverage_eligible,maintenance_context,prior_confirmed_notification_count_180d,latest_prior_notification_id,latest_prior_notification_date,latest_prior_responsible_discipline,latest_prior_work_order_id,latest_prior_closure_code,latest_prior_action_type,latest_prior_risk_class,latest_prior_risk_sort_order,days_from_latest_notification_to_loss,latest_completed_corrective_notification_id,latest_completed_corrective_date,days_from_corrective_completion_to_loss
LE000001,C1,2023-01-10T06:15:00,2023-01-10T09:45:00,3.50,Recovery & Utilities,Causticizing,SYS-RU-CAU-SLK,Slaking,PLT-RU-CAU-SLK,SLK-CAU-SLK-01,System,Production Rate Reduction,Equipment Failure,PROCESS_RESTRICTION,Process differential pressure above normal operating range; mill throughput reduced during stabilization.,Confirmed,4257.11,3237.60,148.68,Throughput was limited until operating conditions stabilized.,FALSE,INSUFFICIENT_HISTORY,0,,,,,,,,,,,,
LE000002,C1,2023-01-11T09:00:00,2023-01-11T11:00:00,2.00,Fiber Line,Bleaching,SYS-FL-BLE-CHM,Chemical Mixing,PLT-FL-BLE-CHM,M-BLE-CHM-01,System,Production Rate Reduction,Equipment Failure,MOTOR_OVERHEATING,Motor temperature rising at normal load; mill throughput reduced during stabilization.,Probable,4234.11,3645.96,49.01,Throughput was limited until operating conditions stabilized.,FALSE,INSUFFICIENT_HISTORY,0,,,,,,,,,,,,
LE000003,C1,2023-01-12T20:15:00,2023-01-12T22:30:00,2.25,Fiber Line,Drying,SYS-FL-DRY-DRS,Dryer Section,PLT-FL-DRY-DRS,,Mill,Production Rate Reduction,Utility Constraint,STEAM_PRESSURE_CONSTRAINT,Available steam pressure limited mill throughput; mill throughput reduced during stabilization.,Probable,4413.29,4031.10,35.83,Throughput was limited until operating conditions stabilized.,FALSE,SYSTEM_PROCESS_EVENT,0,,,,,,,,,,,,
LE000004,C1,2023-01-14T21:00:00,2023-01-15T00:30:00,3.50,Recovery & Utilities,Causticizing,SYS-RU-CAU-LMH,Lime Mud Handling,PLT-RU-CAU-LMH,,System,Production Rate Reduction,Process Upset,PROCESS_INSTABILITY,Process oscillations required reduced mill throughput; mill throughput reduced during stabilization.,Under Investigation,4327.93,3045.47,187.03,Throughput was limited until operating conditions stabilized.,FALSE,SYSTEM_PROCESS_EVENT,0,,,,,,,,,,,,
LE000005,C1,2023-01-16T21:15:00,2023-01-16T22:45:00,1.50,Fiber Line,Washing & Screening,SYS-FL-WSH-FIL,Filtrate System,PLT-FL-WSH-FIL,,System,Production Rate Reduction,Process Upset,PROCESS_INSTABILITY,Process oscillations required reduced mill throughput; mill throughput reduced during stabilization.,Confirmed,4181.42,3320.20,53.83,Throughput was limited until operating conditions stabilized.,FALSE,SYSTEM_PROCESS_EVENT,0,,,,,,,,,,,,
LE000006,C1,2023-01-21T06:45:00,2023-01-21T07:45:00,1.00,Recovery & Utilities,Lime Kiln,SYS-RU-LIM-IDF,Induced Draft,PLT-RU-LIM-IDF,DV-LIM-IDF-01,Area,Area Shutdown,Instrumentation / Control,INTERMITTENT_SIGNAL,Intermittent signal dropout at stable process conditions; area operation stopped and mill output reduced.,Probable,4150.12,1092.59,127.40,Available buffers were used while the affected area recovered.,FALSE,KNOWN_UNTREATED_DEFECT,1,N0000020,2023-01-14,Automation,,MONITOR_CONDITION,Inspection only,R7,7,7,,,
LE000007,C1,2023-02-05T05:00:00,2023-02-05T11:45:00,6.75,Recovery & Utilities,Causticizing,SYS-RU-CAU-GLC,Green Liquor Clarification,PLT-RU-CAU-GLC,,Area,Area Shutdown,Process Upset,PROCESS_RESTRICTION,Process restriction limited transfer capacity; area operation stopped and mill output reduced.,Probable,4347.08,929.71,961.14,Available buffers were used while the affected area recovered.,FALSE,SYSTEM_PROCESS_EVENT,0,,,,,,,,,,,,
LE000008,C1,2023-02-08T18:15:00,2023-02-08T21:15:00,3.00,Recovery & Utilities,Utilities,SYS-RU-UTL-BFW,Boiler Feedwater,PLT-RU-UTL-BFW,P-UTL-BFW-01,System,Production Rate Reduction,Equipment Failure,CAVITATION,Crackling noise and unstable suction pressure; mill throughput reduced during stabilization.,Confirmed,4251.74,2970.64,160.14,Throughput was limited until operating conditions stabilized.,FALSE,KNOWN_UNTREATED_DEFECT,1,N0000027,2023-01-20,Condition Monitoring,WO0000014,WORK_COMPLETED,Cleaning,R5,5,19,,,
LE000009,C1,2023-02-10T16:45:00,2023-02-11T02:15:00,9.50,Fiber Line,Digester,SYS-FL-DIG-CHP,Chip Feeding,PLT-FL-DIG-CHP,M-DIG-CHP-01,System,Production Rate Reduction,Equipment Failure,TERMINAL_HEATING,Localized heating at electrical connection; mill throughput reduced during stabilization.,Probable,4200.31,3638.18,222.51,Throughput was limited until operating conditions stabilized.,FALSE,INSUFFICIENT_HISTORY,0,,,,,,,,,,,,
LE000010,C1,2023-03-01T15:15:00,2023-03-01T17:45:00,2.50,Recovery & Utilities,Utilities,SYS-RU-UTL-ELD,Electrical Distribution,PLT-RU-UTL-ELD,CB-UTL-ELD-01,Area,Area Shutdown,Instrumentation / Control,INTERMITTENT_SIGNAL,Intermittent signal dropout at stable process conditions; area operation stopped and mill output reduced.,Confirmed,4184.66,1438.87,286.02,Available buffers were used while the affected area recovered.,FALSE,INSUFFICIENT_HISTORY,0,,,,,,,,,,,,
LE000011,C1,2023-03-03T06:15:00,2023-03-03T08:45:00,2.50,Fiber Line,Bleaching,SYS-FL-BLE-TWR,Bleaching Towers,PLT-FL-BLE-TWR,AG-BLE-TWR-01,System,Production Rate Reduction,Equipment Failure,LOW_LUBE_LEVEL,Lubricant level below normal mark; mill throughput reduced during stabilization.,Confirmed,4230.83,3609.82,64.69,Throughput was limited until operating conditions stabilized.,FALSE,INSUFFICIENT_HISTORY,0,,,,,,,,,,,,
LE000012,C1,2023-03-08T13:15:00,2023-03-08T15:30:00,2.25,Fiber Line,Washing & Screening,SYS-FL-WSH-SCR,Screening,PLT-FL-WSH-SCR,,System,Production Rate Reduction,Process Upset,FOULING,Deposits reduced effective process capacity; mill throughput reduced during stabilization.,Probable,4263.00,3116.00,107.53,Throughput was limited until operating conditions stabilized.,FALSE,SYSTEM_PROCESS_EVENT,0,,,,,,,,,,,,
LE000013,C1,2023-03-20T03:00:00,2023-03-20T07:00:00,4.00,Fiber Line,Bleaching,SYS-FL-BLE-DOS,Chemical Dosing,PLT-FL-BLE-DOS,FT-BLE-DOS-01,Area,Area Shutdown,Instrumentation / Control,CALIBRATION_DEVIATION,Measured output outside calibration tolerance; area operation stopped and mill output reduced.,Confirmed,4261.48,914.78,557.78,Available buffers were used while the affected area recovered.,FALSE,INSUFFICIENT_HISTORY,0,,,,,,,,,,,,
LE000014,C1,2023-03-21T14:45:00,2023-03-21T22:30:00,7.75,Recovery & Utilities,Evaporation,SYS-RU-EVA-CIR,Evaporator Circulation,PLT-RU-EVA-CIR,P-EVA-CIR-01,Mill,Mill Shutdown,Equipment Failure,OIL_CONTAMINATION,Oil sample shows elevated contamination; mill production stopped for recovery.,Confirmed,4349.59,75.43,1380.20,Shift coordinated isolation and a staged mill restart.,FALSE,POST_MAINTENANCE_RECURRENCE,1,N0000007,2023-01-04,Lubrication,WO0000007,WORK_COMPLETED,Lubrication,R7,7,76,N0000007,2023-03-03,18
LE000015,C1,2023-03-23T16:15:00,2023-03-23T20:45:00,4.50,Recovery & Utilities,Lime Kiln,SYS-RU-LIM-IDF,Induced Draft,PLT-RU-LIM-IDF,DV-LIM-IDF-01,System,Production Rate Reduction,Instrumentation / Control,INTERMITTENT_SIGNAL,Intermittent signal dropout at stable process conditions; mill throughput reduced during stabilization.,Confirmed,4376.78,3336.80,195.00,Throughput was limited until operating conditions stabilized.,FALSE,KNOWN_UNTREATED_DEFECT,1,N0000020,2023-01-14,Automation,,MONITOR_CONDITION,Inspection only,R7,7,68,,,
LE000016,C1,2023-03-27T20:00:00,2023-03-28T02:30:00,6.50,Recovery & Utilities,Recovery Boiler,SYS-RU-RB-SMT,Smelt Handling,PLT-RU-RB-SMT,,System,Production Rate Reduction,Process Upset,PROCESS_RESTRICTION,Process restriction limited transfer capacity; mill throughput reduced during stabilization.,Probable,4196.01,3295.09,244.00,Throughput was limited until operating conditions stabilized.,FALSE,SYSTEM_PROCESS_EVENT,0,,,,,,,,,,,,
LE000017,C1,2023-04-06T05:45:00,2023-04-07T04:00:00,22.25,Recovery & Utilities,Causticizing,SYS-RU-CAU-WLC,White Liquor Clarification,PLT-RU-CAU-WLC,FV-CAU-WLC-01,System,Production Rate Reduction,Equipment Failure,VALVE_STICTION,Valve travel sticks during small command changes; mill throughput reduced during stabilization.,Probable,4213.52,2947.36,1173.84,Throughput was limited until operating conditions stabilized.,FALSE,KNOWN_UNTREATED_DEFECT,1,N0000041,2023-01-31,Valves,,MONITOR_CONDITION,Inspection only,R5,5,65,,,
LE000018,C1,2023-04-09T03:30:00,2023-04-09T06:00:00,2.50,Recovery & Utilities,Causticizing,SYS-RU-CAU-REA,Causticizing Reactors,PLT-RU-CAU-REA,,Area,Area Shutdown,Process Upset,PROCESS_INSTABILITY,Process oscillations required reduced mill throughput; area operation stopped and mill output reduced.,Probable,4174.59,1406.37,288.36,Available buffers were used while the affected area recovered.,FALSE,SYSTEM_PROCESS_EVENT,0,,,,,,,,,,,,
LE000019,C1,2023-04-10T02:45:00,2023-04-10T10:45:00,8.00,Recovery & Utilities,Recovery Boiler,SYS-RU-RB-BLF,Black Liquor Firing,PLT-RU-RB-BLF,P-RB-BLF-01,System,Production Rate Reduction,Equipment Failure,PUMP_BEARING_VIBRATION,Elevated vibration at pump bearing housing; mill throughput reduced during stabilization.,Confirmed,4153.25,3210.74,314.17,Throughput was limited until operating conditions stabilized.,FALSE,INSUFFICIENT_HISTORY,0,,,,,,,,,,,,
LE000020,C1,2023-04-10T13:15:00,2023-04-10T15:00:00,1.75,Fiber Line,Drying,SYS-FL-DRY-PMF,Pulp Machine Feed,PLT-FL-DRY-PMF,,System,Production Rate Reduction,Process Upset,FOULING,Deposits reduced effective process capacity; mill throughput reduced during stabilization.,Probable,4227.80,3747.29,35.04,Throughput was limited until operating conditions stabilized.,FALSE,SYSTEM_PROCESS_EVENT,0,,,,,,,,,,,,
LE000021,C1,2023-04-12T02:45:00,2023-04-12T05:00:00,2.25,Fiber Line,Digester,SYS-FL-DIG-CHP,Chip Feeding,PLT-FL-DIG-CHP,ZS-DIG-CHP-01,Area,Area Shutdown,Instrumentation / Control,SIGNAL_DRIFT,Indicated value drifts from independent reference; area operation stopped and mill output reduced.,Confirmed,4191.99,1862.97,218.35,Available buffers were used while the affected area recovered.,FALSE,INSUFFICIENT_HISTORY,0,,,,,,,,,,,,
LE000022,C1,2023-04-14T11:00:00,2023-04-15T02:45:00,15.75,Fiber Line,Digester,SYS-FL-DIG-CIR,Cooking Circulation,PLT-FL-DIG-CIR,P-DIG-CIR-01,Area,Area Shutdown,Equipment Failure,PUMP_BEARING_VIBRATION,Elevated vibration at pump bearing housing; area operation stopped and mill output reduced.,Confirmed,4299.27,1476.36,1852.53,Available buffers were used while the affected area recovered.,FALSE,KNOWN_UNTREATED_DEFECT,1,N0000044,2023-01-31,Mechanical,WO0000024,MONITOR_CONDITION,Inspection only,R5,5,73,,,
LE000023,C1,2023-04-17T16:45:00,2023-04-18T22:30:00,29.75,Fiber Line,Drying,SYS-FL-DRY-HYD,Hydraulic System,PLT-FL-DRY-HYD,HPU-DRY-HYD-01,System,Production Rate Reduction,Equipment Failure,HYD_PRESS_INSTABILITY,Hydraulic header pressure oscillates under steady demand; mill throughput reduced during stabilization.,Confirmed,4187.09,3757.43,532.60,Throughput was limited until operating conditions stabilized.,FALSE,KNOWN_UNTREATED_DEFECT,1,N0000042,2023-01-31,Hydraulics,WO0000022,MONITOR_CONDITION,Inspection only,R5,5,76,,,
LE000024,C1,2023-04-23T17:15:00,2023-04-23T22:45:00,5.50,Recovery & Utilities,Causticizing,SYS-RU-CAU-GLH,Green Liquor Handling,PLT-RU-CAU-GLH,FV-CAU-GLH-01,Mill,Mill Shutdown,Equipment Failure,ACTUATOR_LEAKAGE,Actuator supply pressure decays while held; mill production stopped for recovery.,Confirmed,4143.92,9.44,947.49,Shift coordinated isolation and a staged mill restart.,FALSE,POST_MAINTENANCE_RECURRENCE,1,N0000001,2023-01-01,Valves,WO0000001,WORK_COMPLETED,Seal replacement,R7,7,112,N0000001,2023-01-21,92
LE000025,C1,2023-04-30T19:45:00,2023-04-30T23:15:00,3.50,Recovery & Utilities,Recovery Boiler,SYS-RU-RB-AIR,Combustion Air,PLT-RU-RB-AIR,FT-RB-AIR-01,System,Production Rate Reduction,Instrumentation / Control,INTERMITTENT_SIGNAL,Intermittent signal dropout at stable process conditions; mill throughput reduced during stabilization.,Probable,4135.94,2964.99,170.76,Throughput was limited until operating conditions stabilized.,FALSE,INSUFFICIENT_HISTORY,0,,,,,,,,,,,,
LE000026,C1,2023-05-02T11:30:00,2023-05-02T20:15:00,8.75,Fiber Line,Drying,SYS-FL-DRY-LUB,Lubrication System,PLT-FL-DRY-LUB,P-DRY-LUB-01,System,Production Rate Reduction,Equipment Failure,LOW_LUBE_LEVEL,Lubricant level below normal mark; mill throughput reduced during stabilization.,Probable,4127.25,3123.34,366.01,Throughput was limited until operating conditions stabilized.,FALSE,INSUFFICIENT_HISTORY,0,,,,,,,,,,,,
LE000027,C1,2023-05-04T08:00:00,2023-05-04T21:15:00,13.25,Fiber Line,Digester,SYS-FL-DIG-CHP,Chip Feeding,PLT-FL-DIG-CHP,XV-DIG-CHP-01,System,Production Rate Reduction,Equipment Failure,ACTUATOR_LEAKAGE,Actuator supply pressure decays while held; mill throughput reduced during stabilization.,Confirmed,4132.58,3176.78,527.68,Throughput was limited until operating conditions stabilized.,FALSE,INSUFFICIENT_HISTORY,0,,,,,,,,,,,,
LE000028,C1,2023-05-17T15:00:00,2023-05-17T17:00:00,2.00,Fiber Line,Digester,SYS-FL-DIG-BLC,Blow / Pressure Control,PLT-FL-DIG-BLC,PSHH-DIG-BLC-01,System,Production Rate Reduction,Instrumentation / Control,CONTROL_SEQUENCE_DEVIATION,Control sequence response differs from approved logic; mill throughput reduced during stabilization.,Probable,4205.81,2990.20,101.30,Throughput was limited until operating conditions stabilized.,FALSE,INSUFFICIENT_HISTORY,0,,,,,,,,,,,,
LE000029,C1,2023-05-20T13:00:00,2023-05-20T18:15:00,5.25,Recovery & Utilities,Lime Kiln,SYS-RU-LIM-LMF,Lime Mud Feed,PLT-RU-LIM-LMF,,Area,Area Shutdown,Process Upset,PROCESS_INSTABILITY,Process oscillations required reduced mill throughput; area operation stopped and mill output reduced.,Under Investigation,4142.44,1256.68,631.26,Available buffers were used while the affected area recovered.,FALSE,SYSTEM_PROCESS_EVENT,0,,,,,,,,,,,,
LE000030,C1,2023-05-22T06:00:00,2023-05-22T07:00:00,1.00,Recovery & Utilities,Evaporation,SYS-RU-EVA-CIR,Evaporator Circulation,PLT-RU-EVA-CIR,PV-EVA-CIR-01,System,Production Rate Reduction,Equipment Failure,VALVE_STICTION,Valve travel sticks during small command changes; mill throughput reduced during stabilization.,Probable,4187.74,3412.24,32.31,Throughput was limited until operating conditions stabilized.,FALSE,POST_MAINTENANCE_RECURRENCE,1,N0000075,2023-02-28,Instrumentation,WO0000040,WORK_COMPLETED,Valve overhaul,R4,4,83,N0000075,2023-03-18,65
LE000031,C1,2023-05-23T06:30:00,2023-05-23T10:00:00,3.50,Recovery & Utilities,Evaporation,SYS-RU-EVA-CON,Condensate System,PLT-RU-EVA-CON,M-EVA-CON-01,System,Production Rate Reduction,Equipment Failure,INSULATION_DEGRADATION,Insulation test trending below reference; mill throughput reduced during stabilization.,Probable,4189.40,3601.49,85.74,Throughput was limited until operating conditions stabilized.,FALSE,POST_MAINTENANCE_RECURRENCE,1,N0000013,2023-01-07,Electrical,WO0000009,WORK_COMPLETED,Component replacement,R4,4,136,N0000013,2023-01-28,115
LE000032,C1,2023-05-28T17:30:00,2023-05-28T22:45:00,5.25,Fiber Line,Drying,SYS-FL-DRY-DRS,Dryer Section,PLT-FL-DRY-DRS,PV-DRY-DRS-01,System,Production Rate Reduction,Instrumentation / Control,POSITIONER_DEVIATION,Valve feedback differs from demanded position; mill throughput reduced during stabilization.,Probable,4172.48,3423.65,163.81,Throughput was limited until operating conditions stabilized.,FALSE,KNOWN_UNTREATED_DEFECT,1,N0000023,2023-01-15,Valves,,MONITOR_CONDITION,Inspection only,R2,2,133,,,
LE000033,C1,2023-06-01T15:30:00,2023-06-01T17:45:00,2.25,Recovery & Utilities,Utilities,SYS-RU-UTL-PWT,Process Water,PLT-RU-UTL-PWT,FT-UTL-PWT-01,System,Production Rate Reduction,Instrumentation / Control,CALIBRATION_DEVIATION,Measured output outside calibration tolerance; mill throughput reduced during stabilization.,Probable,4333.87,3632.13,65.79,Throughput was limited until operating conditions stabilized.,FALSE,KNOWN_UNTREATED_DEFECT,1,N0000156,2023-05-01,Instrumentation,WO0000086,WORK_COMPLETED,Calibration,R7,7,31,,,
LE000034,C1,2023-06-04T05:00:00,2023-06-04T09:00:00,4.00,Recovery & Utilities,Utilities,SYS-RU-UTL-PWT,Process Water,PLT-RU-UTL-PWT,M-UTL-PWT-01,System,Production Rate Reduction,Equipment Failure,MOTOR_OVERHEATING,Motor temperature rising at normal load; mill throughput reduced during stabilization.,Confirmed,4229.17,3683.60,90.93,Throughput was limited until operating conditions stabilized.,FALSE,INSUFFICIENT_HISTORY,0,,,,,,,,,,,,
LE000035,C1,2023-06-22T05:15:00,2023-06-22T06:45:00,1.50,Recovery & Utilities,Lime Kiln,SYS-RU-LIM-BRN,Burner System,PLT-RU-LIM-BRN,BRN-LIM-BRN-01,System,Production Rate Reduction,Equipment Failure,MECHANICAL_BINDING,Mechanism travel is uneven with elevated resistance; mill throughput reduced during stabilization.,Confirmed,4200.61,3854.94,21.60,Throughput was limited until operating conditions stabilized.,FALSE,POST_MAINTENANCE_RECURRENCE,1,N0000053,2023-02-10,Mechanical,WO0000029,WORK_COMPLETED,Adjustment,R3,3,132,N0000053,2023-03-03,111
LE000036,C1,2023-06-26T20:30:00,2023-06-27T01:15:00,4.75,Recovery & Utilities,Recovery Boiler,SYS-RU-RB-SBL,Sootblowing,PLT-RU-RB-SBL,,System,Production Rate Reduction,Process Upset,PROCESS_INSTABILITY,Process oscillations required reduced mill throughput; mill throughput reduced during stabilization.,Under Investigation,4179.01,2947.05,243.83,Throughput was limited until operating conditions stabilized.,FALSE,SYSTEM_PROCESS_EVENT,0,,,,,,,,,,,,
LE000037,C1,2023-06-30T05:45:00,2023-06-30T06:45:00,1.00,Recovery & Utilities,Evaporation,SYS-RU-EVA-CON,Condensate System,PLT-RU-EVA-CON,P-EVA-CON-01,Area,Area Shutdown,Equipment Failure,LOW_FLOW,Delivered flow below expected operating range; area operation stopped and mill output reduced.,Probable,4145.26,1218.49,121.95,Available buffers were used while the affected area recovered.,TRUE,NO_PRIOR_DETECTION,0,,,,,,,,,,,,
LE000038,C1,2023-07-04T03:00:00,2023-07-04T08:00:00,5.00,Recovery & Utilities,Utilities,SYS-RU-UTL-ELD,Electrical Distribution,PLT-RU-UTL-ELD,CB-UTL-ELD-01,System,Production Rate Reduction,Equipment Failure,INSULATION_DEGRADATION,Insulation test trending below reference; mill throughput reduced during stabilization.,Under Investigation,4219.44,2804.92,294.69,Throughput was limited until operating conditions stabilized.,TRUE,NO_PRIOR_DETECTION,0,,,,,,,,,,,,
LE000039,C1,2023-07-09T21:30:00,2023-07-10T00:15:00,2.75,Fiber Line,Drying,SYS-FL-DRY-PMF,Pulp Machine Feed,PLT-FL-DRY-PMF,FT-DRY-PMF-01,System,Production Rate Reduction,Instrumentation / Control,INTERMITTENT_SIGNAL,Intermittent signal dropout at stable process conditions; mill throughput reduced during stabilization.,Confirmed,4143.37,3282.66,98.62,Throughput was limited until operating conditions stabilized.,TRUE,NO_PRIOR_DETECTION,0,,,,,,,,,,,,
LE000040,C1,2023-07-12T14:45:00,2023-07-12T20:45:00,6.00,Recovery & Utilities,Lime Kiln,SYS-RU-LIM-LMF,Lime Mud Feed,PLT-RU-LIM-LMF,M-LIM-LMF-01,System,Production Rate Reduction,Equipment Failure,INSULATION_DEGRADATION,Insulation test trending below reference; mill throughput reduced during stabilization.,Confirmed,4168.58,3740.46,107.03,Throughput was limited until operating conditions stabilized.,TRUE,POST_MAINTENANCE_RECURRENCE,1,N0000094,2023-03-18,Electrical,WO0000052,WORK_COMPLETED,Component replacement,R7,7,116,N0000094,2023-04-25,78
LE000041,C1,2023-07-17T18:30:00,2023-07-18T19:15:00,24.75,Fiber Line,Digester,SYS-FL-DIG-CIR,Cooking Circulation,PLT-FL-DIG-CIR,P-DIG-CIR-01,Mill,Mill Shutdown,Equipment Failure,PUMP_BEARING_VIBRATION,Elevated vibration at pump bearing housing; mill production stopped for recovery.,Probable,4146.81,39.10,4236.08,Shift coordinated isolation and a staged mill restart.,TRUE,KNOWN_UNTREATED_DEFECT,2,N0000159,2023-05-01,Mechanical,WO0000088,CANCELLED,,R2,2,77,,,
LE000042,C1,2023-07-20T13:15:00,2023-07-22T02:45:00,37.50,Fiber Line,Drying,SYS-FL-DRY-HYD,Hydraulic System,PLT-FL-DRY-HYD,HPU-DRY-HYD-01,Area,Area Shutdown,Equipment Failure,HYD_PRESS_INSTABILITY,Hydraulic header pressure oscillates under steady demand; area operation stopped and mill output reduced.,Probable,4117.94,1226.96,4517.16,Available buffers were used while the affected area recovered.,TRUE,KNOWN_UNTREATED_DEFECT,2,N0000158,2023-05-01,Instrumentation,WO0000087,MONITOR_CONDITION,Inspection only,R2,2,80,,,
LE000043,C1,2023-07-23T20:45:00,2023-07-23T21:45:00,1.00,Fiber Line,Digester,SYS-FL-DIG-BLC,Blow / Pressure Control,PLT-FL-DIG-BLC,PT-DIG-BLC-01,System,Production Rate Reduction,Instrumentation / Control,CALIBRATION_DEVIATION,Measured output outside calibration tolerance; mill throughput reduced during stabilization.,Confirmed,4195.86,3285.17,37.95,Throughput was limited until operating conditions stabilized.,TRUE,NO_PRIOR_DETECTION,0,,,,,,,,,,,,
LE000044,C1,2023-07-24T13:45:00,2023-07-24T15:00:00,1.25,Recovery & Utilities,Evaporation,SYS-RU-EVA-CON,Condensate System,PLT-RU-EVA-CON,P-EVA-CON-01,Area,Area Shutdown,Equipment Failure,LOW_FLOW,Delivered flow below expected operating range; area operation stopped and mill output reduced.,Confirmed,4194.97,2209.64,103.40,Available buffers were used while the affected area recovered.,TRUE,NO_PRIOR_DETECTION,0,,,,,,,,,,,,
LE000045,C1,2023-07-24T21:00:00,2023-07-25T09:00:00,12.00,Recovery & Utilities,Recovery Boiler,SYS-RU-RB-SBL,Sootblowing,PLT-RU-RB-SBL,SBL-RB-SBL-01,System,Production Rate Reduction,Equipment Failure,PROCESS_RESTRICTION,Process differential pressure above normal operating range; mill throughput reduced during stabilization.,Confirmed,4181.68,3667.32,257.18,Throughput was limited until operating conditions stabilized.,TRUE,NO_PRIOR_DETECTION,0,,,,,,,,,,,,
LE000046,C1,2023-07-26T10:15:00,2023-07-26T14:45:00,4.50,Recovery & Utilities,Lime Kiln,SYS-RU-LIM-IDF,Induced Draft,PLT-RU-LIM-IDF,FAN-LIM-IDF-01,System,Production Rate Reduction,Equipment Failure,BEARING_TEMPERATURE,Bearing temperature trending above baseline; mill throughput reduced during stabilization.,Confirmed,4291.09,3354.46,175.62,Throughput was limited until operating conditions stabilized.,TRUE,NO_PRIOR_DETECTION,0,,,,,,,,,,,,
LE000047,C1,2023-07-27T04:45:00,2023-07-27T17:00:00,12.25,Recovery & Utilities,Utilities,SYS-RU-UTL-STM,Steam Distribution,PLT-RU-UTL-STM,PT-UTL-STM-01,System,Production Rate Reduction,Instrumentation / Control,IMPULSE_LINE_RESTRICTION,Pressure response delayed during process change; mill throughput reduced during stabilization.,Confirmed,4416.96,3018.06,714.02,Throughput was limited until operating conditions stabilized.,TRUE,KNOWN_UNTREATED_DEFECT,1,N0000232,2023-07-20,Instrumentation,,MONITOR_CONDITION,Inspection only,R1,1,7,,,
LE000048,C1,2023-07-29T16:15:00,2023-07-29T19:00:00,2.75,Recovery & Utilities,Evaporation,SYS-RU-EVA-CIR,Evaporator Circulation,PLT-RU-EVA-CIR,P-EVA-CIR-01,Mill,Mill Shutdown,Equipment Failure,OIL_CONTAMINATION,Oil sample shows elevated contamination; mill production stopped for recovery.,Probable,4279.62,19.61,488.13,Shift coordinated isolation and a staged mill restart.,TRUE,OTHER_AMBIGUOUS,0,,,,,,,,,,N0000007,2023-03-03,148
LE000049,C1,2023-07-30T06:15:00,2023-07-30T08:45:00,2.50,Fiber Line,Bleaching,SYS-FL-BLE-TWR,Bleaching Towers,PLT-FL-BLE-TWR,PV-BLE-TWR-01,System,Production Rate Reduction,Equipment Failure,EXTERNAL_LEAKAGE,Visible leakage at valve packing; mill throughput reduced during stabilization.,Confirmed,4335.04,3402.67,97.12,Throughput was limited until operating conditions stabilized.,TRUE,KNOWN_UNTREATED_DEFECT,3,N0000235,2023-07-22,Valves,WO0000136,WORK_COMPLETED,Seal replacement,R7,7,8,,,
LE000050,C1,2023-07-30T21:45:00,2023-07-30T22:45:00,1.00,Recovery & Utilities,Recovery Boiler,SYS-RU-RB-FWS,Feedwater System,PLT-RU-RB-FWS,M-RB-FWS-01,System,Production Rate Reduction,Equipment Failure,INSULATION_DEGRADATION,Insulation test trending below reference; mill throughput reduced during stabilization.,Confirmed,4206.50,3310.46,37.34,Throughput was limited until operating conditions stabilized.,TRUE,NO_PRIOR_DETECTION,0,,,,,,,,,,,,
LE000051,C1,2023-07-31T14:00:00,2023-07-31T15:00:00,1.00,Recovery & Utilities,Evaporation,SYS-RU-EVA-CIR,Evaporator Circulation,PLT-RU-EVA-CIR,M-EVA-CIR-01,Area,Area Shutdown,Equipment Failure,MOTOR_BEARING_VIBRATION,Motor bearing vibration above baseline; area operation stopped and mill output reduced.,Under Investigation,4033.44,1152.88,120.02,Available buffers were used while the affected area recovered.,TRUE,KNOWN_UNTREATED_DEFECT,1,N0000161,2023-05-02,Electrical,,NO_ACTION_REQUIRED,Inspection only,R7,7,90,,,
LE000052,C1,2023-08-05T05:15:00,2023-08-05T07:15:00,2.00,Recovery & Utilities,Causticizing,SYS-RU-CAU-GLC,Green Liquor Clarification,PLT-RU-CAU-GLC,,System,Production Rate Reduction,Process Upset,PROCESS_RESTRICTION,Process restriction limited transfer capacity; mill throughput reduced during stabilization.,Confirmed,4245.87,3587.98,54.82,Throughput was limited until operating conditions stabilized.,TRUE,SYSTEM_PROCESS_EVENT,0,,,,,,,,,,,,
LE000053,C1,2023-08-09T16:00:00,2023-08-09T19:15:00,3.25,Recovery & Utilities,Recovery Boiler,SYS-RU-RB-FWS,Feedwater System,PLT-RU-RB-FWS,M-RB-FWS-01,Area,Area Shutdown,Equipment Failure,MOTOR_OVERHEATING,Motor temperature rising at normal load; area operation stopped and mill output reduced.,Probable,4172.78,1616.74,346.13,Available buffers were used while the affected area recovered.,TRUE,NO_PRIOR_DETECTION,0,,,,,,,,,,,,
LE000054,C1,2023-08-11T18:45:00,2023-08-12T09:45:00,15.00,Recovery & Utilities,Recovery Boiler,SYS-RU-RB-BLF,Black Liquor Firing,PLT-RU-RB-BLF,P-RB-BLF-01,Mill,Mill Shutdown,Equipment Failure,PUMP_BEARING_VIBRATION,Elevated vibration at pump bearing housing; mill production stopped for recovery.,Probable,4308.42,85.96,2639.04,Shift coordinated isolation and a staged mill restart.,TRUE,KNOWN_UNTREATED_DEFECT,1,N0000221,2023-07-04,Mechanical,,MONITOR_CONDITION,Inspection only,R5,5,38,,,
LE000055,C1,2023-08-13T17:15:00,2023-08-13T22:00:00,4.75,Recovery & Utilities,Utilities,SYS-RU-UTL-ELD,Electrical Distribution,PLT-RU-UTL-ELD,CB-UTL-ELD-01,System,Production Rate Reduction,Instrumentation / Control,INTERMITTENT_SIGNAL,Intermittent signal dropout at stable process conditions; mill throughput reduced during stabilization.,Probable,4171.56,2705.47,290.16,Throughput was limited until operating conditions stabilized.,TRUE,NO_PRIOR_DETECTION,0,,,,,,,,,,,,
LE000056,C1,2023-08-15T18:30:00,2023-08-17T18:30:00,48.00,Recovery & Utilities,Causticizing,SYS-RU-CAU-WLC,White Liquor Clarification,PLT-RU-CAU-WLC,FV-CAU-WLC-01,Area,Area Shutdown,Equipment Failure,VALVE_STICTION,Valve travel sticks during small command changes; area operation stopped and mill output reduced.,Confirmed,4270.81,1222.51,6096.60,Available buffers were used while the affected area recovered.,TRUE,KNOWN_UNTREATED_DEFECT,1,N0000157,2023-05-01,Valves,,NO_ACTION_REQUIRED,Inspection only,R2,2,106,,,
LE000057,C1,2023-08-19T13:00:00,2023-08-19T16:30:00,3.50,Recovery & Utilities,Recovery Boiler,SYS-RU-RB-STM,Steam / Pressure Control,PLT-RU-RB-STM,,System,Production Rate Reduction,Process Upset,PROCESS_RESTRICTION,Process restriction limited transfer capacity; mill throughput reduced during stabilization.,Under Investigation,4249.95,3380.26,126.83,Throughput was limited until operating conditions stabilized.,TRUE,SYSTEM_PROCESS_EVENT,0,,,,,,,,,,,,
LE000058,C1,2023-08-20T14:00:00,2023-08-20T17:30:00,3.50,Recovery & Utilities,Causticizing,SYS-RU-CAU-REA,Causticizing Reactors,PLT-RU-CAU-REA,FV-CAU-REA-01,Area,Area Shutdown,Equipment Failure,VALVE_STICTION,Valve travel sticks during small command changes; area operation stopped and mill output reduced.,Probable,4251.79,1237.85,439.53,Available buffers were used while the affected area recovered.,TRUE,KNOWN_UNTREATED_DEFECT,1,N0000217,2023-07-03,Instrumentation,WO0000125,WORK_COMPLETED,Valve overhaul,R7,7,48,,,
LE000059,C1,2023-08-22T03:15:00,2023-08-22T17:30:00,14.25,Recovery & Utilities,Evaporation,SYS-RU-EVA-CIR,Evaporator Circulation,PLT-RU-EVA-CIR,M-EVA-CIR-01,System,Production Rate Reduction,Equipment Failure,TERMINAL_HEATING,Localized heating at electrical connection; mill throughput reduced during stabilization.,Confirmed,4264.24,2962.82,772.72,Throughput was limited until operating conditions stabilized.,TRUE,NO_PRIOR_DETECTION,0,,,,,,,,,,,,
LE000060,C1,2023-08-30T00:30:00,2023-08-30T06:45:00,6.25,Recovery & Utilities,Causticizing,SYS-RU-CAU-GLC,Green Liquor Clarification,PLT-RU-CAU-GLC,LT-CAU-GLC-01,System,Production Rate Reduction,Instrumentation / Control,CONTROL_SEQUENCE_DEVIATION,Control sequence response differs from approved logic; mill throughput reduced during stabilization.,Under Investigation,4161.47,3268.58,232.52,Throughput was limited until operating conditions stabilized.,TRUE,NO_PRIOR_DETECTION,0,,,,,,,,,,,,
LE000061,C1,2023-09-01T10:30:00,2023-09-02T04:15:00,17.75,Recovery & Utilities,Recovery Boiler,SYS-RU-RB-FWS,Feedwater System,PLT-RU-RB-FWS,FV-RB-FWS-01,System,Production Rate Reduction,Equipment Failure,VALVE_STICTION,Valve travel sticks during small command changes; mill throughput reduced during stabilization.,Probable,4072.68,3646.26,315.37,Throughput was limited until operating conditions stabilized.,TRUE,POST_MAINTENANCE_RECURRENCE,1,N0000206,2023-06-20,Valves,WO0000119,WORK_COMPLETED,Valve overhaul,R2,2,73,N0000206,2023-07-07,56
LE000062,C1,2023-09-03T16:30:00,2023-09-03T18:15:00,1.75,Fiber Line,Bleaching,SYS-FL-BLE-TWR,Bleaching Towers,PLT-FL-BLE-TWR,PV-BLE-TWR-01,System,Production Rate Reduction,Instrumentation / Control,POSITIONER_DEVIATION,Valve feedback differs from demanded position; mill throughput reduced during stabilization.,Confirmed,4251.85,3133.63,81.54,Throughput was limited until operating conditions stabilized.,TRUE,NO_PRIOR_DETECTION,0,,,,,,,,,,,,
LE000063,C1,2023-09-07T00:45:00,2023-09-07T04:15:00,3.50,Recovery & Utilities,Recovery Boiler,SYS-RU-RB-AIR,Combustion Air,PLT-RU-RB-AIR,FT-RB-AIR-01,Area,Area Shutdown,Instrumentation / Control,CONTROL_SEQUENCE_DEVIATION,Control sequence response differs from approved logic; area operation stopped and mill output reduced.,Probable,4211.17,1645.19,374.21,Available buffers were used while the affected area recovered.,TRUE,POST_MAINTENANCE_RECURRENCE,1,N0000173,2023-05-15,Automation,WO0000100,WORK_COMPLETED,Control logic correction,R4,4,115,N0000173,2023-06-03,96
LE000064,C1,2023-09-09T05:30:00,2023-09-09T07:00:00,1.50,Recovery & Utilities,Lime Kiln,SYS-RU-LIM-LMF,Lime Mud Feed,PLT-RU-LIM-LMF,FV-LIM-LMF-01,Mill,Mill Shutdown,Equipment Failure,VALVE_STICTION,Valve travel sticks during small command changes; mill production stopped for recovery.,Probable,4360.76,45.05,269.73,Shift coordinated isolation and a staged mill restart.,TRUE,NO_PRIOR_DETECTION,0,,,,,,,,,,,,
LE000065,C1,2023-09-10T11:15:00,2023-09-10T15:15:00,4.00,Recovery & Utilities,Recovery Boiler,SYS-RU-RB-STM,Steam / Pressure Control,PLT-RU-RB-STM,,System,Production Rate Reduction,Process Upset,FOULING,Deposits reduced effective process capacity; mill throughput reduced during stabilization.,Under Investigation,4271.55,3392.74,146.47,Throughput was limited until operating conditions stabilized.,TRUE,SYSTEM_PROCESS_EVENT,0,,,,,,,,,,,,
LE000066,C1,2023-09-17T15:45:00,2023-09-17T17:30:00,1.75,Recovery & Utilities,Lime Kiln,SYS-RU-LIM-LMF,Lime Mud Feed,PLT-RU-LIM-LMF,,Area,Area Shutdown,Process Upset,PROCESS_INSTABILITY,Process oscillations required reduced mill throughput; area operation stopped and mill output reduced.,Under Investigation,4076.39,1675.36,175.08,Available buffers were used while the affected area recovered.,TRUE,SYSTEM_PROCESS_EVENT,0,,,,,,,,,,,,
LE000067,C1,2023-09-26T16:30:00,2023-09-26T19:30:00,3.00,Recovery & Utilities,Lime Kiln,SYS-RU-LIM-IDF,Induced Draft,PLT-RU-LIM-IDF,FAN-LIM-IDF-01,System,Production Rate Reduction,Equipment Failure,LOW_LUBE_LEVEL,Lubricant level below normal mark; mill throughput reduced during stabilization.,Probable,4421.45,3293.28,141.02,Throughput was limited until operating conditions stabilized.,TRUE,KNOWN_UNTREATED_DEFECT,1,N0000290,2023-09-08,Lubrication,WO0000175,WORK_COMPLETED,Lubrication,R2,2,18,,,
LE000068,C1,2023-09-27T11:15:00,2023-09-27T12:15:00,1.00,Fiber Line,Drying,SYS-FL-DRY-LUB,Lubrication System,PLT-FL-DRY-LUB,PT-DRY-LUB-01,System,Production Rate Reduction,Instrumentation / Control,SIGNAL_DRIFT,Indicated value drifts from independent reference; mill throughput reduced during stabilization.,Confirmed,4110.57,3428.49,28.42,Throughput was limited until operating conditions stabilized.,TRUE,KNOWN_UNTREATED_DEFECT,1,N0000139,2023-04-18,Instrumentation,,MONITOR_CONDITION,Inspection only,R4,4,162,,,
LE000069,C1,2023-09-29T03:00:00,2023-09-29T17:45:00,14.75,Fiber Line,Digester,SYS-FL-DIG-IMP,Impregnation,PLT-FL-DIG-IMP,,Area,Area Shutdown,Process Upset,PROCESS_RESTRICTION,Process restriction limited transfer capacity; area operation stopped and mill output reduced.,Probable,4226.42,1011.17,1976.04,Available buffers were used while the affected area recovered.,TRUE,SYSTEM_PROCESS_EVENT,0,,,,,,,,,,,,
LE000070,C1,2023-09-30T03:30:00,2023-09-30T05:00:00,1.50,Fiber Line,Bleaching,SYS-FL-BLE-DOS,Chemical Dosing,PLT-FL-BLE-DOS,FT-BLE-DOS-01,System,Production Rate Reduction,Instrumentation / Control,INTERMITTENT_SIGNAL,Intermittent signal dropout at stable process conditions; mill throughput reduced during stabilization.,Confirmed,4243.27,3872.48,23.17,Throughput was limited until operating conditions stabilized.,TRUE,NO_PRIOR_DETECTION,0,,,,,,,,,,,,
LE000071,C1,2023-10-04T02:45:00,2023-10-04T05:30:00,2.75,Fiber Line,Drying,SYS-FL-DRY-SHT,Sheet Handling / Cutter,PLT-FL-DRY-SHT,CUT-DRY-SHT-01,System,Production Rate Reduction,Equipment Failure,MECHANICAL_BINDING,Mechanism travel is uneven with elevated resistance; mill throughput reduced during stabilization.,Confirmed,4252.63,3782.93,53.82,Throughput was limited until operating conditions stabilized.,TRUE,KNOWN_UNTREATED_DEFECT,1,N0000317,2023-09-30,Mechanical,WO0000195,WORK_COMPLETED,Adjustment,R7,7,4,N0000123,2023-05-13,144
LE000072,C1,2023-10-07T09:15:00,2023-10-07T12:45:00,3.50,Recovery & Utilities,Causticizing,SYS-RU-CAU-REA,Causticizing Reactors,PLT-RU-CAU-REA,M-CAU-REA-01,System,Production Rate Reduction,Equipment Failure,MOTOR_OVERHEATING,Motor temperature rising at normal load; mill throughput reduced during stabilization.,Confirmed,4255.64,3283.28,141.80,Throughput was limited until operating conditions stabilized.,TRUE,NO_PRIOR_DETECTION,0,,,,,,,,,,,,
LE000073,C1,2023-10-15T03:30:00,2023-10-15T05:15:00,1.75,Recovery & Utilities,Causticizing,SYS-RU-CAU-LMH,Lime Mud Handling,PLT-RU-CAU-LMH,FV-CAU-LMH-01,System,Production Rate Reduction,Equipment Failure,VALVE_STICTION,Valve travel sticks during small command changes; mill throughput reduced during stabilization.,Probable,4209.64,2920.90,93.97,Throughput was limited until operating conditions stabilized.,TRUE,NO_PRIOR_DETECTION,0,,,,,,,,,,,,
LE000074,C1,2023-10-15T22:45:00,2023-10-16T01:00:00,2.25,Fiber Line,Digester,SYS-FL-DIG-BLC,Blow / Pressure Control,PLT-FL-DIG-BLC,PSHH-DIG-BLC-01,System,Production Rate Reduction,Instrumentation / Control,CONTROL_SEQUENCE_DEVIATION,Control sequence response differs from approved logic; mill throughput reduced during stabilization.,Probable,4260.94,2934.13,124.39,Throughput was limited until operating conditions stabilized.,TRUE,NO_PRIOR_DETECTION,0,,,,,,,,,,,,
LE000075,C1,2023-10-27T04:30:00,2023-10-27T19:15:00,14.75,Recovery & Utilities,Causticizing,SYS-RU-CAU-LMH,Lime Mud Handling,PLT-RU-CAU-LMH,M-CAU-LMH-01,Area,Area Shutdown,Equipment Failure,TERMINAL_HEATING,Localized heating at electrical connection; area operation stopped and mill output reduced.,Confirmed,4277.49,2213.32,1268.60,Available buffers were used while the affected area recovered.,TRUE,NO_PRIOR_DETECTION,0,,,,,,,,,,,,
LE000076,C1,2023-11-02T16:30:00,2023-11-02T17:15:00,0.75,Fiber Line,Digester,SYS-FL-DIG-IMP,Impregnation,PLT-FL-DIG-IMP,FV-DIG-IMP-01,Area,Area Shutdown,Equipment Failure,ACTUATOR_LEAKAGE,Actuator supply pressure decays while held; area operation stopped and mill output reduced.,Confirmed,4318.02,1369.68,92.14,Available buffers were used while the affected area recovered.,TRUE,NO_PRIOR_DETECTION,0,,,,,,,,,,,,
LE000077,C1,2023-11-05T22:00:00,2023-11-06T06:15:00,8.25,Fiber Line,Digester,SYS-FL-DIG-BLC,Blow / Pressure Control,PLT-FL-DIG-BLC,PSHH-DIG-BLC-01,Area,Area Shutdown,Instrumentation / Control,CONTROL_SEQUENCE_DEVIATION,Control sequence response differs from approved logic; area operation stopped and mill output reduced.,Probable,4082.21,1206.00,988.70,Available buffers were used while the affected area recovered.,TRUE,NO_PRIOR_DETECTION,0,,,,,,,,,,,,
LE000078,C1,2023-11-08T19:45:00,2023-11-09T06:30:00,10.75,Recovery & Utilities,Recovery Boiler,SYS-RU-RB-SMT,Smelt Handling,PLT-RU-RB-SMT,,System,Production Rate Reduction,Process Upset,PROCESS_RESTRICTION,Process restriction limited transfer capacity; mill throughput reduced during stabilization.,Probable,4211.75,3689.16,234.08,Throughput was limited until operating conditions stabilized.,TRUE,SYSTEM_PROCESS_EVENT,0,,,,,,,,,,,,
LE000079,C1,2023-11-10T06:45:00,2023-11-10T10:00:00,3.25,Recovery & Utilities,Evaporation,SYS-RU-EVA-BLF,Black Liquor Feed,PLT-RU-EVA-BLF,FT-EVA-BLF-01,Area,Area Shutdown,Instrumentation / Control,SIGNAL_DRIFT,Indicated value drifts from independent reference; area operation stopped and mill output reduced.,Probable,4298.53,1735.79,347.04,Available buffers were used while the affected area recovered.,TRUE,KNOWN_UNTREATED_DEFECT,1,N0000295,2023-09-13,Instrumentation,WO0000179,MONITOR_CONDITION,Inspection only,R4,4,58,,,
LE000080,C1,2023-11-10T18:15:00,2023-11-10T19:30:00,1.25,Recovery & Utilities,Recovery Boiler,SYS-RU-RB-AIR,Combustion Air,PLT-RU-RB-AIR,M-RB-AIR-01,Area,Area Shutdown,Equipment Failure,OIL_CONTAMINATION,Oil sample shows elevated contamination; area operation stopped and mill output reduced.,Probable,4158.55,2112.78,106.55,Available buffers were used while the affected area recovered.,TRUE,NO_PRIOR_DETECTION,0,,,,,,,,,,,,
LE000081,C2,2023-12-09T04:30:00,2023-12-09T05:30:00,1.00,Recovery & Utilities,Utilities,SYS-RU-UTL-CWT,Cooling Water,PLT-RU-UTL-CWT,,System,Production Rate Reduction,Process Upset,FOULING,Deposits reduced effective process capacity; mill throughput reduced during stabilization.,Probable,4251.56,3310.27,39.22,Throughput was limited until operating conditions stabilized.,TRUE,SYSTEM_PROCESS_EVENT,0,,,,,,,,,,,,
LE000082,C2,2023-12-18T18:45:00,2023-12-18T22:15:00,3.50,Recovery & Utilities,Recovery Boiler,SYS-RU-RB-BLF,Black Liquor Firing,PLT-RU-RB-BLF,,Area,Area Shutdown,Process Upset,FOULING,Deposits reduced effective process capacity; area operation stopped and mill output reduced.,Probable,4190.90,1029.99,460.97,Available buffers were used while the affected area recovered.,TRUE,SYSTEM_PROCESS_EVENT,0,,,,,,,,,,,,
LE000083,C2,2023-12-19T15:30:00,2023-12-19T19:00:00,3.50,Fiber Line,Bleaching,SYS-FL-BLE-DOS,Chemical Dosing,PLT-FL-BLE-DOS,,Area,Area Shutdown,Process Upset,PROCESS_INSTABILITY,Process oscillations required reduced mill throughput; area operation stopped and mill output reduced.,Probable,4157.88,1661.09,364.12,Available buffers were used while the affected area recovered.,TRUE,SYSTEM_PROCESS_EVENT,0,,,,,,,,,,,,
LE000084,C2,2023-12-30T02:00:00,2023-12-30T05:30:00,3.50,Recovery & Utilities,Evaporation,SYS-RU-EVA-CON,Condensate System,PLT-RU-EVA-CON,LT-EVA-CON-01,System,Production Rate Reduction,Instrumentation / Control,SIGNAL_DRIFT,Indicated value drifts from independent reference; mill throughput reduced during stabilization.,Confirmed,4150.64,3534.70,89.82,Throughput was limited until operating conditions stabilized.,TRUE,NO_PRIOR_DETECTION,0,,,,,,,,,,,,
LE000085,C2,2023-12-31T14:00:00,2023-12-31T18:15:00,4.25,Recovery & Utilities,Evaporation,SYS-RU-EVA-CON,Condensate System,PLT-RU-EVA-CON,P-EVA-CON-01,System,Production Rate Reduction,Equipment Failure,LOW_FLOW,Delivered flow below expected operating range; mill throughput reduced during stabilization.,Confirmed,4301.33,3226.21,190.39,Throughput was limited until operating conditions stabilized.,TRUE,NO_PRIOR_DETECTION,0,,,,,,,,,,,,
LE000086,C2,2024-01-01T02:30:00,2024-01-01T09:30:00,7.00,Recovery & Utilities,Evaporation,SYS-RU-EVA-VAC,Vacuum System,PLT-RU-EVA-VAC,VAC-EVA-VAC-01,Area,Area Shutdown,Equipment Failure,PROCESS_RESTRICTION,Process differential pressure above normal operating range; area operation stopped and mill output reduced.,Probable,4025.67,1590.39,710.29,Available buffers were used while the affected area recovered.,TRUE,NO_PRIOR_DETECTION,0,,,,,,,,,,N0000155,2023-05-03,243
LE000087,C2,2024-01-07T17:45:00,2024-01-07T20:45:00,3.00,Fiber Line,Drying,SYS-FL-DRY-SHT,Sheet Handling / Cutter,PLT-FL-DRY-SHT,CUT-DRY-SHT-01,System,Production Rate Reduction,Equipment Failure,MECHANICAL_BINDING,Mechanism travel is uneven with elevated resistance; mill throughput reduced during stabilization.,Confirmed,4295.73,3091.93,150.48,Throughput was limited until operating conditions stabilized.,TRUE,KNOWN_UNTREATED_DEFECT,1,N0000317,2023-09-30,Mechanical,WO0000195,WORK_COMPLETED,Adjustment,R7,7,99,N0000123,2023-05-13,239
LE000088,C2,2024-01-10T02:45:00,2024-01-10T04:00:00,1.25,Fiber Line,Bleaching,SYS-FL-BLE-STW,Stage Washing,PLT-FL-BLE-STW,,System,Production Rate Reduction,Process Upset,PROCESS_RESTRICTION,Process restriction limited transfer capacity; mill throughput reduced during stabilization.,Probable,4201.09,3052.30,59.83,Throughput was limited until operating conditions stabilized.,TRUE,SYSTEM_PROCESS_EVENT,0,,,,,,,,,,,,
LE000089,C2,2024-01-28T03:30:00,2024-01-28T10:15:00,6.75,Recovery & Utilities,Causticizing,SYS-RU-CAU-LMH,Lime Mud Handling,PLT-RU-CAU-LMH,P-CAU-LMH-01,System,Production Rate Reduction,Equipment Failure,OIL_DEGRADATION,Oil condition test indicates degraded lubricant; mill throughput reduced during stabilization.,Confirmed,4242.55,3188.71,296.39,Throughput was limited until operating conditions stabilized.,TRUE,NO_PRIOR_DETECTION,0,,,,,,,,,,,,
LE000090,C2,2024-01-30T08:45:00,2024-01-30T19:45:00,11.00,Fiber Line,Drying,SYS-FL-DRY-DRS,Dryer Section,PLT-FL-DRY-DRS,PV-DRY-DRS-01,Area,Area Shutdown,Instrumentation / Control,POSITIONER_DEVIATION,Valve feedback differs from demanded position; area operation stopped and mill output reduced.,Confirmed,4215.13,2191.46,927.52,Available buffers were used while the affected area recovered.,TRUE,KNOWN_UNTREATED_DEFECT,1,N0000413,2024-01-25,Valves,,NO_ACTION_REQUIRED,Inspection only,R5,5,5,,,
LE000091,C2,2024-02-06T12:45:00,2024-02-06T15:30:00,2.75,Recovery & Utilities,Recovery Boiler,SYS-RU-RB-BLF,Black Liquor Firing,PLT-RU-RB-BLF,M-RB-BLF-01,System,Production Rate Reduction,Equipment Failure,OIL_CONTAMINATION,Oil sample shows elevated contamination; mill throughput reduced during stabilization.,Confirmed,4314.62,3286.98,117.75,Throughput was limited until operating conditions stabilized.,TRUE,NO_PRIOR_DETECTION,0,,,,,,,,,,,,
LE000092,C2,2024-02-13T00:15:00,2024-02-13T04:15:00,4.00,Fiber Line,Drying,SYS-FL-DRY-FOR,Forming Section,PLT-FL-DRY-FOR,M-DRY-FOR-01,Area,Area Shutdown,Equipment Failure,MOTOR_OVERHEATING,Motor temperature rising at normal load; area operation stopped and mill output reduced.,Probable,4209.45,2076.05,355.57,Available buffers were used while the affected area recovered.,TRUE,NO_PRIOR_DETECTION,0,,,,,,,,,,,,
LE000093,C2,2024-02-14T05:30:00,2024-02-14T06:45:00,1.25,Fiber Line,Bleaching,SYS-FL-BLE-STW,Stage Washing,PLT-FL-BLE-STW,FV-BLE-STW-01,System,Production Rate Reduction,Instrumentation / Control,POSITIONER_DEVIATION,Valve feedback differs from demanded position; mill throughput reduced during stabilization.,Probable,4305.40,3355.76,49.46,Throughput was limited until operating conditions stabilized.,TRUE,KNOWN_UNTREATED_DEFECT,1,N0000371,2023-12-09,Valves,,NO_ACTION_REQUIRED,Inspection only,R7,7,67,N0000242,2023-10-04,133
LE000094,C2,2024-02-16T23:30:00,2024-02-17T02:15:00,2.75,Fiber Line,Drying,SYS-FL-DRY-FOR,Forming Section,PLT-FL-DRY-FOR,,System,Production Rate Reduction,Process Upset,FOULING,Deposits reduced effective process capacity; mill throughput reduced during stabilization.,Probable,4261.66,2886.67,157.55,Throughput was limited until operating conditions stabilized.,TRUE,SYSTEM_PROCESS_EVENT,0,,,,,,,,,,,,
LE000095,C2,2024-02-21T05:00:00,2024-02-21T14:45:00,9.75,Recovery & Utilities,Causticizing,SYS-RU-CAU-WLC,White Liquor Clarification,PLT-RU-CAU-WLC,FV-CAU-WLC-01,System,Production Rate Reduction,Equipment Failure,VALVE_STICTION,Valve travel sticks during small command changes; mill throughput reduced during stabilization.,Confirmed,4345.32,3419.67,376.05,Throughput was limited until operating conditions stabilized.,TRUE,KNOWN_UNTREATED_DEFECT,2,N0000382,2023-12-31,Valves,,MONITOR_CONDITION,Inspection only,R5,5,52,,,
LE000096,C2,2024-02-23T17:30:00,2024-02-24T01:45:00,8.25,Recovery & Utilities,Causticizing,SYS-RU-CAU-WLC,White Liquor Clarification,PLT-RU-CAU-WLC,M-CAU-WLC-01,System,Production Rate Reduction,Equipment Failure,TERMINAL_HEATING,Localized heating at electrical connection; mill throughput reduced during stabilization.,Confirmed,4266.26,3124.14,392.60,Throughput was limited until operating conditions stabilized.,TRUE,NO_PRIOR_DETECTION,0,,,,,,,,,,N0000030,2023-02-07,381
LE000097,C2,2024-02-24T17:30:00,2024-02-25T01:45:00,8.25,Fiber Line,Drying,SYS-FL-DRY-HYD,Hydraulic System,PLT-FL-DRY-HYD,HPU-DRY-HYD-01,System,Production Rate Reduction,Equipment Failure,HYD_PRESS_INSTABILITY,Hydraulic header pressure oscillates under steady demand; mill throughput reduced during stabilization.,Probable,4186.93,2708.80,508.11,Throughput was limited until operating conditions stabilized.,TRUE,KNOWN_UNTREATED_DEFECT,2,N0000383,2023-12-31,Hydraulics,WO0000229,MONITOR_CONDITION,Inspection only,R5,5,55,,,
LE000098,C2,2024-03-03T18:00:00,2024-03-04T10:45:00,16.75,Recovery & Utilities,Recovery Boiler,SYS-RU-RB-BLF,Black Liquor Firing,PLT-RU-RB-BLF,P-RB-BLF-01,System,Production Rate Reduction,Equipment Failure,PUMP_BEARING_VIBRATION,Elevated vibration at pump bearing housing; mill throughput reduced during stabilization.,Probable,4413.26,4028.93,268.23,Throughput was limited until operating conditions stabilized.,TRUE,NO_PRIOR_DETECTION,0,,,,,,,,,,,,
LE000099,C2,2024-03-05T12:45:00,2024-03-05T18:15:00,5.50,Fiber Line,Drying,SYS-FL-DRY-DRS,Dryer Section,PLT-FL-DRY-DRS,TT-DRY-DRS-01,Area,Area Shutdown,Instrumentation / Control,INTERMITTENT_SIGNAL,Intermittent signal dropout at stable process conditions; area operation stopped and mill output reduced.,Confirmed,4213.10,2045.64,496.71,Available buffers were used while the affected area recovered.,TRUE,POST_MAINTENANCE_RECURRENCE,1,N0000360,2023-11-13,Automation,WO0000219,WORK_COMPLETED,Instrument replacement,R3,3,113,N0000360,2023-11-21,105
LE000100,C2,2024-03-17T08:45:00,2024-03-17T18:00:00,9.25,Fiber Line,Digester,SYS-FL-DIG-CIR,Cooking Circulation,PLT-FL-DIG-CIR,P-DIG-CIR-01,Area,Area Shutdown,Equipment Failure,PUMP_BEARING_VIBRATION,Elevated vibration at pump bearing housing; area operation stopped and mill output reduced.,Confirmed,4150.68,2183.30,758.26,Available buffers were used while the affected area recovered.,TRUE,KNOWN_UNTREATED_DEFECT,1,N0000384,2023-12-31,Mechanical,WO0000230,MONITOR_CONDITION,Inspection only,R5,5,77,,,
LE000101,C2,2024-03-20T13:45:00,2024-03-20T18:15:00,4.50,Recovery & Utilities,Lime Kiln,SYS-RU-LIM-DRV,Kiln Drive,PLT-RU-LIM-DRV,DRV-LIM-DRV-01,System,Production Rate Reduction,Equipment Failure,OIL_CONTAMINATION,Oil sample shows elevated contamination; mill throughput reduced during stabilization.,Confirmed,4247.06,2760.29,278.77,Throughput was limited until operating conditions stabilized.,TRUE,NO_PRIOR_DETECTION,0,,,,,,,,,,,,
LE000102,C2,2024-03-24T04:15:00,2024-03-24T06:30:00,2.25,Recovery & Utilities,Evaporation,SYS-RU-EVA-CIR,Evaporator Circulation,PLT-RU-EVA-CIR,PV-EVA-CIR-01,Mill,Mill Shutdown,Equipment Failure,VALVE_STICTION,Valve travel sticks during small command changes; mill production stopped for recovery.,Confirmed,4188.69,93.53,383.92,Shift coordinated isolation and a staged mill restart.,TRUE,NO_PRIOR_DETECTION,0,,,,,,,,,,N0000075,2023-03-18,372
LE000103,C2,2024-03-25T07:15:00,2024-03-25T11:00:00,3.75,Fiber Line,Drying,SYS-FL-DRY-HYD,Hydraulic System,PLT-FL-DRY-HYD,P-DRY-HYD-01,System,Production Rate Reduction,Equipment Failure,HYD_INTERNAL_LEAKAGE,Hydraulic pressure decays with no external leak; mill throughput reduced during stabilization.,Confirmed,4237.71,2914.55,206.74,Throughput was limited until operating conditions stabilized.,TRUE,POST_MAINTENANCE_RECURRENCE,1,N0000365,2023-12-05,Condition Monitoring,WO0000223,WORK_COMPLETED,Seal replacement,R2,2,111,N0000365,2023-12-13,103
LE000104,C2,2024-04-07T04:30:00,2024-04-07T07:15:00,2.75,Fiber Line,Bleaching,SYS-FL-BLE-STW,Stage Washing,PLT-FL-BLE-STW,,System,Production Rate Reduction,Process Upset,FOULING,Deposits reduced effective process capacity; mill throughput reduced during stabilization.,Under Investigation,4179.54,3354.61,94.52,Throughput was limited until operating conditions stabilized.,TRUE,SYSTEM_PROCESS_EVENT,0,,,,,,,,,,,,
LE000105,C2,2024-04-11T00:45:00,2024-04-11T09:30:00,8.75,Fiber Line,Bleaching,SYS-FL-BLE-DOS,Chemical Dosing,PLT-FL-BLE-DOS,FT-BLE-DOS-01,System,Production Rate Reduction,Instrumentation / Control,CALIBRATION_DEVIATION,Measured output outside calibration tolerance; mill throughput reduced during stabilization.,Probable,3984.50,3254.23,266.24,Throughput was limited until operating conditions stabilized.,TRUE,KNOWN_UNTREATED_DEFECT,1,N0000333,2023-10-16,Instrumentation,,NO_ACTION_REQUIRED,Inspection only,R7,7,178,,,
LE000106,C2,2024-04-11T19:15:00,2024-04-12T02:15:00,7.00,Recovery & Utilities,Utilities,SYS-RU-UTL-ELD,Electrical Distribution,PLT-RU-UTL-ELD,CB-UTL-ELD-01,System,Production Rate Reduction,Instrumentation / Control,INTERMITTENT_SIGNAL,Intermittent signal dropout at stable process conditions; mill throughput reduced during stabilization.,Confirmed,4121.83,3133.57,288.24,Throughput was limited until operating conditions stabilized.,TRUE,NO_PRIOR_DETECTION,0,,,,,,,,,,,,
LE000107,C2,2024-04-15T04:00:00,2024-04-15T09:15:00,5.25,Fiber Line,Digester,SYS-FL-DIG-CHP,Chip Feeding,PLT-FL-DIG-CHP,ZS-DIG-CHP-01,System,Production Rate Reduction,Instrumentation / Control,SIGNAL_DRIFT,Indicated value drifts from independent reference; mill throughput reduced during stabilization.,Confirmed,4074.96,3406.51,146.22,Throughput was limited until operating conditions stabilized.,TRUE,POST_MAINTENANCE_RECURRENCE,1,N0000335,2023-10-19,Instrumentation,WO0000204,WORK_COMPLETED,Calibration,R7,7,179,N0000335,2023-12-17,120
LE000108,C2,2024-04-25T19:00:00,2024-04-26T00:00:00,5.00,Recovery & Utilities,Evaporation,SYS-RU-EVA-CON,Condensate System,PLT-RU-EVA-CON,P-EVA-CON-01,System,Production Rate Reduction,Equipment Failure,LOW_FLOW,Delivered flow below expected operating range; mill throughput reduced during stabilization.,Under Investigation,4205.54,3475.61,152.07,Throughput was limited until operating conditions stabilized.,TRUE,POST_MAINTENANCE_RECURRENCE,1,N0000444,2024-02-11,Mechanical,WO0000262,WORK_COMPLETED,Cleaning,R7,7,74,N0000444,2024-04-10,15
LE000109,C2,2024-05-05T23:45:00,2024-05-06T01:30:00,1.75,Recovery & Utilities,Evaporation,SYS-RU-EVA-VAC,Vacuum System,PLT-RU-EVA-VAC,PT-EVA-VAC-01,Mill,Mill Shutdown,Instrumentation / Control,INTERMITTENT_SIGNAL,Intermittent signal dropout at stable process conditions; mill production stopped for recovery.,Under Investigation,4083.29,91.15,291.09,Shift coordinated isolation and a staged mill restart.,TRUE,KNOWN_UNTREATED_DEFECT,1,N0000530,2024-04-18,Instrumentation,WO0000313,WORK_COMPLETED,Instrument replacement,R7,7,17,,,
LE000110,C2,2024-05-07T13:15:00,2024-05-07T14:45:00,1.50,Recovery & Utilities,Utilities,SYS-RU-UTL-PWT,Process Water,PLT-RU-UTL-PWT,P-UTL-PWT-01,Mill,Mill Shutdown,Equipment Failure,BEARING_TEMPERATURE,Bearing temperature trending above baseline; mill production stopped for recovery.,Probable,4098.64,61.98,252.29,Shift coordinated isolation and a staged mill restart.,TRUE,NO_PRIOR_DETECTION,0,,,,,,,,,,N0000186,2023-06-14,328
LE000111,C2,2024-05-14T00:15:00,2024-05-14T01:00:00,0.75,Recovery & Utilities,Lime Kiln,SYS-RU-LIM-IDF,Induced Draft,PLT-RU-LIM-IDF,DV-LIM-IDF-01,Area,Area Shutdown,Equipment Failure,MECHANICAL_BINDING,Mechanism travel is uneven with elevated resistance; area operation stopped and mill output reduced.,Probable,4155.87,1756.69,74.97,Available buffers were used while the affected area recovered.,TRUE,KNOWN_UNTREATED_DEFECT,1,N0000387,2024-01-04,Mechanical,,MONITOR_CONDITION,Inspection only,R7,7,131,,,
LE000112,C2,2024-05-16T02:45:00,2024-05-16T08:00:00,5.25,Recovery & Utilities,Utilities,SYS-RU-UTL-BFW,Boiler Feedwater,PLT-RU-UTL-BFW,PT-UTL-BFW-01,System,Production Rate Reduction,Instrumentation / Control,INTERMITTENT_SIGNAL,Intermittent signal dropout at stable process conditions; mill throughput reduced during stabilization.,Probable,4342.20,3706.41,139.08,Throughput was limited until operating conditions stabilized.,TRUE,KNOWN_UNTREATED_DEFECT,1,N0000457,2024-02-23,Instrumentation,WO0000267,WORK_COMPLETED,Instrument replacement,R5,5,83,,,
LE000113,C2,2024-05-16T16:30:00,2024-05-16T20:15:00,3.75,Fiber Line,Drying,SYS-FL-DRY-PRS,Press Section,PLT-FL-DRY-PRS,PT-DRY-PRS-01,System,Production Rate Reduction,Instrumentation / Control,SIGNAL_DRIFT,Indicated value drifts from independent reference; mill throughput reduced during stabilization.,Probable,4117.72,2967.14,179.78,Throughput was limited until operating conditions stabilized.,TRUE,KNOWN_UNTREATED_DEFECT,1,N0000535,2024-04-22,Instrumentation,WO0000318,WORK_COMPLETED,Calibration,R7,7,24,,,
LE000114,C2,2024-05-17T05:15:00,2024-05-17T08:45:00,3.50,Fiber Line,Digester,SYS-FL-DIG-BLC,Blow / Pressure Control,PLT-FL-DIG-BLC,PV-DIG-BLC-01,System,Production Rate Reduction,Equipment Failure,VALVE_STICTION,Valve travel sticks during small command changes; mill throughput reduced during stabilization.,Under Investigation,4271.28,2959.18,191.35,Throughput was limited until operating conditions stabilized.,TRUE,NO_PRIOR_DETECTION,0,,,,,,,,,,,,
LE000115,C2,2024-05-22T03:00:00,2024-05-22T08:45:00,5.75,Recovery & Utilities,Evaporation,SYS-RU-EVA-CIR,Evaporator Circulation,PLT-RU-EVA-CIR,PV-EVA-CIR-01,System,Production Rate Reduction,Equipment Failure,ACTUATOR_LEAKAGE,Actuator supply pressure decays while held; mill throughput reduced during stabilization.,Confirmed,4268.94,3072.32,286.69,Throughput was limited until operating conditions stabilized.,TRUE,KNOWN_UNTREATED_DEFECT,1,N0000374,2023-12-12,Valves,,MONITOR_CONDITION,Inspection only,R4,4,162,,,
LE000116,C2,2024-05-22T15:15:00,2024-05-23T00:15:00,9.00,Recovery & Utilities,Evaporation,SYS-RU-EVA-CIR,Evaporator Circulation,PLT-RU-EVA-CIR,PV-EVA-CIR-01,System,Production Rate Reduction,Equipment Failure,EXTERNAL_LEAKAGE,Visible leakage at valve packing; mill throughput reduced during stabilization.,Confirmed,4075.31,3698.10,141.45,Throughput was limited until operating conditions stabilized.,TRUE,NO_PRIOR_DETECTION,0,,,,,,,,,,N0000176,2023-06-22,335
LE000117,C2,2024-05-24T17:30:00,2024-05-24T20:15:00,2.75,Recovery & Utilities,Evaporation,SYS-RU-EVA-CIR,Evaporator Circulation,PLT-RU-EVA-CIR,P-EVA-CIR-01,System,Production Rate Reduction,Equipment Failure,BEARING_TEMPERATURE,Bearing temperature trending above baseline; mill throughput reduced during stabilization.,Probable,4138.82,3727.45,47.14,Throughput was limited until operating conditions stabilized.,TRUE,KNOWN_UNTREATED_DEFECT,1,N0000547,2024-05-04,Mechanical,,MONITOR_CONDITION,Inspection only,R7,7,20,N0000246,2023-09-03,264
LE000118,C2,2024-05-30T09:00:00,2024-05-30T19:45:00,10.75,Recovery & Utilities,Recovery Boiler,SYS-RU-RB-BLF,Black Liquor Firing,PLT-RU-RB-BLF,P-RB-BLF-01,Mill,Mill Shutdown,Equipment Failure,PUMP_BEARING_VIBRATION,Elevated vibration at pump bearing housing; mill production stopped for recovery.,Probable,4154.02,28.95,1847.69,Shift coordinated isolation and a staged mill restart.,TRUE,NO_PRIOR_DETECTION,0,,,,,,,,,,,,
LE000119,C2,2024-05-31T05:45:00,2024-06-02T05:45:00,48.00,Recovery & Utilities,Causticizing,SYS-RU-CAU-WLC,White Liquor Clarification,PLT-RU-CAU-WLC,FV-CAU-WLC-01,Area,Area Shutdown,Equipment Failure,VALVE_STICTION,Valve travel sticks during small command changes; area operation stopped and mill output reduced.,Confirmed,4183.29,2219.24,3928.10,Available buffers were used while the affected area recovered.,TRUE,KNOWN_UNTREATED_DEFECT,2,N0000499,2024-03-30,Valves,,NO_ACTION_REQUIRED,Inspection only,R2,2,62,,,
LE000120,C2,2024-06-03T11:30:00,2024-06-03T20:30:00,9.00,Fiber Line,Drying,SYS-FL-DRY-HYD,Hydraulic System,PLT-FL-DRY-HYD,HPU-DRY-HYD-01,Area,Area Shutdown,Equipment Failure,HYD_PRESS_INSTABILITY,Hydraulic header pressure oscillates under steady demand; area operation stopped and mill output reduced.,Probable,4208.58,1335.13,1077.54,Available buffers were used while the affected area recovered.,TRUE,KNOWN_UNTREATED_DEFECT,2,N0000501,2024-03-30,Instrumentation,WO0000295,CANCELLED,,R2,2,65,,,
LE000121,C2,2024-06-04T11:30:00,2024-06-04T13:45:00,2.25,Fiber Line,Digester,SYS-FL-DIG-CIR,Cooking Circulation,PLT-FL-DIG-CIR,FV-DIG-CIR-01,System,Production Rate Reduction,Instrumentation / Control,POSITIONER_DEVIATION,Valve feedback differs from demanded position; mill throughput reduced during stabilization.,Confirmed,4050.76,3609.41,41.38,Throughput was limited until operating conditions stabilized.,TRUE,NO_PRIOR_DETECTION,0,,,,,,,,,,,,
LE000122,C2,2024-06-07T21:15:00,2024-06-07T22:15:00,1.00,Fiber Line,Bleaching,SYS-FL-BLE-CHM,Chemical Mixing,PLT-FL-BLE-CHM,AG-BLE-CHM-01,System,Production Rate Reduction,Equipment Failure,OIL_DEGRADATION,Oil condition test indicates degraded lubricant; mill throughput reduced during stabilization.,Under Investigation,4175.90,3438.59,30.72,Throughput was limited until operating conditions stabilized.,TRUE,NO_PRIOR_DETECTION,0,,,,,,,,,,,,
LE000123,C2,2024-06-16T17:45:00,2024-06-17T02:00:00,8.25,Recovery & Utilities,Lime Kiln,SYS-RU-LIM-DRV,Kiln Drive,PLT-RU-LIM-DRV,M-LIM-DRV-01,System,Production Rate Reduction,Equipment Failure,LOW_LUBE_LEVEL,Lubricant level below normal mark; mill throughput reduced during stabilization.,Probable,4145.35,3771.92,128.37,Throughput was limited until operating conditions stabilized.,TRUE,POST_MAINTENANCE_RECURRENCE,1,N0000478,2024-03-16,Lubrication,WO0000282,WORK_COMPLETED,Lubrication,R2,2,92,N0000478,2024-04-25,52
LE000124,C2,2024-06-30T19:15:00,2024-07-01T02:15:00,7.00,Fiber Line,Bleaching,SYS-FL-BLE-DOS,Chemical Dosing,PLT-FL-BLE-DOS,P-BLE-DOS-01,System,Production Rate Reduction,Equipment Failure,BEARING_TEMPERATURE,Bearing temperature trending above baseline; mill throughput reduced during stabilization.,Confirmed,4082.99,2964.91,326.11,Throughput was limited until operating conditions stabilized.,TRUE,NO_PRIOR_DETECTION,0,,,,,,,,,,N0000129,2023-05-08,419
LE000125,C2,2024-07-02T02:00:00,2024-07-02T03:45:00,1.75,Fiber Line,Bleaching,SYS-FL-BLE-CHM,Chemical Mixing,PLT-FL-BLE-CHM,M-BLE-CHM-01,Area,Area Shutdown,Equipment Failure,MOTOR_BEARING_VIBRATION,Motor bearing vibration above baseline; area operation stopped and mill output reduced.,Confirmed,4192.58,1723.78,180.02,Available buffers were used while the affected area recovered.,TRUE,NO_PRIOR_DETECTION,0,,,,,,,,,,N0000147,2023-05-15,414
LE000126,C2,2024-07-03T17:15:00,2024-07-03T21:00:00,3.75,Recovery & Utilities,Evaporation,SYS-RU-EVA-CIR,Evaporator Circulation,PLT-RU-EVA-CIR,PV-EVA-CIR-01,Area,Area Shutdown,Equipment Failure,VALVE_STICTION,Valve travel sticks during small command changes; area operation stopped and mill output reduced.,Probable,4154.12,1065.36,482.62,Available buffers were used while the affected area recovered.,TRUE,NO_PRIOR_DETECTION,0,,,,,,,,,,N0000075,2023-03-18,473
LE000127,C2,2024-07-04T01:00:00,2024-07-04T16:15:00,15.25,Fiber Line,Digester,SYS-FL-DIG-CIR,Cooking Circulation,PLT-FL-DIG-CIR,P-DIG-CIR-01,Mill,Mill Shutdown,Equipment Failure,PUMP_BEARING_VIBRATION,Elevated vibration at pump bearing housing; mill production stopped for recovery.,Probable,4257.43,35.65,2682.59,Shift coordinated isolation and a staged mill restart.,TRUE,KNOWN_UNTREATED_DEFECT,1,N0000503,2024-03-30,Mechanical,WO0000297,MONITOR_CONDITION,Inspection only,R2,2,96,,,
LE000128,C2,2024-07-15T21:15:00,2024-07-15T23:15:00,2.00,Fiber Line,Digester,SYS-FL-DIG-CHP,Chip Feeding,PLT-FL-DIG-CHP,XV-DIG-CHP-01,Area,Area Shutdown,Equipment Failure,EXTERNAL_LEAKAGE,Visible leakage at valve packing; area operation stopped and mill output reduced.,Probable,4209.76,915.02,274.56,Available buffers were used while the affected area recovered.,TRUE,KNOWN_UNTREATED_DEFECT,1,N0000484,2024-03-21,Valves,,NO_ACTION_REQUIRED,Inspection only,R7,7,116,,,
LE000129,C2,2024-07-22T15:45:00,2024-07-22T17:00:00,1.25,Fiber Line,Washing & Screening,SYS-FL-WSH-KNR,Knot Removal,PLT-FL-WSH-KNR,,System,Production Rate Reduction,Process Upset,PROCESS_INSTABILITY,Process oscillations required reduced mill throughput; mill throughput reduced during stabilization.,Under Investigation,4148.86,3111.01,54.05,Throughput was limited until operating conditions stabilized.,TRUE,SYSTEM_PROCESS_EVENT,0,,,,,,,,,,,,
LE000130,C2,2024-07-23T02:30:00,2024-07-23T11:45:00,9.25,Fiber Line,Digester,SYS-FL-DIG-IMP,Impregnation,PLT-FL-DIG-IMP,,Area,Area Shutdown,Process Upset,FOULING,Deposits reduced effective process capacity; area operation stopped and mill output reduced.,Under Investigation,4252.94,2169.72,802.91,Available buffers were used while the affected area recovered.,TRUE,SYSTEM_PROCESS_EVENT,0,,,,,,,,,,,,
LE000131,C2,2024-07-23T14:15:00,2024-07-23T20:45:00,6.50,Fiber Line,Digester,SYS-FL-DIG-DIS,Digester Discharge,PLT-FL-DIG-DIS,LT-DIG-DIS-01,System,Production Rate Reduction,Instrumentation / Control,INTERMITTENT_SIGNAL,Intermittent signal dropout at stable process conditions; mill throughput reduced during stabilization.,Probable,4271.35,3538.92,198.37,Throughput was limited until operating conditions stabilized.,TRUE,NO_PRIOR_DETECTION,0,,,,,,,,,,,,
LE000132,C2,2024-07-24T00:00:00,2024-07-24T01:15:00,1.25,Recovery & Utilities,Recovery Boiler,SYS-RU-RB-STM,Steam / Pressure Control,PLT-RU-RB-STM,TT-RB-STM-01,Area,Area Shutdown,Instrumentation / Control,INTERMITTENT_SIGNAL,Intermittent signal dropout at stable process conditions; area operation stopped and mill output reduced.,Probable,4174.74,1083.54,161.00,Available buffers were used while the affected area recovered.,TRUE,POST_MAINTENANCE_RECURRENCE,1,N0000548,2024-05-04,Automation,WO0000327,WORK_COMPLETED,Instrument replacement,R3,3,81,N0000548,2024-05-19,66
LE000133,C2,2024-07-27T08:30:00,2024-07-27T16:30:00,8.00,Recovery & Utilities,Lime Kiln,SYS-RU-LIM-DRV,Kiln Drive,PLT-RU-LIM-DRV,DRV-LIM-DRV-01,Mill,Mill Shutdown,Equipment Failure,MECHANICAL_BINDING,Mechanism travel is uneven with elevated resistance; mill production stopped for recovery.,Probable,4348.46,74.75,1424.57,Shift coordinated isolation and a staged mill restart.,TRUE,KNOWN_UNTREATED_DEFECT,1,N0000525,2024-04-17,Mechanical,,NO_ACTION_REQUIRED,Inspection only,R2,2,101,,,
LE000134,C2,2024-08-14T03:15:00,2024-08-14T10:30:00,7.25,Fiber Line,Digester,SYS-FL-DIG-DIS,Digester Discharge,PLT-FL-DIG-DIS,P-DIG-DIS-01,System,Production Rate Reduction,Equipment Failure,LOW_FLOW,Delivered flow below expected operating range; mill throughput reduced during stabilization.,Probable,4261.96,3760.87,151.37,Throughput was limited until operating conditions stabilized.,TRUE,KNOWN_UNTREATED_DEFECT,1,N0000633,2024-07-16,Mechanical,WO0000379,WORK_COMPLETED,Cleaning,R5,5,29,N0000010,2023-04-08,494
LE000135,C2,2024-08-15T06:30:00,2024-08-15T10:45:00,4.25,Recovery & Utilities,Causticizing,SYS-RU-CAU-WLC,White Liquor Clarification,PLT-RU-CAU-WLC,P-CAU-WLC-01,System,Production Rate Reduction,Equipment Failure,BEARING_TEMPERATURE,Bearing temperature trending above baseline; mill throughput reduced during stabilization.,Confirmed,4074.28,2630.19,255.72,Throughput was limited until operating conditions stabilized.,TRUE,KNOWN_UNTREATED_DEFECT,1,N0000650,2024-08-07,Condition Monitoring,WO0000389,WORK_COMPLETED,Bearing replacement,R5,5,8,N0000114,2023-06-03,439
LE000136,C2,2024-08-15T15:30:00,2024-08-16T01:00:00,9.50,Recovery & Utilities,Lime Kiln,SYS-RU-LIM-IDF,Induced Draft,PLT-RU-LIM-IDF,DV-LIM-IDF-01,System,Production Rate Reduction,Instrumentation / Control,INTERMITTENT_SIGNAL,Intermittent signal dropout at stable process conditions; mill throughput reduced during stabilization.,Confirmed,4034.25,3049.07,389.97,Throughput was limited until operating conditions stabilized.,TRUE,NO_PRIOR_DETECTION,0,,,,,,,,,,,,
LE000137,C2,2024-08-17T01:45:00,2024-08-18T13:45:00,36.00,Fiber Line,Drying,SYS-FL-DRY-PRS,Press Section,PLT-FL-DRY-PRS,,System,Production Rate Reduction,Process Upset,QUALITY_RESTRICTION,Off-target pulp quality required reduced throughput; mill throughput reduced during stabilization.,Under Investigation,4282.10,3951.97,495.20,Throughput was limited until operating conditions stabilized.,TRUE,SYSTEM_PROCESS_EVENT,0,,,,,,,,,,,,
LE000138,C2,2024-08-23T03:15:00,2024-08-23T05:15:00,2.00,Recovery & Utilities,Utilities,SYS-RU-UTL-AIR,Compressed Air,PLT-RU-UTL-AIR,PT-UTL-AIR-01,Area,Area Shutdown,Instrumentation / Control,IMPULSE_LINE_RESTRICTION,Pressure response delayed during process change; area operation stopped and mill output reduced.,Confirmed,4146.55,2121.60,168.75,Available buffers were used while the affected area recovered.,TRUE,NO_PRIOR_DETECTION,0,,,,,,,,,,N0000224,2023-08-09,380
LE000139,C2,2024-08-25T01:00:00,2024-08-25T02:00:00,1.00,Fiber Line,Digester,SYS-FL-DIG-BLC,Blow / Pressure Control,PLT-FL-DIG-BLC,PV-DIG-BLC-01,Area,Area Shutdown,Equipment Failure,EXTERNAL_LEAKAGE,Visible leakage at valve packing; area operation stopped and mill output reduced.,Confirmed,4224.13,2078.06,89.42,Available buffers were used while the affected area recovered.,TRUE,NO_PRIOR_DETECTION,0,,,,,,,,,,,,
LE000140,C2,2024-08-27T19:15:00,2024-08-27T23:15:00,4.00,Recovery & Utilities,Recovery Boiler,SYS-RU-RB-STM,Steam / Pressure Control,PLT-RU-RB-STM,PT-RB-STM-01,System,Production Rate Reduction,Instrumentation / Control,INTERMITTENT_SIGNAL,Intermittent signal dropout at stable process conditions; mill throughput reduced during stabilization.,Probable,4128.94,3440.37,114.76,Throughput was limited until operating conditions stabilized.,TRUE,KNOWN_UNTREATED_DEFECT,1,N0000624,2024-07-09,Automation,WO0000373,WORK_COMPLETED,Instrument replacement,R5,5,49,,,
LE000141,C2,2024-08-29T23:45:00,2024-08-30T06:15:00,6.50,Recovery & Utilities,Causticizing,SYS-RU-CAU-SLK,Slaking,PLT-RU-CAU-SLK,,Area,Area Shutdown,Process Upset,PROCESS_INSTABILITY,Process oscillations required reduced mill throughput; area operation stopped and mill output reduced.,Probable,4188.03,1425.34,748.23,Available buffers were used while the affected area recovered.,TRUE,SYSTEM_PROCESS_EVENT,0,,,,,,,,,,,,
LE000142,C2,2024-09-08T23:15:00,2024-09-09T08:15:00,9.00,Recovery & Utilities,Evaporation,SYS-RU-EVA-VAC,Vacuum System,PLT-RU-EVA-VAC,VAC-EVA-VAC-01,System,Production Rate Reduction,Equipment Failure,PROCESS_RESTRICTION,Process differential pressure above normal operating range; mill throughput reduced during stabilization.,Probable,4149.24,2811.50,501.65,Throughput was limited until operating conditions stabilized.,TRUE,NO_PRIOR_DETECTION,0,,,,,,,,,,N0000155,2023-05-03,494
LE000143,C2,2024-09-10T04:30:00,2024-09-10T16:00:00,11.50,Recovery & Utilities,Recovery Boiler,SYS-RU-RB-SMT,Smelt Handling,PLT-RU-RB-SMT,AG-RB-SMT-01,System,Production Rate Reduction,Equipment Failure,IMBALANCE,Rotating assembly shows dominant once-per-revolution vibration; mill throughput reduced during stabilization.,Probable,4098.30,3348.02,359.51,Throughput was limited until operating conditions stabilized.,TRUE,POST_MAINTENANCE_RECURRENCE,1,N0000601,2024-06-14,Mechanical,WO0000361,WORK_COMPLETED,Adjustment,R4,4,88,N0000601,2024-07-05,67
LE000144,C2,2024-09-11T11:15:00,2024-09-11T14:15:00,3.00,Fiber Line,Digester,SYS-FL-DIG-BLC,Blow / Pressure Control,PLT-FL-DIG-BLC,PT-DIG-BLC-01,Area,Area Shutdown,Instrumentation / Control,INTERMITTENT_SIGNAL,Intermittent signal dropout at stable process conditions; area operation stopped and mill output reduced.,Confirmed,4226.70,1625.51,325.15,Available buffers were used while the affected area recovered.,TRUE,NO_PRIOR_DETECTION,0,,,,,,,,,,,,
LE000145,C2,2024-09-13T10:45:00,2024-09-13T16:15:00,5.50,Fiber Line,Digester,SYS-FL-DIG-DIS,Digester Discharge,PLT-FL-DIG-DIS,,System,Production Rate Reduction,Process Upset,PROCESS_RESTRICTION,Process restriction limited transfer capacity; mill throughput reduced during stabilization.,Confirmed,4270.54,3694.25,132.07,Throughput was limited until operating conditions stabilized.,TRUE,SYSTEM_PROCESS_EVENT,0,,,,,,,,,,,,
LE000146,C2,2024-09-23T23:30:00,2024-09-24T02:00:00,2.50,Recovery & Utilities,Causticizing,SYS-RU-CAU-WLC,White Liquor Clarification,PLT-RU-CAU-WLC,FT-CAU-WLC-01,System,Production Rate Reduction,Instrumentation / Control,INTERMITTENT_SIGNAL,Intermittent signal dropout at stable process conditions; mill throughput reduced during stabilization.,Confirmed,4106.22,3275.53,86.53,Throughput was limited until operating conditions stabilized.,TRUE,NO_PRIOR_DETECTION,0,,,,,,,,,,N0000252,2023-08-12,408
LE000147,C2,2024-09-24T11:45:00,2024-09-25T02:30:00,14.75,Recovery & Utilities,Utilities,SYS-RU-UTL-STM,Steam Distribution,PLT-RU-UTL-STM,,Area,Area Shutdown,Process Upset,PROCESS_RESTRICTION,Process restriction limited transfer capacity; area operation stopped and mill output reduced.,Probable,4271.42,2010.15,1389.74,Available buffers were used while the affected area recovered.,TRUE,SYSTEM_PROCESS_EVENT,0,,,,,,,,,,,,
LE000148,C2,2024-09-26T00:15:00,2024-09-26T02:15:00,2.00,Recovery & Utilities,Utilities,SYS-RU-UTL-PWT,Process Water,PLT-RU-UTL-PWT,P-UTL-PWT-01,Area,Area Shutdown,Equipment Failure,CAVITATION,Crackling noise and unstable suction pressure; area operation stopped and mill output reduced.,Probable,4119.14,2221.37,158.15,Available buffers were used while the affected area recovered.,TRUE,NO_PRIOR_DETECTION,0,,,,,,,,,,,,
LE000149,C2,2024-09-27T09:45:00,2024-09-27T12:00:00,2.25,Fiber Line,Bleaching,SYS-FL-BLE-DOS,Chemical Dosing,PLT-FL-BLE-DOS,M-BLE-DOS-01,Area,Area Shutdown,Equipment Failure,MOTOR_BEARING_VIBRATION,Motor bearing vibration above baseline; area operation stopped and mill output reduced.,Confirmed,4189.20,1780.20,225.84,Available buffers were used while the affected area recovered.,TRUE,KNOWN_UNTREATED_DEFECT,1,N0000689,2024-09-11,Electrical,,NO_ACTION_REQUIRED,Inspection only,R9,9,16,N0000262,2023-09-30,363
LE000150,C2,2024-10-10T09:15:00,2024-10-10T10:45:00,1.50,Fiber Line,Drying,SYS-FL-DRY-DRS,Dryer Section,PLT-FL-DRY-DRS,TT-DRY-DRS-01,System,Production Rate Reduction,Instrumentation / Control,INTERMITTENT_SIGNAL,Intermittent signal dropout at stable process conditions; mill throughput reduced during stabilization.,Confirmed,4123.75,3017.70,69.13,Throughput was limited until operating conditions stabilized.,TRUE,KNOWN_UNTREATED_DEFECT,1,N0000625,2024-07-09,Automation,,MONITOR_CONDITION,Inspection only,R7,7,93,N0000360,2023-11-21,324
LE000151,C2,2024-10-15T23:30:00,2024-10-16T00:30:00,1.00,Recovery & Utilities,Lime Kiln,SYS-RU-LIM-LMF,Lime Mud Feed,PLT-RU-LIM-LMF,,System,Production Rate Reduction,Process Upset,FOULING,Deposits reduced effective process capacity; mill throughput reduced during stabilization.,Confirmed,4202.76,3036.69,48.59,Throughput was limited until operating conditions stabilized.,TRUE,SYSTEM_PROCESS_EVENT,0,,,,,,,,,,,,
LE000152,C2,2024-10-22T08:00:00,2024-10-22T14:00:00,6.00,Fiber Line,Digester,SYS-FL-DIG-CIR,Cooking Circulation,PLT-FL-DIG-CIR,,System,Production Rate Reduction,Process Upset,PROCESS_RESTRICTION,Process restriction limited transfer capacity; mill throughput reduced during stabilization.,Probable,4191.00,2876.11,328.72,Throughput was limited until operating conditions stabilized.,TRUE,SYSTEM_PROCESS_EVENT,0,,,,,,,,,,,,
LE000153,C2,2024-10-23T13:30:00,2024-10-23T14:45:00,1.25,Recovery & Utilities,Evaporation,SYS-RU-EVA-VAC,Vacuum System,PLT-RU-EVA-VAC,PT-EVA-VAC-01,System,Production Rate Reduction,Instrumentation / Control,IMPULSE_LINE_RESTRICTION,Pressure response delayed during process change; mill throughput reduced during stabilization.,Confirmed,4279.93,3359.11,47.96,Throughput was limited until operating conditions stabilized.,TRUE,KNOWN_UNTREATED_DEFECT,1,N0000682,2024-09-07,Instrumentation,,NO_ACTION_REQUIRED,Inspection only,R7,7,46,N0000344,2023-11-17,341
LE000154,C2,2024-10-24T18:30:00,2024-10-24T22:00:00,3.50,Fiber Line,Washing & Screening,SYS-FL-WSH-KNR,Knot Removal,PLT-FL-WSH-KNR,,System,Production Rate Reduction,Process Upset,FOULING,Deposits reduced effective process capacity; mill throughput reduced during stabilization.,Under Investigation,4090.85,3732.58,52.25,Throughput was limited until operating conditions stabilized.,TRUE,SYSTEM_PROCESS_EVENT,0,,,,,,,,,,,,
LE000155,C2,2024-11-01T12:30:00,2024-11-01T13:15:00,0.75,Recovery & Utilities,Lime Kiln,SYS-RU-LIM-DRV,Kiln Drive,PLT-RU-LIM-DRV,GB-LIM-DRV-01,System,Production Rate Reduction,Equipment Failure,OIL_CONTAMINATION,Oil sample shows elevated contamination; mill throughput reduced during stabilization.,Under Investigation,4102.47,2839.69,39.46,Throughput was limited until operating conditions stabilized.,TRUE,NO_PRIOR_DETECTION,0,,,,,,,,,,N0000225,2023-08-07,452
LE000156,C2,2024-11-02T22:15:00,2024-11-03T03:30:00,5.25,Recovery & Utilities,Recovery Boiler,SYS-RU-RB-BLF,Black Liquor Firing,PLT-RU-RB-BLF,FT-RB-BLF-01,System,Production Rate Reduction,Instrumentation / Control,SIGNAL_DRIFT,Indicated value drifts from independent reference; mill throughput reduced during stabilization.,Probable,4150.06,3597.40,120.89,Throughput was limited until operating conditions stabilized.,TRUE,POST_MAINTENANCE_RECURRENCE,1,N0000582,2024-05-31,Instrumentation,WO0000348,WORK_COMPLETED,Calibration,R5,5,155,N0000582,2024-08-03,91
LE000157,C2,2024-11-07T01:00:00,2024-11-07T03:00:00,2.00,Fiber Line,Digester,SYS-FL-DIG-BLC,Blow / Pressure Control,PLT-FL-DIG-BLC,PT-DIG-BLC-01,Area,Area Shutdown,Instrumentation / Control,INTERMITTENT_SIGNAL,Intermittent signal dropout at stable process conditions; area operation stopped and mill output reduced.,Confirmed,4005.03,897.77,258.94,Available buffers were used while the affected area recovered.,TRUE,NO_PRIOR_DETECTION,0,,,,,,,,,,,,
LE000158,C2,2024-11-10T00:45:00,2024-11-10T05:15:00,4.50,Fiber Line,Drying,SYS-FL-DRY-PRS,Press Section,PLT-FL-DRY-PRS,,System,Production Rate Reduction,Process Upset,QUALITY_RESTRICTION,Off-target pulp quality required reduced throughput; mill throughput reduced during stabilization.,Under Investigation,4191.65,2843.87,252.71,Throughput was limited until operating conditions stabilized.,TRUE,SYSTEM_PROCESS_EVENT,0,,,,,,,,,,,,
LE000159,C2,2024-11-10T08:15:00,2024-11-10T11:00:00,2.75,Recovery & Utilities,Recovery Boiler,SYS-RU-RB-STM,Steam / Pressure Control,PLT-RU-RB-STM,TT-RB-STM-01,System,Production Rate Reduction,Instrumentation / Control,SIGNAL_DRIFT,Indicated value drifts from independent reference; mill throughput reduced during stabilization.,Confirmed,4193.24,3386.76,92.41,Throughput was limited until operating conditions stabilized.,TRUE,POST_MAINTENANCE_RECURRENCE,1,N0000596,2024-06-10,Instrumentation,WO0000357,WORK_COMPLETED,Calibration,R7,7,153,N0000596,2024-08-11,91
LE000160,C2,2024-11-11T19:30:00,2024-11-12T00:00:00,4.50,Recovery & Utilities,Recovery Boiler,SYS-RU-RB-STM,Steam / Pressure Control,PLT-RU-RB-STM,TT-RB-STM-01,System,Production Rate Reduction,Instrumentation / Control,INTERMITTENT_SIGNAL,Intermittent signal dropout at stable process conditions; mill throughput reduced during stabilization.,Confirmed,4356.52,3216.00,213.85,Throughput was limited until operating conditions stabilized.,TRUE,OTHER_AMBIGUOUS,0,,,,,,,,,,N0000548,2024-05-19,176
LE000161,C3,2024-12-02T03:30:00,2024-12-02T06:00:00,2.50,Recovery & Utilities,Lime Kiln,SYS-RU-LIM-LMF,Lime Mud Feed,PLT-RU-LIM-LMF,,System,Production Rate Reduction,Process Upset,PROCESS_RESTRICTION,Process restriction limited transfer capacity; mill throughput reduced during stabilization.,Probable,4188.25,3153.49,107.79,Throughput was limited until operating conditions stabilized.,TRUE,SYSTEM_PROCESS_EVENT,0,,,,,,,,,,,,
LE000162,C3,2024-12-05T23:15:00,2024-12-06T01:30:00,2.25,Recovery & Utilities,Lime Kiln,SYS-RU-LIM-BRN,Burner System,PLT-RU-LIM-BRN,FT-LIM-BRN-01,Area,Area Shutdown,Instrumentation / Control,CALIBRATION_DEVIATION,Measured output outside calibration tolerance; area operation stopped and mill output reduced.,Probable,4142.13,1988.39,201.91,Available buffers were used while the affected area recovered.,TRUE,KNOWN_UNTREATED_DEFECT,1,N0000756,2024-11-13,Instrumentation,WO0000456,WORK_COMPLETED,Calibration,R7,7,22,,,
LE000163,C3,2024-12-07T18:30:00,2024-12-08T04:30:00,10.00,Fiber Line,Drying,SYS-FL-DRY-DRS,Dryer Section,PLT-FL-DRY-DRS,,System,Production Rate Reduction,Process Upset,PROCESS_INSTABILITY,Process oscillations required reduced mill throughput; mill throughput reduced during stabilization.,Probable,4175.78,3712.92,192.86,Throughput was limited until operating conditions stabilized.,TRUE,SYSTEM_PROCESS_EVENT,0,,,,,,,,,,,,
LE000164,C3,2024-12-10T14:30:00,2024-12-10T17:15:00,2.75,Fiber Line,Washing & Screening,SYS-FL-WSH-SCR,Screening,PLT-FL-WSH-SCR,SCR-WSH-SCR-01,System,Production Rate Reduction,Equipment Failure,OIL_DEGRADATION,Oil condition test indicates degraded lubricant; mill throughput reduced during stabilization.,Probable,4214.98,3640.99,65.77,Throughput was limited until operating conditions stabilized.,TRUE,KNOWN_UNTREATED_DEFECT,1,N0000629,2024-07-12,Lubrication,WO0000377,MONITOR_CONDITION,Inspection only,R4,4,151,,,
LE000165,C3,2024-12-13T16:15:00,2024-12-13T21:45:00,5.50,Recovery & Utilities,Evaporation,SYS-RU-EVA-CON,Condensate System,PLT-RU-EVA-CON,LT-EVA-CON-01,System,Production Rate Reduction,Instrumentation / Control,INTERMITTENT_SIGNAL,Intermittent signal dropout at stable process conditions; mill throughput reduced during stabilization.,Probable,4019.65,2838.04,270.79,Throughput was limited until operating conditions stabilized.,TRUE,NO_PRIOR_DETECTION,0,,,,,,,,,,,,
LE000166,C3,2024-12-14T07:15:00,2024-12-14T18:00:00,10.75,Recovery & Utilities,Utilities,SYS-RU-UTL-AIR,Compressed Air,PLT-RU-UTL-AIR,CMP-UTL-AIR-01,System,Production Rate Reduction,Equipment Failure,MECHANICAL_BINDING,Mechanism travel is uneven with elevated resistance; mill throughput reduced during stabilization.,Under Investigation,4200.88,3755.73,199.39,Throughput was limited until operating conditions stabilized.,TRUE,POST_MAINTENANCE_RECURRENCE,1,N0000725,2024-10-18,Mechanical,WO0000434,WORK_COMPLETED,Adjustment,R2,2,57,N0000725,2024-11-13,31
LE000167,C3,2024-12-19T19:15:00,2024-12-19T21:45:00,2.50,Recovery & Utilities,Lime Kiln,SYS-RU-LIM-BRN,Burner System,PLT-RU-LIM-BRN,FV-LIM-BRN-01,System,Production Rate Reduction,Equipment Failure,EXTERNAL_LEAKAGE,Visible leakage at valve packing; mill throughput reduced during stabilization.,Probable,4211.27,3230.89,102.12,Throughput was limited until operating conditions stabilized.,TRUE,NO_PRIOR_DETECTION,0,,,,,,,,,,,,
LE000168,C3,2025-01-03T23:00:00,2025-01-04T00:45:00,1.75,Recovery & Utilities,Lime Kiln,SYS-RU-LIM-IDF,Induced Draft,PLT-RU-LIM-IDF,DV-LIM-IDF-01,System,Production Rate Reduction,Equipment Failure,MECHANICAL_BINDING,Mechanism travel is uneven with elevated resistance; mill throughput reduced during stabilization.,Confirmed,4274.79,3650.69,45.51,Throughput was limited until operating conditions stabilized.,TRUE,NO_PRIOR_DETECTION,0,,,,,,,,,,,,
LE000169,C3,2025-01-07T17:30:00,2025-01-07T18:15:00,0.75,Recovery & Utilities,Utilities,SYS-RU-UTL-ELD,Electrical Distribution,PLT-RU-UTL-ELD,TR-UTL-ELD-01,System,Production Rate Reduction,Equipment Failure,TERMINAL_HEATING,Localized heating at electrical connection; mill throughput reduced during stabilization.,Probable,4095.75,3511.52,18.26,Throughput was limited until operating conditions stabilized.,TRUE,NO_PRIOR_DETECTION,0,,,,,,,,,,N0000299,2023-10-19,446
LE000170,C3,2025-01-08T14:00:00,2025-01-08T23:45:00,9.75,Recovery & Utilities,Utilities,SYS-RU-UTL-PWT,Process Water,PLT-RU-UTL-PWT,M-UTL-PWT-01,System,Production Rate Reduction,Equipment Failure,TERMINAL_HEATING,Localized heating at electrical connection; mill throughput reduced during stabilization.,Confirmed,4307.58,3599.74,287.56,Throughput was limited until operating conditions stabilized.,TRUE,OTHER_AMBIGUOUS,0,,,,,,,,,,N0000623,2024-09-01,129
LE000171,C3,2025-01-10T00:45:00,2025-01-10T01:45:00,1.00,Recovery & Utilities,Lime Kiln,SYS-RU-LIM-BRN,Burner System,PLT-RU-LIM-BRN,,System,Production Rate Reduction,Process Upset,PROCESS_INSTABILITY,Process oscillations required reduced mill throughput; mill throughput reduced during stabilization.,Probable,4130.40,3591.77,22.44,Throughput was limited until operating conditions stabilized.,TRUE,SYSTEM_PROCESS_EVENT,0,,,,,,,,,,,,
LE000172,C3,2025-01-14T00:15:00,2025-01-14T06:15:00,6.00,Recovery & Utilities,Causticizing,SYS-RU-CAU-WLC,White Liquor Clarification,PLT-RU-CAU-WLC,,System,Production Rate Reduction,Process Upset,PROCESS_RESTRICTION,Process restriction limited transfer capacity; mill throughput reduced during stabilization.,Probable,4258.00,3717.62,135.10,Throughput was limited until operating conditions stabilized.,TRUE,SYSTEM_PROCESS_EVENT,0,,,,,,,,,,,,
LE000173,C3,2025-01-15T16:15:00,2025-01-15T17:00:00,0.75,Recovery & Utilities,Lime Kiln,SYS-RU-LIM-IDF,Induced Draft,PLT-RU-LIM-IDF,DV-LIM-IDF-01,System,Production Rate Reduction,Instrumentation / Control,INTERMITTENT_SIGNAL,Intermittent signal dropout at stable process conditions; mill throughput reduced during stabilization.,Confirmed,4271.61,2919.10,42.27,Throughput was limited until operating conditions stabilized.,TRUE,NO_PRIOR_DETECTION,0,,,,,,,,,,,,
LE000174,C3,2025-01-17T18:15:00,2025-01-17T20:15:00,2.00,Fiber Line,Washing & Screening,SYS-FL-WSH-KNR,Knot Removal,PLT-FL-WSH-KNR,M-WSH-KNR-01,System,Production Rate Reduction,Equipment Failure,INSULATION_DEGRADATION,Insulation test trending below reference; mill throughput reduced during stabilization.,Probable,4343.60,3693.50,54.18,Throughput was limited until operating conditions stabilized.,TRUE,KNOWN_UNTREATED_DEFECT,1,N0000699,2024-09-26,Electrical,WO0000418,CANCELLED,,R4,4,113,,,
LE000175,C3,2025-01-26T21:15:00,2025-01-27T02:30:00,5.25,Fiber Line,Digester,SYS-FL-DIG-CIR,Cooking Circulation,PLT-FL-DIG-CIR,M-DIG-CIR-01,System,Production Rate Reduction,Equipment Failure,INSULATION_DEGRADATION,Insulation test trending below reference; mill throughput reduced during stabilization.,Confirmed,4188.13,3044.33,250.21,Throughput was limited until operating conditions stabilized.,TRUE,KNOWN_UNTREATED_DEFECT,1,N0000827,2025-01-21,Condition Monitoring,WO0000499,WORK_COMPLETED,Component replacement,R1,1,5,N0000388,2024-01-20,372
LE000176,C3,2025-02-01T10:45:00,2025-02-01T21:15:00,10.50,Recovery & Utilities,Evaporation,SYS-RU-EVA-BLF,Black Liquor Feed,PLT-RU-EVA-BLF,P-EVA-BLF-01,System,Production Rate Reduction,Equipment Failure,LOW_FLOW,Delivered flow below expected operating range; mill throughput reduced during stabilization.,Probable,4388.78,4039.29,152.90,Throughput was limited until operating conditions stabilized.,TRUE,KNOWN_UNTREATED_DEFECT,1,N0000829,2025-01-21,Mechanical,WO0000500,WORK_COMPLETED,Cleaning,R7,7,11,,,
LE000177,C3,2025-02-03T12:30:00,2025-02-03T13:15:00,0.75,Recovery & Utilities,Evaporation,SYS-RU-EVA-CIR,Evaporator Circulation,PLT-RU-EVA-CIR,,Area,Area Shutdown,Process Upset,FOULING,Deposits reduced effective process capacity; area operation stopped and mill output reduced.,Confirmed,4203.37,1129.49,96.06,Available buffers were used while the affected area recovered.,TRUE,SYSTEM_PROCESS_EVENT,0,,,,,,,,,,,,
LE000178,C3,2025-02-05T10:45:00,2025-02-05T12:30:00,1.75,Fiber Line,Bleaching,SYS-FL-BLE-STW,Stage Washing,PLT-FL-BLE-STW,M-BLE-STW-01,System,Production Rate Reduction,Equipment Failure,TERMINAL_HEATING,Localized heating at electrical connection; mill throughput reduced during stabilization.,Confirmed,4323.43,3619.07,51.36,Throughput was limited until operating conditions stabilized.,TRUE,NO_PRIOR_DETECTION,0,,,,,,,,,,,,
LE000179,C3,2025-02-09T09:30:00,2025-02-09T14:15:00,4.75,Recovery & Utilities,Evaporation,SYS-RU-EVA-CIR,Evaporator Circulation,PLT-RU-EVA-CIR,M-EVA-CIR-01,System,Production Rate Reduction,Equipment Failure,TERMINAL_HEATING,Localized heating at electrical connection; mill throughput reduced during stabilization.,Probable,4053.34,3301.49,148.80,Throughput was limited until operating conditions stabilized.,TRUE,NO_PRIOR_DETECTION,0,,,,,,,,,,N0000321,2023-12-04,433
LE000180,C3,2025-02-12T09:45:00,2025-02-12T23:30:00,13.75,Recovery & Utilities,Recovery Boiler,SYS-RU-RB-BLF,Black Liquor Firing,PLT-RU-RB-BLF,P-RB-BLF-01,System,Production Rate Reduction,Equipment Failure,PUMP_BEARING_VIBRATION,Elevated vibration at pump bearing housing; mill throughput reduced during stabilization.,Probable,4215.49,3165.06,601.81,Throughput was limited until operating conditions stabilized.,TRUE,NO_PRIOR_DETECTION,0,,,,,,,,,,,,
LE000181,C3,2025-02-25T13:15:00,2025-02-26T09:15:00,20.00,Recovery & Utilities,Causticizing,SYS-RU-CAU-WLC,White Liquor Clarification,PLT-RU-CAU-WLC,FV-CAU-WLC-01,System,Production Rate Reduction,Equipment Failure,VALVE_STICTION,Valve travel sticks during small command changes; mill throughput reduced during stabilization.,Confirmed,4252.80,3199.31,877.91,Throughput was limited until operating conditions stabilized.,TRUE,KNOWN_UNTREATED_DEFECT,1,N0000797,2024-12-31,Valves,,NO_ACTION_REQUIRED,Inspection only,R5,5,56,,,
LE000182,C3,2025-02-26T22:30:00,2025-02-27T09:30:00,11.00,Fiber Line,Bleaching,SYS-FL-BLE-DOS,Chemical Dosing,PLT-FL-BLE-DOS,P-BLE-DOS-01,Area,Area Shutdown,Equipment Failure,SEAL_LEAKAGE,Leakage at shaft seal; area operation stopped and mill output reduced.,Confirmed,4321.95,2327.07,914.32,Available buffers were used while the affected area recovered.,TRUE,NO_PRIOR_DETECTION,0,,,,,,,,,,,,
LE000183,C3,2025-03-01T00:15:00,2025-03-01T02:15:00,2.00,Fiber Line,Drying,SYS-FL-DRY-PMF,Pulp Machine Feed,PLT-FL-DRY-PMF,P-DRY-PMF-01,Area,Area Shutdown,Equipment Failure,BEARING_TEMPERATURE,Bearing temperature trending above baseline; area operation stopped and mill output reduced.,Under Investigation,4126.63,1180.59,245.50,Available buffers were used while the affected area recovered.,TRUE,OTHER_AMBIGUOUS,0,,,,,,,,,,N0000652,2024-09-03,179
LE000184,C3,2025-03-04T00:30:00,2025-03-04T15:30:00,15.00,Fiber Line,Drying,SYS-FL-DRY-HYD,Hydraulic System,PLT-FL-DRY-HYD,HPU-DRY-HYD-01,System,Production Rate Reduction,Equipment Failure,HYD_PRESS_INSTABILITY,Hydraulic header pressure oscillates under steady demand; mill throughput reduced during stabilization.,Confirmed,4267.18,3105.65,725.96,Throughput was limited until operating conditions stabilized.,TRUE,KNOWN_UNTREATED_DEFECT,1,N0000798,2024-12-31,Hydraulics,WO0000484,MONITOR_CONDITION,Inspection only,R5,5,63,,,
LE000185,C3,2025-03-11T20:00:00,2025-03-11T23:30:00,3.50,Fiber Line,Drying,SYS-FL-DRY-LUB,Lubrication System,PLT-FL-DRY-LUB,M-DRY-LUB-01,System,Production Rate Reduction,Equipment Failure,MOTOR_OVERHEATING,Motor temperature rising at normal load; mill throughput reduced during stabilization.,Probable,4236.44,3716.25,75.86,Throughput was limited until operating conditions stabilized.,TRUE,NO_PRIOR_DETECTION,0,,,,,,,,,,,,
LE000186,C3,2025-03-20T18:15:00,2025-03-21T12:15:00,18.00,Fiber Line,Digester,SYS-FL-DIG-CIR,Cooking Circulation,PLT-FL-DIG-CIR,P-DIG-CIR-01,Area,Area Shutdown,Equipment Failure,PUMP_BEARING_VIBRATION,Elevated vibration at pump bearing housing; area operation stopped and mill output reduced.,Confirmed,4154.44,899.16,2441.46,Available buffers were used while the affected area recovered.,TRUE,KNOWN_UNTREATED_DEFECT,1,N0000799,2024-12-31,Mechanical,WO0000485,MONITOR_CONDITION,Inspection only,R5,5,79,,,
LE000187,C3,2025-03-24T05:15:00,2025-03-24T06:30:00,1.25,Recovery & Utilities,Evaporation,SYS-RU-EVA-CIR,Evaporator Circulation,PLT-RU-EVA-CIR,M-EVA-CIR-01,System,Production Rate Reduction,Equipment Failure,INSULATION_DEGRADATION,Insulation test trending below reference; mill throughput reduced during stabilization.,Probable,4235.83,3158.83,56.09,Throughput was limited until operating conditions stabilized.,TRUE,NO_PRIOR_DETECTION,0,,,,,,,,,,N0000575,2024-06-06,291
LE000188,C3,2025-03-25T16:30:00,2025-03-25T18:00:00,1.50,Fiber Line,Drying,SYS-FL-DRY-HYD,Hydraulic System,PLT-FL-DRY-HYD,PT-DRY-HYD-01,System,Production Rate Reduction,Instrumentation / Control,INTERMITTENT_SIGNAL,Intermittent signal dropout at stable process conditions; mill throughput reduced during stabilization.,Under Investigation,4214.53,3894.09,20.03,Throughput was limited until operating conditions stabilized.,TRUE,NO_PRIOR_DETECTION,0,,,,,,,,,,,,
LE000189,C3,2025-03-30T04:15:00,2025-03-30T09:45:00,5.50,Fiber Line,Digester,SYS-FL-DIG-CHP,Chip Feeding,PLT-FL-DIG-CHP,ZS-DIG-CHP-01,Area,Area Shutdown,Instrumentation / Control,SIGNAL_DRIFT,Indicated value drifts from independent reference; area operation stopped and mill output reduced.,Probable,4119.45,1809.38,529.39,Available buffers were used while the affected area recovered.,TRUE,NO_PRIOR_DETECTION,0,,,,,,,,,,N0000335,2023-12-17,469
LE000190,C3,2025-03-31T09:15:00,2025-03-31T10:45:00,1.50,Recovery & Utilities,Utilities,SYS-RU-UTL-CWT,Cooling Water,PLT-RU-UTL-CWT,,System,Production Rate Reduction,Process Upset,PROCESS_INSTABILITY,Process oscillations required reduced mill throughput; mill throughput reduced during stabilization.,Confirmed,4111.63,3052.11,66.22,Throughput was limited until operating conditions stabilized.,TRUE,SYSTEM_PROCESS_EVENT,0,,,,,,,,,,,,
LE000191,C3,2025-04-19T09:45:00,2025-04-19T14:15:00,4.50,Recovery & Utilities,Recovery Boiler,SYS-RU-RB-SMT,Smelt Handling,PLT-RU-RB-SMT,,Area,Area Shutdown,Process Upset,PROCESS_RESTRICTION,Process restriction limited transfer capacity; area operation stopped and mill output reduced.,Probable,4313.05,1739.81,482.48,Available buffers were used while the affected area recovered.,TRUE,SYSTEM_PROCESS_EVENT,0,,,,,,,,,,,,
LE000192,C3,2025-04-26T04:30:00,2025-04-26T05:00:00,0.50,Recovery & Utilities,Evaporation,SYS-RU-EVA-BLF,Black Liquor Feed,PLT-RU-EVA-BLF,FV-EVA-BLF-01,System,Production Rate Reduction,Equipment Failure,ACTUATOR_LEAKAGE,Actuator supply pressure decays while held; mill throughput reduced during stabilization.,Probable,4017.32,3201.92,16.99,Throughput was limited until operating conditions stabilized.,TRUE,KNOWN_UNTREATED_DEFECT,2,N0000944,2025-04-08,Valves,WO0000572,MONITOR_CONDITION,Inspection only,R3,3,18,,,
LE000193,C3,2025-04-26T11:00:00,2025-04-26T13:00:00,2.00,Recovery & Utilities,Lime Kiln,SYS-RU-LIM-IDF,Induced Draft,PLT-RU-LIM-IDF,DV-LIM-IDF-01,System,Production Rate Reduction,Equipment Failure,PROCESS_RESTRICTION,Process differential pressure above normal operating range; mill throughput reduced during stabilization.,Confirmed,4239.29,2944.14,107.93,Throughput was limited until operating conditions stabilized.,TRUE,NO_PRIOR_DETECTION,0,,,,,,,,,,,,
LE000194,C3,2025-04-27T12:00:00,2025-04-27T15:00:00,3.00,Fiber Line,Bleaching,SYS-FL-BLE-CHM,Chemical Mixing,PLT-FL-BLE-CHM,M-BLE-CHM-01,System,Production Rate Reduction,Equipment Failure,TERMINAL_HEATING,Localized heating at electrical connection; mill throughput reduced during stabilization.,Probable,4200.33,3110.72,136.20,Throughput was limited until operating conditions stabilized.,TRUE,POST_MAINTENANCE_RECURRENCE,1,N0000784,2024-12-20,Electrical,WO0000478,WORK_COMPLETED,Tightening,R7,7,128,N0000784,2025-01-17,100
LE000195,C3,2025-04-27T20:15:00,2025-04-27T23:15:00,3.00,Recovery & Utilities,Causticizing,SYS-RU-CAU-REA,Causticizing Reactors,PLT-RU-CAU-REA,FV-CAU-REA-01,System,Production Rate Reduction,Equipment Failure,VALVE_STICTION,Valve travel sticks during small command changes; mill throughput reduced during stabilization.,Under Investigation,4270.85,3064.38,150.81,Throughput was limited until operating conditions stabilized.,TRUE,NO_PRIOR_DETECTION,0,,,,,,,,,,N0000217,2023-08-21,615
LE000196,C3,2025-04-29T08:00:00,2025-04-29T08:30:00,0.50,Recovery & Utilities,Lime Kiln,SYS-RU-LIM-DRV,Kiln Drive,PLT-RU-LIM-DRV,M-LIM-DRV-01,Area,Area Shutdown,Equipment Failure,LOW_LUBE_LEVEL,Lubricant level below normal mark; area operation stopped and mill output reduced.,Confirmed,4120.40,1093.26,63.07,Available buffers were used while the affected area recovered.,TRUE,NO_PRIOR_DETECTION,0,,,,,,,,,,N0000478,2024-04-25,369
LE000197,C3,2025-04-29T14:30:00,2025-04-29T17:00:00,2.50,Recovery & Utilities,Lime Kiln,SYS-RU-LIM-LMF,Lime Mud Feed,PLT-RU-LIM-LMF,,System,Production Rate Reduction,Process Upset,PROCESS_INSTABILITY,Process oscillations required reduced mill throughput; mill throughput reduced during stabilization.,Probable,4450.00,3967.45,50.27,Throughput was limited until operating conditions stabilized.,TRUE,SYSTEM_PROCESS_EVENT,0,,,,,,,,,,,,
LE000198,C3,2025-05-03T03:00:00,2025-05-03T07:00:00,4.00,Recovery & Utilities,Lime Kiln,SYS-RU-LIM-LMF,Lime Mud Feed,PLT-RU-LIM-LMF,FT-LIM-LMF-01,System,Production Rate Reduction,Instrumentation / Control,CALIBRATION_DEVIATION,Measured output outside calibration tolerance; mill throughput reduced during stabilization.,Probable,4111.72,3322.71,131.50,Throughput was limited until operating conditions stabilized.,TRUE,KNOWN_UNTREATED_DEFECT,1,N0000874,2025-02-21,Instrumentation,WO0000529,WORK_COMPLETED,Calibration,R7,7,71,N0000477,2024-05-01,367
LE000199,C3,2025-05-12T16:00:00,2025-05-12T21:45:00,5.75,Recovery & Utilities,Causticizing,SYS-RU-CAU-LMH,Lime Mud Handling,PLT-RU-CAU-LMH,LT-CAU-LMH-01,Area,Area Shutdown,Instrumentation / Control,SIGNAL_DRIFT,Indicated value drifts from independent reference; area operation stopped and mill output reduced.,Confirmed,4109.80,1909.07,527.26,Available buffers were used while the affected area recovered.,TRUE,NO_PRIOR_DETECTION,0,,,,,,,,,,N0000391,2024-03-09,429
LE000200,C3,2025-05-21T18:45:00,2025-05-21T23:45:00,5.00,Fiber Line,Digester,SYS-FL-DIG-DIS,Digester Discharge,PLT-FL-DIG-DIS,,Area,Area Shutdown,Process Upset,QUALITY_RESTRICTION,Off-target pulp quality required reduced throughput; area operation stopped and mill output reduced.,Under Investigation,4144.29,1339.44,584.34,Available buffers were used while the affected area recovered.,TRUE,SYSTEM_PROCESS_EVENT,0,,,,,,,,,,,,
LE000201,C3,2025-05-24T15:45:00,2025-05-24T18:30:00,2.75,Recovery & Utilities,Causticizing,SYS-RU-CAU-WLC,White Liquor Clarification,PLT-RU-CAU-WLC,,System,Production Rate Reduction,Process Upset,CHEMICAL_BALANCE_DEVIATION,Chemical balance deviation constrained stable operation; mill throughput reduced during stabilization.,Probable,4119.77,3603.07,59.21,Throughput was limited until operating conditions stabilized.,TRUE,SYSTEM_PROCESS_EVENT,0,,,,,,,,,,,,
LE000202,C3,2025-05-26T07:00:00,2025-05-26T12:45:00,5.75,Recovery & Utilities,Recovery Boiler,SYS-RU-RB-SBL,Sootblowing,PLT-RU-RB-SBL,SBL-RB-SBL-01,System,Production Rate Reduction,Equipment Failure,MECHANICAL_BINDING,Mechanism travel is uneven with elevated resistance; mill throughput reduced during stabilization.,Under Investigation,4346.82,3165.79,282.96,Throughput was limited until operating conditions stabilized.,TRUE,KNOWN_UNTREATED_DEFECT,1,N0000959,2025-04-15,Instrumentation,,MONITOR_CONDITION,Inspection only,R7,7,41,,,
LE000203,C3,2025-06-03T15:15:00,2025-06-03T18:45:00,3.50,Recovery & Utilities,Recovery Boiler,SYS-RU-RB-SMT,Smelt Handling,PLT-RU-RB-SMT,,System,Production Rate Reduction,Process Upset,FOULING,Deposits reduced effective process capacity; mill throughput reduced during stabilization.,Probable,4229.70,3144.64,158.24,Throughput was limited until operating conditions stabilized.,TRUE,SYSTEM_PROCESS_EVENT,0,,,,,,,,,,,,
LE000204,C3,2025-06-06T11:30:00,2025-06-06T13:00:00,1.50,Recovery & Utilities,Lime Kiln,SYS-RU-LIM-DRV,Kiln Drive,PLT-RU-LIM-DRV,M-LIM-DRV-01,System,Production Rate Reduction,Equipment Failure,OIL_DEGRADATION,Oil condition test indicates degraded lubricant; mill throughput reduced during stabilization.,Confirmed,4066.34,2831.15,77.20,Throughput was limited until operating conditions stabilized.,TRUE,NO_PRIOR_DETECTION,0,,,,,,,,,,N0000432,2024-03-17,446
LE000205,C3,2025-06-08T10:00:00,2025-06-08T12:15:00,2.25,Recovery & Utilities,Lime Kiln,SYS-RU-LIM-LMF,Lime Mud Feed,PLT-RU-LIM-LMF,,System,Production Rate Reduction,Process Upset,PROCESS_INSTABILITY,Process oscillations required reduced mill throughput; mill throughput reduced during stabilization.,Probable,4110.67,3614.14,46.55,Throughput was limited until operating conditions stabilized.,TRUE,SYSTEM_PROCESS_EVENT,0,,,,,,,,,,,,
LE000206,C3,2025-06-09T12:30:00,2025-06-09T23:30:00,11.00,Fiber Line,Digester,SYS-FL-DIG-CIR,Cooking Circulation,PLT-FL-DIG-CIR,P-DIG-CIR-01,Mill,Mill Shutdown,Equipment Failure,PUMP_BEARING_VIBRATION,Elevated vibration at pump bearing housing; mill production stopped for recovery.,Confirmed,4272.54,48.21,1936.15,Shift coordinated isolation and a staged mill restart.,TRUE,KNOWN_UNTREATED_DEFECT,2,N0000934,2025-03-31,Mechanical,WO0000564,MONITOR_CONDITION,Inspection only,R2,2,70,,,
LE000207,C3,2025-06-13T01:00:00,2025-06-13T20:45:00,19.75,Recovery & Utilities,Recovery Boiler,SYS-RU-RB-BLF,Black Liquor Firing,PLT-RU-RB-BLF,P-RB-BLF-01,Mill,Mill Shutdown,Equipment Failure,PUMP_BEARING_VIBRATION,Elevated vibration at pump bearing housing; mill production stopped for recovery.,Confirmed,4097.17,38.43,3340.00,Shift coordinated isolation and a staged mill restart.,TRUE,NO_PRIOR_DETECTION,0,,,,,,,,,,,,
LE000208,C3,2025-06-18T00:30:00,2025-06-18T04:15:00,3.75,Fiber Line,Drying,SYS-FL-DRY-FOR,Forming Section,PLT-FL-DRY-FOR,,Area,Area Shutdown,Process Upset,FOULING,Deposits reduced effective process capacity; area operation stopped and mill output reduced.,Probable,4089.99,1130.77,462.38,Available buffers were used while the affected area recovered.,TRUE,SYSTEM_PROCESS_EVENT,0,,,,,,,,,,,,
LE000209,C3,2025-06-19T14:00:00,2025-06-19T15:30:00,1.50,Recovery & Utilities,Recovery Boiler,SYS-RU-RB-STM,Steam / Pressure Control,PLT-RU-RB-STM,PSHH-RB-STM-01,System,Production Rate Reduction,Instrumentation / Control,SIGNAL_DRIFT,Indicated value drifts from independent reference; mill throughput reduced during stabilization.,Confirmed,4304.00,3276.72,64.21,Throughput was limited until operating conditions stabilized.,TRUE,NO_PRIOR_DETECTION,0,,,,,,,,,,N0000372,2024-01-17,519
LE000210,C3,2025-06-20T12:30:00,2025-06-20T13:00:00,0.50,Fiber Line,Drying,SYS-FL-DRY-LUB,Lubrication System,PLT-FL-DRY-LUB,P-DRY-LUB-01,System,Production Rate Reduction,Equipment Failure,OIL_DEGRADATION,Oil condition test indicates degraded lubricant; mill throughput reduced during stabilization.,Confirmed,4105.53,3416.01,14.37,Throughput was limited until operating conditions stabilized.,TRUE,NO_PRIOR_DETECTION,0,,,,,,,,,,N0000647,2024-09-12,281
LE000211,C3,2025-06-26T14:15:00,2025-06-27T00:00:00,9.75,Fiber Line,Bleaching,SYS-FL-BLE-DOS,Chemical Dosing,PLT-FL-BLE-DOS,M-BLE-DOS-01,Area,Area Shutdown,Equipment Failure,MOTOR_BEARING_VIBRATION,Motor bearing vibration above baseline; area operation stopped and mill output reduced.,Confirmed,4206.09,1578.31,1067.54,Available buffers were used while the affected area recovered.,TRUE,OTHER_AMBIGUOUS,1,N0000801,2025-01-03,Electrical,WO0000486,WORK_COMPLETED,Bearing replacement,R8,8,174,N0000801,2025-02-12,134
LE000212,C3,2025-07-07T01:45:00,2025-07-07T04:15:00,2.50,Recovery & Utilities,Causticizing,SYS-RU-CAU-SLK,Slaking,PLT-RU-CAU-SLK,SLK-CAU-SLK-01,System,Production Rate Reduction,Equipment Failure,PROCESS_RESTRICTION,Process differential pressure above normal operating range; mill throughput reduced during stabilization.,Under Investigation,4032.47,2755.95,132.97,Throughput was limited until operating conditions stabilized.,TRUE,NO_PRIOR_DETECTION,0,,,,,,,,,,,,
LE000213,C3,2025-07-09T19:45:00,2025-07-10T00:45:00,5.00,Recovery & Utilities,Utilities,SYS-RU-UTL-ELD,Electrical Distribution,PLT-RU-UTL-ELD,MCC-UTL-ELD-01,System,Production Rate Reduction,Instrumentation / Control,INTERMITTENT_SIGNAL,Intermittent signal dropout at stable process conditions; mill throughput reduced during stabilization.,Confirmed,4200.48,3251.49,197.71,Throughput was limited until operating conditions stabilized.,TRUE,NO_PRIOR_DETECTION,0,,,,,,,,,,,,
LE000214,C3,2025-07-12T20:45:00,2025-07-13T02:15:00,5.50,Fiber Line,Digester,SYS-FL-DIG-CIR,Cooking Circulation,PLT-FL-DIG-CIR,FV-DIG-CIR-01,Mill,Mill Shutdown,Equipment Failure,ACTUATOR_LEAKAGE,Actuator supply pressure decays while held; mill production stopped for recovery.,Probable,4217.30,31.41,959.27,Shift coordinated isolation and a staged mill restart.,TRUE,NO_PRIOR_DETECTION,0,,,,,,,,,,N0000757,2024-12-20,204
LE000215,C3,2025-07-13T12:45:00,2025-07-13T19:00:00,6.25,Fiber Line,Drying,SYS-FL-DRY-HYD,Hydraulic System,PLT-FL-DRY-HYD,HPU-DRY-HYD-01,Area,Area Shutdown,Equipment Failure,HYD_PRESS_INSTABILITY,Hydraulic header pressure oscillates under steady demand; area operation stopped and mill output reduced.,Confirmed,4084.08,892.14,831.23,Available buffers were used while the affected area recovered.,TRUE,KNOWN_UNTREATED_DEFECT,1,N0000932,2025-03-31,Instrumentation,WO0000562,MONITOR_CONDITION,Inspection only,R2,2,104,,,
LE000216,C3,2025-07-15T23:00:00,2025-07-16T01:45:00,2.75,Fiber Line,Washing & Screening,SYS-FL-WSH-KNR,Knot Removal,PLT-FL-WSH-KNR,M-WSH-KNR-01,Area,Area Shutdown,Equipment Failure,INSULATION_DEGRADATION,Insulation test trending below reference; area operation stopped and mill output reduced.,Confirmed,4220.48,1928.33,262.64,Available buffers were used while the affected area recovered.,TRUE,KNOWN_UNTREATED_DEFECT,1,N0000860,2025-02-12,Electrical,WO0000521,CANCELLED,,R7,7,153,,,
LE000217,C3,2025-07-23T22:30:00,2025-07-24T02:00:00,3.50,Recovery & Utilities,Recovery Boiler,SYS-RU-RB-AIR,Combustion Air,PLT-RU-RB-AIR,FT-RB-AIR-01,System,Production Rate Reduction,Instrumentation / Control,SIGNAL_DRIFT,Indicated value drifts from independent reference; mill throughput reduced during stabilization.,Confirmed,4280.63,3895.48,56.17,Throughput was limited until operating conditions stabilized.,TRUE,NO_PRIOR_DETECTION,0,,,,,,,,,,,,
LE000218,C3,2025-07-26T11:00:00,2025-07-26T11:45:00,0.75,Recovery & Utilities,Utilities,SYS-RU-UTL-PWT,Process Water,PLT-RU-UTL-PWT,M-UTL-PWT-01,Area,Area Shutdown,Equipment Failure,INSULATION_DEGRADATION,Insulation test trending below reference; area operation stopped and mill output reduced.,Confirmed,4177.54,960.89,100.52,Available buffers were used while the affected area recovered.,TRUE,NO_PRIOR_DETECTION,0,,,,,,,,,,N0000174,2023-06-12,775
LE000219,C3,2025-07-26T23:15:00,2025-07-28T20:00:00,44.75,Recovery & Utilities,Causticizing,SYS-RU-CAU-WLC,White Liquor Clarification,PLT-RU-CAU-WLC,FV-CAU-WLC-01,Area,Area Shutdown,Equipment Failure,VALVE_STICTION,Valve travel sticks during small command changes; area operation stopped and mill output reduced.,Confirmed,4280.35,1528.57,5130.92,Available buffers were used while the affected area recovered.,TRUE,KNOWN_UNTREATED_DEFECT,1,N0000930,2025-03-31,Valves,,NO_ACTION_REQUIRED,Inspection only,R2,2,117,,,
LE000220,C3,2025-07-30T17:00:00,2025-07-30T19:15:00,2.25,Recovery & Utilities,Causticizing,SYS-RU-CAU-WLC,White Liquor Clarification,PLT-RU-CAU-WLC,,Area,Area Shutdown,Process Upset,FOULING,Deposits reduced effective process capacity; area operation stopped and mill output reduced.,Confirmed,4214.32,1795.75,226.74,Available buffers were used while the affected area recovered.,TRUE,SYSTEM_PROCESS_EVENT,0,,,,,,,,,,,,
LE000221,C3,2025-08-04T08:30:00,2025-08-04T11:00:00,2.50,Recovery & Utilities,Lime Kiln,SYS-RU-LIM-LMF,Lime Mud Feed,PLT-RU-LIM-LMF,FT-LIM-LMF-01,System,Production Rate Reduction,Instrumentation / Control,CALIBRATION_DEVIATION,Measured output outside calibration tolerance; mill throughput reduced during stabilization.,Confirmed,4328.00,2944.06,144.16,Throughput was limited until operating conditions stabilized.,TRUE,POST_MAINTENANCE_RECURRENCE,1,N0000874,2025-02-21,Instrumentation,WO0000529,WORK_COMPLETED,Calibration,R7,7,164,N0000874,2025-05-27,69
LE000222,C3,2025-08-06T13:30:00,2025-08-06T18:00:00,4.50,Fiber Line,Bleaching,SYS-FL-BLE-TWR,Bleaching Towers,PLT-FL-BLE-TWR,AG-BLE-TWR-01,Mill,Mill Shutdown,Equipment Failure,MECHANICAL_BINDING,Mechanism travel is uneven with elevated resistance; mill production stopped for recovery.,Probable,4291.53,41.59,796.86,Shift coordinated isolation and a staged mill restart.,TRUE,NO_PRIOR_DETECTION,0,,,,,,,,,,N0000475,2024-04-11,482
LE000223,C3,2025-08-08T04:45:00,2025-08-08T09:00:00,4.25,Fiber Line,Digester,SYS-FL-DIG-IMP,Impregnation,PLT-FL-DIG-IMP,M-DIG-IMP-01,System,Production Rate Reduction,Equipment Failure,OIL_CONTAMINATION,Oil sample shows elevated contamination; mill throughput reduced during stabilization.,Confirmed,4148.27,3499.67,114.86,Throughput was limited until operating conditions stabilized.,TRUE,POST_MAINTENANCE_RECURRENCE,1,N0000929,2025-03-30,Lubrication,WO0000560,WORK_COMPLETED,Lubrication,R2,2,131,N0000929,2025-04-11,119
LE000224,C3,2025-08-08T11:00:00,2025-08-08T14:45:00,3.75,Recovery & Utilities,Utilities,SYS-RU-UTL-BFW,Boiler Feedwater,PLT-RU-UTL-BFW,PT-UTL-BFW-01,Area,Area Shutdown,Instrumentation / Control,IMPULSE_LINE_RESTRICTION,Pressure response delayed during process change; area operation stopped and mill output reduced.,Confirmed,4190.86,1794.79,374.39,Available buffers were used while the affected area recovered.,TRUE,NO_PRIOR_DETECTION,0,,,,,,,,,,,,
LE000225,C3,2025-08-09T20:45:00,2025-08-10T04:15:00,7.50,Recovery & Utilities,Lime Kiln,SYS-RU-LIM-LMF,Lime Mud Feed,PLT-RU-LIM-LMF,,System,Production Rate Reduction,Process Upset,FOULING,Deposits reduced effective process capacity; mill throughput reduced during stabilization.,Under Investigation,4147.61,3485.48,206.92,Throughput was limited until operating conditions stabilized.,TRUE,SYSTEM_PROCESS_EVENT,0,,,,,,,,,,,,
LE000226,C3,2025-08-31T01:45:00,2025-08-31T06:00:00,4.25,Fiber Line,Digester,SYS-FL-DIG-IMP,Impregnation,PLT-FL-DIG-IMP,FT-DIG-IMP-01,Mill,Mill Shutdown,Instrumentation / Control,INTERMITTENT_SIGNAL,Intermittent signal dropout at stable process conditions; mill production stopped for recovery.,Confirmed,4194.72,32.17,737.12,Shift coordinated isolation and a staged mill restart.,TRUE,POST_MAINTENANCE_RECURRENCE,1,N0001089,2025-08-15,Instrumentation,WO0000666,WORK_COMPLETED,Instrument replacement,R3,3,16,N0001089,2025-08-18,13
LE000227,C3,2025-09-11T20:45:00,2025-09-11T23:15:00,2.50,Fiber Line,Digester,SYS-FL-DIG-DIS,Digester Discharge,PLT-FL-DIG-DIS,M-DIG-DIS-01,System,Production Rate Reduction,Equipment Failure,TERMINAL_HEATING,Localized heating at electrical connection; mill throughput reduced during stabilization.,Probable,4235.24,3807.88,44.52,Throughput was limited until operating conditions stabilized.,TRUE,POST_MAINTENANCE_RECURRENCE,1,N0000987,2025-05-06,Electrical,WO0000601,WORK_COMPLETED,Tightening,R5,5,128,N0000987,2025-06-09,94
LE000228,C3,2025-09-13T22:15:00,2025-09-14T02:00:00,3.75,Fiber Line,Digester,SYS-FL-DIG-IMP,Impregnation,PLT-FL-DIG-IMP,FV-DIG-IMP-01,System,Production Rate Reduction,Equipment Failure,ACTUATOR_LEAKAGE,Actuator supply pressure decays while held; mill throughput reduced during stabilization.,Probable,4246.51,3878.78,57.46,Throughput was limited until operating conditions stabilized.,TRUE,NO_PRIOR_DETECTION,0,,,,,,,,,,,,
LE000229,C3,2025-09-18T10:45:00,2025-09-18T14:00:00,3.25,Fiber Line,Washing & Screening,SYS-FL-WSH-BSW,Brownstock Washing,PLT-FL-WSH-BSW,P-WSH-BSW-01,Area,Area Shutdown,Equipment Failure,PUMP_BEARING_VIBRATION,Elevated vibration at pump bearing housing; area operation stopped and mill output reduced.,Probable,4021.42,1909.60,285.98,Available buffers were used while the affected area recovered.,TRUE,POST_MAINTENANCE_RECURRENCE,1,N0000988,2025-05-07,Mechanical,WO0000602,WORK_COMPLETED,Bearing replacement,R4,4,134,N0000988,2025-05-29,112
LE000230,C3,2025-09-20T03:45:00,2025-09-20T07:30:00,3.75,Fiber Line,Bleaching,SYS-FL-BLE-STW,Stage Washing,PLT-FL-BLE-STW,M-BLE-STW-01,System,Production Rate Reduction,Equipment Failure,MOTOR_BEARING_VIBRATION,Motor bearing vibration above baseline; mill throughput reduced during stabilization.,Probable,4251.44,3895.36,55.64,Throughput was limited until operating conditions stabilized.,TRUE,KNOWN_UNTREATED_DEFECT,1,N0001031,2025-06-11,Condition Monitoring,,NO_ACTION_REQUIRED,Inspection only,R7,7,101,,,
LE000231,C3,2025-10-03T10:45:00,2025-10-03T19:15:00,8.50,Recovery & Utilities,Lime Kiln,SYS-RU-LIM-IDF,Induced Draft,PLT-RU-LIM-IDF,M-LIM-IDF-01,System,Production Rate Reduction,Equipment Failure,MOTOR_OVERHEATING,Motor temperature rising at normal load; mill throughput reduced during stabilization.,Probable,4174.01,3045.48,399.69,Throughput was limited until operating conditions stabilized.,TRUE,NO_PRIOR_DETECTION,0,,,,,,,,,,,,
LE000232,C3,2025-10-05T07:30:00,2025-10-05T10:45:00,3.25,Recovery & Utilities,Evaporation,SYS-RU-EVA-CIR,Evaporator Circulation,PLT-RU-EVA-CIR,PV-EVA-CIR-01,System,Production Rate Reduction,Equipment Failure,EXTERNAL_LEAKAGE,Visible leakage at valve packing; mill throughput reduced during stabilization.,Probable,4161.62,3700.73,62.41,Throughput was limited until operating conditions stabilized.,TRUE,KNOWN_UNTREATED_DEFECT,1,N0000974,2025-04-28,Valves,,NO_ACTION_REQUIRED,Inspection only,R4,4,160,N0000176,2023-06-22,836
LE000233,C3,2025-10-08T01:45:00,2025-10-08T04:45:00,3.00,Recovery & Utilities,Causticizing,SYS-RU-CAU-LMH,Lime Mud Handling,PLT-RU-CAU-LMH,M-CAU-LMH-01,System,Production Rate Reduction,Equipment Failure,MOTOR_OVERHEATING,Motor temperature rising at normal load; mill throughput reduced during stabilization.,Probable,4137.77,3758.61,47.40,Throughput was limited until operating conditions stabilized.,TRUE,NO_PRIOR_DETECTION,0,,,,,,,,,,N0000453,2024-03-07,580
LE000234,C3,2025-10-17T06:30:00,2025-10-17T10:00:00,3.50,Recovery & Utilities,Lime Kiln,SYS-RU-LIM-BRN,Burner System,PLT-RU-LIM-BRN,,Area,Area Shutdown,Process Upset,PROCESS_INSTABILITY,Process oscillations required reduced mill throughput; area operation stopped and mill output reduced.,Under Investigation,4203.70,1727.27,361.15,Available buffers were used while the affected area recovered.,TRUE,SYSTEM_PROCESS_EVENT,0,,,,,,,,,,,,
LE000235,C3,2025-10-18T10:15:00,2025-10-18T13:30:00,3.25,Recovery & Utilities,Utilities,SYS-RU-UTL-BFW,Boiler Feedwater,PLT-RU-UTL-BFW,P-UTL-BFW-01,Mill,Mill Shutdown,Equipment Failure,CAVITATION,Crackling noise and unstable suction pressure; mill production stopped for recovery.,Probable,4271.30,20.51,575.63,Shift coordinated isolation and a staged mill restart.,TRUE,NO_PRIOR_DETECTION,0,,,,,,,,,,N0000027,2023-04-03,929
LE000236,C3,2025-10-22T08:15:00,2025-10-22T09:30:00,1.25,Recovery & Utilities,Utilities,SYS-RU-UTL-STM,Steam Distribution,PLT-RU-UTL-STM,TT-UTL-STM-01,Area,Area Shutdown,Instrumentation / Control,INTERMITTENT_SIGNAL,Intermittent signal dropout at stable process conditions; area operation stopped and mill output reduced.,Confirmed,4038.82,2158.40,97.94,Available buffers were used while the affected area recovered.,TRUE,NO_PRIOR_DETECTION,0,,,,,,,,,,N0000873,2025-03-14,222
LE000237,C3,2025-10-23T09:15:00,2025-10-23T18:45:00,9.50,Fiber Line,Bleaching,SYS-FL-BLE-TWR,Bleaching Towers,PLT-FL-BLE-TWR,AG-BLE-TWR-01,Area,Area Shutdown,Equipment Failure,BEARING_TEMPERATURE,Bearing temperature trending above baseline; area operation stopped and mill output reduced.,Probable,4198.46,1682.61,995.86,Available buffers were used while the affected area recovered.,TRUE,KNOWN_UNTREATED_DEFECT,1,N0001078,2025-08-05,Mechanical,,MONITOR_CONDITION,Inspection only,R7,7,79,N0000302,2023-10-18,736
LE000238,C3,2025-10-29T06:30:00,2025-10-29T09:30:00,3.00,Fiber Line,Washing & Screening,SYS-FL-WSH-SCR,Screening,PLT-FL-WSH-SCR,DPIT-WSH-SCR-01,System,Production Rate Reduction,Instrumentation / Control,INTERMITTENT_SIGNAL,Intermittent signal dropout at stable process conditions; mill throughput reduced during stabilization.,Confirmed,4191.25,2923.62,158.45,Throughput was limited until operating conditions stabilized.,TRUE,KNOWN_UNTREATED_DEFECT,1,N0001175,2025-10-26,Instrumentation,,,,R9,9,3,N0000960,2025-04-28,184
LE000239,C3,2025-11-02T05:00:00,2025-11-02T12:30:00,7.50,Fiber Line,Digester,SYS-FL-DIG-CHP,Chip Feeding,PLT-FL-DIG-CHP,CNV-DIG-CHP-01,Area,Area Shutdown,Equipment Failure,MECHANICAL_BINDING,Mechanism travel is uneven with elevated resistance; area operation stopped and mill output reduced.,Probable,4120.92,1911.44,690.46,Available buffers were used while the affected area recovered.,TRUE,NO_PRIOR_DETECTION,0,,,,,,,,,,N0000802,2025-05-03,183
LE000240,C3,2025-11-02T22:15:00,2025-11-03T19:30:00,21.25,Recovery & Utilities,Recovery Boiler,SYS-RU-RB-SMT,Smelt Handling,PLT-RU-RB-SMT,M-RB-SMT-01,System,Production Rate Reduction,Equipment Failure,INSULATION_DEGRADATION,Insulation test trending below reference; mill throughput reduced during stabilization.,Under Investigation,4240.54,3445.98,703.52,Throughput was limited until operating conditions stabilized.,TRUE,NO_PRIOR_DETECTION,0,,,,,,,,,,,,
