notification_id,work_order_id,functional_location,asset_id,notification_date,notification_priority,notification_source,detected_by_team,inspection_route_type,symptom,failure_mode,repeat_failure_code,responsible_discipline,reassigned_discipline,planner_group,notification_status,order_created_date,order_type,order_status,planned_start_date,planned_finish_date,actual_start_date,actual_end_date,replanning_count,closure_code,closure_text,action_type,action_text,defect_confirmed,labor_hours,maintenance_cost,linked_loss_event_id,island,area,system_id,system_name,asset_type,asset_criticality,converted_to_order,closed_without_order,confirmed_closed_without_order,unconfirmed_closed_without_order,recurrent_notification,days_since_previous_same_defect,notification_age_days,days_to_order,execution_lead_days,active_backlog,risk_class,risk_sort_order,defect_status,maintenance_response_state
N0000001,WO0000001,PLT-RU-CAU-GLH,FV-CAU-GLH-01,2023-01-01,3,Planned Inspection,Causticizing - Inspection,Planned Inspection,Actuator supply pressure decays while held.,ACTUATOR_LEAKAGE,ACTUATOR_LEAKAGE,Valves,Instrumentation,CAU-INSTRUMENTATION,Closed,2023-01-05,PM02,Completed,2023-01-19,2023-01-21,2023-01-19,2023-01-21,0,WORK_COMPLETED,Corrective scope executed and checked.,Seal replacement,Seal replacement performed; post-work functional check within tolerance.,TRUE,10.38,6044.22,,Recovery & Utilities,Causticizing,SYS-RU-CAU-GLH,Green Liquor Handling,Control Valve,B,TRUE,FALSE,FALSE,FALSE,FALSE,,1049,4,20,FALSE,R7,7,Defect,COMPLETED_CORRECTIVE_ACTION
N0000002,WO0000002,PLT-RU-EVA-CON,M-EVA-CON-01,2023-01-01,2,Operator Route,Evaporation - Operations,Sensory Route,Localized heating at electrical connection.,TERMINAL_HEATING,TERMINAL_HEATING,Electrical,,EVA-ELECTRICAL,Closed,2023-01-03,PM02,Completed,2023-02-22,2023-02-22,2023-02-22,2023-02-22,2,WORK_COMPLETED,Corrective scope executed and checked.,Tightening,Tightening performed; post-work functional check within tolerance.,TRUE,3.60,883.02,,Recovery & Utilities,Evaporation,SYS-RU-EVA-CON,Condensate System,Motor,B,TRUE,FALSE,FALSE,FALSE,FALSE,,1049,2,52,FALSE,R4,4,Defect almost failure,COMPLETED_CORRECTIVE_ACTION
N0000003,WO0000003,PLT-RU-CAU-SLK,SLK-CAU-SLK-01,2023-01-01,2,Operator Report,Causticizing - Operations,,Mechanism travel is uneven with elevated resistance.,MECHANICAL_BINDING,MECHANICAL_BINDING,Mechanical,Lubrication,CAU-LUBRICATION,Closed,2023-01-02,PM02,Completed,2023-01-20,2023-01-21,2023-01-20,2023-01-21,1,WORK_COMPLETED,Corrective scope executed and checked.,Adjustment,Adjustment performed; post-work functional check within tolerance.,TRUE,6.46,2311.01,,Recovery & Utilities,Causticizing,SYS-RU-CAU-SLK,Slaking,Slaker,A,TRUE,FALSE,FALSE,FALSE,FALSE,,1049,1,20,FALSE,R2,2,Defect almost failure,COMPLETED_CORRECTIVE_ACTION
N0000004,WO0000004,PLT-RU-EVA-CIR,PT-EVA-CIR-01,2023-01-03,2,Operator Report,Evaporation - Operations,,Indicated value drifts from independent reference.,SIGNAL_DRIFT,SIGNAL_DRIFT,Instrumentation,,EVA-INSTRUMENTATION,Closed,2023-01-06,PM02,Completed,2023-02-07,2023-02-08,2023-02-07,2023-02-08,2,NO_DEFECT_FOUND,Inspection could not confirm the reported abnormality.,Inspection only,Inspected and recorded readings; no component correction performed.,FALSE,1.47,253.91,,Recovery & Utilities,Evaporation,SYS-RU-EVA-CIR,Evaporator Circulation,Pressure Transmitter,C,TRUE,FALSE,FALSE,FALSE,FALSE,,1047,3,36,FALSE,R8,8,Defect almost failure,OTHER_CLOSED
N0000005,WO0000005,PLT-RU-UTL-CWT,PT-UTL-CWT-01,2023-01-03,3,Planned Inspection,Utilities - Inspection,Planned Inspection,Intermittent signal dropout at stable process conditions.,INTERMITTENT_SIGNAL,INTERMITTENT_SIGNAL,Automation,Instrumentation,UTL-INSTRUMENTATION,Closed,2023-01-05,PM02,Completed,2023-02-07,2023-02-09,2023-02-07,2023-02-09,0,WORK_COMPLETED,Corrective scope executed and checked.,Instrument replacement,Instrument replacement performed; post-work functional check within tolerance.,TRUE,4.26,3455.72,,Recovery & Utilities,Utilities,SYS-RU-UTL-CWT,Cooling Water,Pressure Transmitter,B,TRUE,FALSE,FALSE,FALSE,FALSE,,1047,2,37,FALSE,R7,7,Defect,COMPLETED_CORRECTIVE_ACTION
N0000006,WO0000006,PLT-RU-CAU-REA,LT-CAU-REA-01,2023-01-04,3,Planned Inspection,Causticizing - Inspection,Planned Inspection,Measured output outside calibration tolerance.,CALIBRATION_DEVIATION,CALIBRATION_DEVIATION,Instrumentation,Automation,CAU-AUTOMATION,Closed,2023-01-04,PM02,Completed,2023-01-29,2023-01-29,2023-01-29,2023-01-29,0,NO_DEFECT_FOUND,Inspection could not confirm the reported abnormality.,Inspection only,Inspected and recorded readings; no component correction performed.,FALSE,0.69,191.73,,Recovery & Utilities,Causticizing,SYS-RU-CAU-REA,Causticizing Reactors,Level Transmitter,B,TRUE,FALSE,FALSE,FALSE,FALSE,,1046,0,25,FALSE,R7,7,Defect,OTHER_CLOSED
N0000007,WO0000007,PLT-RU-EVA-CIR,P-EVA-CIR-01,2023-01-04,3,Condition Monitoring,Evaporation - Condition Monitoring,Predictive Route,Oil sample shows elevated contamination.,OIL_CONTAMINATION,OIL_CONTAMINATION,Lubrication,,EVA-LUBRICATION,Closed,2023-01-05,PM02,Completed,2023-03-02,2023-03-03,2023-03-02,2023-03-03,1,WORK_COMPLETED,Corrective scope executed and checked.,Lubrication,Lubrication performed; post-work functional check within tolerance.,TRUE,6.06,3101.12,,Recovery & Utilities,Evaporation,SYS-RU-EVA-CIR,Evaporator Circulation,Pump,B,TRUE,FALSE,FALSE,FALSE,FALSE,,1046,1,58,FALSE,R7,7,Defect,COMPLETED_CORRECTIVE_ACTION
N0000008,,PLT-RU-UTL-ELD,CB-UTL-ELD-01,2023-01-05,3,Maintenance Sensory Route,Utilities - Maintenance Route A,Sensory Route,Control sequence response differs from approved logic.,CONTROL_SEQUENCE_DEVIATION,CONTROL_SEQUENCE_DEVIATION,Electrical,,UTL-ELECTRICAL,Closed,,,,,,,,,MONITOR_CONDITION,Condition recorded; continue observation without corrective work.,Inspection only,Field inspection completed; no corrective maintenance performed.,TRUE,1.17,262.67,,Recovery & Utilities,Utilities,SYS-RU-UTL-ELD,Electrical Distribution,Circuit Breaker,A,FALSE,TRUE,TRUE,FALSE,FALSE,,1045,,,FALSE,R5,5,Defect,CLOSED_CONFIRMED_WITHOUT_ORDER
N0000009,,PLT-FL-DRY-PRS,HY-DRY-PRS-01,2023-01-05,3,Maintenance Sensory Route,Drying - Maintenance Route A,Sensory Route,Hydraulic pressure decays with no external leak.,HYD_INTERNAL_LEAKAGE,HYD_INTERNAL_LEAKAGE,Instrumentation,,DRY-INSTRUMENTATION,Closed,,,,,,,,,NO_ACTION_REQUIRED,Notification dispositioned without corrective scope.,Inspection only,Field inspection completed; no corrective maintenance performed.,TRUE,1.75,354.20,,Fiber Line,Drying,SYS-FL-DRY-PRS,Press Section,Hydraulic Actuator,A,FALSE,TRUE,TRUE,FALSE,FALSE,,1045,,,FALSE,R5,5,Defect,CLOSED_CONFIRMED_WITHOUT_ORDER
N0000010,WO0000008,PLT-FL-DIG-DIS,P-DIG-DIS-01,2023-01-05,3,Operator Route,Digester - Operations,Sensory Route,Delivered flow below expected operating range.,LOW_FLOW,LOW_FLOW,Mechanical,,DIG-MECHANICAL,Closed,2023-01-09,PM02,Completed,2023-04-08,2023-04-08,2023-04-08,2023-04-08,5,WORK_COMPLETED,Corrective scope executed and checked.,Cleaning,Cleaning performed; post-work functional check within tolerance.,TRUE,9.02,2660.52,,Fiber Line,Digester,SYS-FL-DIG-DIS,Digester Discharge,Pump,A,TRUE,FALSE,FALSE,FALSE,FALSE,,1045,4,93,FALSE,R5,5,Defect,COMPLETED_CORRECTIVE_ACTION
N0000011,,PLT-FL-DIG-CIR,PT-DIG-CIR-01,2023-01-05,2,Operator Report,Digester - Operations,,Intermittent signal dropout at stable process conditions.,INTERMITTENT_SIGNAL,INTERMITTENT_SIGNAL,Automation,,DIG-AUTOMATION,Closed,,,,,,,,,NO_ACTION_REQUIRED,Notification dispositioned without corrective scope.,Inspection only,Field inspection completed; no corrective maintenance performed.,TRUE,0.85,214.47,,Fiber Line,Digester,SYS-FL-DIG-CIR,Cooking Circulation,Pressure Transmitter,B,FALSE,TRUE,TRUE,FALSE,FALSE,,1045,,,FALSE,R4,4,Defect almost failure,CLOSED_CONFIRMED_WITHOUT_ORDER
N0000012,,PLT-FL-WSH-SCR,P-WSH-SCR-01,2023-01-06,3,Operator Report,Washing & Screening - Operations,,Crackling noise and unstable suction pressure.,CAVITATION,CAVITATION,Mechanical,,WSH-MECHANICAL,Closed,,,,,,,,,NO_ACTION_REQUIRED,Notification dispositioned without corrective scope.,Inspection only,Field inspection completed; no corrective maintenance performed.,TRUE,0.80,192.77,,Fiber Line,Washing & Screening,SYS-FL-WSH-SCR,Screening,Pump,B,FALSE,TRUE,TRUE,FALSE,FALSE,,1044,,,FALSE,R7,7,Defect,CLOSED_CONFIRMED_WITHOUT_ORDER
N0000013,WO0000009,PLT-RU-EVA-CON,M-EVA-CON-01,2023-01-07,2,Planned Inspection,Evaporation - Inspection,Planned Inspection,Insulation test trending below reference.,INSULATION_DEGRADATION,INSULATION_DEGRADATION,Electrical,,EVA-ELECTRICAL,Closed,2023-01-10,PM02,Completed,2023-01-26,2023-01-28,2023-01-26,2023-01-28,1,WORK_COMPLETED,Corrective scope executed and checked.,Component replacement,Component replacement performed; post-work functional check within tolerance.,TRUE,19.79,19061.30,,Recovery & Utilities,Evaporation,SYS-RU-EVA-CON,Condensate System,Motor,B,TRUE,FALSE,FALSE,FALSE,FALSE,,1043,3,21,FALSE,R4,4,Defect almost failure,COMPLETED_CORRECTIVE_ACTION
N0000014,WO0000010,PLT-RU-RB-STM,TT-RB-STM-01,2023-01-10,3,Operator Route,Recovery Boiler - Operations,Sensory Route,Intermittent signal dropout at stable process conditions.,INTERMITTENT_SIGNAL,INTERMITTENT_SIGNAL,Automation,,RB-AUTOMATION,Closed,2023-01-12,PM02,Completed,2023-04-04,2023-04-04,2023-04-04,2023-04-04,5,WORK_COMPLETED,Corrective scope executed and checked.,Instrument replacement,Instrument replacement performed; post-work functional check within tolerance.,TRUE,5.89,4782.76,,Recovery & Utilities,Recovery Boiler,SYS-RU-RB-STM,Steam / Pressure Control,Temperature Transmitter,B,TRUE,FALSE,FALSE,FALSE,FALSE,,1040,2,84,FALSE,R7,7,Defect,COMPLETED_CORRECTIVE_ACTION
N0000015,,PLT-FL-BLE-STW,FV-BLE-STW-01,2023-01-11,3,Process Alarm,Bleaching - Control Room,Process / Control Monitoring,Visible leakage at valve packing.,EXTERNAL_LEAKAGE,EXTERNAL_LEAKAGE,Instrumentation,,BLE-INSTRUMENTATION,Closed,,,,,,,,,NO_ACTION_REQUIRED,Notification dispositioned without corrective scope.,Inspection only,Field inspection completed; no corrective maintenance performed.,TRUE,1.63,329.27,,Fiber Line,Bleaching,SYS-FL-BLE-STW,Stage Washing,Control Valve,B,FALSE,TRUE,TRUE,FALSE,FALSE,,1039,,,FALSE,R7,7,Defect,CLOSED_CONFIRMED_WITHOUT_ORDER
N0000016,WO0000011,PLT-RU-UTL-CWT,P-UTL-CWT-01,2023-01-11,3,Maintenance Sensory Route,Utilities - Maintenance Route A,Sensory Route,Bearing temperature trending above baseline.,BEARING_TEMPERATURE,BEARING_TEMPERATURE,Mechanical,Lubrication,UTL-LUBRICATION,Closed,2023-01-15,PM02,Completed,2023-01-30,2023-01-31,2023-01-30,2023-01-31,0,WORK_COMPLETED,Corrective scope executed and checked.,Bearing replacement,Bearing replacement performed; post-work functional check within tolerance.,TRUE,9.91,7100.16,,Recovery & Utilities,Utilities,SYS-RU-UTL-CWT,Cooling Water,Pump,A,TRUE,FALSE,FALSE,FALSE,FALSE,,1039,4,20,FALSE,R5,5,Defect,COMPLETED_CORRECTIVE_ACTION
N0000017,,PLT-RU-UTL-AIR,CMP-UTL-AIR-01,2023-01-12,3,Operator Report,Utilities - Operations,,Bearing temperature trending above baseline.,BEARING_TEMPERATURE,BEARING_TEMPERATURE,Mechanical,,UTL-MECHANICAL,Closed,,,,,,,,,NO_ACTION_REQUIRED,Notification dispositioned without corrective scope.,Inspection only,Field inspection completed; no corrective maintenance performed.,FALSE,1.07,187.35,,Recovery & Utilities,Utilities,SYS-RU-UTL-AIR,Compressed Air,Compressor,A,FALSE,TRUE,FALSE,TRUE,FALSE,,1038,,,FALSE,R5,5,Defect,CLOSED_UNCONFIRMED_WITHOUT_ORDER
N0000018,,PLT-RU-CAU-GLH,FV-CAU-GLH-01,2023-01-13,3,Operator Report,Causticizing - Operations,,Valve feedback differs from demanded position.,POSITIONER_DEVIATION,POSITIONER_DEVIATION,Valves,,CAU-VALVES,Closed,,,,,,,,,NO_ACTION_REQUIRED,Notification dispositioned without corrective scope.,Inspection only,Field inspection completed; no corrective maintenance performed.,TRUE,1.97,336.81,,Recovery & Utilities,Causticizing,SYS-RU-CAU-GLH,Green Liquor Handling,Control Valve,B,FALSE,TRUE,TRUE,FALSE,FALSE,,1037,,,FALSE,R7,7,Defect,CLOSED_CONFIRMED_WITHOUT_ORDER
N0000019,WO0000012,PLT-RU-UTL-AIR,DRY-UTL-AIR-01,2023-01-14,3,Operator Route,Utilities - Operations,Sensory Route,Mechanism travel is uneven with elevated resistance.,MECHANICAL_BINDING,MECHANICAL_BINDING,Mechanical,,UTL-MECHANICAL,Closed,2023-01-14,PM02,Completed,2023-02-11,2023-02-13,2023-02-11,2023-02-13,1,MONITOR_CONDITION,Condition recorded; continue observation without corrective work.,Inspection only,Inspected and recorded readings; no component correction performed.,TRUE,1.74,335.73,,Recovery & Utilities,Utilities,SYS-RU-UTL-AIR,Compressed Air,Air Dryer,B,TRUE,FALSE,FALSE,FALSE,FALSE,,1036,0,30,FALSE,R7,7,Defect,MONITOR_CONDITION
N0000020,,PLT-RU-LIM-IDF,DV-LIM-IDF-01,2023-01-14,3,Operator Route,Lime Kiln - Operations,Sensory Route,Intermittent signal dropout at stable process conditions.,INTERMITTENT_SIGNAL,INTERMITTENT_SIGNAL,Automation,,LIM-AUTOMATION,Closed,,,,,,,,,MONITOR_CONDITION,Condition recorded; continue observation without corrective work.,Inspection only,Field inspection completed; no corrective maintenance performed.,TRUE,0.94,234.61,,Recovery & Utilities,Lime Kiln,SYS-RU-LIM-IDF,Induced Draft,Damper,B,FALSE,TRUE,TRUE,FALSE,FALSE,,1036,,,FALSE,R7,7,Defect,CLOSED_CONFIRMED_WITHOUT_ORDER
N0000021,,PLT-FL-DIG-IMP,P-DIG-IMP-01,2023-01-14,2,Maintenance Sensory Route,Digester - Maintenance Route A,Sensory Route,Leakage at shaft seal.,SEAL_LEAKAGE,SEAL_LEAKAGE,Mechanical,,DIG-MECHANICAL,Closed,,,,,,,,,NO_DEFECT_FOUND,Inspection could not confirm the reported abnormality.,Inspection only,Field inspection completed; no corrective maintenance performed.,FALSE,1.75,293.88,,Fiber Line,Digester,SYS-FL-DIG-IMP,Impregnation,Pump,A,FALSE,TRUE,FALSE,TRUE,FALSE,,1036,,,FALSE,R2,2,Defect almost failure,CLOSED_UNCONFIRMED_WITHOUT_ORDER
N0000022,,PLT-FL-DIG-CIR,TT-DIG-CIR-01,2023-01-14,3,Planned Inspection,Digester - Inspection,Planned Inspection,Indicated value drifts from independent reference.,SIGNAL_DRIFT,SIGNAL_DRIFT,Instrumentation,,DIG-INSTRUMENTATION,Closed,,,,,,,,,NO_ACTION_REQUIRED,Notification dispositioned without corrective scope.,Inspection only,Field inspection completed; no corrective maintenance performed.,TRUE,1.44,307.71,,Fiber Line,Digester,SYS-FL-DIG-CIR,Cooking Circulation,Temperature Transmitter,B,FALSE,TRUE,TRUE,FALSE,FALSE,,1036,,,FALSE,R7,7,Defect,CLOSED_CONFIRMED_WITHOUT_ORDER
N0000023,,PLT-FL-DRY-DRS,PV-DRY-DRS-01,2023-01-15,2,Process Alarm,Drying - Control Room,Process / Control Monitoring,Valve feedback differs from demanded position.,POSITIONER_DEVIATION,POSITIONER_DEVIATION,Valves,,DRY-VALVES,Closed,,,,,,,,,MONITOR_CONDITION,Condition recorded; continue observation without corrective work.,Inspection only,Field inspection completed; no corrective maintenance performed.,TRUE,0.83,189.26,,Fiber Line,Drying,SYS-FL-DRY-DRS,Dryer Section,Control Valve,A,FALSE,TRUE,TRUE,FALSE,FALSE,,1035,,,FALSE,R2,2,Defect almost failure,CLOSED_CONFIRMED_WITHOUT_ORDER
N0000024,WO0000013,PLT-RU-EVA-CIR,P-EVA-CIR-01,2023-01-16,3,Maintenance Sensory Route,Evaporation - Maintenance Route A,Sensory Route,Lubricant level below normal mark.,LOW_LUBE_LEVEL,LOW_LUBE_LEVEL,Lubrication,,EVA-LUBRICATION,Closed,2023-01-21,PM02,Completed,2023-03-02,2023-03-02,2023-03-02,2023-03-02,0,WORK_COMPLETED,Corrective scope executed and checked.,Lubrication,Lubrication performed; post-work functional check within tolerance.,TRUE,1.77,873.94,,Recovery & Utilities,Evaporation,SYS-RU-EVA-CIR,Evaporator Circulation,Pump,B,TRUE,FALSE,FALSE,FALSE,FALSE,,1034,5,45,FALSE,R7,7,Defect,COMPLETED_CORRECTIVE_ACTION
N0000025,,PLT-FL-DIG-CIR,FV-DIG-CIR-01,2023-01-18,3,Planned Inspection,Digester - Inspection,Planned Inspection,Valve travel sticks during small command changes.,VALVE_STICTION,VALVE_STICTION,Instrumentation,,DIG-INSTRUMENTATION,Closed,,,,,,,,,NO_DEFECT_FOUND,Inspection could not confirm the reported abnormality.,Inspection only,Field inspection completed; no corrective maintenance performed.,FALSE,1.64,310.07,,Fiber Line,Digester,SYS-FL-DIG-CIR,Cooking Circulation,Control Valve,A,FALSE,TRUE,FALSE,TRUE,FALSE,,1032,,,FALSE,R5,5,Defect,CLOSED_UNCONFIRMED_WITHOUT_ORDER
N0000026,,PLT-RU-UTL-BFW,FV-UTL-BFW-01,2023-01-18,3,Maintenance Sensory Route,Utilities - Maintenance Route A,Sensory Route,Valve feedback differs from demanded position.,POSITIONER_DEVIATION,POSITIONER_DEVIATION,Valves,,UTL-VALVES,Closed,,,,,,,,,NO_ACTION_REQUIRED,Notification dispositioned without corrective scope.,Inspection only,Field inspection completed; no corrective maintenance performed.,FALSE,0.85,204.59,,Recovery & Utilities,Utilities,SYS-RU-UTL-BFW,Boiler Feedwater,Control Valve,A,FALSE,TRUE,FALSE,TRUE,FALSE,,1032,,,FALSE,R5,5,Defect,CLOSED_UNCONFIRMED_WITHOUT_ORDER
N0000027,WO0000014,PLT-RU-UTL-BFW,P-UTL-BFW-01,2023-01-20,3,Planned Inspection,Utilities - Inspection,Planned Inspection,Crackling noise and unstable suction pressure.,CAVITATION,CAVITATION,Condition Monitoring,,UTL-CONDITION_MONITORING,Closed,2023-01-22,PM02,Completed,2023-04-01,2023-04-03,2023-04-01,2023-04-03,3,WORK_COMPLETED,Corrective scope executed and checked.,Cleaning,Cleaning performed; post-work functional check within tolerance.,TRUE,4.29,1137.86,,Recovery & Utilities,Utilities,SYS-RU-UTL-BFW,Boiler Feedwater,Pump,A,TRUE,FALSE,FALSE,FALSE,FALSE,,1030,2,73,FALSE,R5,5,Defect,COMPLETED_CORRECTIVE_ACTION
N0000028,WO0000015,PLT-RU-LIM-BRN,FV-LIM-BRN-01,2023-01-21,3,Planned Inspection,Lime Kiln - Inspection,Planned Inspection,Valve feedback differs from demanded position.,POSITIONER_DEVIATION,POSITIONER_DEVIATION,Instrumentation,,LIM-INSTRUMENTATION,Closed,2023-01-22,PM02,Completed,2023-03-17,2023-03-18,2023-03-17,2023-03-18,1,WORK_COMPLETED,Corrective scope executed and checked.,Calibration,Calibration performed; post-work functional check within tolerance.,TRUE,4.33,1387.13,,Recovery & Utilities,Lime Kiln,SYS-RU-LIM-BRN,Burner System,Control Valve,B,TRUE,FALSE,FALSE,FALSE,FALSE,,1029,1,56,FALSE,R7,7,Defect,COMPLETED_CORRECTIVE_ACTION
N0000029,,PLT-RU-UTL-BFW,FV-UTL-BFW-01,2023-01-21,3,Operator Report,Utilities - Operations,,Visible leakage at valve packing.,EXTERNAL_LEAKAGE,EXTERNAL_LEAKAGE,Valves,,UTL-VALVES,Closed,,,,,,,,,NO_ACTION_REQUIRED,Notification dispositioned without corrective scope.,Inspection only,Field inspection completed; no corrective maintenance performed.,FALSE,0.38,118.16,,Recovery & Utilities,Utilities,SYS-RU-UTL-BFW,Boiler Feedwater,Control Valve,A,FALSE,TRUE,FALSE,TRUE,FALSE,,1029,,,FALSE,R5,5,Defect,CLOSED_UNCONFIRMED_WITHOUT_ORDER
N0000030,WO0000016,PLT-RU-CAU-WLC,M-CAU-WLC-01,2023-01-22,2,Operator Route,Causticizing - Operations,Sensory Route,Localized heating at electrical connection.,TERMINAL_HEATING,TERMINAL_HEATING,Electrical,,CAU-ELECTRICAL,Closed,2023-01-22,PM02,Completed,2023-02-06,2023-02-07,2023-02-06,2023-02-07,0,WORK_COMPLETED,Corrective scope executed and checked.,Tightening,Tightening performed; post-work functional check within tolerance.,TRUE,4.65,1139.37,,Recovery & Utilities,Causticizing,SYS-RU-CAU-WLC,White Liquor Clarification,Motor,A,TRUE,FALSE,FALSE,FALSE,FALSE,,1028,0,16,FALSE,R2,2,Defect almost failure,COMPLETED_CORRECTIVE_ACTION
N0000031,,PLT-RU-RB-SMT,M-RB-SMT-01,2023-01-22,3,Planned Inspection,Recovery Boiler - Inspection,Planned Inspection,Insulation test trending below reference.,INSULATION_DEGRADATION,INSULATION_DEGRADATION,Electrical,,RB-ELECTRICAL,Closed,,,,,,,,,OPERATING_CONDITION,Observed response is within the current operating envelope.,Inspection only,Field inspection completed; no corrective maintenance performed.,FALSE,0.64,142.21,,Recovery & Utilities,Recovery Boiler,SYS-RU-RB-SMT,Smelt Handling,Motor,B,FALSE,TRUE,FALSE,TRUE,FALSE,,1028,,,FALSE,R7,7,Defect,CLOSED_UNCONFIRMED_WITHOUT_ORDER
N0000032,,PLT-FL-DIG-CHP,XV-DIG-CHP-01,2023-01-23,2,Maintenance Sensory Route,Digester - Maintenance Route A,Sensory Route,Visible leakage at valve packing.,EXTERNAL_LEAKAGE,EXTERNAL_LEAKAGE,Valves,,DIG-VALVES,Closed,,,,,,,,,NO_ACTION_REQUIRED,Notification dispositioned without corrective scope.,Inspection only,Field inspection completed; no corrective maintenance performed.,TRUE,0.69,175.28,,Fiber Line,Digester,SYS-FL-DIG-CHP,Chip Feeding,On/Off Valve,B,FALSE,TRUE,TRUE,FALSE,FALSE,,1027,,,FALSE,R4,4,Defect almost failure,CLOSED_CONFIRMED_WITHOUT_ORDER
N0000033,WO0000017,PLT-FL-DRY-LUB,PT-DRY-LUB-01,2023-01-24,3,Process Alarm,Drying - Control Room,Process / Control Monitoring,Control sequence response differs from approved logic.,CONTROL_SEQUENCE_DEVIATION,CONTROL_SEQUENCE_DEVIATION,Automation,,DRY-AUTOMATION,Closed,2023-01-28,PM02,Completed,2023-02-10,2023-02-11,2023-02-10,2023-02-11,0,MONITOR_CONDITION,Condition recorded; continue observation without corrective work.,Inspection only,Inspected and recorded readings; no component correction performed.,TRUE,1.59,296.76,,Fiber Line,Drying,SYS-FL-DRY-LUB,Lubrication System,Pressure Transmitter,B,TRUE,FALSE,FALSE,FALSE,FALSE,,1026,4,18,FALSE,R7,7,Defect,MONITOR_CONDITION
N0000034,,PLT-RU-CAU-SLK,SLK-CAU-SLK-01,2023-01-24,3,Operator Route,Causticizing - Operations,Sensory Route,Process differential pressure above normal operating range.,PROCESS_RESTRICTION,PROCESS_RESTRICTION,Mechanical,,CAU-MECHANICAL,Closed,,,,,,,,,NO_ACTION_REQUIRED,Notification dispositioned without corrective scope.,Inspection only,Field inspection completed; no corrective maintenance performed.,TRUE,0.65,161.28,,Recovery & Utilities,Causticizing,SYS-RU-CAU-SLK,Slaking,Slaker,A,FALSE,TRUE,TRUE,FALSE,FALSE,,1026,,,FALSE,R5,5,Defect,CLOSED_CONFIRMED_WITHOUT_ORDER
N0000035,WO0000018,PLT-RU-CAU-WLC,FT-CAU-WLC-01,2023-01-25,1,Planned Inspection,Causticizing - Inspection,Planned Inspection,Indicated value drifts from independent reference.,SIGNAL_DRIFT,SIGNAL_DRIFT,Instrumentation,,CAU-INSTRUMENTATION,Closed,2023-01-28,CM01,Completed,2023-01-28,2023-01-28,2023-01-28,2023-01-28,0,MONITOR_CONDITION,Condition recorded; continue observation without corrective work.,Inspection only,Inspected and recorded readings; no component correction performed.,TRUE,0.98,189.21,,Recovery & Utilities,Causticizing,SYS-RU-CAU-WLC,White Liquor Clarification,Flow Transmitter,B,TRUE,FALSE,FALSE,FALSE,FALSE,,1025,3,3,FALSE,R3,3,Fault,MONITOR_CONDITION
N0000036,,PLT-RU-RB-SBL,ZS-RB-SBL-01,2023-01-25,3,Planned Inspection,Recovery Boiler - Inspection,Planned Inspection,Intermittent signal dropout at stable process conditions.,INTERMITTENT_SIGNAL,INTERMITTENT_SIGNAL,Instrumentation,,RB-INSTRUMENTATION,Closed,,,,,,,,,NO_ACTION_REQUIRED,Notification dispositioned without corrective scope.,Inspection only,Field inspection completed; no corrective maintenance performed.,TRUE,1.96,336.48,,Recovery & Utilities,Recovery Boiler,SYS-RU-RB-SBL,Sootblowing,Position Switch,C,FALSE,TRUE,TRUE,FALSE,FALSE,,1025,,,FALSE,R9,9,Defect,CLOSED_CONFIRMED_WITHOUT_ORDER
N0000037,WO0000019,PLT-FL-WSH-FIL,M-WSH-FIL-01,2023-01-26,3,Maintenance Sensory Route,Washing & Screening - Maintenance Route A,Sensory Route,Motor bearing vibration above baseline.,MOTOR_BEARING_VIBRATION,MOTOR_BEARING_VIBRATION,Electrical,,WSH-ELECTRICAL,Closed,2023-01-27,PM02,Completed,2023-03-02,2023-03-04,2023-03-02,2023-03-04,1,WORK_COMPLETED,Corrective scope executed and checked.,Bearing replacement,Bearing replacement performed; post-work functional check within tolerance.,TRUE,10.00,6452.53,,Fiber Line,Washing & Screening,SYS-FL-WSH-FIL,Filtrate System,Motor,B,TRUE,FALSE,FALSE,FALSE,FALSE,,1024,1,37,FALSE,R7,7,Defect,COMPLETED_CORRECTIVE_ACTION
N0000038,WO0000020,PLT-RU-CAU-REA,AG-CAU-REA-01,2023-01-28,2,Condition Monitoring,Causticizing - Condition Monitoring,Predictive Route,Rotating assembly shows dominant once-per-revolution vibration.,IMBALANCE,IMBALANCE,Condition Monitoring,,CAU-CONDITION_MONITORING,Closed,2023-01-29,PM02,Completed,2023-03-22,2023-03-24,2023-03-22,2023-03-24,2,WORK_COMPLETED,Corrective scope executed and checked.,Adjustment,Adjustment performed; post-work functional check within tolerance.,TRUE,12.00,5940.55,,Recovery & Utilities,Causticizing,SYS-RU-CAU-REA,Causticizing Reactors,Agitator,B,TRUE,FALSE,FALSE,FALSE,FALSE,,1022,1,55,FALSE,R4,4,Defect almost failure,COMPLETED_CORRECTIVE_ACTION
N0000039,,PLT-FL-BLE-DOS,P-BLE-DOS-01,2023-01-29,3,Operator Report,Bleaching - Operations,,Delivered flow below expected operating range.,LOW_FLOW,LOW_FLOW,Mechanical,,BLE-MECHANICAL,Closed,,,,,,,,,OPERATING_CONDITION,Observed response is within the current operating envelope.,Inspection only,Field inspection completed; no corrective maintenance performed.,FALSE,0.36,107.79,,Fiber Line,Bleaching,SYS-FL-BLE-DOS,Chemical Dosing,Dosing Pump,B,FALSE,TRUE,FALSE,TRUE,FALSE,,1021,,,FALSE,R7,7,Defect,CLOSED_UNCONFIRMED_WITHOUT_ORDER
N0000040,WO0000021,PLT-FL-DRY-DRS,FAN-DRY-DRS-01,2023-01-31,3,Operator Route,Drying - Operations,Sensory Route,Bearing temperature trending above baseline.,BEARING_TEMPERATURE,BEARING_TEMPERATURE,Mechanical,Lubrication,DRY-LUBRICATION,Closed,2023-02-04,PM02,Completed,2023-03-22,2023-03-23,2023-03-22,2023-03-23,2,WORK_COMPLETED,Corrective scope executed and checked.,Bearing replacement,Bearing replacement performed; post-work functional check within tolerance.,TRUE,13.69,9807.06,,Fiber Line,Drying,SYS-FL-DRY-DRS,Dryer Section,Fan,A,TRUE,FALSE,FALSE,FALSE,FALSE,,1019,4,51,FALSE,R5,5,Defect,COMPLETED_CORRECTIVE_ACTION
N0000041,,PLT-RU-CAU-WLC,FV-CAU-WLC-01,2023-01-31,3,Operator Report,Causticizing - Operations,,Valve travel sticks during small command changes.,VALVE_STICTION,VALVE_STICTION,Valves,,CAU-VALVES,Closed,,,,,,,,,MONITOR_CONDITION,Condition recorded; continue observation without corrective work.,Inspection only,Field inspection completed; no corrective maintenance performed.,TRUE,1.05,241.78,,Recovery & Utilities,Causticizing,SYS-RU-CAU-WLC,White Liquor Clarification,Control Valve,A,FALSE,TRUE,TRUE,FALSE,FALSE,,1019,,,FALSE,R5,5,Defect,CLOSED_CONFIRMED_WITHOUT_ORDER
N0000042,WO0000022,PLT-FL-DRY-HYD,HPU-DRY-HYD-01,2023-01-31,3,Operator Report,Drying - Operations,,Hydraulic header pressure oscillates under steady demand.,HYD_PRESS_INSTABILITY,HYD_PRESS_INSTABILITY,Hydraulics,,DRY-HYDRAULICS,Closed,2023-02-02,PM02,Completed,2023-04-04,2023-04-05,2023-04-04,2023-04-05,2,MONITOR_CONDITION,Condition recorded; continue observation without corrective work.,Inspection only,Inspected and recorded readings; no component correction performed.,TRUE,0.43,128.58,,Fiber Line,Drying,SYS-FL-DRY-HYD,Hydraulic System,Hydraulic Power Unit,A,TRUE,FALSE,FALSE,FALSE,FALSE,,1019,2,64,FALSE,R5,5,Defect,MONITOR_CONDITION
N0000043,WO0000023,PLT-RU-RB-SMT,M-RB-SMT-01,2023-01-31,3,Operator Route,Recovery Boiler - Operations,Sensory Route,Motor bearing vibration above baseline.,MOTOR_BEARING_VIBRATION,MOTOR_BEARING_VIBRATION,Electrical,,RB-ELECTRICAL,Closed,2023-02-05,PM02,Completed,2023-03-17,2023-03-19,2023-03-17,2023-03-19,2,WORK_COMPLETED,Corrective scope executed and checked.,Bearing replacement,Bearing replacement performed; post-work functional check within tolerance.,TRUE,14.33,9243.75,,Recovery & Utilities,Recovery Boiler,SYS-RU-RB-SMT,Smelt Handling,Motor,B,TRUE,FALSE,FALSE,FALSE,FALSE,,1019,5,47,FALSE,R7,7,Defect,COMPLETED_CORRECTIVE_ACTION
N0000044,WO0000024,PLT-FL-DIG-CIR,P-DIG-CIR-01,2023-01-31,3,Operator Report,Digester - Operations,,Elevated vibration at pump bearing housing.,PUMP_BEARING_VIBRATION,PUMP_BEARING_VIBRATION,Mechanical,,DIG-MECHANICAL,Closed,2023-02-01,PM02,Completed,2023-04-05,2023-04-05,2023-04-05,2023-04-05,2,MONITOR_CONDITION,Condition recorded; continue observation without corrective work.,Inspection only,Inspected and recorded readings; no component correction performed.,TRUE,1.00,208.72,,Fiber Line,Digester,SYS-FL-DIG-CIR,Cooking Circulation,Pump,A,TRUE,FALSE,FALSE,FALSE,FALSE,,1019,1,64,FALSE,R5,5,Defect,MONITOR_CONDITION
N0000045,,PLT-FL-DRY-LUB,LU-DRY-LUB-01,2023-02-02,2,Maintenance Sensory Route,Drying - Maintenance Route A,Sensory Route,Lubricant level below normal mark.,LOW_LUBE_LEVEL,LOW_LUBE_LEVEL,Lubrication,,DRY-LUBRICATION,Closed,,,,,,,,,NO_DEFECT_FOUND,Inspection could not confirm the reported abnormality.,Inspection only,Field inspection completed; no corrective maintenance performed.,FALSE,1.82,323.10,,Fiber Line,Drying,SYS-FL-DRY-LUB,Lubrication System,Lubrication Unit,A,FALSE,TRUE,FALSE,TRUE,FALSE,,1017,,,FALSE,R2,2,Defect almost failure,CLOSED_UNCONFIRMED_WITHOUT_ORDER
N0000046,,PLT-RU-RB-AIR,M-RB-AIR-01,2023-02-05,3,Maintenance Sensory Route,Recovery Boiler - Maintenance Route A,Sensory Route,Motor temperature rising at normal load.,MOTOR_OVERHEATING,MOTOR_OVERHEATING,Electrical,,RB-ELECTRICAL,Closed,,,,,,,,,NO_DEFECT_FOUND,Inspection could not confirm the reported abnormality.,Inspection only,Field inspection completed; no corrective maintenance performed.,FALSE,0.95,214.64,,Recovery & Utilities,Recovery Boiler,SYS-RU-RB-AIR,Combustion Air,Motor,A,FALSE,TRUE,FALSE,TRUE,FALSE,,1014,,,FALSE,R5,5,Defect,CLOSED_UNCONFIRMED_WITHOUT_ORDER
N0000047,,PLT-RU-LIM-DRV,DRV-LIM-DRV-01,2023-02-06,2,Maintenance Sensory Route,Lime Kiln - Maintenance Route A,Sensory Route,Bearing temperature trending above baseline.,BEARING_TEMPERATURE,BEARING_TEMPERATURE,Mechanical,,LIM-MECHANICAL,Closed,,,,,,,,,OPERATING_CONDITION,Observed response is within the current operating envelope.,Inspection only,Field inspection completed; no corrective maintenance performed.,FALSE,1.02,193.64,,Recovery & Utilities,Lime Kiln,SYS-RU-LIM-DRV,Kiln Drive,Drive,A,FALSE,TRUE,FALSE,TRUE,FALSE,,1013,,,FALSE,R2,2,Defect almost failure,CLOSED_UNCONFIRMED_WITHOUT_ORDER
N0000048,WO0000025,PLT-RU-CAU-WLC,P-CAU-WLC-01,2023-02-06,3,Operator Report,Causticizing - Operations,,Elevated vibration at pump bearing housing.,PUMP_BEARING_VIBRATION,PUMP_BEARING_VIBRATION,Mechanical,,CAU-MECHANICAL,Closed,2023-02-09,PM02,Completed,2023-03-30,2023-03-30,2023-03-30,2023-03-30,2,WORK_COMPLETED,Corrective scope executed and checked.,Bearing replacement,Bearing replacement performed; post-work functional check within tolerance.,TRUE,21.69,15346.73,,Recovery & Utilities,Causticizing,SYS-RU-CAU-WLC,White Liquor Clarification,Pump,A,TRUE,FALSE,FALSE,FALSE,FALSE,,1013,3,52,FALSE,R5,5,Defect,COMPLETED_CORRECTIVE_ACTION
N0000049,,PLT-RU-EVA-CIR,P-EVA-CIR-01,2023-02-06,2,Planned Inspection,Evaporation - Inspection,Planned Inspection,Bearing temperature trending above baseline.,BEARING_TEMPERATURE,BEARING_TEMPERATURE,Mechanical,,EVA-MECHANICAL,Closed,,,,,,,,,MONITOR_CONDITION,Condition recorded; continue observation without corrective work.,Inspection only,Field inspection completed; no corrective maintenance performed.,TRUE,0.77,142.64,,Recovery & Utilities,Evaporation,SYS-RU-EVA-CIR,Evaporator Circulation,Pump,B,FALSE,TRUE,TRUE,FALSE,FALSE,,1013,,,FALSE,R4,4,Defect almost failure,CLOSED_CONFIRMED_WITHOUT_ORDER
N0000050,WO0000026,PLT-RU-EVA-VAC,VAC-EVA-VAC-01,2023-02-07,3,Maintenance Sensory Route,Evaporation - Maintenance Route A,Sensory Route,Mechanism travel is uneven with elevated resistance.,MECHANICAL_BINDING,MECHANICAL_BINDING,Mechanical,,EVA-MECHANICAL,Closed,2023-02-09,PM02,Completed,2023-04-28,2023-04-30,2023-04-28,2023-04-30,3,WORK_COMPLETED,Corrective scope executed and checked.,Adjustment,Adjustment performed; post-work functional check within tolerance.,TRUE,7.13,2548.14,,Recovery & Utilities,Evaporation,SYS-RU-EVA-VAC,Vacuum System,Vacuum System,B,TRUE,FALSE,FALSE,FALSE,FALSE,,1012,2,82,FALSE,R7,7,Defect,COMPLETED_CORRECTIVE_ACTION
N0000051,WO0000027,PLT-RU-CAU-WLC,FT-CAU-WLC-01,2023-02-08,3,Operator Report,Causticizing - Operations,,Intermittent signal dropout at stable process conditions.,INTERMITTENT_SIGNAL,INTERMITTENT_SIGNAL,Instrumentation,Automation,CAU-AUTOMATION,Closed,2023-02-12,PM02,Completed,2023-03-26,2023-03-26,2023-03-26,2023-03-26,2,WORK_COMPLETED,Corrective scope executed and checked.,Instrument replacement,Instrument replacement performed; post-work functional check within tolerance.,TRUE,8.16,6623.37,,Recovery & Utilities,Causticizing,SYS-RU-CAU-WLC,White Liquor Clarification,Flow Transmitter,B,TRUE,FALSE,FALSE,FALSE,FALSE,,1011,4,46,FALSE,R7,7,Defect,COMPLETED_CORRECTIVE_ACTION
N0000052,WO0000028,PLT-RU-EVA-BLF,M-EVA-BLF-01,2023-02-08,3,Process Alarm,Evaporation - Control Room,Process / Control Monitoring,Localized heating at electrical connection.,TERMINAL_HEATING,TERMINAL_HEATING,Electrical,,EVA-ELECTRICAL,Closed,2023-02-09,PM02,Completed,2023-03-11,2023-03-12,2023-03-11,2023-03-12,0,WORK_COMPLETED,Corrective scope executed and checked.,Tightening,Tightening performed; post-work functional check within tolerance.,TRUE,5.02,1230.22,,Recovery & Utilities,Evaporation,SYS-RU-EVA-BLF,Black Liquor Feed,Motor,B,TRUE,FALSE,FALSE,FALSE,FALSE,,1011,1,32,FALSE,R7,7,Defect,COMPLETED_CORRECTIVE_ACTION
N0000053,WO0000029,PLT-RU-LIM-BRN,BRN-LIM-BRN-01,2023-02-10,1,Maintenance Sensory Route,Lime Kiln - Maintenance Route A,Sensory Route,Mechanism travel is uneven with elevated resistance.,MECHANICAL_BINDING,MECHANICAL_BINDING,Mechanical,,LIM-MECHANICAL,Closed,2023-02-15,CM01,Completed,2023-03-01,2023-03-03,2023-03-01,2023-03-03,1,WORK_COMPLETED,Corrective scope executed and checked.,Adjustment,Adjustment performed; post-work functional check within tolerance.,TRUE,10.87,3886.30,,Recovery & Utilities,Lime Kiln,SYS-RU-LIM-BRN,Burner System,Burner,B,TRUE,FALSE,FALSE,FALSE,FALSE,,1009,5,21,FALSE,R3,3,Fault,COMPLETED_CORRECTIVE_ACTION
N0000054,,PLT-FL-DIG-IMP,M-DIG-IMP-01,2023-02-10,3,Condition Monitoring,Digester - Condition Monitoring,Predictive Route,Motor temperature rising at normal load.,MOTOR_OVERHEATING,MOTOR_OVERHEATING,Condition Monitoring,,DIG-CONDITION_MONITORING,Closed,,,,,,,,,MONITOR_CONDITION,Condition recorded; continue observation without corrective work.,Inspection only,Field inspection completed; no corrective maintenance performed.,TRUE,1.31,243.17,,Fiber Line,Digester,SYS-FL-DIG-IMP,Impregnation,Motor,A,FALSE,TRUE,TRUE,FALSE,FALSE,,1009,,,FALSE,R5,5,Defect,CLOSED_CONFIRMED_WITHOUT_ORDER
N0000055,,PLT-FL-DRY-FOR,M-DRY-FOR-01,2023-02-10,3,Operator Route,Drying - Operations,Sensory Route,Insulation test trending below reference.,INSULATION_DEGRADATION,INSULATION_DEGRADATION,Condition Monitoring,,DRY-CONDITION_MONITORING,Closed,,,,,,,,,MONITOR_CONDITION,Condition recorded; continue observation without corrective work.,Inspection only,Field inspection completed; no corrective maintenance performed.,TRUE,0.73,161.26,,Fiber Line,Drying,SYS-FL-DRY-FOR,Forming Section,Motor,A,FALSE,TRUE,TRUE,FALSE,FALSE,,1009,,,FALSE,R5,5,Defect,CLOSED_CONFIRMED_WITHOUT_ORDER
N0000056,WO0000030,PLT-FL-DRY-SHT,M-DRY-SHT-01,2023-02-10,3,Maintenance Sensory Route,Drying - Maintenance Route A,Sensory Route,Localized heating at electrical connection.,TERMINAL_HEATING,TERMINAL_HEATING,Electrical,,DRY-ELECTRICAL,Closed,2023-02-11,PM02,Completed,2023-03-31,2023-04-02,2023-03-31,2023-04-02,1,WORK_COMPLETED,Corrective scope executed and checked.,Tightening,Tightening performed; post-work functional check within tolerance.,TRUE,2.97,726.58,,Fiber Line,Drying,SYS-FL-DRY-SHT,Sheet Handling / Cutter,Motor,B,TRUE,FALSE,FALSE,FALSE,FALSE,,1009,1,51,FALSE,R7,7,Defect,COMPLETED_CORRECTIVE_ACTION
N0000057,WO0000031,PLT-RU-RB-BLF,P-RB-BLF-01,2023-02-10,1,Operator Report,Recovery Boiler - Operations,,Delivered flow below expected operating range.,LOW_FLOW,LOW_FLOW,Condition Monitoring,,RB-CONDITION_MONITORING,Closed,2023-02-13,CM01,Completed,2023-02-15,2023-02-17,2023-02-15,2023-02-17,0,WORK_COMPLETED,Corrective scope executed and checked.,Cleaning,Cleaning performed; post-work functional check within tolerance.,TRUE,5.47,1613.95,,Recovery & Utilities,Recovery Boiler,SYS-RU-RB-BLF,Black Liquor Firing,Pump,A,TRUE,FALSE,FALSE,FALSE,FALSE,,1009,3,7,FALSE,R1,1,Fault,COMPLETED_CORRECTIVE_ACTION
N0000058,WO0000032,PLT-FL-BLE-STW,P-BLE-STW-01,2023-02-12,1,Maintenance Sensory Route,Bleaching - Maintenance Route A,Sensory Route,Elevated vibration at pump bearing housing.,PUMP_BEARING_VIBRATION,PUMP_BEARING_VIBRATION,Mechanical,,BLE-MECHANICAL,Closed,2023-02-16,CM01,Completed,2023-02-18,2023-02-19,2023-02-18,2023-02-19,0,WORK_COMPLETED,Corrective scope executed and checked.,Bearing replacement,Bearing replacement performed; post-work functional check within tolerance.,TRUE,15.73,11129.31,,Fiber Line,Bleaching,SYS-FL-BLE-STW,Stage Washing,Pump,B,TRUE,FALSE,FALSE,FALSE,FALSE,,1007,4,7,FALSE,R3,3,Fault,COMPLETED_CORRECTIVE_ACTION
N0000059,,PLT-RU-UTL-STM,TT-UTL-STM-01,2023-02-14,2,Operator Report,Utilities - Operations,,Control sequence response differs from approved logic.,CONTROL_SEQUENCE_DEVIATION,CONTROL_SEQUENCE_DEVIATION,Automation,,UTL-AUTOMATION,Closed,,,,,,,,,MONITOR_CONDITION,Condition recorded; continue observation without corrective work.,Inspection only,Field inspection completed; no corrective maintenance performed.,TRUE,0.34,138.99,,Recovery & Utilities,Utilities,SYS-RU-UTL-STM,Steam Distribution,Temperature Transmitter,B,FALSE,TRUE,TRUE,FALSE,FALSE,,1005,,,FALSE,R4,4,Defect almost failure,CLOSED_CONFIRMED_WITHOUT_ORDER
N0000060,,PLT-FL-BLE-CHM,AG-BLE-CHM-01,2023-02-15,3,Operator Report,Bleaching - Operations,,Bearing temperature trending above baseline.,BEARING_TEMPERATURE,BEARING_TEMPERATURE,Mechanical,,BLE-MECHANICAL,Closed,,,,,,,,,NO_ACTION_REQUIRED,Notification dispositioned without corrective scope.,Inspection only,Field inspection completed; no corrective maintenance performed.,TRUE,1.94,336.74,,Fiber Line,Bleaching,SYS-FL-BLE-CHM,Chemical Mixing,Agitator,B,FALSE,TRUE,TRUE,FALSE,FALSE,,1004,,,FALSE,R7,7,Defect,CLOSED_CONFIRMED_WITHOUT_ORDER
N0000061,,PLT-FL-BLE-STW,M-BLE-STW-01,2023-02-15,3,Operator Route,Bleaching - Operations,Sensory Route,Insulation test trending below reference.,INSULATION_DEGRADATION,INSULATION_DEGRADATION,Electrical,,BLE-ELECTRICAL,Closed,,,,,,,,,NO_DEFECT_FOUND,Inspection could not confirm the reported abnormality.,Inspection only,Field inspection completed; no corrective maintenance performed.,FALSE,1.88,366.66,,Fiber Line,Bleaching,SYS-FL-BLE-STW,Stage Washing,Motor,B,FALSE,TRUE,FALSE,TRUE,FALSE,,1004,,,FALSE,R7,7,Defect,CLOSED_UNCONFIRMED_WITHOUT_ORDER
N0000062,WO0000033,PLT-RU-UTL-AIR,CMP-UTL-AIR-01,2023-02-17,3,Condition Monitoring,Utilities - Condition Monitoring,Predictive Route,Mechanism travel is uneven with elevated resistance.,MECHANICAL_BINDING,MECHANICAL_BINDING,Mechanical,,UTL-MECHANICAL,Closed,2023-02-19,PM02,Completed,2023-03-24,2023-03-25,2023-03-24,2023-03-25,0,WORK_COMPLETED,Corrective scope executed and checked.,Adjustment,Adjustment performed; post-work functional check within tolerance.,TRUE,11.16,3989.03,,Recovery & Utilities,Utilities,SYS-RU-UTL-AIR,Compressed Air,Compressor,A,TRUE,FALSE,FALSE,FALSE,FALSE,,1002,2,36,FALSE,R5,5,Defect,COMPLETED_CORRECTIVE_ACTION
N0000063,WO0000034,PLT-FL-BLE-CHM,FT-BLE-CHM-01,2023-02-17,1,Operator Route,Bleaching - Operations,Sensory Route,Measured output outside calibration tolerance.,CALIBRATION_DEVIATION,CALIBRATION_DEVIATION,Instrumentation,,BLE-INSTRUMENTATION,Closed,2023-02-22,CM01,Completed,2023-03-14,2023-03-14,2023-03-14,2023-03-14,1,WORK_COMPLETED,Corrective scope executed and checked.,Calibration,Calibration performed; post-work functional check within tolerance.,TRUE,5.22,1538.80,,Fiber Line,Bleaching,SYS-FL-BLE-CHM,Chemical Mixing,Flow Transmitter,B,TRUE,FALSE,FALSE,FALSE,FALSE,,1002,5,25,FALSE,R3,3,Fault,COMPLETED_CORRECTIVE_ACTION
N0000064,,PLT-FL-WSH-BSW,P-WSH-BSW-01,2023-02-19,3,Maintenance Sensory Route,Washing & Screening - Maintenance Route A,Sensory Route,Crackling noise and unstable suction pressure.,CAVITATION,CAVITATION,Mechanical,,WSH-MECHANICAL,Closed,,,,,,,,,OPERATING_CONDITION,Observed response is within the current operating envelope.,Inspection only,Field inspection completed; no corrective maintenance performed.,FALSE,0.56,121.62,,Fiber Line,Washing & Screening,SYS-FL-WSH-BSW,Brownstock Washing,Pump,B,FALSE,TRUE,FALSE,TRUE,FALSE,,1000,,,FALSE,R7,7,Defect,CLOSED_UNCONFIRMED_WITHOUT_ORDER
N0000065,WO0000035,PLT-FL-DIG-DIS,P-DIG-DIS-01,2023-02-21,3,Condition Monitoring,Digester - Condition Monitoring,Predictive Route,Bearing temperature trending above baseline.,BEARING_TEMPERATURE,BEARING_TEMPERATURE,Condition Monitoring,,DIG-CONDITION_MONITORING,Closed,2023-02-26,PM02,Completed,2023-03-22,2023-03-24,2023-03-22,2023-03-24,0,MONITOR_CONDITION,Condition recorded; continue observation without corrective work.,Inspection only,Inspected and recorded readings; no component correction performed.,TRUE,1.70,339.59,,Fiber Line,Digester,SYS-FL-DIG-DIS,Digester Discharge,Pump,A,TRUE,FALSE,FALSE,FALSE,FALSE,,998,5,31,FALSE,R5,5,Defect,MONITOR_CONDITION
N0000066,,PLT-FL-WSH-BSW,DRV-WSH-BSW-01,2023-02-22,3,Maintenance Sensory Route,Washing & Screening - Maintenance Route A,Sensory Route,Bearing temperature trending above baseline.,BEARING_TEMPERATURE,BEARING_TEMPERATURE,Mechanical,Lubrication,WSH-LUBRICATION,Closed,,,,,,,,,NO_DEFECT_FOUND,Inspection could not confirm the reported abnormality.,Inspection only,Field inspection completed; no corrective maintenance performed.,FALSE,0.41,127.37,,Fiber Line,Washing & Screening,SYS-FL-WSH-BSW,Brownstock Washing,Drive,B,FALSE,TRUE,FALSE,TRUE,FALSE,,997,,,FALSE,R7,7,Defect,CLOSED_UNCONFIRMED_WITHOUT_ORDER
N0000067,WO0000036,PLT-FL-BLE-CHM,AG-BLE-CHM-01,2023-02-25,3,Operator Route,Bleaching - Operations,Sensory Route,Mechanism travel is uneven with elevated resistance.,MECHANICAL_BINDING,MECHANICAL_BINDING,Mechanical,,BLE-MECHANICAL,Closed,2023-03-02,PM02,Completed,2023-05-15,2023-05-16,2023-05-15,2023-05-16,2,WORK_COMPLETED,Corrective scope executed and checked.,Adjustment,Adjustment performed; post-work functional check within tolerance.,TRUE,6.12,2186.27,,Fiber Line,Bleaching,SYS-FL-BLE-CHM,Chemical Mixing,Agitator,B,TRUE,FALSE,FALSE,FALSE,FALSE,,994,5,80,FALSE,R7,7,Defect,COMPLETED_CORRECTIVE_ACTION
N0000068,,PLT-FL-WSH-SCR,SCR-WSH-SCR-01,2023-02-26,3,Maintenance Sensory Route,Washing & Screening - Maintenance Route A,Sensory Route,Mechanism travel is uneven with elevated resistance.,MECHANICAL_BINDING,MECHANICAL_BINDING,Mechanical,,WSH-MECHANICAL,Closed,,,,,,,,,OPERATING_CONDITION,Observed response is within the current operating envelope.,Inspection only,Field inspection completed; no corrective maintenance performed.,FALSE,0.32,99.82,,Fiber Line,Washing & Screening,SYS-FL-WSH-SCR,Screening,Screen,B,FALSE,TRUE,FALSE,TRUE,FALSE,,993,,,FALSE,R7,7,Defect,CLOSED_UNCONFIRMED_WITHOUT_ORDER
N0000069,WO0000037,PLT-RU-UTL-BFW,M-UTL-BFW-01,2023-02-27,2,Operator Route,Utilities - Operations,Sensory Route,Insulation test trending below reference.,INSULATION_DEGRADATION,INSULATION_DEGRADATION,Electrical,,UTL-ELECTRICAL,Closed,2023-03-01,PM02,Completed,2023-03-08,2023-03-09,2023-03-08,2023-03-09,0,WORK_COMPLETED,Corrective scope executed and checked.,Component replacement,Component replacement performed; post-work functional check within tolerance.,TRUE,32.56,31364.88,,Recovery & Utilities,Utilities,SYS-RU-UTL-BFW,Boiler Feedwater,Motor,A,TRUE,FALSE,FALSE,FALSE,FALSE,,992,2,10,FALSE,R2,2,Defect almost failure,COMPLETED_CORRECTIVE_ACTION
N0000070,,PLT-FL-WSH-BSW,M-WSH-BSW-01,2023-02-27,3,Maintenance Sensory Route,Washing & Screening - Maintenance Route A,Sensory Route,Motor bearing vibration above baseline.,MOTOR_BEARING_VIBRATION,MOTOR_BEARING_VIBRATION,Electrical,,WSH-ELECTRICAL,Closed,,,,,,,,,OPERATING_CONDITION,Observed response is within the current operating envelope.,Inspection only,Field inspection completed; no corrective maintenance performed.,FALSE,1.67,288.38,,Fiber Line,Washing & Screening,SYS-FL-WSH-BSW,Brownstock Washing,Motor,B,FALSE,TRUE,FALSE,TRUE,FALSE,,992,,,FALSE,R7,7,Defect,CLOSED_UNCONFIRMED_WITHOUT_ORDER
N0000071,WO0000038,PLT-FL-DRY-FOR,P-DRY-FOR-01,2023-02-27,3,Condition Monitoring,Drying - Condition Monitoring,Predictive Route,Leakage at shaft seal.,SEAL_LEAKAGE,SEAL_LEAKAGE,Mechanical,,DRY-MECHANICAL,Closed,2023-02-28,PM02,Completed,2023-04-03,2023-04-03,2023-04-03,2023-04-03,2,WORK_COMPLETED,Corrective scope executed and checked.,Seal replacement,Seal replacement performed; post-work functional check within tolerance.,TRUE,13.61,10137.22,,Fiber Line,Drying,SYS-FL-DRY-FOR,Forming Section,Pump,B,TRUE,FALSE,FALSE,FALSE,FALSE,,992,1,35,FALSE,R7,7,Defect,COMPLETED_CORRECTIVE_ACTION
N0000072,WO0000039,PLT-RU-LIM-LMF,M-LIM-LMF-01,2023-02-28,2,Operator Route,Lime Kiln - Operations,Sensory Route,Localized heating at electrical connection.,TERMINAL_HEATING,TERMINAL_HEATING,Condition Monitoring,,LIM-CONDITION_MONITORING,Closed,2023-03-05,PM02,Completed,2023-03-25,2023-03-26,2023-03-25,2023-03-26,1,MONITOR_CONDITION,Condition recorded; continue observation without corrective work.,Inspection only,Inspected and recorded readings; no component correction performed.,TRUE,0.69,155.52,,Recovery & Utilities,Lime Kiln,SYS-RU-LIM-LMF,Lime Mud Feed,Motor,B,TRUE,FALSE,FALSE,FALSE,FALSE,,991,5,26,FALSE,R4,4,Defect almost failure,MONITOR_CONDITION
N0000073,,PLT-FL-WSH-KNR,M-WSH-KNR-01,2023-02-28,3,Maintenance Sensory Route,Washing & Screening - Maintenance Route A,Sensory Route,Motor bearing vibration above baseline.,MOTOR_BEARING_VIBRATION,MOTOR_BEARING_VIBRATION,Electrical,,WSH-ELECTRICAL,Closed,,,,,,,,,OPERATING_CONDITION,Observed response is within the current operating envelope.,Inspection only,Field inspection completed; no corrective maintenance performed.,FALSE,0.83,150.66,,Fiber Line,Washing & Screening,SYS-FL-WSH-KNR,Knot Removal,Motor,B,FALSE,TRUE,FALSE,TRUE,FALSE,,991,,,FALSE,R7,7,Defect,CLOSED_UNCONFIRMED_WITHOUT_ORDER
N0000074,,PLT-FL-WSH-FIL,P-WSH-FIL-01,2023-02-28,3,Maintenance Sensory Route,Washing & Screening - Maintenance Route A,Sensory Route,Elevated vibration at pump bearing housing.,PUMP_BEARING_VIBRATION,PUMP_BEARING_VIBRATION,Mechanical,Lubrication,WSH-LUBRICATION,Closed,,,,,,,,,OPERATING_CONDITION,Observed response is within the current operating envelope.,Inspection only,Field inspection completed; no corrective maintenance performed.,FALSE,0.41,114.36,,Fiber Line,Washing & Screening,SYS-FL-WSH-FIL,Filtrate System,Pump,B,FALSE,TRUE,FALSE,TRUE,FALSE,,991,,,FALSE,R7,7,Defect,CLOSED_UNCONFIRMED_WITHOUT_ORDER
N0000075,WO0000040,PLT-RU-EVA-CIR,PV-EVA-CIR-01,2023-02-28,2,Maintenance Sensory Route,Evaporation - Maintenance Route A,Sensory Route,Valve travel sticks during small command changes.,VALVE_STICTION,VALVE_STICTION,Instrumentation,Valves,EVA-VALVES,Closed,2023-02-28,PM02,Completed,2023-03-17,2023-03-18,2023-03-17,2023-03-18,0,WORK_COMPLETED,Corrective scope executed and checked.,Valve overhaul,Valve overhaul performed; post-work functional check within tolerance.,TRUE,16.76,13601.24,,Recovery & Utilities,Evaporation,SYS-RU-EVA-CIR,Evaporator Circulation,Control Valve,B,TRUE,FALSE,FALSE,FALSE,FALSE,,991,0,18,FALSE,R4,4,Defect almost failure,COMPLETED_CORRECTIVE_ACTION
N0000076,WO0000041,PLT-RU-LIM-DRV,GB-LIM-DRV-01,2023-03-01,2,Operator Route,Lime Kiln - Operations,Sensory Route,Gearbox oil temperature above normal trend.,GEARBOX_OVERHEATING,GEARBOX_OVERHEATING,Condition Monitoring,,LIM-CONDITION_MONITORING,Closed,2023-03-04,PM02,Completed,2023-03-30,2023-03-31,2023-03-30,2023-03-31,1,WORK_COMPLETED,Corrective scope executed and checked.,Lubrication,Lubrication performed; post-work functional check within tolerance.,TRUE,4.19,2005.61,,Recovery & Utilities,Lime Kiln,SYS-RU-LIM-DRV,Kiln Drive,Gearbox,A,TRUE,FALSE,FALSE,FALSE,FALSE,,990,3,30,FALSE,R2,2,Defect almost failure,COMPLETED_CORRECTIVE_ACTION
N0000077,,PLT-FL-WSH-FIL,M-WSH-FIL-01,2023-03-01,3,Maintenance Sensory Route,Washing & Screening - Maintenance Route A,Sensory Route,Motor temperature rising at normal load.,MOTOR_OVERHEATING,MOTOR_OVERHEATING,Electrical,,WSH-ELECTRICAL,Closed,,,,,,,,,OPERATING_CONDITION,Observed response is within the current operating envelope.,Inspection only,Field inspection completed; no corrective maintenance performed.,FALSE,1.31,257.63,,Fiber Line,Washing & Screening,SYS-FL-WSH-FIL,Filtrate System,Motor,B,FALSE,TRUE,FALSE,TRUE,FALSE,,990,,,FALSE,R7,7,Defect,CLOSED_UNCONFIRMED_WITHOUT_ORDER
N0000078,WO0000042,PLT-RU-UTL-ELD,MCC-UTL-ELD-01,2023-03-03,3,Maintenance Sensory Route,Utilities - Maintenance Route A,Sensory Route,Control sequence response differs from approved logic.,CONTROL_SEQUENCE_DEVIATION,CONTROL_SEQUENCE_DEVIATION,Electrical,,UTL-ELECTRICAL,Closed,2023-03-05,PM02,Completed,2023-04-13,2023-04-14,2023-04-13,2023-04-14,0,WORK_COMPLETED,Corrective scope executed and checked.,Control logic correction,Control logic correction performed; post-work functional check within tolerance.,TRUE,11.27,3325.20,,Recovery & Utilities,Utilities,SYS-RU-UTL-ELD,Electrical Distribution,Motor Control Center,A,TRUE,FALSE,FALSE,FALSE,FALSE,,988,2,42,FALSE,R5,5,Defect,COMPLETED_CORRECTIVE_ACTION
N0000079,,PLT-RU-RB-STM,PSHH-RB-STM-01,2023-03-03,3,Maintenance Sensory Route,Recovery Boiler - Maintenance Route A,Sensory Route,Control sequence response differs from approved logic.,CONTROL_SEQUENCE_DEVIATION,CONTROL_SEQUENCE_DEVIATION,Automation,,RB-AUTOMATION,Closed,,,,,,,,,MONITOR_CONDITION,Condition recorded; continue observation without corrective work.,Inspection only,Field inspection completed; no corrective maintenance performed.,TRUE,1.28,217.78,,Recovery & Utilities,Recovery Boiler,SYS-RU-RB-STM,Steam / Pressure Control,Pressure Switch,A,FALSE,TRUE,TRUE,FALSE,FALSE,,988,,,FALSE,R5,5,Defect,CLOSED_CONFIRMED_WITHOUT_ORDER
N0000080,,PLT-RU-LIM-IDF,DV-LIM-IDF-01,2023-03-05,3,Maintenance Sensory Route,Lime Kiln - Maintenance Route A,Sensory Route,Process differential pressure above normal operating range.,PROCESS_RESTRICTION,PROCESS_RESTRICTION,Instrumentation,,LIM-INSTRUMENTATION,Closed,,,,,,,,,MONITOR_CONDITION,Condition recorded; continue observation without corrective work.,Inspection only,Field inspection completed; no corrective maintenance performed.,TRUE,0.86,201.76,,Recovery & Utilities,Lime Kiln,SYS-RU-LIM-IDF,Induced Draft,Damper,B,FALSE,TRUE,TRUE,FALSE,FALSE,,986,,,FALSE,R7,7,Defect,CLOSED_CONFIRMED_WITHOUT_ORDER
N0000081,WO0000043,PLT-FL-WSH-FIL,LT-WSH-FIL-01,2023-03-05,1,Planned Inspection,Washing & Screening - Inspection,Planned Inspection,Indicated value drifts from independent reference.,SIGNAL_DRIFT,SIGNAL_DRIFT,Instrumentation,Automation,WSH-AUTOMATION,Closed,2023-03-07,CM01,Completed,2023-03-10,2023-03-10,2023-03-10,2023-03-10,0,WORK_COMPLETED,Corrective scope executed and checked.,Calibration,Calibration performed; post-work functional check within tolerance.,TRUE,4.83,1423.45,,Fiber Line,Washing & Screening,SYS-FL-WSH-FIL,Filtrate System,Level Transmitter,C,TRUE,FALSE,FALSE,FALSE,FALSE,,986,2,5,FALSE,R6,6,Fault,COMPLETED_CORRECTIVE_ACTION
N0000082,,PLT-FL-WSH-FIL,LT-WSH-FIL-01,2023-03-06,3,Maintenance Sensory Route,Washing & Screening - Maintenance Route A,Sensory Route,Intermittent signal dropout at stable process conditions.,INTERMITTENT_SIGNAL,INTERMITTENT_SIGNAL,Instrumentation,,WSH-INSTRUMENTATION,Closed,,,,,,,,,OPERATING_CONDITION,Observed response is within the current operating envelope.,Inspection only,Field inspection completed; no corrective maintenance performed.,FALSE,0.52,148.34,,Fiber Line,Washing & Screening,SYS-FL-WSH-FIL,Filtrate System,Level Transmitter,C,FALSE,TRUE,FALSE,TRUE,FALSE,,985,,,FALSE,R9,9,Defect,CLOSED_UNCONFIRMED_WITHOUT_ORDER
N0000083,WO0000044,PLT-FL-WSH-BSW,M-WSH-BSW-01,2023-03-06,3,Maintenance Sensory Route,Washing & Screening - Maintenance Route A,Sensory Route,Insulation test trending below reference.,INSULATION_DEGRADATION,INSULATION_DEGRADATION,Electrical,,WSH-ELECTRICAL,Closed,2023-03-10,PM02,Completed,2023-04-08,2023-04-08,2023-04-08,2023-04-08,2,WORK_COMPLETED,Corrective scope executed and checked.,Component replacement,Component replacement performed; post-work functional check within tolerance.,TRUE,17.73,17076.27,,Fiber Line,Washing & Screening,SYS-FL-WSH-BSW,Brownstock Washing,Motor,B,TRUE,FALSE,FALSE,FALSE,FALSE,,985,4,33,FALSE,R7,7,Defect,COMPLETED_CORRECTIVE_ACTION
N0000084,WO0000045,PLT-RU-EVA-CIR,PT-EVA-CIR-01,2023-03-07,3,Operator Route,Evaporation - Operations,Sensory Route,Intermittent signal dropout at stable process conditions.,INTERMITTENT_SIGNAL,INTERMITTENT_SIGNAL,Instrumentation,,EVA-INSTRUMENTATION,Closed,2023-03-09,PM02,Completed,2023-05-24,2023-05-24,2023-05-24,2023-05-24,2,NO_DEFECT_FOUND,Inspection could not confirm the reported abnormality.,Inspection only,Inspected and recorded readings; no component correction performed.,FALSE,0.75,158.59,,Recovery & Utilities,Evaporation,SYS-RU-EVA-CIR,Evaporator Circulation,Pressure Transmitter,C,TRUE,FALSE,FALSE,FALSE,FALSE,,984,2,78,FALSE,R9,9,Defect,OTHER_CLOSED
N0000085,WO0000046,PLT-RU-LIM-LMF,M-LIM-LMF-01,2023-03-08,2,Operator Route,Lime Kiln - Operations,Sensory Route,Motor bearing vibration above baseline.,MOTOR_BEARING_VIBRATION,MOTOR_BEARING_VIBRATION,Electrical,,LIM-ELECTRICAL,Closed,2023-03-10,PM02,Completed,2023-04-06,2023-04-07,2023-04-06,2023-04-07,1,WORK_COMPLETED,Corrective scope executed and checked.,Bearing replacement,Bearing replacement performed; post-work functional check within tolerance.,TRUE,16.60,10709.32,,Recovery & Utilities,Lime Kiln,SYS-RU-LIM-LMF,Lime Mud Feed,Motor,B,TRUE,FALSE,FALSE,FALSE,FALSE,,983,2,30,FALSE,R4,4,Defect almost failure,COMPLETED_CORRECTIVE_ACTION
N0000086,WO0000047,PLT-RU-UTL-CWT,P-UTL-CWT-01,2023-03-10,3,Process Alarm,Utilities - Control Room,Process / Control Monitoring,Crackling noise and unstable suction pressure.,CAVITATION,CAVITATION,Mechanical,,UTL-MECHANICAL,Closed,2023-03-11,PM02,Completed,2023-04-16,2023-04-16,2023-04-16,2023-04-16,0,WORK_COMPLETED,Corrective scope executed and checked.,Cleaning,Cleaning performed; post-work functional check within tolerance.,TRUE,3.51,929.21,,Recovery & Utilities,Utilities,SYS-RU-UTL-CWT,Cooling Water,Pump,A,TRUE,FALSE,FALSE,FALSE,FALSE,,981,1,37,FALSE,R5,5,Defect,COMPLETED_CORRECTIVE_ACTION
N0000087,WO0000048,PLT-RU-UTL-PWT,FV-UTL-PWT-01,2023-03-11,3,Maintenance Sensory Route,Utilities - Maintenance Route A,Sensory Route,Valve travel sticks during small command changes.,VALVE_STICTION,VALVE_STICTION,Valves,,UTL-VALVES,Closed,2023-03-16,PM02,Completed,2023-04-02,2023-04-03,2023-04-02,2023-04-03,0,WORK_COMPLETED,Corrective scope executed and checked.,Valve overhaul,Valve overhaul performed; post-work functional check within tolerance.,TRUE,18.81,15270.77,,Recovery & Utilities,Utilities,SYS-RU-UTL-PWT,Process Water,Control Valve,B,TRUE,FALSE,FALSE,FALSE,FALSE,,980,5,23,FALSE,R7,7,Defect,COMPLETED_CORRECTIVE_ACTION
N0000088,,PLT-RU-UTL-PWT,FV-UTL-PWT-01,2023-03-12,2,Operator Route,Utilities - Operations,Sensory Route,Actuator supply pressure decays while held.,ACTUATOR_LEAKAGE,ACTUATOR_LEAKAGE,Valves,,UTL-VALVES,Closed,,,,,,,,,NO_ACTION_REQUIRED,Notification dispositioned without corrective scope.,Inspection only,Field inspection completed; no corrective maintenance performed.,FALSE,1.13,220.45,,Recovery & Utilities,Utilities,SYS-RU-UTL-PWT,Process Water,Control Valve,B,FALSE,TRUE,FALSE,TRUE,FALSE,,979,,,FALSE,R4,4,Defect almost failure,CLOSED_UNCONFIRMED_WITHOUT_ORDER
N0000089,WO0000049,PLT-FL-DIG-CHP,M-DIG-CHP-01,2023-03-13,3,Operator Route,Digester - Operations,Sensory Route,Lubricant level below normal mark.,LOW_LUBE_LEVEL,LOW_LUBE_LEVEL,Lubrication,,DIG-LUBRICATION,Closed,2023-03-17,PM02,Completed,2023-04-20,2023-04-22,2023-04-20,2023-04-22,1,WORK_COMPLETED,Corrective scope executed and checked.,Lubrication,Lubrication performed; post-work functional check within tolerance.,TRUE,1.83,904.41,,Fiber Line,Digester,SYS-FL-DIG-CHP,Chip Feeding,Motor,A,TRUE,FALSE,FALSE,FALSE,FALSE,,978,4,40,FALSE,R5,5,Defect,COMPLETED_CORRECTIVE_ACTION
N0000090,,PLT-FL-WSH-KNR,M-WSH-KNR-01,2023-03-13,3,Maintenance Sensory Route,Washing & Screening - Maintenance Route A,Sensory Route,Localized heating at electrical connection.,TERMINAL_HEATING,TERMINAL_HEATING,Electrical,,WSH-ELECTRICAL,Closed,,,,,,,,,OPERATING_CONDITION,Observed response is within the current operating envelope.,Inspection only,Field inspection completed; no corrective maintenance performed.,FALSE,1.51,313.01,,Fiber Line,Washing & Screening,SYS-FL-WSH-KNR,Knot Removal,Motor,B,FALSE,TRUE,FALSE,TRUE,FALSE,,978,,,FALSE,R7,7,Defect,CLOSED_UNCONFIRMED_WITHOUT_ORDER
N0000091,,PLT-FL-WSH-BSW,FV-WSH-BSW-01,2023-03-14,3,Maintenance Sensory Route,Washing & Screening - Maintenance Route A,Sensory Route,Valve feedback differs from demanded position.,POSITIONER_DEVIATION,POSITIONER_DEVIATION,Valves,,WSH-VALVES,Closed,,,,,,,,,NO_DEFECT_FOUND,Inspection could not confirm the reported abnormality.,Inspection only,Field inspection completed; no corrective maintenance performed.,FALSE,1.86,358.42,,Fiber Line,Washing & Screening,SYS-FL-WSH-BSW,Brownstock Washing,Control Valve,B,FALSE,TRUE,FALSE,TRUE,FALSE,,977,,,FALSE,R7,7,Defect,CLOSED_UNCONFIRMED_WITHOUT_ORDER
N0000092,WO0000050,PLT-FL-DIG-IMP,M-DIG-IMP-01,2023-03-15,3,Planned Inspection,Digester - Inspection,Planned Inspection,Localized heating at electrical connection.,TERMINAL_HEATING,TERMINAL_HEATING,Electrical,,DIG-ELECTRICAL,Closed,2023-03-20,PM02,Completed,2023-04-05,2023-04-06,2023-04-05,2023-04-06,0,WORK_COMPLETED,Corrective scope executed and checked.,Tightening,Tightening performed; post-work functional check within tolerance.,TRUE,2.62,641.08,,Fiber Line,Digester,SYS-FL-DIG-IMP,Impregnation,Motor,A,TRUE,FALSE,FALSE,FALSE,FALSE,,976,5,22,FALSE,R5,5,Defect,COMPLETED_CORRECTIVE_ACTION
N0000093,WO0000051,PLT-RU-CAU-WLC,M-CAU-WLC-01,2023-03-16,3,Maintenance Sensory Route,Causticizing - Maintenance Route A,Sensory Route,Lubricant level below normal mark.,LOW_LUBE_LEVEL,LOW_LUBE_LEVEL,Lubrication,,CAU-LUBRICATION,Closed,2023-03-16,PM02,Completed,2023-05-03,2023-05-05,2023-05-03,2023-05-05,2,WORK_COMPLETED,Corrective scope executed and checked.,Lubrication,Lubrication performed; post-work functional check within tolerance.,TRUE,1.86,920.48,,Recovery & Utilities,Causticizing,SYS-RU-CAU-WLC,White Liquor Clarification,Motor,A,TRUE,FALSE,FALSE,FALSE,FALSE,,975,0,50,FALSE,R5,5,Defect,COMPLETED_CORRECTIVE_ACTION
N0000094,WO0000052,PLT-RU-LIM-LMF,M-LIM-LMF-01,2023-03-18,3,Condition Monitoring,Lime Kiln - Condition Monitoring,Predictive Route,Insulation test trending below reference.,INSULATION_DEGRADATION,INSULATION_DEGRADATION,Electrical,,LIM-ELECTRICAL,Closed,2023-03-21,PM02,Completed,2023-04-24,2023-04-25,2023-04-24,2023-04-25,2,WORK_COMPLETED,Corrective scope executed and checked.,Component replacement,Component replacement performed; post-work functional check within tolerance.,TRUE,27.82,26797.98,,Recovery & Utilities,Lime Kiln,SYS-RU-LIM-LMF,Lime Mud Feed,Motor,B,TRUE,FALSE,FALSE,FALSE,FALSE,,973,3,38,FALSE,R7,7,Defect,COMPLETED_CORRECTIVE_ACTION
N0000095,,PLT-FL-WSH-SCR,DPIT-WSH-SCR-01,2023-03-19,3,Maintenance Sensory Route,Washing & Screening - Maintenance Route A,Sensory Route,Measured output outside calibration tolerance.,CALIBRATION_DEVIATION,CALIBRATION_DEVIATION,Instrumentation,,WSH-INSTRUMENTATION,Closed,,,,,,,,,OPERATING_CONDITION,Observed response is within the current operating envelope.,Inspection only,Field inspection completed; no corrective maintenance performed.,FALSE,1.62,273.92,,Fiber Line,Washing & Screening,SYS-FL-WSH-SCR,Screening,Differential Pressure Transmitter,C,FALSE,TRUE,FALSE,TRUE,FALSE,,972,,,FALSE,R9,9,Defect,CLOSED_UNCONFIRMED_WITHOUT_ORDER
N0000096,WO0000053,PLT-FL-DRY-DRS,M-DRY-DRS-01,2023-03-20,3,Planned Inspection,Drying - Inspection,Planned Inspection,Motor temperature rising at normal load.,MOTOR_OVERHEATING,MOTOR_OVERHEATING,Electrical,,DRY-ELECTRICAL,Closed,2023-03-25,PM02,Completed,2023-05-08,2023-05-10,2023-05-08,2023-05-10,0,WORK_COMPLETED,Corrective scope executed and checked.,Cleaning,Cleaning performed; post-work functional check within tolerance.,TRUE,5.59,1647.95,,Fiber Line,Drying,SYS-FL-DRY-DRS,Dryer Section,Motor,A,TRUE,FALSE,FALSE,FALSE,FALSE,,971,5,51,FALSE,R5,5,Defect,COMPLETED_CORRECTIVE_ACTION
N0000097,,PLT-FL-BLE-STW,DPIT-BLE-STW-01,2023-03-22,2,Operator Route,Bleaching - Operations,Sensory Route,Indicated value drifts from independent reference.,SIGNAL_DRIFT,SIGNAL_DRIFT,Instrumentation,,BLE-INSTRUMENTATION,Closed,,,,,,,,,NO_DEFECT_FOUND,Inspection could not confirm the reported abnormality.,Inspection only,Field inspection completed; no corrective maintenance performed.,FALSE,1.18,250.14,,Fiber Line,Bleaching,SYS-FL-BLE-STW,Stage Washing,Differential Pressure Transmitter,C,FALSE,TRUE,FALSE,TRUE,FALSE,,969,,,FALSE,R8,8,Defect almost failure,CLOSED_UNCONFIRMED_WITHOUT_ORDER
N0000098,,PLT-FL-WSH-FIL,FV-WSH-FIL-01,2023-03-22,3,Maintenance Sensory Route,Washing & Screening - Maintenance Route A,Sensory Route,Valve feedback differs from demanded position.,POSITIONER_DEVIATION,POSITIONER_DEVIATION,Valves,,WSH-VALVES,Closed,,,,,,,,,MONITOR_CONDITION,Condition recorded; continue observation without corrective work.,Inspection only,Field inspection completed; no corrective maintenance performed.,TRUE,0.47,135.02,,Fiber Line,Washing & Screening,SYS-FL-WSH-FIL,Filtrate System,Control Valve,C,FALSE,TRUE,TRUE,FALSE,FALSE,,969,,,FALSE,R9,9,Defect,CLOSED_CONFIRMED_WITHOUT_ORDER
N0000099,,PLT-RU-EVA-CON,LT-EVA-CON-01,2023-03-24,3,Operator Report,Evaporation - Operations,,Intermittent signal dropout at stable process conditions.,INTERMITTENT_SIGNAL,INTERMITTENT_SIGNAL,Automation,,EVA-AUTOMATION,Closed,,,,,,,,,NO_ACTION_REQUIRED,Notification dispositioned without corrective scope.,Inspection only,Field inspection completed; no corrective maintenance performed.,TRUE,1.73,286.99,,Recovery & Utilities,Evaporation,SYS-RU-EVA-CON,Condensate System,Level Transmitter,C,FALSE,TRUE,TRUE,FALSE,FALSE,,967,,,FALSE,R9,9,Defect,CLOSED_CONFIRMED_WITHOUT_ORDER
N0000100,,PLT-FL-WSH-SCR,P-WSH-SCR-01,2023-03-24,3,Maintenance Sensory Route,Washing & Screening - Maintenance Route A,Sensory Route,Leakage at shaft seal.,SEAL_LEAKAGE,SEAL_LEAKAGE,Mechanical,,WSH-MECHANICAL,Closed,,,,,,,,,OPERATING_CONDITION,Observed response is within the current operating envelope.,Inspection only,Field inspection completed; no corrective maintenance performed.,FALSE,1.42,245.55,,Fiber Line,Washing & Screening,SYS-FL-WSH-SCR,Screening,Pump,B,FALSE,TRUE,FALSE,TRUE,FALSE,,967,,,FALSE,R7,7,Defect,CLOSED_UNCONFIRMED_WITHOUT_ORDER
N0000101,,PLT-FL-DRY-HYD,PT-DRY-HYD-01,2023-03-24,3,Maintenance Sensory Route,Drying - Maintenance Route A,Sensory Route,Intermittent signal dropout at stable process conditions.,INTERMITTENT_SIGNAL,INTERMITTENT_SIGNAL,Automation,Instrumentation,DRY-INSTRUMENTATION,Closed,,,,,,,,,MONITOR_CONDITION,Condition recorded; continue observation without corrective work.,Inspection only,Field inspection completed; no corrective maintenance performed.,TRUE,0.43,108.27,,Fiber Line,Drying,SYS-FL-DRY-HYD,Hydraulic System,Pressure Transmitter,B,FALSE,TRUE,TRUE,FALSE,FALSE,,967,,,FALSE,R7,7,Defect,CLOSED_CONFIRMED_WITHOUT_ORDER
N0000102,WO0000054,PLT-RU-UTL-AIR,M-UTL-AIR-01,2023-03-25,2,Planned Inspection,Utilities - Inspection,Planned Inspection,Motor bearing vibration above baseline.,MOTOR_BEARING_VIBRATION,MOTOR_BEARING_VIBRATION,Electrical,,UTL-ELECTRICAL,Closed,2023-03-25,PM02,Completed,2023-05-16,2023-05-16,2023-05-16,2023-05-16,3,WORK_COMPLETED,Corrective scope executed and checked.,Bearing replacement,Bearing replacement performed; post-work functional check within tolerance.,TRUE,17.90,11548.45,,Recovery & Utilities,Utilities,SYS-RU-UTL-AIR,Compressed Air,Motor,A,TRUE,FALSE,FALSE,FALSE,FALSE,,966,0,52,FALSE,R2,2,Defect almost failure,COMPLETED_CORRECTIVE_ACTION
N0000103,,PLT-FL-WSH-SCR,M-WSH-SCR-01,2023-03-25,3,Maintenance Sensory Route,Washing & Screening - Maintenance Route A,Sensory Route,Localized heating at electrical connection.,TERMINAL_HEATING,TERMINAL_HEATING,Electrical,,WSH-ELECTRICAL,Closed,,,,,,,,,NO_DEFECT_FOUND,Inspection could not confirm the reported abnormality.,Inspection only,Field inspection completed; no corrective maintenance performed.,FALSE,1.00,215.29,,Fiber Line,Washing & Screening,SYS-FL-WSH-SCR,Screening,Motor,B,FALSE,TRUE,FALSE,TRUE,FALSE,,966,,,FALSE,R7,7,Defect,CLOSED_UNCONFIRMED_WITHOUT_ORDER
N0000104,WO0000055,PLT-RU-CAU-GLC,P-CAU-GLC-01,2023-03-25,3,Planned Inspection,Causticizing - Inspection,Planned Inspection,Leakage at shaft seal.,SEAL_LEAKAGE,SEAL_LEAKAGE,Mechanical,,CAU-MECHANICAL,Closed,2023-03-25,PM02,Completed,2023-05-01,2023-05-01,2023-05-01,2023-05-01,1,WORK_COMPLETED,Corrective scope executed and checked.,Seal replacement,Seal replacement performed; post-work functional check within tolerance.,TRUE,7.23,5384.52,,Recovery & Utilities,Causticizing,SYS-RU-CAU-GLC,Green Liquor Clarification,Pump,B,TRUE,FALSE,FALSE,FALSE,FALSE,,966,0,37,FALSE,R7,7,Defect,COMPLETED_CORRECTIVE_ACTION
N0000105,,PLT-FL-WSH-KNR,SCR-WSH-KNR-01,2023-03-25,3,Maintenance Sensory Route,Washing & Screening - Maintenance Route A,Sensory Route,Process differential pressure above normal operating range.,PROCESS_RESTRICTION,PROCESS_RESTRICTION,Mechanical,,WSH-MECHANICAL,Closed,,,,,,,,,NO_DEFECT_FOUND,Inspection could not confirm the reported abnormality.,Inspection only,Field inspection completed; no corrective maintenance performed.,FALSE,1.48,313.48,,Fiber Line,Washing & Screening,SYS-FL-WSH-KNR,Knot Removal,Separator,B,FALSE,TRUE,FALSE,TRUE,FALSE,,966,,,FALSE,R7,7,Defect,CLOSED_UNCONFIRMED_WITHOUT_ORDER
N0000106,WO0000056,PLT-FL-DRY-SHT,ENC-DRY-SHT-01,2023-03-26,3,Process Alarm,Drying - Control Room,Process / Control Monitoring,Intermittent signal dropout at stable process conditions.,INTERMITTENT_SIGNAL,INTERMITTENT_SIGNAL,Automation,,DRY-AUTOMATION,Closed,2023-03-30,PM02,Completed,2023-05-27,2023-05-27,2023-05-27,2023-05-27,3,WORK_COMPLETED,Corrective scope executed and checked.,Instrument replacement,Instrument replacement performed; post-work functional check within tolerance.,TRUE,5.44,4416.97,,Fiber Line,Drying,SYS-FL-DRY-SHT,Sheet Handling / Cutter,Encoder,B,TRUE,FALSE,FALSE,FALSE,FALSE,,965,4,62,FALSE,R7,7,Defect,COMPLETED_CORRECTIVE_ACTION
N0000107,WO0000057,PLT-RU-UTL-BFW,M-UTL-BFW-01,2023-03-26,2,Operator Route,Utilities - Operations,Sensory Route,Motor bearing vibration above baseline.,MOTOR_BEARING_VIBRATION,MOTOR_BEARING_VIBRATION,Electrical,,UTL-ELECTRICAL,Closed,2023-03-31,PM02,Completed,2023-04-26,2023-04-28,2023-04-26,2023-04-28,1,WORK_COMPLETED,Corrective scope executed and checked.,Bearing replacement,Bearing replacement performed; post-work functional check within tolerance.,TRUE,11.29,7282.38,,Recovery & Utilities,Utilities,SYS-RU-UTL-BFW,Boiler Feedwater,Motor,A,TRUE,FALSE,FALSE,FALSE,FALSE,,965,5,33,FALSE,R2,2,Defect almost failure,COMPLETED_CORRECTIVE_ACTION
N0000108,WO0000058,PLT-FL-DRY-DRS,FAN-DRY-DRS-01,2023-03-27,3,Condition Monitoring,Drying - Condition Monitoring,Predictive Route,Rotating assembly shows dominant once-per-revolution vibration.,IMBALANCE,IMBALANCE,Condition Monitoring,,DRY-CONDITION_MONITORING,Closed,2023-04-01,PM02,Completed,2023-05-02,2023-05-03,2023-05-02,2023-05-03,0,WORK_COMPLETED,Corrective scope executed and checked.,Adjustment,Adjustment performed; post-work functional check within tolerance.,TRUE,13.34,6602.47,,Fiber Line,Drying,SYS-FL-DRY-DRS,Dryer Section,Fan,A,TRUE,FALSE,FALSE,FALSE,FALSE,,964,5,37,FALSE,R5,5,Defect,COMPLETED_CORRECTIVE_ACTION
N0000109,WO0000059,PLT-RU-CAU-WLC,FT-CAU-WLC-01,2023-03-27,2,Process Alarm,Causticizing - Control Room,Process / Control Monitoring,Indicated value drifts from independent reference.,SIGNAL_DRIFT,SIGNAL_DRIFT,Instrumentation,,CAU-INSTRUMENTATION,Closed,2023-04-01,PM02,Completed,2023-04-13,2023-04-14,2023-04-13,2023-04-14,0,MONITOR_CONDITION,Condition recorded; continue observation without corrective work.,Inspection only,Inspected and recorded readings; no component correction performed.,TRUE,1.06,185.17,,Recovery & Utilities,Causticizing,SYS-RU-CAU-WLC,White Liquor Clarification,Flow Transmitter,B,TRUE,FALSE,FALSE,FALSE,TRUE,61,964,5,18,FALSE,R4,4,Defect almost failure,MONITOR_CONDITION
N0000110,,PLT-FL-WSH-FIL,FV-WSH-FIL-01,2023-03-27,3,Maintenance Sensory Route,Washing & Screening - Maintenance Route A,Sensory Route,Actuator supply pressure decays while held.,ACTUATOR_LEAKAGE,ACTUATOR_LEAKAGE,Valves,Instrumentation,WSH-INSTRUMENTATION,Closed,,,,,,,,,NO_DEFECT_FOUND,Inspection could not confirm the reported abnormality.,Inspection only,Field inspection completed; no corrective maintenance performed.,FALSE,0.99,239.55,,Fiber Line,Washing & Screening,SYS-FL-WSH-FIL,Filtrate System,Control Valve,C,FALSE,TRUE,FALSE,TRUE,FALSE,,964,,,FALSE,R9,9,Defect,CLOSED_UNCONFIRMED_WITHOUT_ORDER
N0000111,,PLT-FL-WSH-KNR,XV-WSH-KNR-01,2023-03-27,3,Maintenance Sensory Route,Washing & Screening - Maintenance Route A,Sensory Route,Visible leakage at valve packing.,EXTERNAL_LEAKAGE,EXTERNAL_LEAKAGE,Valves,,WSH-VALVES,Closed,,,,,,,,,NO_DEFECT_FOUND,Inspection could not confirm the reported abnormality.,Inspection only,Field inspection completed; no corrective maintenance performed.,FALSE,0.56,119.72,,Fiber Line,Washing & Screening,SYS-FL-WSH-KNR,Knot Removal,On/Off Valve,C,FALSE,TRUE,FALSE,TRUE,FALSE,,964,,,FALSE,R9,9,Defect,CLOSED_UNCONFIRMED_WITHOUT_ORDER
N0000112,,PLT-RU-RB-FWS,FV-RB-FWS-01,2023-03-28,3,Process Alarm,Recovery Boiler - Control Room,Process / Control Monitoring,Visible leakage at valve packing.,EXTERNAL_LEAKAGE,EXTERNAL_LEAKAGE,Valves,Instrumentation,RB-INSTRUMENTATION,Closed,,,,,,,,,MONITOR_CONDITION,Condition recorded; continue observation without corrective work.,Inspection only,Field inspection completed; no corrective maintenance performed.,TRUE,0.86,191.68,,Recovery & Utilities,Recovery Boiler,SYS-RU-RB-FWS,Feedwater System,Control Valve,A,FALSE,TRUE,TRUE,FALSE,FALSE,,963,,,FALSE,R5,5,Defect,CLOSED_CONFIRMED_WITHOUT_ORDER
N0000113,WO0000060,PLT-FL-DIG-CIR,M-DIG-CIR-01,2023-03-28,3,Operator Report,Digester - Operations,,Oil condition test indicates degraded lubricant.,OIL_DEGRADATION,OIL_DEGRADATION,Lubrication,,DIG-LUBRICATION,Closed,2023-03-31,PM02,Completed,2023-04-24,2023-04-24,2023-04-24,2023-04-24,1,WORK_COMPLETED,Corrective scope executed and checked.,Lubrication,Lubrication performed; post-work functional check within tolerance.,TRUE,8.69,4880.44,,Fiber Line,Digester,SYS-FL-DIG-CIR,Cooking Circulation,Motor,A,TRUE,FALSE,FALSE,FALSE,FALSE,,963,3,27,FALSE,R5,5,Defect,COMPLETED_CORRECTIVE_ACTION
N0000114,WO0000061,PLT-RU-CAU-WLC,P-CAU-WLC-01,2023-03-28,3,Operator Route,Causticizing - Operations,Sensory Route,Bearing temperature trending above baseline.,BEARING_TEMPERATURE,BEARING_TEMPERATURE,Condition Monitoring,,CAU-CONDITION_MONITORING,Closed,2023-04-01,PM02,Completed,2023-06-01,2023-06-03,2023-06-01,2023-06-03,2,WORK_COMPLETED,Corrective scope executed and checked.,Bearing replacement,Bearing replacement performed; post-work functional check within tolerance.,TRUE,17.60,12609.23,,Recovery & Utilities,Causticizing,SYS-RU-CAU-WLC,White Liquor Clarification,Pump,A,TRUE,FALSE,FALSE,FALSE,FALSE,,963,4,67,FALSE,R5,5,Defect,COMPLETED_CORRECTIVE_ACTION
N0000115,WO0000062,PLT-RU-UTL-AIR,PT-UTL-AIR-01,2023-03-29,2,Process Alarm,Utilities - Control Room,Process / Control Monitoring,Indicated value drifts from independent reference.,SIGNAL_DRIFT,SIGNAL_DRIFT,Instrumentation,,UTL-INSTRUMENTATION,Closed,2023-04-02,PM02,Completed,2023-04-10,2023-04-12,2023-04-10,2023-04-12,0,WORK_COMPLETED,Corrective scope executed and checked.,Calibration,Calibration performed; post-work functional check within tolerance.,TRUE,4.80,1414.94,,Recovery & Utilities,Utilities,SYS-RU-UTL-AIR,Compressed Air,Pressure Transmitter,A,TRUE,FALSE,FALSE,FALSE,FALSE,,962,4,14,FALSE,R2,2,Defect almost failure,COMPLETED_CORRECTIVE_ACTION
N0000116,,PLT-FL-WSH-BSW,P-WSH-BSW-01,2023-04-01,2,Maintenance Sensory Route,Washing & Screening - Maintenance Route A,Sensory Route,Lubricant level below normal mark.,LOW_LUBE_LEVEL,LOW_LUBE_LEVEL,Lubrication,Mechanical,WSH-MECHANICAL,Closed,,,,,,,,,NO_DEFECT_FOUND,Inspection could not confirm the reported abnormality.,Inspection only,Field inspection completed; no corrective maintenance performed.,FALSE,0.58,179.77,,Fiber Line,Washing & Screening,SYS-FL-WSH-BSW,Brownstock Washing,Pump,B,FALSE,TRUE,FALSE,TRUE,FALSE,,959,,,FALSE,R4,4,Defect almost failure,CLOSED_UNCONFIRMED_WITHOUT_ORDER
N0000117,,PLT-RU-CAU-GLC,LT-CAU-GLC-01,2023-04-02,2,Operator Route,Causticizing - Operations,Sensory Route,Intermittent signal dropout at stable process conditions.,INTERMITTENT_SIGNAL,INTERMITTENT_SIGNAL,Instrumentation,,CAU-INSTRUMENTATION,Closed,,,,,,,,,MONITOR_CONDITION,Condition recorded; continue observation without corrective work.,Inspection only,Field inspection completed; no corrective maintenance performed.,TRUE,1.92,364.94,,Recovery & Utilities,Causticizing,SYS-RU-CAU-GLC,Green Liquor Clarification,Level Transmitter,B,FALSE,TRUE,TRUE,FALSE,FALSE,,958,,,FALSE,R4,4,Defect almost failure,CLOSED_CONFIRMED_WITHOUT_ORDER
N0000118,WO0000063,PLT-FL-DRY-PRS,HY-DRY-PRS-01,2023-04-03,3,Operator Report,Drying - Operations,,Oil sample shows elevated contamination.,OIL_CONTAMINATION,OIL_CONTAMINATION,Mechanical,,DRY-MECHANICAL,Closed,2023-04-06,PM02,Completed,2023-06-28,2023-06-30,2023-06-28,2023-06-30,4,WORK_COMPLETED,Corrective scope executed and checked.,Lubrication,Lubrication performed; post-work functional check within tolerance.,TRUE,4.10,2095.84,,Fiber Line,Drying,SYS-FL-DRY-PRS,Press Section,Hydraulic Actuator,A,TRUE,FALSE,FALSE,FALSE,FALSE,,957,3,88,FALSE,R5,5,Defect,COMPLETED_CORRECTIVE_ACTION
N0000119,WO0000064,PLT-FL-DIG-CIR,PT-DIG-CIR-01,2023-04-03,2,Operator Route,Digester - Operations,Sensory Route,Pressure response delayed during process change.,IMPULSE_LINE_RESTRICTION,IMPULSE_LINE_RESTRICTION,Instrumentation,Automation,DIG-AUTOMATION,Closed,2023-04-07,PM02,Completed,2023-04-11,2023-04-12,2023-04-11,2023-04-12,0,WORK_COMPLETED,Corrective scope executed and checked.,Cleaning,Cleaning performed; post-work functional check within tolerance.,TRUE,5.32,1409.04,,Fiber Line,Digester,SYS-FL-DIG-CIR,Cooking Circulation,Pressure Transmitter,B,TRUE,FALSE,FALSE,FALSE,FALSE,,957,4,9,FALSE,R4,4,Defect almost failure,COMPLETED_CORRECTIVE_ACTION
N0000120,,PLT-FL-WSH-FIL,P-WSH-FIL-01,2023-04-04,3,Planned Inspection,Washing & Screening - Inspection,Planned Inspection,Delivered flow below expected operating range.,LOW_FLOW,LOW_FLOW,Mechanical,,WSH-MECHANICAL,Closed,,,,,,,,,OPERATING_CONDITION,Observed response is within the current operating envelope.,Inspection only,Field inspection completed; no corrective maintenance performed.,FALSE,0.37,127.68,,Fiber Line,Washing & Screening,SYS-FL-WSH-FIL,Filtrate System,Pump,B,FALSE,TRUE,FALSE,TRUE,FALSE,,956,,,FALSE,R7,7,Defect,CLOSED_UNCONFIRMED_WITHOUT_ORDER
N0000121,,PLT-FL-BLE-DOS,FT-BLE-DOS-01,2023-04-05,2,Planned Inspection,Bleaching - Inspection,Planned Inspection,Measured output outside calibration tolerance.,CALIBRATION_DEVIATION,CALIBRATION_DEVIATION,Instrumentation,,BLE-INSTRUMENTATION,Closed,,,,,,,,,OPERATING_CONDITION,Observed response is within the current operating envelope.,Inspection only,Field inspection completed; no corrective maintenance performed.,FALSE,1.08,212.25,,Fiber Line,Bleaching,SYS-FL-BLE-DOS,Chemical Dosing,Flow Transmitter,B,FALSE,TRUE,FALSE,TRUE,FALSE,,955,,,FALSE,R4,4,Defect almost failure,CLOSED_UNCONFIRMED_WITHOUT_ORDER
N0000122,WO0000065,PLT-FL-DIG-DIS,M-DIG-DIS-01,2023-04-05,3,Planned Inspection,Digester - Inspection,Planned Inspection,Insulation test trending below reference.,INSULATION_DEGRADATION,INSULATION_DEGRADATION,Electrical,,DIG-ELECTRICAL,Closed,2023-04-08,PM02,Completed,2023-05-10,2023-05-12,2023-05-10,2023-05-12,1,WORK_COMPLETED,Corrective scope executed and checked.,Component replacement,Component replacement performed; post-work functional check within tolerance.,TRUE,27.52,26511.30,,Fiber Line,Digester,SYS-FL-DIG-DIS,Digester Discharge,Motor,A,TRUE,FALSE,FALSE,FALSE,FALSE,,955,3,37,FALSE,R5,5,Defect,COMPLETED_CORRECTIVE_ACTION
N0000123,WO0000066,PLT-FL-DRY-SHT,CUT-DRY-SHT-01,2023-04-06,2,Maintenance Sensory Route,Drying - Maintenance Route A,Sensory Route,Mechanism travel is uneven with elevated resistance.,MECHANICAL_BINDING,MECHANICAL_BINDING,Mechanical,,DRY-MECHANICAL,Closed,2023-04-11,PM02,Completed,2023-05-11,2023-05-13,2023-05-11,2023-05-13,1,WORK_COMPLETED,Corrective scope executed and checked.,Adjustment,Adjustment performed; post-work functional check within tolerance.,TRUE,9.04,3231.93,,Fiber Line,Drying,SYS-FL-DRY-SHT,Sheet Handling / Cutter,Cutter,B,TRUE,FALSE,FALSE,FALSE,FALSE,,954,5,37,FALSE,R4,4,Defect almost failure,COMPLETED_CORRECTIVE_ACTION
N0000124,WO0000067,PLT-FL-WSH-BSW,M-WSH-BSW-01,2023-04-07,2,Process Alarm,Washing & Screening - Control Room,Process / Control Monitoring,Oil condition test indicates degraded lubricant.,OIL_DEGRADATION,OIL_DEGRADATION,Lubrication,,WSH-LUBRICATION,Closed,2023-04-12,PM02,Completed,2023-04-20,2023-04-20,2023-04-20,2023-04-20,0,MONITOR_CONDITION,Condition recorded; continue observation without corrective work.,Inspection only,Inspected and recorded readings; no component correction performed.,TRUE,0.81,212.08,,Fiber Line,Washing & Screening,SYS-FL-WSH-BSW,Brownstock Washing,Motor,B,TRUE,FALSE,FALSE,FALSE,FALSE,,953,5,13,FALSE,R4,4,Defect almost failure,MONITOR_CONDITION
N0000125,,PLT-RU-CAU-SLK,M-CAU-SLK-01,2023-04-08,2,Process Alarm,Causticizing - Control Room,Process / Control Monitoring,Localized heating at electrical connection.,TERMINAL_HEATING,TERMINAL_HEATING,Electrical,,CAU-ELECTRICAL,Closed,,,,,,,,,NO_DEFECT_FOUND,Inspection could not confirm the reported abnormality.,Inspection only,Field inspection completed; no corrective maintenance performed.,FALSE,0.37,84.23,,Recovery & Utilities,Causticizing,SYS-RU-CAU-SLK,Slaking,Motor,A,FALSE,TRUE,FALSE,TRUE,FALSE,,952,,,FALSE,R2,2,Defect almost failure,CLOSED_UNCONFIRMED_WITHOUT_ORDER
N0000126,WO0000068,PLT-FL-DRY-PRS,HY-DRY-PRS-01,2023-04-09,1,Breakdown / Corrective,Drying - Operations,,Hydraulic header pressure oscillates under steady demand.,HYD_PRESS_INSTABILITY,HYD_PRESS_INSTABILITY,Hydraulics,,DRY-HYDRAULICS,Closed,2023-04-09,CM01,Completed,2023-04-23,2023-04-25,2023-04-23,2023-04-25,1,WORK_COMPLETED,Corrective scope executed and checked.,Component replacement,Component replacement performed; post-work functional check within tolerance.,TRUE,18.27,15050.61,,Fiber Line,Drying,SYS-FL-DRY-PRS,Press Section,Hydraulic Actuator,A,TRUE,FALSE,FALSE,FALSE,FALSE,,951,0,16,FALSE,R1,1,Fault,COMPLETED_CORRECTIVE_ACTION
N0000127,WO0000069,PLT-RU-CAU-SLK,TT-CAU-SLK-01,2023-04-10,3,Maintenance Sensory Route,Causticizing - Maintenance Route A,Sensory Route,Intermittent signal dropout at stable process conditions.,INTERMITTENT_SIGNAL,INTERMITTENT_SIGNAL,Instrumentation,Automation,CAU-AUTOMATION,Closed,2023-04-10,PM02,Completed,2023-04-28,2023-04-30,2023-04-28,2023-04-30,1,WORK_COMPLETED,Corrective scope executed and checked.,Instrument replacement,Instrument replacement performed; post-work functional check within tolerance.,TRUE,8.39,6813.16,,Recovery & Utilities,Causticizing,SYS-RU-CAU-SLK,Slaking,Temperature Transmitter,B,TRUE,FALSE,FALSE,FALSE,FALSE,,950,0,20,FALSE,R7,7,Defect,COMPLETED_CORRECTIVE_ACTION
N0000128,,PLT-RU-UTL-ELD,CB-UTL-ELD-01,2023-04-12,3,Maintenance Sensory Route,Utilities - Maintenance Route A,Sensory Route,Localized heating at electrical connection.,TERMINAL_HEATING,TERMINAL_HEATING,Electrical,,UTL-ELECTRICAL,Closed,,,,,,,,,MONITOR_CONDITION,Condition recorded; continue observation without corrective work.,Inspection only,Field inspection completed; no corrective maintenance performed.,TRUE,0.35,130.31,,Recovery & Utilities,Utilities,SYS-RU-UTL-ELD,Electrical Distribution,Circuit Breaker,A,FALSE,TRUE,TRUE,FALSE,FALSE,,948,,,FALSE,R5,5,Defect,CLOSED_CONFIRMED_WITHOUT_ORDER
N0000129,WO0000070,PLT-FL-BLE-DOS,P-BLE-DOS-01,2023-04-12,1,Breakdown / Corrective,Bleaching - Operations,,Bearing temperature trending above baseline.,BEARING_TEMPERATURE,BEARING_TEMPERATURE,Mechanical,,BLE-MECHANICAL,Closed,2023-04-17,CM01,Completed,2023-05-07,2023-05-08,2023-05-07,2023-05-08,2,WORK_COMPLETED,Corrective scope executed and checked.,Bearing replacement,Bearing replacement performed; post-work functional check within tolerance.,TRUE,16.88,12095.11,,Fiber Line,Bleaching,SYS-FL-BLE-DOS,Chemical Dosing,Dosing Pump,B,TRUE,FALSE,FALSE,FALSE,FALSE,,948,5,26,FALSE,R3,3,Fault,COMPLETED_CORRECTIVE_ACTION
N0000130,,PLT-FL-DRY-FOR,PT-DRY-FOR-01,2023-04-12,1,Process Alarm,Drying - Control Room,Process / Control Monitoring,Indicated value drifts from independent reference.,SIGNAL_DRIFT,SIGNAL_DRIFT,Instrumentation,,DRY-INSTRUMENTATION,Closed,,,,,,,,,NO_DEFECT_FOUND,Inspection could not confirm the reported abnormality.,Inspection only,Field inspection completed; no corrective maintenance performed.,FALSE,1.97,322.74,,Fiber Line,Drying,SYS-FL-DRY-FOR,Forming Section,Pressure Transmitter,C,FALSE,TRUE,FALSE,TRUE,FALSE,,948,,,FALSE,R6,6,Fault,CLOSED_UNCONFIRMED_WITHOUT_ORDER
N0000131,WO0000071,PLT-RU-CAU-LMH,FV-CAU-LMH-01,2023-04-13,3,Operator Report,Causticizing - Operations,,Valve travel sticks during small command changes.,VALVE_STICTION,VALVE_STICTION,Instrumentation,,CAU-INSTRUMENTATION,Closed,2023-04-13,PM02,Completed,2023-07-26,2023-07-27,2023-07-26,2023-07-27,5,NO_DEFECT_FOUND,Inspection could not confirm the reported abnormality.,Inspection only,Inspected and recorded readings; no component correction performed.,FALSE,0.91,229.97,,Recovery & Utilities,Causticizing,SYS-RU-CAU-LMH,Lime Mud Handling,Control Valve,B,TRUE,FALSE,FALSE,FALSE,FALSE,,947,0,105,FALSE,R7,7,Defect,OTHER_CLOSED
N0000132,WO0000072,PLT-FL-DRY-DRS,FAN-DRY-DRS-01,2023-04-15,2,Maintenance Sensory Route,Drying - Maintenance Route A,Sensory Route,Fan bearing vibration trending above baseline.,FAN_BEARING_VIBRATION,FAN_BEARING_VIBRATION,Condition Monitoring,,DRY-CONDITION_MONITORING,Closed,2023-04-17,PM02,Completed,2023-05-01,2023-05-03,2023-05-01,2023-05-03,0,WORK_COMPLETED,Corrective scope executed and checked.,Bearing replacement,Bearing replacement performed; post-work functional check within tolerance.,TRUE,18.00,14310.94,,Fiber Line,Drying,SYS-FL-DRY-DRS,Dryer Section,Fan,A,TRUE,FALSE,FALSE,FALSE,FALSE,,945,2,18,FALSE,R2,2,Defect almost failure,COMPLETED_CORRECTIVE_ACTION
N0000133,WO0000073,PLT-FL-DIG-DIS,M-DIG-DIS-01,2023-04-15,2,Operator Report,Digester - Operations,,Localized heating at electrical connection.,TERMINAL_HEATING,TERMINAL_HEATING,Electrical,,DIG-ELECTRICAL,Closed,2023-04-19,PM02,Completed,2023-04-22,2023-04-23,2023-04-22,2023-04-23,0,WORK_COMPLETED,Corrective scope executed and checked.,Tightening,Tightening performed; post-work functional check within tolerance.,TRUE,4.86,1191.64,,Fiber Line,Digester,SYS-FL-DIG-DIS,Digester Discharge,Motor,A,TRUE,FALSE,FALSE,FALSE,FALSE,,945,4,8,FALSE,R2,2,Defect almost failure,COMPLETED_CORRECTIVE_ACTION
N0000134,,PLT-RU-CAU-SLK,SLK-CAU-SLK-01,2023-04-15,3,Condition Monitoring,Causticizing - Condition Monitoring,Predictive Route,Oil condition test indicates degraded lubricant.,OIL_DEGRADATION,OIL_DEGRADATION,Lubrication,,CAU-LUBRICATION,Closed,,,,,,,,,MONITOR_CONDITION,Condition recorded; continue observation without corrective work.,Inspection only,Field inspection completed; no corrective maintenance performed.,TRUE,1.63,299.29,,Recovery & Utilities,Causticizing,SYS-RU-CAU-SLK,Slaking,Slaker,A,FALSE,TRUE,TRUE,FALSE,FALSE,,945,,,FALSE,R5,5,Defect,CLOSED_CONFIRMED_WITHOUT_ORDER
N0000135,WO0000074,PLT-RU-CAU-REA,M-CAU-REA-01,2023-04-16,2,Operator Report,Causticizing - Operations,,Insulation test trending below reference.,INSULATION_DEGRADATION,INSULATION_DEGRADATION,Electrical,,CAU-ELECTRICAL,Closed,2023-04-16,PM02,Completed,2023-05-29,2023-05-30,2023-05-29,2023-05-30,2,WORK_COMPLETED,Corrective scope executed and checked.,Component replacement,Component replacement performed; post-work functional check within tolerance.,TRUE,30.46,29336.14,,Recovery & Utilities,Causticizing,SYS-RU-CAU-REA,Causticizing Reactors,Motor,B,TRUE,FALSE,FALSE,FALSE,FALSE,,944,0,44,FALSE,R4,4,Defect almost failure,COMPLETED_CORRECTIVE_ACTION
N0000136,WO0000075,PLT-FL-DIG-CIR,M-DIG-CIR-01,2023-04-17,3,Maintenance Sensory Route,Digester - Maintenance Route A,Sensory Route,Insulation test trending below reference.,INSULATION_DEGRADATION,INSULATION_DEGRADATION,Condition Monitoring,,DIG-CONDITION_MONITORING,Closed,2023-04-18,PM02,Completed,2023-06-19,2023-06-19,2023-06-19,2023-06-19,2,MONITOR_CONDITION,Condition recorded; continue observation without corrective work.,Inspection only,Inspected and recorded readings; no component correction performed.,TRUE,1.76,298.23,,Fiber Line,Digester,SYS-FL-DIG-CIR,Cooking Circulation,Motor,A,TRUE,FALSE,FALSE,FALSE,FALSE,,943,1,63,FALSE,R5,5,Defect,MONITOR_CONDITION
N0000137,,PLT-FL-DIG-DIS,P-DIG-DIS-01,2023-04-18,3,Operator Report,Digester - Operations,,Leakage at shaft seal.,SEAL_LEAKAGE,SEAL_LEAKAGE,Mechanical,,DIG-MECHANICAL,Closed,,,,,,,,,NO_ACTION_REQUIRED,Notification dispositioned without corrective scope.,Inspection only,Field inspection completed; no corrective maintenance performed.,FALSE,1.98,318.68,,Fiber Line,Digester,SYS-FL-DIG-DIS,Digester Discharge,Pump,A,FALSE,TRUE,FALSE,TRUE,FALSE,,942,,,FALSE,R5,5,Defect,CLOSED_UNCONFIRMED_WITHOUT_ORDER
N0000138,,PLT-RU-EVA-CIR,P-EVA-CIR-01,2023-04-18,3,Condition Monitoring,Evaporation - Condition Monitoring,Predictive Route,Bearing temperature trending above baseline.,BEARING_TEMPERATURE,BEARING_TEMPERATURE,Mechanical,,EVA-MECHANICAL,Closed,,,,,,,,,NO_ACTION_REQUIRED,Notification dispositioned without corrective scope.,Inspection only,Field inspection completed; no corrective maintenance performed.,TRUE,1.68,276.32,,Recovery & Utilities,Evaporation,SYS-RU-EVA-CIR,Evaporator Circulation,Pump,B,FALSE,TRUE,TRUE,FALSE,TRUE,71,942,,,FALSE,R7,7,Defect,CLOSED_CONFIRMED_WITHOUT_ORDER
N0000139,,PLT-FL-DRY-LUB,PT-DRY-LUB-01,2023-04-18,2,Maintenance Sensory Route,Drying - Maintenance Route A,Sensory Route,Indicated value drifts from independent reference.,SIGNAL_DRIFT,SIGNAL_DRIFT,Instrumentation,,DRY-INSTRUMENTATION,Closed,,,,,,,,,MONITOR_CONDITION,Condition recorded; continue observation without corrective work.,Inspection only,Field inspection completed; no corrective maintenance performed.,TRUE,1.35,253.75,,Fiber Line,Drying,SYS-FL-DRY-LUB,Lubrication System,Pressure Transmitter,B,FALSE,TRUE,TRUE,FALSE,FALSE,,942,,,FALSE,R4,4,Defect almost failure,CLOSED_CONFIRMED_WITHOUT_ORDER
N0000140,WO0000076,PLT-RU-RB-STM,PV-RB-STM-01,2023-04-18,2,Maintenance Sensory Route,Recovery Boiler - Maintenance Route A,Sensory Route,Visible leakage at valve packing.,EXTERNAL_LEAKAGE,EXTERNAL_LEAKAGE,Instrumentation,,RB-INSTRUMENTATION,Closed,2023-04-23,PM02,Completed,2023-05-16,2023-05-16,2023-05-16,2023-05-16,1,WORK_COMPLETED,Corrective scope executed and checked.,Seal replacement,Seal replacement performed; post-work functional check within tolerance.,TRUE,5.98,3160.86,,Recovery & Utilities,Recovery Boiler,SYS-RU-RB-STM,Steam / Pressure Control,Control Valve,A,TRUE,FALSE,FALSE,FALSE,FALSE,,942,5,28,FALSE,R2,2,Defect almost failure,COMPLETED_CORRECTIVE_ACTION
N0000141,WO0000077,PLT-RU-UTL-BFW,M-UTL-BFW-01,2023-04-20,2,Operator Route,Utilities - Operations,Sensory Route,Motor temperature rising at normal load.,MOTOR_OVERHEATING,MOTOR_OVERHEATING,Electrical,,UTL-ELECTRICAL,Closed,2023-04-25,PM02,Completed,2023-06-01,2023-06-03,2023-06-01,2023-06-03,3,WORK_COMPLETED,Corrective scope executed and checked.,Cleaning,Cleaning performed; post-work functional check within tolerance.,TRUE,4.19,1234.92,,Recovery & Utilities,Utilities,SYS-RU-UTL-BFW,Boiler Feedwater,Motor,A,TRUE,FALSE,FALSE,FALSE,FALSE,,940,5,44,FALSE,R2,2,Defect almost failure,COMPLETED_CORRECTIVE_ACTION
N0000142,WO0000078,PLT-RU-EVA-BLF,P-EVA-BLF-01,2023-04-21,3,Maintenance Sensory Route,Evaporation - Maintenance Route A,Sensory Route,Bearing temperature trending above baseline.,BEARING_TEMPERATURE,BEARING_TEMPERATURE,Mechanical,,EVA-MECHANICAL,Closed,2023-04-22,PM02,Completed,2023-05-26,2023-05-26,2023-05-26,2023-05-26,1,WORK_COMPLETED,Corrective scope executed and checked.,Bearing replacement,Bearing replacement performed; post-work functional check within tolerance.,TRUE,16.70,11961.05,,Recovery & Utilities,Evaporation,SYS-RU-EVA-BLF,Black Liquor Feed,Pump,B,TRUE,FALSE,FALSE,FALSE,FALSE,,939,1,35,FALSE,R7,7,Defect,COMPLETED_CORRECTIVE_ACTION
N0000143,WO0000079,PLT-RU-UTL-CWT,M-UTL-CWT-01,2023-04-23,3,Planned Inspection,Utilities - Inspection,Planned Inspection,Motor temperature rising at normal load.,MOTOR_OVERHEATING,MOTOR_OVERHEATING,Electrical,,UTL-ELECTRICAL,Closed,2023-04-25,PM02,Completed,2023-09-01,2023-09-01,2023-09-01,2023-09-01,5,WORK_COMPLETED,Corrective scope executed and checked.,Cleaning,Cleaning performed; post-work functional check within tolerance.,TRUE,4.63,1366.27,,Recovery & Utilities,Utilities,SYS-RU-UTL-CWT,Cooling Water,Motor,A,TRUE,FALSE,FALSE,FALSE,FALSE,,937,2,131,FALSE,R5,5,Defect,COMPLETED_CORRECTIVE_ACTION
N0000144,,PLT-FL-DRY-HYD,P-DRY-HYD-01,2023-04-23,2,Operator Report,Drying - Operations,,Hydraulic pressure decays with no external leak.,HYD_INTERNAL_LEAKAGE,HYD_INTERNAL_LEAKAGE,Mechanical,,DRY-MECHANICAL,Closed,,,,,,,,,NO_ACTION_REQUIRED,Notification dispositioned without corrective scope.,Inspection only,Field inspection completed; no corrective maintenance performed.,TRUE,1.90,313.20,,Fiber Line,Drying,SYS-FL-DRY-HYD,Hydraulic System,Hydraulic Pump,A,FALSE,TRUE,TRUE,FALSE,FALSE,,937,,,FALSE,R2,2,Defect almost failure,CLOSED_CONFIRMED_WITHOUT_ORDER
N0000145,,PLT-FL-DIG-CIR,M-DIG-CIR-01,2023-04-24,3,Operator Route,Digester - Operations,Sensory Route,Localized heating at electrical connection.,TERMINAL_HEATING,TERMINAL_HEATING,Condition Monitoring,,DIG-CONDITION_MONITORING,Closed,,,,,,,,,NO_ACTION_REQUIRED,Notification dispositioned without corrective scope.,Inspection only,Field inspection completed; no corrective maintenance performed.,TRUE,1.08,204.21,,Fiber Line,Digester,SYS-FL-DIG-CIR,Cooking Circulation,Motor,A,FALSE,TRUE,TRUE,FALSE,FALSE,,936,,,FALSE,R5,5,Defect,CLOSED_CONFIRMED_WITHOUT_ORDER
N0000146,,PLT-FL-BLE-STW,DPIT-BLE-STW-01,2023-04-25,3,Operator Route,Bleaching - Operations,Sensory Route,Measured output outside calibration tolerance.,CALIBRATION_DEVIATION,CALIBRATION_DEVIATION,Instrumentation,,BLE-INSTRUMENTATION,Closed,,,,,,,,,MONITOR_CONDITION,Condition recorded; continue observation without corrective work.,Inspection only,Field inspection completed; no corrective maintenance performed.,TRUE,0.87,200.83,,Fiber Line,Bleaching,SYS-FL-BLE-STW,Stage Washing,Differential Pressure Transmitter,C,FALSE,TRUE,TRUE,FALSE,FALSE,,935,,,FALSE,R9,9,Defect,CLOSED_CONFIRMED_WITHOUT_ORDER
N0000147,WO0000080,PLT-FL-BLE-CHM,M-BLE-CHM-01,2023-04-25,2,Operator Route,Bleaching - Operations,Sensory Route,Motor bearing vibration above baseline.,MOTOR_BEARING_VIBRATION,MOTOR_BEARING_VIBRATION,Electrical,,BLE-ELECTRICAL,Closed,2023-04-25,PM02,Completed,2023-05-13,2023-05-15,2023-05-13,2023-05-15,0,WORK_COMPLETED,Corrective scope executed and checked.,Bearing replacement,Bearing replacement performed; post-work functional check within tolerance.,TRUE,17.84,11504.28,,Fiber Line,Bleaching,SYS-FL-BLE-CHM,Chemical Mixing,Motor,B,TRUE,FALSE,FALSE,FALSE,FALSE,,935,0,20,FALSE,R4,4,Defect almost failure,COMPLETED_CORRECTIVE_ACTION
N0000148,WO0000081,PLT-FL-BLE-TWR,M-BLE-TWR-01,2023-04-25,1,Maintenance Sensory Route,Bleaching - Maintenance Route A,Sensory Route,Motor bearing vibration above baseline.,MOTOR_BEARING_VIBRATION,MOTOR_BEARING_VIBRATION,Electrical,,BLE-ELECTRICAL,Closed,2023-04-29,CM01,Completed,2023-05-12,2023-05-12,2023-05-12,2023-05-12,1,WORK_COMPLETED,Corrective scope executed and checked.,Bearing replacement,Bearing replacement performed; post-work functional check within tolerance.,TRUE,18.74,12088.58,,Fiber Line,Bleaching,SYS-FL-BLE-TWR,Bleaching Towers,Motor,B,TRUE,FALSE,FALSE,FALSE,FALSE,,935,4,17,FALSE,R3,3,Fault,COMPLETED_CORRECTIVE_ACTION
N0000149,WO0000082,PLT-RU-CAU-LMH,P-CAU-LMH-01,2023-04-25,3,Operator Route,Causticizing - Operations,Sensory Route,Elevated vibration at pump bearing housing.,PUMP_BEARING_VIBRATION,PUMP_BEARING_VIBRATION,Mechanical,,CAU-MECHANICAL,Closed,2023-04-28,PM02,Completed,2023-05-31,2023-06-02,2023-05-31,2023-06-02,1,WORK_COMPLETED,Corrective scope executed and checked.,Bearing replacement,Bearing replacement performed; post-work functional check within tolerance.,TRUE,18.18,12864.72,,Recovery & Utilities,Causticizing,SYS-RU-CAU-LMH,Lime Mud Handling,Pump,B,TRUE,FALSE,FALSE,FALSE,FALSE,,935,3,38,FALSE,R7,7,Defect,COMPLETED_CORRECTIVE_ACTION
N0000150,,PLT-RU-CAU-SLK,SLK-CAU-SLK-01,2023-04-27,3,Planned Inspection,Causticizing - Inspection,Planned Inspection,Process differential pressure above normal operating range.,PROCESS_RESTRICTION,PROCESS_RESTRICTION,Mechanical,,CAU-MECHANICAL,Closed,,,,,,,,,NO_ACTION_REQUIRED,Notification dispositioned without corrective scope.,Inspection only,Field inspection completed; no corrective maintenance performed.,TRUE,0.64,152.62,,Recovery & Utilities,Causticizing,SYS-RU-CAU-SLK,Slaking,Slaker,A,FALSE,TRUE,TRUE,FALSE,TRUE,93,933,,,FALSE,R5,5,Defect,CLOSED_CONFIRMED_WITHOUT_ORDER
N0000151,WO0000083,PLT-FL-BLE-CHM,FT-BLE-CHM-01,2023-04-29,1,Maintenance Sensory Route,Bleaching - Maintenance Route A,Sensory Route,Intermittent signal dropout at stable process conditions.,INTERMITTENT_SIGNAL,INTERMITTENT_SIGNAL,Automation,,BLE-AUTOMATION,Closed,2023-04-30,CM01,Completed,2023-05-09,2023-05-11,2023-05-09,2023-05-11,1,WORK_COMPLETED,Corrective scope executed and checked.,Instrument replacement,Instrument replacement performed; post-work functional check within tolerance.,TRUE,7.84,6359.61,,Fiber Line,Bleaching,SYS-FL-BLE-CHM,Chemical Mixing,Flow Transmitter,B,TRUE,FALSE,FALSE,FALSE,FALSE,,931,1,12,FALSE,R3,3,Fault,COMPLETED_CORRECTIVE_ACTION
N0000152,,PLT-RU-RB-FWS,FV-RB-FWS-01,2023-04-29,1,Breakdown / Corrective,Recovery Boiler - Operations,,Visible leakage at valve packing.,EXTERNAL_LEAKAGE,EXTERNAL_LEAKAGE,Valves,,RB-VALVES,Closed,,,,,,,,,MONITOR_CONDITION,Condition recorded; continue observation without corrective work.,Inspection only,Field inspection completed; no corrective maintenance performed.,TRUE,1.20,224.63,,Recovery & Utilities,Recovery Boiler,SYS-RU-RB-FWS,Feedwater System,Control Valve,A,FALSE,TRUE,TRUE,FALSE,TRUE,32,931,,,FALSE,R1,1,Fault,CLOSED_CONFIRMED_WITHOUT_ORDER
N0000153,,PLT-FL-DIG-BLC,PT-DIG-BLC-01,2023-04-29,3,Operator Report,Digester - Operations,,Indicated value drifts from independent reference.,SIGNAL_DRIFT,SIGNAL_DRIFT,Instrumentation,,DIG-INSTRUMENTATION,Closed,,,,,,,,,NO_ACTION_REQUIRED,Notification dispositioned without corrective scope.,Inspection only,Field inspection completed; no corrective maintenance performed.,FALSE,1.54,299.14,,Fiber Line,Digester,SYS-FL-DIG-BLC,Blow / Pressure Control,Pressure Transmitter,A,FALSE,TRUE,FALSE,TRUE,FALSE,,931,,,FALSE,R5,5,Defect,CLOSED_UNCONFIRMED_WITHOUT_ORDER
N0000154,WO0000084,PLT-RU-RB-AIR,DV-RB-AIR-01,2023-04-30,3,Planned Inspection,Recovery Boiler - Inspection,Planned Inspection,Mechanism travel is uneven with elevated resistance.,MECHANICAL_BINDING,MECHANICAL_BINDING,Mechanical,,RB-MECHANICAL,Closed,2023-05-05,PM02,Completed,2023-06-18,2023-06-19,2023-06-18,2023-06-19,0,WORK_COMPLETED,Corrective scope executed and checked.,Adjustment,Adjustment performed; post-work functional check within tolerance.,TRUE,7.36,2631.38,,Recovery & Utilities,Recovery Boiler,SYS-RU-RB-AIR,Combustion Air,Damper,A,TRUE,FALSE,FALSE,FALSE,FALSE,,930,5,50,FALSE,R5,5,Defect,COMPLETED_CORRECTIVE_ACTION
N0000155,WO0000085,PLT-RU-EVA-VAC,VAC-EVA-VAC-01,2023-04-30,1,Maintenance Sensory Route,Evaporation - Maintenance Route A,Sensory Route,Process differential pressure above normal operating range.,PROCESS_RESTRICTION,PROCESS_RESTRICTION,Condition Monitoring,Instrumentation,EVA-INSTRUMENTATION,Closed,2023-05-01,CM01,Completed,2023-05-02,2023-05-03,2023-05-02,2023-05-03,0,WORK_COMPLETED,Corrective scope executed and checked.,Cleaning,Cleaning performed; post-work functional check within tolerance.,TRUE,7.13,2246.46,,Recovery & Utilities,Evaporation,SYS-RU-EVA-VAC,Vacuum System,Vacuum System,B,TRUE,FALSE,FALSE,FALSE,FALSE,,930,1,3,FALSE,R3,3,Fault,COMPLETED_CORRECTIVE_ACTION
N0000156,WO0000086,PLT-RU-UTL-PWT,FT-UTL-PWT-01,2023-05-01,3,Operator Route,Utilities - Operations,Sensory Route,Measured output outside calibration tolerance.,CALIBRATION_DEVIATION,CALIBRATION_DEVIATION,Instrumentation,,UTL-INSTRUMENTATION,Closed,2023-05-02,PM02,Completed,2023-06-06,2023-06-06,2023-06-06,2023-06-06,0,WORK_COMPLETED,Corrective scope executed and checked.,Calibration,Calibration performed; post-work functional check within tolerance.,TRUE,3.98,1173.99,,Recovery & Utilities,Utilities,SYS-RU-UTL-PWT,Process Water,Flow Transmitter,B,TRUE,FALSE,FALSE,FALSE,FALSE,,929,1,36,FALSE,R7,7,Defect,COMPLETED_CORRECTIVE_ACTION
N0000157,,PLT-RU-CAU-WLC,FV-CAU-WLC-01,2023-05-01,2,Planned Inspection,Causticizing - Inspection,Planned Inspection,Valve travel sticks during small command changes.,VALVE_STICTION,VALVE_STICTION,Valves,,CAU-VALVES,Closed,,,,,,,,,NO_ACTION_REQUIRED,Notification dispositioned without corrective scope.,Inspection only,Field inspection completed; no corrective maintenance performed.,TRUE,1.01,241.42,,Recovery & Utilities,Causticizing,SYS-RU-CAU-WLC,White Liquor Clarification,Control Valve,A,FALSE,TRUE,TRUE,FALSE,TRUE,90,929,,,FALSE,R2,2,Defect almost failure,CLOSED_CONFIRMED_WITHOUT_ORDER
N0000158,WO0000087,PLT-FL-DRY-HYD,HPU-DRY-HYD-01,2023-05-01,2,Planned Inspection,Drying - Inspection,Planned Inspection,Hydraulic header pressure oscillates under steady demand.,HYD_PRESS_INSTABILITY,HYD_PRESS_INSTABILITY,Instrumentation,Hydraulics,DRY-HYDRAULICS,Closed,2023-05-05,PM02,Completed,2023-06-11,2023-06-13,2023-06-11,2023-06-13,2,MONITOR_CONDITION,Condition recorded; continue observation without corrective work.,Inspection only,Inspected and recorded readings; no component correction performed.,TRUE,1.78,314.36,,Fiber Line,Drying,SYS-FL-DRY-HYD,Hydraulic System,Hydraulic Power Unit,A,TRUE,FALSE,FALSE,FALSE,TRUE,90,929,4,43,FALSE,R2,2,Defect almost failure,MONITOR_CONDITION
N0000159,WO0000088,PLT-FL-DIG-CIR,P-DIG-CIR-01,2023-05-01,2,Planned Inspection,Digester - Inspection,Planned Inspection,Elevated vibration at pump bearing housing.,PUMP_BEARING_VIBRATION,PUMP_BEARING_VIBRATION,Mechanical,,DIG-MECHANICAL,Closed,2023-05-06,PM02,Cancelled,2023-06-23,2023-06-24,,,2,CANCELLED,Order cancelled after scope review; no execution recorded.,,,TRUE,1.08,253.57,,Fiber Line,Digester,SYS-FL-DIG-CIR,Cooking Circulation,Pump,A,TRUE,FALSE,FALSE,FALSE,TRUE,90,929,5,,FALSE,R2,2,Defect almost failure,CANCELLED
N0000160,WO0000089,PLT-FL-DRY-SHT,M-DRY-SHT-01,2023-05-02,3,Maintenance Sensory Route,Drying - Maintenance Route A,Sensory Route,Insulation test trending below reference.,INSULATION_DEGRADATION,INSULATION_DEGRADATION,Electrical,,DRY-ELECTRICAL,Closed,2023-05-04,PM02,Completed,2023-06-12,2023-06-14,2023-06-12,2023-06-14,0,WORK_COMPLETED,Corrective scope executed and checked.,Component replacement,Component replacement performed; post-work functional check within tolerance.,TRUE,20.44,19690.37,,Fiber Line,Drying,SYS-FL-DRY-SHT,Sheet Handling / Cutter,Motor,B,TRUE,FALSE,FALSE,FALSE,FALSE,,928,2,43,FALSE,R7,7,Defect,COMPLETED_CORRECTIVE_ACTION
N0000161,,PLT-RU-EVA-CIR,M-EVA-CIR-01,2023-05-02,3,Process Alarm,Evaporation - Control Room,Process / Control Monitoring,Motor bearing vibration above baseline.,MOTOR_BEARING_VIBRATION,MOTOR_BEARING_VIBRATION,Electrical,,EVA-ELECTRICAL,Closed,,,,,,,,,NO_ACTION_REQUIRED,Notification dispositioned without corrective scope.,Inspection only,Field inspection completed; no corrective maintenance performed.,TRUE,1.02,203.86,,Recovery & Utilities,Evaporation,SYS-RU-EVA-CIR,Evaporator Circulation,Motor,B,FALSE,TRUE,TRUE,FALSE,FALSE,,928,,,FALSE,R7,7,Defect,CLOSED_CONFIRMED_WITHOUT_ORDER
N0000162,WO0000090,PLT-RU-RB-FWS,P-RB-FWS-01,2023-05-02,2,Process Alarm,Recovery Boiler - Control Room,Process / Control Monitoring,Delivered flow below expected operating range.,LOW_FLOW,LOW_FLOW,Mechanical,,RB-MECHANICAL,Closed,2023-05-05,PM02,Completed,2023-07-05,2023-07-07,2023-07-05,2023-07-07,3,WORK_COMPLETED,Corrective scope executed and checked.,Cleaning,Cleaning performed; post-work functional check within tolerance.,TRUE,5.35,1577.65,,Recovery & Utilities,Recovery Boiler,SYS-RU-RB-FWS,Feedwater System,Pump,A,TRUE,FALSE,FALSE,FALSE,FALSE,,928,3,66,FALSE,R2,2,Defect almost failure,COMPLETED_CORRECTIVE_ACTION
N0000163,WO0000091,PLT-FL-DRY-LUB,M-DRY-LUB-01,2023-05-03,3,Planned Inspection,Drying - Inspection,Planned Inspection,Localized heating at electrical connection.,TERMINAL_HEATING,TERMINAL_HEATING,Electrical,,DRY-ELECTRICAL,Closed,2023-05-03,PM02,Completed,2023-06-07,2023-06-07,2023-06-07,2023-06-07,1,WORK_COMPLETED,Corrective scope executed and checked.,Tightening,Tightening performed; post-work functional check within tolerance.,TRUE,3.00,734.56,,Fiber Line,Drying,SYS-FL-DRY-LUB,Lubrication System,Motor,C,TRUE,FALSE,FALSE,FALSE,FALSE,,927,0,35,FALSE,R9,9,Defect,COMPLETED_CORRECTIVE_ACTION
N0000164,WO0000092,PLT-RU-LIM-BRN,FT-LIM-BRN-01,2023-05-04,2,Maintenance Sensory Route,Lime Kiln - Maintenance Route A,Sensory Route,Indicated value drifts from independent reference.,SIGNAL_DRIFT,SIGNAL_DRIFT,Instrumentation,,LIM-INSTRUMENTATION,Closed,2023-05-06,PM02,Completed,2023-06-01,2023-06-03,2023-06-01,2023-06-03,1,WORK_COMPLETED,Corrective scope executed and checked.,Calibration,Calibration performed; post-work functional check within tolerance.,TRUE,3.43,1011.58,,Recovery & Utilities,Lime Kiln,SYS-RU-LIM-BRN,Burner System,Flow Transmitter,B,TRUE,FALSE,FALSE,FALSE,FALSE,,926,2,30,FALSE,R4,4,Defect almost failure,COMPLETED_CORRECTIVE_ACTION
N0000165,,PLT-RU-RB-STM,PSHH-RB-STM-01,2023-05-06,2,Maintenance Sensory Route,Recovery Boiler - Maintenance Route A,Sensory Route,Measured output outside calibration tolerance.,CALIBRATION_DEVIATION,CALIBRATION_DEVIATION,Instrumentation,,RB-INSTRUMENTATION,Closed,,,,,,,,,NO_ACTION_REQUIRED,Notification dispositioned without corrective scope.,Inspection only,Field inspection completed; no corrective maintenance performed.,FALSE,0.91,172.41,,Recovery & Utilities,Recovery Boiler,SYS-RU-RB-STM,Steam / Pressure Control,Pressure Switch,A,FALSE,TRUE,FALSE,TRUE,FALSE,,924,,,FALSE,R2,2,Defect almost failure,CLOSED_UNCONFIRMED_WITHOUT_ORDER
N0000166,WO0000093,PLT-RU-EVA-BLF,M-EVA-BLF-01,2023-05-11,2,Maintenance Sensory Route,Evaporation - Maintenance Route A,Sensory Route,Motor temperature rising at normal load.,MOTOR_OVERHEATING,MOTOR_OVERHEATING,Electrical,,EVA-ELECTRICAL,Closed,2023-05-11,PM02,Completed,2023-05-14,2023-05-14,2023-05-14,2023-05-14,0,WORK_COMPLETED,Corrective scope executed and checked.,Cleaning,Cleaning performed; post-work functional check within tolerance.,TRUE,7.32,2160.47,,Recovery & Utilities,Evaporation,SYS-RU-EVA-BLF,Black Liquor Feed,Motor,B,TRUE,FALSE,FALSE,FALSE,FALSE,,919,0,3,FALSE,R4,4,Defect almost failure,COMPLETED_CORRECTIVE_ACTION
N0000167,WO0000094,PLT-FL-BLE-CHM,AG-BLE-CHM-01,2023-05-12,3,Process Alarm,Bleaching - Control Room,Process / Control Monitoring,Rotating assembly shows dominant once-per-revolution vibration.,IMBALANCE,IMBALANCE,Mechanical,,BLE-MECHANICAL,Closed,2023-05-14,PM02,Completed,2023-09-14,2023-09-16,2023-09-14,2023-09-16,6,WORK_COMPLETED,Corrective scope executed and checked.,Adjustment,Adjustment performed; post-work functional check within tolerance.,TRUE,14.16,7010.23,,Fiber Line,Bleaching,SYS-FL-BLE-CHM,Chemical Mixing,Agitator,B,TRUE,FALSE,FALSE,FALSE,FALSE,,918,2,127,FALSE,R7,7,Defect,COMPLETED_CORRECTIVE_ACTION
N0000168,WO0000095,PLT-RU-CAU-SLK,FV-CAU-SLK-01,2023-05-13,3,Maintenance Sensory Route,Causticizing - Maintenance Route A,Sensory Route,Visible leakage at valve packing.,EXTERNAL_LEAKAGE,EXTERNAL_LEAKAGE,Instrumentation,,CAU-INSTRUMENTATION,Closed,2023-05-17,PM02,Cancelled,2023-07-30,2023-07-30,,,2,CANCELLED,Order cancelled after scope review; no execution recorded.,,,TRUE,1.74,350.11,,Recovery & Utilities,Causticizing,SYS-RU-CAU-SLK,Slaking,Control Valve,B,TRUE,FALSE,FALSE,FALSE,FALSE,,917,4,,FALSE,R7,7,Defect,CANCELLED
N0000169,WO0000096,PLT-FL-WSH-KNR,SCR-WSH-KNR-01,2023-05-13,2,Maintenance Sensory Route,Washing & Screening - Maintenance Route A,Sensory Route,Mechanism travel is uneven with elevated resistance.,MECHANICAL_BINDING,MECHANICAL_BINDING,Mechanical,,WSH-MECHANICAL,Closed,2023-05-17,PM02,Completed,2023-07-19,2023-07-19,2023-07-19,2023-07-19,3,WORK_COMPLETED,Corrective scope executed and checked.,Adjustment,Adjustment performed; post-work functional check within tolerance.,TRUE,6.13,2193.23,,Fiber Line,Washing & Screening,SYS-FL-WSH-KNR,Knot Removal,Separator,B,TRUE,FALSE,FALSE,FALSE,FALSE,,917,4,67,FALSE,R4,4,Defect almost failure,COMPLETED_CORRECTIVE_ACTION
N0000170,WO0000097,PLT-FL-DRY-PMF,M-DRY-PMF-01,2023-05-14,3,Maintenance Sensory Route,Drying - Maintenance Route A,Sensory Route,Oil sample shows elevated contamination.,OIL_CONTAMINATION,OIL_CONTAMINATION,Lubrication,,DRY-LUBRICATION,Closed,2023-05-19,PM02,Completed,2023-08-07,2023-08-08,2023-08-07,2023-08-08,3,WORK_COMPLETED,Corrective scope executed and checked.,Lubrication,Lubrication performed; post-work functional check within tolerance.,TRUE,4.26,2181.82,,Fiber Line,Drying,SYS-FL-DRY-PMF,Pulp Machine Feed,Motor,A,TRUE,FALSE,FALSE,FALSE,FALSE,,916,5,86,FALSE,R5,5,Defect,COMPLETED_CORRECTIVE_ACTION
N0000171,WO0000098,PLT-FL-BLE-CHM,P-BLE-CHM-01,2023-05-14,2,Maintenance Sensory Route,Bleaching - Maintenance Route A,Sensory Route,Leakage at shaft seal.,SEAL_LEAKAGE,SEAL_LEAKAGE,Mechanical,,BLE-MECHANICAL,Closed,2023-05-17,PM02,Completed,2023-05-28,2023-05-29,2023-05-28,2023-05-29,0,WORK_COMPLETED,Corrective scope executed and checked.,Seal replacement,Seal replacement performed; post-work functional check within tolerance.,TRUE,11.29,8408.18,,Fiber Line,Bleaching,SYS-FL-BLE-CHM,Chemical Mixing,Pump,B,TRUE,FALSE,FALSE,FALSE,FALSE,,916,3,15,FALSE,R4,4,Defect almost failure,COMPLETED_CORRECTIVE_ACTION
N0000172,WO0000099,PLT-FL-DRY-LUB,P-DRY-LUB-01,2023-05-14,2,Condition Monitoring,Drying - Condition Monitoring,Predictive Route,Lubrication supply pressure below normal range.,LOW_LUBE_PRESSURE,LOW_LUBE_PRESSURE,Mechanical,,DRY-MECHANICAL,Closed,2023-05-15,PM02,Completed,2023-06-04,2023-06-06,2023-06-04,2023-06-06,1,WORK_COMPLETED,Corrective scope executed and checked.,Cleaning,Cleaning performed; post-work functional check within tolerance.,TRUE,4.97,1631.49,,Fiber Line,Drying,SYS-FL-DRY-LUB,Lubrication System,Lubrication Pump,B,TRUE,FALSE,FALSE,FALSE,FALSE,,916,1,23,FALSE,R4,4,Defect almost failure,COMPLETED_CORRECTIVE_ACTION
N0000173,WO0000100,PLT-RU-RB-AIR,FT-RB-AIR-01,2023-05-15,2,Maintenance Sensory Route,Recovery Boiler - Maintenance Route A,Sensory Route,Control sequence response differs from approved logic.,CONTROL_SEQUENCE_DEVIATION,CONTROL_SEQUENCE_DEVIATION,Automation,Instrumentation,RB-INSTRUMENTATION,Closed,2023-05-17,PM02,Completed,2023-06-02,2023-06-03,2023-06-02,2023-06-03,0,WORK_COMPLETED,Corrective scope executed and checked.,Control logic correction,Control logic correction performed; post-work functional check within tolerance.,TRUE,9.82,2898.09,,Recovery & Utilities,Recovery Boiler,SYS-RU-RB-AIR,Combustion Air,Flow Transmitter,B,TRUE,FALSE,FALSE,FALSE,FALSE,,915,2,19,FALSE,R4,4,Defect almost failure,COMPLETED_CORRECTIVE_ACTION
N0000174,WO0000101,PLT-RU-UTL-PWT,M-UTL-PWT-01,2023-05-15,3,Planned Inspection,Utilities - Inspection,Planned Inspection,Insulation test trending below reference.,INSULATION_DEGRADATION,INSULATION_DEGRADATION,Electrical,,UTL-ELECTRICAL,Closed,2023-05-15,PM02,Completed,2023-06-10,2023-06-12,2023-06-10,2023-06-12,0,WORK_COMPLETED,Corrective scope executed and checked.,Component replacement,Component replacement performed; post-work functional check within tolerance.,TRUE,31.27,30119.85,,Recovery & Utilities,Utilities,SYS-RU-UTL-PWT,Process Water,Motor,B,TRUE,FALSE,FALSE,FALSE,FALSE,,915,0,28,FALSE,R7,7,Defect,COMPLETED_CORRECTIVE_ACTION
N0000175,,PLT-FL-BLE-TWR,PV-BLE-TWR-01,2023-05-15,2,Maintenance Sensory Route,Bleaching - Maintenance Route A,Sensory Route,Visible leakage at valve packing.,EXTERNAL_LEAKAGE,EXTERNAL_LEAKAGE,Valves,,BLE-VALVES,Closed,,,,,,,,,MONITOR_CONDITION,Condition recorded; continue observation without corrective work.,Inspection only,Field inspection completed; no corrective maintenance performed.,TRUE,1.51,287.23,,Fiber Line,Bleaching,SYS-FL-BLE-TWR,Bleaching Towers,Control Valve,B,FALSE,TRUE,TRUE,FALSE,FALSE,,915,,,FALSE,R4,4,Defect almost failure,CLOSED_CONFIRMED_WITHOUT_ORDER
N0000176,WO0000102,PLT-RU-EVA-CIR,PV-EVA-CIR-01,2023-05-15,3,Operator Route,Evaporation - Operations,Sensory Route,Visible leakage at valve packing.,EXTERNAL_LEAKAGE,EXTERNAL_LEAKAGE,Instrumentation,,EVA-INSTRUMENTATION,Closed,2023-05-18,PM02,Completed,2023-06-22,2023-06-22,2023-06-22,2023-06-22,1,WORK_COMPLETED,Corrective scope executed and checked.,Seal replacement,Seal replacement performed; post-work functional check within tolerance.,TRUE,8.06,4260.30,,Recovery & Utilities,Evaporation,SYS-RU-EVA-CIR,Evaporator Circulation,Control Valve,B,TRUE,FALSE,FALSE,FALSE,FALSE,,915,3,38,FALSE,R7,7,Defect,COMPLETED_CORRECTIVE_ACTION
N0000177,WO0000103,PLT-FL-DIG-CHP,M-DIG-CHP-01,2023-05-17,2,Operator Route,Digester - Operations,Sensory Route,Localized heating at electrical connection.,TERMINAL_HEATING,TERMINAL_HEATING,Electrical,,DIG-ELECTRICAL,Closed,2023-05-18,PM02,Completed,2023-06-29,2023-07-01,2023-06-29,2023-07-01,3,WORK_COMPLETED,Corrective scope executed and checked.,Tightening,Tightening performed; post-work functional check within tolerance.,TRUE,2.96,724.97,,Fiber Line,Digester,SYS-FL-DIG-CHP,Chip Feeding,Motor,A,TRUE,FALSE,FALSE,FALSE,FALSE,,913,1,45,FALSE,R2,2,Defect almost failure,COMPLETED_CORRECTIVE_ACTION
N0000178,WO0000104,PLT-RU-CAU-LMH,LT-CAU-LMH-01,2023-05-19,3,Maintenance Sensory Route,Causticizing - Maintenance Route A,Sensory Route,Intermittent signal dropout at stable process conditions.,INTERMITTENT_SIGNAL,INTERMITTENT_SIGNAL,Automation,,CAU-AUTOMATION,Closed,2023-05-21,PM02,Completed,2023-09-20,2023-09-22,2023-09-20,2023-09-22,6,WORK_COMPLETED,Corrective scope executed and checked.,Instrument replacement,Instrument replacement performed; post-work functional check within tolerance.,TRUE,7.39,6000.21,,Recovery & Utilities,Causticizing,SYS-RU-CAU-LMH,Lime Mud Handling,Level Transmitter,C,TRUE,FALSE,FALSE,FALSE,FALSE,,911,2,126,FALSE,R9,9,Defect,COMPLETED_CORRECTIVE_ACTION
N0000179,WO0000105,PLT-RU-EVA-CIR,M-EVA-CIR-01,2023-05-20,2,Condition Monitoring,Evaporation - Condition Monitoring,Predictive Route,Insulation test trending below reference.,INSULATION_DEGRADATION,INSULATION_DEGRADATION,Electrical,,EVA-ELECTRICAL,Closed,2023-05-25,PM02,Completed,2023-06-23,2023-06-25,2023-06-23,2023-06-25,2,WORK_COMPLETED,Corrective scope executed and checked.,Component replacement,Component replacement performed; post-work functional check within tolerance.,TRUE,21.59,20796.20,,Recovery & Utilities,Evaporation,SYS-RU-EVA-CIR,Evaporator Circulation,Motor,B,TRUE,FALSE,FALSE,FALSE,FALSE,,910,5,36,FALSE,R4,4,Defect almost failure,COMPLETED_CORRECTIVE_ACTION
N0000180,,PLT-FL-DRY-HYD,PT-DRY-HYD-01,2023-05-20,3,Maintenance Sensory Route,Drying - Maintenance Route A,Sensory Route,Measured output outside calibration tolerance.,CALIBRATION_DEVIATION,CALIBRATION_DEVIATION,Instrumentation,,DRY-INSTRUMENTATION,Closed,,,,,,,,,MONITOR_CONDITION,Condition recorded; continue observation without corrective work.,Inspection only,Field inspection completed; no corrective maintenance performed.,TRUE,1.80,302.77,,Fiber Line,Drying,SYS-FL-DRY-HYD,Hydraulic System,Pressure Transmitter,B,FALSE,TRUE,TRUE,FALSE,FALSE,,910,,,FALSE,R7,7,Defect,CLOSED_CONFIRMED_WITHOUT_ORDER
N0000181,WO0000106,PLT-RU-EVA-BLF,P-EVA-BLF-01,2023-05-21,3,Condition Monitoring,Evaporation - Condition Monitoring,Predictive Route,Crackling noise and unstable suction pressure.,CAVITATION,CAVITATION,Mechanical,,EVA-MECHANICAL,Closed,2023-05-23,PM02,Completed,2023-06-23,2023-06-24,2023-06-23,2023-06-24,1,WORK_COMPLETED,Corrective scope executed and checked.,Cleaning,Cleaning performed; post-work functional check within tolerance.,TRUE,4.50,1192.08,,Recovery & Utilities,Evaporation,SYS-RU-EVA-BLF,Black Liquor Feed,Pump,B,TRUE,FALSE,FALSE,FALSE,FALSE,,909,2,34,FALSE,R7,7,Defect,COMPLETED_CORRECTIVE_ACTION
N0000182,,PLT-FL-DRY-DRS,M-DRY-DRS-01,2023-05-22,2,Maintenance Sensory Route,Drying - Maintenance Route A,Sensory Route,Insulation test trending below reference.,INSULATION_DEGRADATION,INSULATION_DEGRADATION,Electrical,,DRY-ELECTRICAL,Closed,,,,,,,,,NO_DEFECT_FOUND,Inspection could not confirm the reported abnormality.,Inspection only,Field inspection completed; no corrective maintenance performed.,FALSE,1.48,301.30,,Fiber Line,Drying,SYS-FL-DRY-DRS,Dryer Section,Motor,A,FALSE,TRUE,FALSE,TRUE,FALSE,,908,,,FALSE,R2,2,Defect almost failure,CLOSED_UNCONFIRMED_WITHOUT_ORDER
N0000183,,PLT-RU-CAU-SLK,TT-CAU-SLK-01,2023-05-22,1,Maintenance Sensory Route,Causticizing - Maintenance Route A,Sensory Route,Measured output outside calibration tolerance.,CALIBRATION_DEVIATION,CALIBRATION_DEVIATION,Instrumentation,,CAU-INSTRUMENTATION,Closed,,,,,,,,,NO_DEFECT_FOUND,Inspection could not confirm the reported abnormality.,Inspection only,Field inspection completed; no corrective maintenance performed.,FALSE,0.63,152.34,,Recovery & Utilities,Causticizing,SYS-RU-CAU-SLK,Slaking,Temperature Transmitter,B,FALSE,TRUE,FALSE,TRUE,FALSE,,908,,,FALSE,R3,3,Fault,CLOSED_UNCONFIRMED_WITHOUT_ORDER
N0000184,WO0000107,PLT-RU-CAU-GLH,M-CAU-GLH-01,2023-05-24,3,Process Alarm,Causticizing - Control Room,Process / Control Monitoring,Motor bearing vibration above baseline.,MOTOR_BEARING_VIBRATION,MOTOR_BEARING_VIBRATION,Electrical,,CAU-ELECTRICAL,Closed,2023-05-27,PM02,Completed,2023-07-08,2023-07-08,2023-07-08,2023-07-08,1,WORK_COMPLETED,Corrective scope executed and checked.,Bearing replacement,Bearing replacement performed; post-work functional check within tolerance.,TRUE,19.96,12872.35,,Recovery & Utilities,Causticizing,SYS-RU-CAU-GLH,Green Liquor Handling,Motor,B,TRUE,FALSE,FALSE,FALSE,FALSE,,906,3,45,FALSE,R7,7,Defect,COMPLETED_CORRECTIVE_ACTION
N0000185,WO0000108,PLT-FL-BLE-CHM,AG-BLE-CHM-01,2023-05-25,3,Maintenance Sensory Route,Bleaching - Maintenance Route A,Sensory Route,Bearing temperature trending above baseline.,BEARING_TEMPERATURE,BEARING_TEMPERATURE,Mechanical,,BLE-MECHANICAL,Closed,2023-05-27,PM02,Completed,2023-07-05,2023-07-06,2023-07-05,2023-07-06,1,WORK_COMPLETED,Corrective scope executed and checked.,Bearing replacement,Bearing replacement performed; post-work functional check within tolerance.,TRUE,13.10,9383.68,,Fiber Line,Bleaching,SYS-FL-BLE-CHM,Chemical Mixing,Agitator,B,TRUE,FALSE,FALSE,FALSE,TRUE,99,905,2,42,FALSE,R7,7,Defect,COMPLETED_CORRECTIVE_ACTION
N0000186,WO0000109,PLT-RU-UTL-PWT,P-UTL-PWT-01,2023-05-25,3,Planned Inspection,Utilities - Inspection,Planned Inspection,Bearing temperature trending above baseline.,BEARING_TEMPERATURE,BEARING_TEMPERATURE,Mechanical,,UTL-MECHANICAL,Closed,2023-05-26,PM02,Completed,2023-06-13,2023-06-14,2023-06-13,2023-06-14,0,WORK_COMPLETED,Corrective scope executed and checked.,Bearing replacement,Bearing replacement performed; post-work functional check within tolerance.,TRUE,18.52,13268.67,,Recovery & Utilities,Utilities,SYS-RU-UTL-PWT,Process Water,Pump,B,TRUE,FALSE,FALSE,FALSE,FALSE,,905,1,20,FALSE,R7,7,Defect,COMPLETED_CORRECTIVE_ACTION
N0000187,WO0000110,PLT-RU-RB-BLF,M-RB-BLF-01,2023-05-27,1,Condition Monitoring,Recovery Boiler - Condition Monitoring,Predictive Route,Motor temperature rising at normal load.,MOTOR_OVERHEATING,MOTOR_OVERHEATING,Electrical,,RB-ELECTRICAL,Closed,2023-05-31,CM01,Completed,2023-05-31,2023-05-31,2023-05-31,2023-05-31,0,MONITOR_CONDITION,Condition recorded; continue observation without corrective work.,Inspection only,Inspected and recorded readings; no component correction performed.,TRUE,0.42,149.58,,Recovery & Utilities,Recovery Boiler,SYS-RU-RB-BLF,Black Liquor Firing,Motor,A,TRUE,FALSE,FALSE,FALSE,FALSE,,903,4,4,FALSE,R1,1,Fault,MONITOR_CONDITION
N0000188,,PLT-FL-DIG-BLC,PV-DIG-BLC-01,2023-05-27,2,Maintenance Sensory Route,Digester - Maintenance Route A,Sensory Route,Visible leakage at valve packing.,EXTERNAL_LEAKAGE,EXTERNAL_LEAKAGE,Instrumentation,,DIG-INSTRUMENTATION,Closed,,,,,,,,,MONITOR_CONDITION,Condition recorded; continue observation without corrective work.,Inspection only,Field inspection completed; no corrective maintenance performed.,TRUE,1.35,232.96,,Fiber Line,Digester,SYS-FL-DIG-BLC,Blow / Pressure Control,Control Valve,A,FALSE,TRUE,TRUE,FALSE,FALSE,,903,,,FALSE,R2,2,Defect almost failure,CLOSED_CONFIRMED_WITHOUT_ORDER
N0000189,WO0000111,PLT-RU-UTL-AIR,M-UTL-AIR-01,2023-05-29,2,Planned Inspection,Utilities - Inspection,Planned Inspection,Motor temperature rising at normal load.,MOTOR_OVERHEATING,MOTOR_OVERHEATING,Electrical,,UTL-ELECTRICAL,Closed,2023-05-31,PM02,Completed,2023-06-15,2023-06-15,2023-06-15,2023-06-15,0,WORK_COMPLETED,Corrective scope executed and checked.,Cleaning,Cleaning performed; post-work functional check within tolerance.,TRUE,8.63,2546.96,,Recovery & Utilities,Utilities,SYS-RU-UTL-AIR,Compressed Air,Motor,A,TRUE,FALSE,FALSE,FALSE,FALSE,,901,2,17,FALSE,R2,2,Defect almost failure,COMPLETED_CORRECTIVE_ACTION
N0000190,,PLT-RU-UTL-STM,TT-UTL-STM-01,2023-05-29,3,Maintenance Sensory Route,Utilities - Maintenance Route A,Sensory Route,Intermittent signal dropout at stable process conditions.,INTERMITTENT_SIGNAL,INTERMITTENT_SIGNAL,Instrumentation,,UTL-INSTRUMENTATION,Closed,,,,,,,,,MONITOR_CONDITION,Condition recorded; continue observation without corrective work.,Inspection only,Field inspection completed; no corrective maintenance performed.,TRUE,1.52,254.36,,Recovery & Utilities,Utilities,SYS-RU-UTL-STM,Steam Distribution,Temperature Transmitter,B,FALSE,TRUE,TRUE,FALSE,FALSE,,901,,,FALSE,R7,7,Defect,CLOSED_CONFIRMED_WITHOUT_ORDER
N0000191,WO0000112,PLT-RU-CAU-LMH,FV-CAU-LMH-01,2023-06-03,3,Operator Report,Causticizing - Operations,,Visible leakage at valve packing.,EXTERNAL_LEAKAGE,EXTERNAL_LEAKAGE,Instrumentation,,CAU-INSTRUMENTATION,Closed,2023-06-05,PM02,Completed,2023-06-22,2023-06-23,2023-06-22,2023-06-23,0,WORK_COMPLETED,Corrective scope executed and checked.,Seal replacement,Seal replacement performed; post-work functional check within tolerance.,TRUE,4.25,2247.78,,Recovery & Utilities,Causticizing,SYS-RU-CAU-LMH,Lime Mud Handling,Control Valve,B,TRUE,FALSE,FALSE,FALSE,FALSE,,896,2,20,FALSE,R7,7,Defect,COMPLETED_CORRECTIVE_ACTION
N0000192,,PLT-RU-EVA-BLF,FV-EVA-BLF-01,2023-06-04,3,Maintenance Sensory Route,Evaporation - Maintenance Route A,Sensory Route,Valve feedback differs from demanded position.,POSITIONER_DEVIATION,POSITIONER_DEVIATION,Valves,,EVA-VALVES,Closed,,,,,,,,,MONITOR_CONDITION,Condition recorded; continue observation without corrective work.,Inspection only,Field inspection completed; no corrective maintenance performed.,TRUE,1.62,292.39,,Recovery & Utilities,Evaporation,SYS-RU-EVA-BLF,Black Liquor Feed,Control Valve,B,FALSE,TRUE,TRUE,FALSE,FALSE,,895,,,FALSE,R7,7,Defect,CLOSED_CONFIRMED_WITHOUT_ORDER
N0000193,,PLT-FL-WSH-SCR,SCR-WSH-SCR-01,2023-06-04,3,Maintenance Sensory Route,Washing & Screening - Maintenance Route A,Sensory Route,Process differential pressure above normal operating range.,PROCESS_RESTRICTION,PROCESS_RESTRICTION,Mechanical,,WSH-MECHANICAL,Closed,,,,,,,,,NO_ACTION_REQUIRED,Notification dispositioned without corrective scope.,Inspection only,Field inspection completed; no corrective maintenance performed.,TRUE,1.25,226.44,,Fiber Line,Washing & Screening,SYS-FL-WSH-SCR,Screening,Screen,B,FALSE,TRUE,TRUE,FALSE,FALSE,,895,,,FALSE,R7,7,Defect,CLOSED_CONFIRMED_WITHOUT_ORDER
N0000194,,PLT-FL-WSH-FIL,FV-WSH-FIL-01,2023-06-05,2,Maintenance Sensory Route,Washing & Screening - Maintenance Route A,Sensory Route,Visible leakage at valve packing.,EXTERNAL_LEAKAGE,EXTERNAL_LEAKAGE,Valves,,WSH-VALVES,Closed,,,,,,,,,MONITOR_CONDITION,Condition recorded; continue observation without corrective work.,Inspection only,Field inspection completed; no corrective maintenance performed.,TRUE,1.91,322.31,,Fiber Line,Washing & Screening,SYS-FL-WSH-FIL,Filtrate System,Control Valve,C,FALSE,TRUE,TRUE,FALSE,FALSE,,894,,,FALSE,R8,8,Defect almost failure,CLOSED_CONFIRMED_WITHOUT_ORDER
N0000195,,PLT-FL-BLE-TWR,PV-BLE-TWR-01,2023-06-06,2,Planned Inspection,Bleaching - Inspection,Planned Inspection,Visible leakage at valve packing.,EXTERNAL_LEAKAGE,EXTERNAL_LEAKAGE,Valves,,BLE-VALVES,Closed,,,,,,,,,MONITOR_CONDITION,Condition recorded; continue observation without corrective work.,Inspection only,Field inspection completed; no corrective maintenance performed.,TRUE,1.42,245.38,,Fiber Line,Bleaching,SYS-FL-BLE-TWR,Bleaching Towers,Control Valve,B,FALSE,TRUE,TRUE,FALSE,TRUE,22,893,,,FALSE,R4,4,Defect almost failure,CLOSED_CONFIRMED_WITHOUT_ORDER
N0000196,WO0000113,PLT-RU-UTL-AIR,M-UTL-AIR-01,2023-06-07,1,Maintenance Sensory Route,Utilities - Maintenance Route A,Sensory Route,Insulation test trending below reference.,INSULATION_DEGRADATION,INSULATION_DEGRADATION,Condition Monitoring,,UTL-CONDITION_MONITORING,Closed,2023-06-10,CM01,Completed,2023-06-11,2023-06-11,2023-06-11,2023-06-11,0,MONITOR_CONDITION,Condition recorded; continue observation without corrective work.,Inspection only,Inspected and recorded readings; no component correction performed.,TRUE,0.51,124.59,,Recovery & Utilities,Utilities,SYS-RU-UTL-AIR,Compressed Air,Motor,A,TRUE,FALSE,FALSE,FALSE,FALSE,,892,3,4,FALSE,R1,1,Fault,MONITOR_CONDITION
N0000197,,PLT-FL-BLE-CHM,P-BLE-CHM-01,2023-06-08,3,Process Alarm,Bleaching - Control Room,Process / Control Monitoring,Delivered flow below expected operating range.,LOW_FLOW,LOW_FLOW,Mechanical,,BLE-MECHANICAL,Closed,,,,,,,,,OPERATING_CONDITION,Observed response is within the current operating envelope.,Inspection only,Field inspection completed; no corrective maintenance performed.,FALSE,1.57,325.67,,Fiber Line,Bleaching,SYS-FL-BLE-CHM,Chemical Mixing,Pump,B,FALSE,TRUE,FALSE,TRUE,FALSE,,891,,,FALSE,R7,7,Defect,CLOSED_UNCONFIRMED_WITHOUT_ORDER
N0000198,,PLT-RU-CAU-GLH,FV-CAU-GLH-01,2023-06-09,3,Process Alarm,Causticizing - Control Room,Process / Control Monitoring,Valve feedback differs from demanded position.,POSITIONER_DEVIATION,POSITIONER_DEVIATION,Valves,,CAU-VALVES,Closed,,,,,,,,,MONITOR_CONDITION,Condition recorded; continue observation without corrective work.,Inspection only,Field inspection completed; no corrective maintenance performed.,TRUE,1.73,284.07,,Recovery & Utilities,Causticizing,SYS-RU-CAU-GLH,Green Liquor Handling,Control Valve,B,FALSE,TRUE,TRUE,FALSE,TRUE,147,890,,,FALSE,R7,7,Defect,CLOSED_CONFIRMED_WITHOUT_ORDER
N0000199,WO0000114,PLT-RU-EVA-BLF,P-EVA-BLF-01,2023-06-09,2,Operator Report,Evaporation - Operations,,Elevated vibration at pump bearing housing.,PUMP_BEARING_VIBRATION,PUMP_BEARING_VIBRATION,Mechanical,,EVA-MECHANICAL,Closed,2023-06-11,PM02,Completed,2023-06-26,2023-06-27,2023-06-26,2023-06-27,0,WORK_COMPLETED,Corrective scope executed and checked.,Bearing replacement,Bearing replacement performed; post-work functional check within tolerance.,TRUE,20.81,14724.42,,Recovery & Utilities,Evaporation,SYS-RU-EVA-BLF,Black Liquor Feed,Pump,B,TRUE,FALSE,FALSE,FALSE,FALSE,,890,2,18,FALSE,R4,4,Defect almost failure,COMPLETED_CORRECTIVE_ACTION
N0000200,WO0000115,PLT-FL-DIG-IMP,P-DIG-IMP-01,2023-06-11,3,Planned Inspection,Digester - Inspection,Planned Inspection,Oil condition test indicates degraded lubricant.,OIL_DEGRADATION,OIL_DEGRADATION,Lubrication,,DIG-LUBRICATION,Closed,2023-06-14,PM02,Completed,2023-07-28,2023-07-29,2023-07-28,2023-07-29,2,WORK_COMPLETED,Corrective scope executed and checked.,Lubrication,Lubrication performed; post-work functional check within tolerance.,TRUE,7.09,3984.00,,Fiber Line,Digester,SYS-FL-DIG-IMP,Impregnation,Pump,A,TRUE,FALSE,FALSE,FALSE,FALSE,,888,3,48,FALSE,R5,5,Defect,COMPLETED_CORRECTIVE_ACTION
N0000201,,PLT-FL-DRY-PRS,PT-DRY-PRS-01,2023-06-14,3,Operator Report,Drying - Operations,,Indicated value drifts from independent reference.,SIGNAL_DRIFT,SIGNAL_DRIFT,Instrumentation,,DRY-INSTRUMENTATION,Closed,,,,,,,,,NO_ACTION_REQUIRED,Notification dispositioned without corrective scope.,Inspection only,Field inspection completed; no corrective maintenance performed.,TRUE,1.43,252.02,,Fiber Line,Drying,SYS-FL-DRY-PRS,Press Section,Pressure Transmitter,B,FALSE,TRUE,TRUE,FALSE,FALSE,,885,,,FALSE,R7,7,Defect,CLOSED_CONFIRMED_WITHOUT_ORDER
N0000202,WO0000116,PLT-FL-BLE-TWR,AG-BLE-TWR-01,2023-06-15,1,Condition Monitoring,Bleaching - Condition Monitoring,Predictive Route,Oil sample shows elevated contamination.,OIL_CONTAMINATION,OIL_CONTAMINATION,Lubrication,,BLE-LUBRICATION,Closed,2023-06-16,CM01,Completed,2023-06-19,2023-06-19,2023-06-19,2023-06-19,0,WORK_COMPLETED,Corrective scope executed and checked.,Lubrication,Lubrication performed; post-work functional check within tolerance.,TRUE,7.19,3676.76,,Fiber Line,Bleaching,SYS-FL-BLE-TWR,Bleaching Towers,Agitator,B,TRUE,FALSE,FALSE,FALSE,FALSE,,884,1,4,FALSE,R3,3,Fault,COMPLETED_CORRECTIVE_ACTION
N0000203,WO0000117,PLT-FL-DIG-IMP,P-DIG-IMP-01,2023-06-15,3,Operator Report,Digester - Operations,,Delivered flow below expected operating range.,LOW_FLOW,LOW_FLOW,Mechanical,,DIG-MECHANICAL,Closed,2023-06-18,PM02,Completed,2023-07-25,2023-07-27,2023-07-25,2023-07-27,0,WORK_COMPLETED,Corrective scope executed and checked.,Cleaning,Cleaning performed; post-work functional check within tolerance.,TRUE,7.73,2280.50,,Fiber Line,Digester,SYS-FL-DIG-IMP,Impregnation,Pump,A,TRUE,FALSE,FALSE,FALSE,FALSE,,884,3,42,FALSE,R5,5,Defect,COMPLETED_CORRECTIVE_ACTION
N0000204,WO0000118,PLT-FL-DIG-IMP,M-DIG-IMP-01,2023-06-16,2,Process Alarm,Digester - Control Room,Process / Control Monitoring,Motor bearing vibration above baseline.,MOTOR_BEARING_VIBRATION,MOTOR_BEARING_VIBRATION,Electrical,,DIG-ELECTRICAL,Closed,2023-06-19,PM02,Completed,2023-07-04,2023-07-06,2023-07-04,2023-07-06,0,WORK_COMPLETED,Corrective scope executed and checked.,Bearing replacement,Bearing replacement performed; post-work functional check within tolerance.,TRUE,14.75,9513.11,,Fiber Line,Digester,SYS-FL-DIG-IMP,Impregnation,Motor,A,TRUE,FALSE,FALSE,FALSE,FALSE,,883,3,20,FALSE,R2,2,Defect almost failure,COMPLETED_CORRECTIVE_ACTION
N0000205,,PLT-RU-CAU-REA,FV-CAU-REA-01,2023-06-19,3,Planned Inspection,Causticizing - Inspection,Planned Inspection,Actuator supply pressure decays while held.,ACTUATOR_LEAKAGE,ACTUATOR_LEAKAGE,Valves,,CAU-VALVES,Closed,,,,,,,,,NO_ACTION_REQUIRED,Notification dispositioned without corrective scope.,Inspection only,Field inspection completed; no corrective maintenance performed.,TRUE,1.36,284.00,,Recovery & Utilities,Causticizing,SYS-RU-CAU-REA,Causticizing Reactors,Control Valve,B,FALSE,TRUE,TRUE,FALSE,FALSE,,880,,,FALSE,R7,7,Defect,CLOSED_CONFIRMED_WITHOUT_ORDER
N0000206,WO0000119,PLT-RU-RB-FWS,FV-RB-FWS-01,2023-06-20,2,Operator Route,Recovery Boiler - Operations,Sensory Route,Valve travel sticks during small command changes.,VALVE_STICTION,VALVE_STICTION,Valves,,RB-VALVES,Closed,2023-06-23,PM02,Completed,2023-07-07,2023-07-07,2023-07-07,2023-07-07,0,WORK_COMPLETED,Corrective scope executed and checked.,Valve overhaul,Valve overhaul performed; post-work functional check within tolerance.,TRUE,15.21,12345.16,,Recovery & Utilities,Recovery Boiler,SYS-RU-RB-FWS,Feedwater System,Control Valve,A,TRUE,FALSE,FALSE,FALSE,FALSE,,879,3,17,FALSE,R2,2,Defect almost failure,COMPLETED_CORRECTIVE_ACTION
N0000207,,PLT-FL-BLE-CHM,FT-BLE-CHM-01,2023-06-21,2,Planned Inspection,Bleaching - Inspection,Planned Inspection,Indicated value drifts from independent reference.,SIGNAL_DRIFT,SIGNAL_DRIFT,Instrumentation,Automation,BLE-AUTOMATION,Closed,,,,,,,,,NO_DEFECT_FOUND,Inspection could not confirm the reported abnormality.,Inspection only,Field inspection completed; no corrective maintenance performed.,FALSE,0.90,193.33,,Fiber Line,Bleaching,SYS-FL-BLE-CHM,Chemical Mixing,Flow Transmitter,B,FALSE,TRUE,FALSE,TRUE,FALSE,,878,,,FALSE,R4,4,Defect almost failure,CLOSED_UNCONFIRMED_WITHOUT_ORDER
N0000208,,PLT-FL-DIG-CHP,XV-DIG-CHP-01,2023-06-21,3,Operator Route,Digester - Operations,Sensory Route,Visible leakage at valve packing.,EXTERNAL_LEAKAGE,EXTERNAL_LEAKAGE,Valves,,DIG-VALVES,Closed,,,,,,,,,NO_ACTION_REQUIRED,Notification dispositioned without corrective scope.,Inspection only,Field inspection completed; no corrective maintenance performed.,TRUE,1.85,363.86,,Fiber Line,Digester,SYS-FL-DIG-CHP,Chip Feeding,On/Off Valve,B,FALSE,TRUE,TRUE,FALSE,TRUE,149,878,,,FALSE,R7,7,Defect,CLOSED_CONFIRMED_WITHOUT_ORDER
N0000209,WO0000120,PLT-RU-UTL-AIR,CMP-UTL-AIR-01,2023-06-22,3,Maintenance Sensory Route,Utilities - Maintenance Route A,Sensory Route,Bearing temperature trending above baseline.,BEARING_TEMPERATURE,BEARING_TEMPERATURE,Mechanical,,UTL-MECHANICAL,Closed,2023-06-23,PM02,Completed,2023-07-25,2023-07-27,2023-07-25,2023-07-27,1,WORK_COMPLETED,Corrective scope executed and checked.,Bearing replacement,Bearing replacement performed; post-work functional check within tolerance.,TRUE,19.89,14250.85,,Recovery & Utilities,Utilities,SYS-RU-UTL-AIR,Compressed Air,Compressor,A,TRUE,FALSE,FALSE,FALSE,TRUE,161,877,1,35,FALSE,R5,5,Defect,COMPLETED_CORRECTIVE_ACTION
N0000210,,PLT-FL-DRY-FOR,M-DRY-FOR-01,2023-06-23,3,Condition Monitoring,Drying - Condition Monitoring,Predictive Route,Insulation test trending below reference.,INSULATION_DEGRADATION,INSULATION_DEGRADATION,Condition Monitoring,Electrical,DRY-ELECTRICAL,Closed,,,,,,,,,MONITOR_CONDITION,Condition recorded; continue observation without corrective work.,Inspection only,Field inspection completed; no corrective maintenance performed.,TRUE,0.69,136.04,,Fiber Line,Drying,SYS-FL-DRY-FOR,Forming Section,Motor,A,FALSE,TRUE,TRUE,FALSE,TRUE,133,876,,,FALSE,R5,5,Defect,CLOSED_CONFIRMED_WITHOUT_ORDER
N0000211,,PLT-RU-UTL-BFW,M-UTL-BFW-01,2023-06-24,3,Process Alarm,Utilities - Control Room,Process / Control Monitoring,Oil condition test indicates degraded lubricant.,OIL_DEGRADATION,OIL_DEGRADATION,Lubrication,,UTL-LUBRICATION,Closed,,,,,,,,,OPERATING_CONDITION,Observed response is within the current operating envelope.,Inspection only,Field inspection completed; no corrective maintenance performed.,FALSE,0.38,109.60,,Recovery & Utilities,Utilities,SYS-RU-UTL-BFW,Boiler Feedwater,Motor,A,FALSE,TRUE,FALSE,TRUE,FALSE,,875,,,FALSE,R5,5,Defect,CLOSED_UNCONFIRMED_WITHOUT_ORDER
N0000212,WO0000121,PLT-RU-RB-SBL,ZS-RB-SBL-01,2023-06-26,3,Maintenance Sensory Route,Recovery Boiler - Maintenance Route A,Sensory Route,Indicated value drifts from independent reference.,SIGNAL_DRIFT,SIGNAL_DRIFT,Instrumentation,,RB-INSTRUMENTATION,Closed,2023-06-30,PM02,Completed,2023-07-30,2023-07-30,2023-07-30,2023-07-30,0,WORK_COMPLETED,Corrective scope executed and checked.,Calibration,Calibration performed; post-work functional check within tolerance.,TRUE,5.67,1671.80,,Recovery & Utilities,Recovery Boiler,SYS-RU-RB-SBL,Sootblowing,Position Switch,C,TRUE,FALSE,FALSE,FALSE,FALSE,,873,4,34,FALSE,R9,9,Defect,COMPLETED_CORRECTIVE_ACTION
N0000213,WO0000122,PLT-RU-CAU-SLK,SLK-CAU-SLK-01,2023-06-27,3,Condition Monitoring,Causticizing - Condition Monitoring,Predictive Route,Mechanism travel is uneven with elevated resistance.,MECHANICAL_BINDING,MECHANICAL_BINDING,Mechanical,,CAU-MECHANICAL,Closed,2023-06-27,PM02,Completed,2023-08-25,2023-08-27,2023-08-25,2023-08-27,2,WORK_COMPLETED,Corrective scope executed and checked.,Adjustment,Adjustment performed; post-work functional check within tolerance.,TRUE,6.50,2322.82,,Recovery & Utilities,Causticizing,SYS-RU-CAU-SLK,Slaking,Slaker,A,TRUE,FALSE,FALSE,FALSE,TRUE,177,872,0,61,FALSE,R5,5,Defect,COMPLETED_CORRECTIVE_ACTION
N0000214,,PLT-FL-BLE-CHM,M-BLE-CHM-01,2023-06-28,3,Maintenance Sensory Route,Bleaching - Maintenance Route A,Sensory Route,Motor temperature rising at normal load.,MOTOR_OVERHEATING,MOTOR_OVERHEATING,Condition Monitoring,,BLE-CONDITION_MONITORING,Closed,,,,,,,,,NO_ACTION_REQUIRED,Notification dispositioned without corrective scope.,Inspection only,Field inspection completed; no corrective maintenance performed.,TRUE,0.33,100.80,,Fiber Line,Bleaching,SYS-FL-BLE-CHM,Chemical Mixing,Motor,B,FALSE,TRUE,TRUE,FALSE,FALSE,,871,,,FALSE,R7,7,Defect,CLOSED_CONFIRMED_WITHOUT_ORDER
N0000215,WO0000123,PLT-FL-BLE-STW,P-BLE-STW-01,2023-06-28,3,Maintenance Sensory Route,Bleaching - Maintenance Route A,Sensory Route,Elevated vibration at pump bearing housing.,PUMP_BEARING_VIBRATION,PUMP_BEARING_VIBRATION,Condition Monitoring,,BLE-CONDITION_MONITORING,Closed,2023-06-28,PM02,Completed,2023-07-30,2023-08-01,2023-07-30,2023-08-01,0,WORK_COMPLETED,Corrective scope executed and checked.,Bearing replacement,Bearing replacement performed; post-work functional check within tolerance.,TRUE,19.92,14095.46,,Fiber Line,Bleaching,SYS-FL-BLE-STW,Stage Washing,Pump,B,TRUE,FALSE,FALSE,FALSE,TRUE,136,871,0,34,FALSE,R7,7,Defect,COMPLETED_CORRECTIVE_ACTION
N0000216,WO0000124,PLT-RU-UTL-CWT,FV-UTL-CWT-01,2023-06-29,3,Maintenance Sensory Route,Utilities - Maintenance Route A,Sensory Route,Visible leakage at valve packing.,EXTERNAL_LEAKAGE,EXTERNAL_LEAKAGE,Instrumentation,,UTL-INSTRUMENTATION,Closed,2023-06-30,PM02,Completed,2023-08-18,2023-08-19,2023-08-18,2023-08-19,3,WORK_COMPLETED,Corrective scope executed and checked.,Seal replacement,Seal replacement performed; post-work functional check within tolerance.,TRUE,7.94,4194.76,,Recovery & Utilities,Utilities,SYS-RU-UTL-CWT,Cooling Water,Control Valve,B,TRUE,FALSE,FALSE,FALSE,FALSE,,870,1,51,FALSE,R7,7,Defect,COMPLETED_CORRECTIVE_ACTION
N0000217,WO0000125,PLT-RU-CAU-REA,FV-CAU-REA-01,2023-07-03,3,Maintenance Sensory Route,Causticizing - Maintenance Route A,Sensory Route,Valve travel sticks during small command changes.,VALVE_STICTION,VALVE_STICTION,Instrumentation,,CAU-INSTRUMENTATION,Closed,2023-07-06,PM02,Completed,2023-08-20,2023-08-21,2023-08-20,2023-08-21,0,WORK_COMPLETED,Corrective scope executed and checked.,Valve overhaul,Valve overhaul performed; post-work functional check within tolerance.,TRUE,24.88,20197.14,,Recovery & Utilities,Causticizing,SYS-RU-CAU-REA,Causticizing Reactors,Control Valve,B,TRUE,FALSE,FALSE,FALSE,FALSE,,866,3,49,FALSE,R7,7,Defect,COMPLETED_CORRECTIVE_ACTION
N0000218,,PLT-FL-BLE-TWR,LT-BLE-TWR-01,2023-07-03,3,Operator Report,Bleaching - Operations,,Intermittent signal dropout at stable process conditions.,INTERMITTENT_SIGNAL,INTERMITTENT_SIGNAL,Instrumentation,,BLE-INSTRUMENTATION,Closed,,,,,,,,,OPERATING_CONDITION,Observed response is within the current operating envelope.,Inspection only,Field inspection completed; no corrective maintenance performed.,FALSE,1.66,331.58,,Fiber Line,Bleaching,SYS-FL-BLE-TWR,Bleaching Towers,Level Transmitter,B,FALSE,TRUE,FALSE,TRUE,FALSE,,866,,,FALSE,R7,7,Defect,CLOSED_UNCONFIRMED_WITHOUT_ORDER
N0000219,WO0000126,PLT-FL-BLE-STW,P-BLE-STW-01,2023-07-03,3,Operator Route,Bleaching - Operations,Sensory Route,Crackling noise and unstable suction pressure.,CAVITATION,CAVITATION,Condition Monitoring,,BLE-CONDITION_MONITORING,Closed,2023-07-08,PM02,Completed,2023-08-04,2023-08-05,2023-08-04,2023-08-05,0,WORK_COMPLETED,Corrective scope executed and checked.,Cleaning,Cleaning performed; post-work functional check within tolerance.,TRUE,5.35,1418.47,,Fiber Line,Bleaching,SYS-FL-BLE-STW,Stage Washing,Pump,B,TRUE,FALSE,FALSE,FALSE,FALSE,,866,5,33,FALSE,R7,7,Defect,COMPLETED_CORRECTIVE_ACTION
N0000220,WO0000127,PLT-FL-WSH-BSW,DRV-WSH-BSW-01,2023-07-04,2,Maintenance Sensory Route,Washing & Screening - Maintenance Route A,Sensory Route,Rotating assembly shows dominant once-per-revolution vibration.,IMBALANCE,IMBALANCE,Mechanical,,WSH-MECHANICAL,Closed,2023-07-06,PM02,Completed,2023-08-29,2023-08-31,2023-08-29,2023-08-31,4,WORK_COMPLETED,Corrective scope executed and checked.,Adjustment,Adjustment performed; post-work functional check within tolerance.,TRUE,12.10,5988.47,,Fiber Line,Washing & Screening,SYS-FL-WSH-BSW,Brownstock Washing,Drive,B,TRUE,FALSE,FALSE,FALSE,FALSE,,865,2,58,FALSE,R4,4,Defect almost failure,COMPLETED_CORRECTIVE_ACTION
N0000221,,PLT-RU-RB-BLF,P-RB-BLF-01,2023-07-04,3,Operator Route,Recovery Boiler - Operations,Sensory Route,Elevated vibration at pump bearing housing.,PUMP_BEARING_VIBRATION,PUMP_BEARING_VIBRATION,Mechanical,,RB-MECHANICAL,Closed,,,,,,,,,MONITOR_CONDITION,Condition recorded; continue observation without corrective work.,Inspection only,Field inspection completed; no corrective maintenance performed.,TRUE,1.17,236.05,,Recovery & Utilities,Recovery Boiler,SYS-RU-RB-BLF,Black Liquor Firing,Pump,A,FALSE,TRUE,TRUE,FALSE,FALSE,,865,,,FALSE,R5,5,Defect,CLOSED_CONFIRMED_WITHOUT_ORDER
N0000222,WO0000128,PLT-FL-DRY-PMF,FT-DRY-PMF-01,2023-07-05,3,Operator Route,Drying - Operations,Sensory Route,Measured output outside calibration tolerance.,CALIBRATION_DEVIATION,CALIBRATION_DEVIATION,Instrumentation,,DRY-INSTRUMENTATION,Closed,2023-07-06,PM02,Completed,2023-08-26,2023-08-27,2023-08-26,2023-08-27,2,WORK_COMPLETED,Corrective scope executed and checked.,Calibration,Calibration performed; post-work functional check within tolerance.,TRUE,4.70,1386.30,,Fiber Line,Drying,SYS-FL-DRY-PMF,Pulp Machine Feed,Flow Transmitter,B,TRUE,FALSE,FALSE,FALSE,FALSE,,864,1,53,FALSE,R7,7,Defect,COMPLETED_CORRECTIVE_ACTION
N0000223,WO0000129,PLT-RU-UTL-ELD,REL-UTL-ELD-01,2023-07-06,3,Operator Report,Utilities - Operations,,Insulation test trending below reference.,INSULATION_DEGRADATION,INSULATION_DEGRADATION,Electrical,,UTL-ELECTRICAL,Closed,2023-07-11,PM02,Completed,2023-08-27,2023-08-29,2023-08-27,2023-08-29,1,WORK_COMPLETED,Corrective scope executed and checked.,Component replacement,Component replacement performed; post-work functional check within tolerance.,TRUE,32.23,31048.02,,Recovery & Utilities,Utilities,SYS-RU-UTL-ELD,Electrical Distribution,Protection Relay,A,TRUE,FALSE,FALSE,FALSE,FALSE,,863,5,54,FALSE,R5,5,Defect,COMPLETED_CORRECTIVE_ACTION
N0000224,WO0000130,PLT-RU-UTL-AIR,PT-UTL-AIR-01,2023-07-07,2,Operator Report,Utilities - Operations,,Pressure response delayed during process change.,IMPULSE_LINE_RESTRICTION,IMPULSE_LINE_RESTRICTION,Instrumentation,,UTL-INSTRUMENTATION,Closed,2023-07-12,PM02,Completed,2023-08-09,2023-08-09,2023-08-09,2023-08-09,1,WORK_COMPLETED,Corrective scope executed and checked.,Cleaning,Cleaning performed; post-work functional check within tolerance.,TRUE,6.90,1827.83,,Recovery & Utilities,Utilities,SYS-RU-UTL-AIR,Compressed Air,Pressure Transmitter,A,TRUE,FALSE,FALSE,FALSE,FALSE,,862,5,33,FALSE,R2,2,Defect almost failure,COMPLETED_CORRECTIVE_ACTION
N0000225,WO0000131,PLT-RU-LIM-DRV,GB-LIM-DRV-01,2023-07-09,3,Planned Inspection,Lime Kiln - Inspection,Planned Inspection,Oil sample shows elevated contamination.,OIL_CONTAMINATION,OIL_CONTAMINATION,Lubrication,,LIM-LUBRICATION,Closed,2023-07-11,PM02,Completed,2023-08-06,2023-08-07,2023-08-06,2023-08-07,1,WORK_COMPLETED,Corrective scope executed and checked.,Lubrication,Lubrication performed; post-work functional check within tolerance.,TRUE,4.61,2357.87,,Recovery & Utilities,Lime Kiln,SYS-RU-LIM-DRV,Kiln Drive,Gearbox,A,TRUE,FALSE,FALSE,FALSE,FALSE,,860,2,29,FALSE,R5,5,Defect,COMPLETED_CORRECTIVE_ACTION
N0000226,WO0000132,PLT-FL-DIG-BLC,XV-DIG-BLC-01,2023-07-11,2,Operator Report,Digester - Operations,,Valve travel sticks during small command changes.,VALVE_STICTION,VALVE_STICTION,Valves,,DIG-VALVES,Closed,2023-07-13,PM02,Completed,2023-07-22,2023-07-23,2023-07-22,2023-07-23,0,MONITOR_CONDITION,Condition recorded; continue observation without corrective work.,Inspection only,Inspected and recorded readings; no component correction performed.,TRUE,1.71,336.06,,Fiber Line,Digester,SYS-FL-DIG-BLC,Blow / Pressure Control,On/Off Valve,A,TRUE,FALSE,FALSE,FALSE,FALSE,,858,2,12,FALSE,R2,2,Defect almost failure,MONITOR_CONDITION
N0000227,,PLT-RU-UTL-PWT,FV-UTL-PWT-01,2023-07-13,1,Operator Route,Utilities - Operations,Sensory Route,Actuator supply pressure decays while held.,ACTUATOR_LEAKAGE,ACTUATOR_LEAKAGE,Valves,,UTL-VALVES,Closed,,,,,,,,,MONITOR_CONDITION,Condition recorded; continue observation without corrective work.,Inspection only,Field inspection completed; no corrective maintenance performed.,TRUE,1.38,251.91,,Recovery & Utilities,Utilities,SYS-RU-UTL-PWT,Process Water,Control Valve,B,FALSE,TRUE,TRUE,FALSE,TRUE,123,856,,,FALSE,R3,3,Fault,CLOSED_CONFIRMED_WITHOUT_ORDER
N0000228,,PLT-FL-DIG-DIS,XV-DIG-DIS-01,2023-07-13,1,Maintenance Sensory Route,Digester - Maintenance Route A,Sensory Route,Actuator supply pressure decays while held.,ACTUATOR_LEAKAGE,ACTUATOR_LEAKAGE,Valves,,DIG-VALVES,Closed,,,,,,,,,MONITOR_CONDITION,Condition recorded; continue observation without corrective work.,Inspection only,Field inspection completed; no corrective maintenance performed.,TRUE,1.91,355.57,,Fiber Line,Digester,SYS-FL-DIG-DIS,Digester Discharge,On/Off Valve,A,FALSE,TRUE,TRUE,FALSE,FALSE,,856,,,FALSE,R1,1,Fault,CLOSED_CONFIRMED_WITHOUT_ORDER
N0000229,,PLT-RU-RB-STM,PV-RB-STM-01,2023-07-18,3,Operator Route,Recovery Boiler - Operations,Sensory Route,Valve travel sticks during small command changes.,VALVE_STICTION,VALVE_STICTION,Valves,,RB-VALVES,Closed,,,,,,,,,NO_ACTION_REQUIRED,Notification dispositioned without corrective scope.,Inspection only,Field inspection completed; no corrective maintenance performed.,TRUE,0.89,214.87,,Recovery & Utilities,Recovery Boiler,SYS-RU-RB-STM,Steam / Pressure Control,Control Valve,A,FALSE,TRUE,TRUE,FALSE,FALSE,,851,,,FALSE,R5,5,Defect,CLOSED_CONFIRMED_WITHOUT_ORDER
N0000230,,PLT-FL-WSH-FIL,LT-WSH-FIL-01,2023-07-20,3,Maintenance Sensory Route,Washing & Screening - Maintenance Route A,Sensory Route,Intermittent signal dropout at stable process conditions.,INTERMITTENT_SIGNAL,INTERMITTENT_SIGNAL,Automation,,WSH-AUTOMATION,Closed,,,,,,,,,MONITOR_CONDITION,Condition recorded; continue observation without corrective work.,Inspection only,Field inspection completed; no corrective maintenance performed.,TRUE,0.39,111.48,,Fiber Line,Washing & Screening,SYS-FL-WSH-FIL,Filtrate System,Level Transmitter,C,FALSE,TRUE,TRUE,FALSE,TRUE,136,849,,,FALSE,R9,9,Defect,CLOSED_CONFIRMED_WITHOUT_ORDER
N0000231,WO0000133,PLT-RU-CAU-GLH,P-CAU-GLH-01,2023-07-20,3,Maintenance Sensory Route,Causticizing - Maintenance Route A,Sensory Route,Oil sample shows elevated contamination.,OIL_CONTAMINATION,OIL_CONTAMINATION,Lubrication,,CAU-LUBRICATION,Closed,2023-07-22,PM02,Completed,2023-10-26,2023-10-27,2023-10-26,2023-10-27,4,WORK_COMPLETED,Corrective scope executed and checked.,Lubrication,Lubrication performed; post-work functional check within tolerance.,TRUE,7.04,3601.62,,Recovery & Utilities,Causticizing,SYS-RU-CAU-GLH,Green Liquor Handling,Pump,B,TRUE,FALSE,FALSE,FALSE,FALSE,,849,2,99,FALSE,R7,7,Defect,COMPLETED_CORRECTIVE_ACTION
N0000232,,PLT-RU-UTL-STM,PT-UTL-STM-01,2023-07-20,1,Process Alarm,Utilities - Control Room,Process / Control Monitoring,Pressure response delayed during process change.,IMPULSE_LINE_RESTRICTION,IMPULSE_LINE_RESTRICTION,Instrumentation,,UTL-INSTRUMENTATION,Closed,,,,,,,,,MONITOR_CONDITION,Condition recorded; continue observation without corrective work.,Inspection only,Field inspection completed; no corrective maintenance performed.,TRUE,1.89,354.63,,Recovery & Utilities,Utilities,SYS-RU-UTL-STM,Steam Distribution,Pressure Transmitter,A,FALSE,TRUE,TRUE,FALSE,FALSE,,849,,,FALSE,R1,1,Fault,CLOSED_CONFIRMED_WITHOUT_ORDER
N0000233,WO0000134,PLT-FL-WSH-SCR,SCR-WSH-SCR-01,2023-07-20,3,Operator Report,Washing & Screening - Operations,,Oil sample shows elevated contamination.,OIL_CONTAMINATION,OIL_CONTAMINATION,Lubrication,Mechanical,WSH-MECHANICAL,Closed,2023-07-25,PM02,Completed,2023-09-11,2023-09-11,2023-09-11,2023-09-11,2,WORK_COMPLETED,Corrective scope executed and checked.,Lubrication,Lubrication performed; post-work functional check within tolerance.,TRUE,6.23,3189.05,,Fiber Line,Washing & Screening,SYS-FL-WSH-SCR,Screening,Screen,B,TRUE,FALSE,FALSE,FALSE,FALSE,,849,5,53,FALSE,R7,7,Defect,COMPLETED_CORRECTIVE_ACTION
N0000234,WO0000135,PLT-FL-WSH-BSW,P-WSH-BSW-01,2023-07-21,3,Condition Monitoring,Washing & Screening - Condition Monitoring,Predictive Route,Elevated vibration at pump bearing housing.,PUMP_BEARING_VIBRATION,PUMP_BEARING_VIBRATION,Condition Monitoring,,WSH-CONDITION_MONITORING,Closed,2023-07-22,PM02,Completed,2023-09-20,2023-09-20,2023-09-20,2023-09-20,2,WORK_COMPLETED,Corrective scope executed and checked.,Bearing replacement,Bearing replacement performed; post-work functional check within tolerance.,TRUE,16.35,11564.46,,Fiber Line,Washing & Screening,SYS-FL-WSH-BSW,Brownstock Washing,Pump,B,TRUE,FALSE,FALSE,FALSE,FALSE,,848,1,61,FALSE,R7,7,Defect,COMPLETED_CORRECTIVE_ACTION
N0000235,WO0000136,PLT-FL-BLE-TWR,PV-BLE-TWR-01,2023-07-22,3,Operator Report,Bleaching - Operations,,Visible leakage at valve packing.,EXTERNAL_LEAKAGE,EXTERNAL_LEAKAGE,Valves,,BLE-VALVES,Closed,2023-07-23,PM02,Completed,2023-08-16,2023-08-17,2023-08-16,2023-08-17,0,WORK_COMPLETED,Corrective scope executed and checked.,Seal replacement,Seal replacement performed; post-work functional check within tolerance.,TRUE,4.82,2546.35,,Fiber Line,Bleaching,SYS-FL-BLE-TWR,Bleaching Towers,Control Valve,B,TRUE,FALSE,FALSE,FALSE,TRUE,46,847,1,26,FALSE,R7,7,Defect,COMPLETED_CORRECTIVE_ACTION
N0000236,WO0000137,PLT-FL-DRY-LUB,P-DRY-LUB-01,2023-07-23,2,Condition Monitoring,Drying - Condition Monitoring,Predictive Route,Lubricant level below normal mark.,LOW_LUBE_LEVEL,LOW_LUBE_LEVEL,Lubrication,,DRY-LUBRICATION,Closed,2023-07-27,PM02,Completed,2023-09-08,2023-09-09,2023-09-08,2023-09-09,2,WORK_COMPLETED,Corrective scope executed and checked.,Lubrication,Lubrication performed; post-work functional check within tolerance.,TRUE,1.64,813.27,,Fiber Line,Drying,SYS-FL-DRY-LUB,Lubrication System,Lubrication Pump,B,TRUE,FALSE,FALSE,FALSE,FALSE,,846,4,48,FALSE,R4,4,Defect almost failure,COMPLETED_CORRECTIVE_ACTION
N0000237,WO0000138,PLT-FL-BLE-DOS,FV-BLE-DOS-01,2023-07-24,2,Maintenance Sensory Route,Bleaching - Maintenance Route A,Sensory Route,Valve feedback differs from demanded position.,POSITIONER_DEVIATION,POSITIONER_DEVIATION,Valves,,BLE-VALVES,Closed,2023-07-28,PM02,Completed,2023-09-07,2023-09-07,2023-09-07,2023-09-07,2,MONITOR_CONDITION,Condition recorded; continue observation without corrective work.,Inspection only,Inspected and recorded readings; no component correction performed.,TRUE,1.45,280.81,,Fiber Line,Bleaching,SYS-FL-BLE-DOS,Chemical Dosing,Control Valve,B,TRUE,FALSE,FALSE,FALSE,FALSE,,845,4,45,FALSE,R4,4,Defect almost failure,MONITOR_CONDITION
N0000238,WO0000139,PLT-FL-DRY-LUB,LU-DRY-LUB-01,2023-07-25,3,Process Alarm,Drying - Control Room,Process / Control Monitoring,Lubricant level below normal mark.,LOW_LUBE_LEVEL,LOW_LUBE_LEVEL,Mechanical,,DRY-MECHANICAL,Closed,2023-07-27,PM02,Completed,2023-09-07,2023-09-08,2023-09-07,2023-09-08,0,WORK_COMPLETED,Corrective scope executed and checked.,Lubrication,Lubrication performed; post-work functional check within tolerance.,TRUE,2.50,1237.16,,Fiber Line,Drying,SYS-FL-DRY-LUB,Lubrication System,Lubrication Unit,A,TRUE,FALSE,FALSE,FALSE,TRUE,173,844,2,45,FALSE,R5,5,Defect,COMPLETED_CORRECTIVE_ACTION
N0000239,WO0000140,PLT-RU-RB-STM,PT-RB-STM-01,2023-07-28,3,Operator Report,Recovery Boiler - Operations,,Measured output outside calibration tolerance.,CALIBRATION_DEVIATION,CALIBRATION_DEVIATION,Instrumentation,,RB-INSTRUMENTATION,Closed,2023-07-28,PM02,Completed,2023-09-13,2023-09-14,2023-09-13,2023-09-14,4,MONITOR_CONDITION,Condition recorded; continue observation without corrective work.,Inspection only,Inspected and recorded readings; no component correction performed.,TRUE,0.75,193.91,,Recovery & Utilities,Recovery Boiler,SYS-RU-RB-STM,Steam / Pressure Control,Pressure Transmitter,A,TRUE,FALSE,FALSE,FALSE,FALSE,,841,0,48,FALSE,R5,5,Defect,MONITOR_CONDITION
N0000240,WO0000141,PLT-RU-RB-AIR,DV-RB-AIR-01,2023-07-29,3,Planned Inspection,Recovery Boiler - Inspection,Planned Inspection,Control sequence response differs from approved logic.,CONTROL_SEQUENCE_DEVIATION,CONTROL_SEQUENCE_DEVIATION,Automation,,RB-AUTOMATION,Closed,2023-08-02,PM02,Completed,2023-08-30,2023-08-31,2023-08-30,2023-08-31,1,WORK_COMPLETED,Corrective scope executed and checked.,Control logic correction,Control logic correction performed; post-work functional check within tolerance.,TRUE,11.22,3311.13,,Recovery & Utilities,Recovery Boiler,SYS-RU-RB-AIR,Combustion Air,Damper,A,TRUE,FALSE,FALSE,FALSE,FALSE,,840,4,33,FALSE,R5,5,Defect,COMPLETED_CORRECTIVE_ACTION
N0000241,,PLT-RU-CAU-GLC,LT-CAU-GLC-01,2023-07-29,3,Operator Route,Causticizing - Operations,Sensory Route,Indicated value drifts from independent reference.,SIGNAL_DRIFT,SIGNAL_DRIFT,Instrumentation,,CAU-INSTRUMENTATION,Closed,,,,,,,,,NO_ACTION_REQUIRED,Notification dispositioned without corrective scope.,Inspection only,Field inspection completed; no corrective maintenance performed.,TRUE,1.42,242.82,,Recovery & Utilities,Causticizing,SYS-RU-CAU-GLC,Green Liquor Clarification,Level Transmitter,B,FALSE,TRUE,TRUE,FALSE,FALSE,,840,,,FALSE,R7,7,Defect,CLOSED_CONFIRMED_WITHOUT_ORDER
N0000242,WO0000142,PLT-FL-BLE-STW,FV-BLE-STW-01,2023-07-30,1,Breakdown / Corrective,Bleaching - Operations,,Valve feedback differs from demanded position.,POSITIONER_DEVIATION,POSITIONER_DEVIATION,Valves,,BLE-VALVES,Closed,2023-08-02,CM01,Completed,2023-10-03,2023-10-04,2023-10-03,2023-10-04,4,WORK_COMPLETED,Corrective scope executed and checked.,Calibration,Calibration performed; post-work functional check within tolerance.,TRUE,5.86,1876.27,,Fiber Line,Bleaching,SYS-FL-BLE-STW,Stage Washing,Control Valve,B,TRUE,FALSE,FALSE,FALSE,FALSE,,839,3,66,FALSE,R3,3,Fault,COMPLETED_CORRECTIVE_ACTION
N0000243,,PLT-FL-DIG-DIS,LT-DIG-DIS-01,2023-07-30,3,Operator Route,Digester - Operations,Sensory Route,Measured output outside calibration tolerance.,CALIBRATION_DEVIATION,CALIBRATION_DEVIATION,Instrumentation,,DIG-INSTRUMENTATION,Closed,,,,,,,,,OPERATING_CONDITION,Observed response is within the current operating envelope.,Inspection only,Field inspection completed; no corrective maintenance performed.,FALSE,0.66,149.16,,Fiber Line,Digester,SYS-FL-DIG-DIS,Digester Discharge,Level Transmitter,B,FALSE,TRUE,FALSE,TRUE,FALSE,,839,,,FALSE,R7,7,Defect,CLOSED_UNCONFIRMED_WITHOUT_ORDER
N0000244,WO0000143,PLT-RU-RB-STM,PT-RB-STM-01,2023-07-30,2,Process Alarm,Recovery Boiler - Control Room,Process / Control Monitoring,Indicated value drifts from independent reference.,SIGNAL_DRIFT,SIGNAL_DRIFT,Instrumentation,Automation,RB-AUTOMATION,Closed,2023-08-04,PM02,Completed,2023-08-28,2023-08-30,2023-08-28,2023-08-30,1,WORK_COMPLETED,Corrective scope executed and checked.,Calibration,Calibration performed; post-work functional check within tolerance.,TRUE,4.42,1302.62,,Recovery & Utilities,Recovery Boiler,SYS-RU-RB-STM,Steam / Pressure Control,Pressure Transmitter,A,TRUE,FALSE,FALSE,FALSE,FALSE,,839,5,31,FALSE,R2,2,Defect almost failure,COMPLETED_CORRECTIVE_ACTION
N0000245,,PLT-RU-RB-STM,PV-RB-STM-01,2023-07-30,3,Planned Inspection,Recovery Boiler - Inspection,Planned Inspection,Actuator supply pressure decays while held.,ACTUATOR_LEAKAGE,ACTUATOR_LEAKAGE,Valves,,RB-VALVES,Closed,,,,,,,,,NO_ACTION_REQUIRED,Notification dispositioned without corrective scope.,Inspection only,Field inspection completed; no corrective maintenance performed.,TRUE,1.90,315.73,,Recovery & Utilities,Recovery Boiler,SYS-RU-RB-STM,Steam / Pressure Control,Control Valve,A,FALSE,TRUE,TRUE,FALSE,FALSE,,839,,,FALSE,R5,5,Defect,CLOSED_CONFIRMED_WITHOUT_ORDER
N0000246,WO0000144,PLT-RU-EVA-CIR,P-EVA-CIR-01,2023-07-31,2,Operator Report,Evaporation - Operations,,Bearing temperature trending above baseline.,BEARING_TEMPERATURE,BEARING_TEMPERATURE,Mechanical,,EVA-MECHANICAL,Closed,2023-08-04,PM02,Completed,2023-09-02,2023-09-03,2023-09-02,2023-09-03,1,WORK_COMPLETED,Corrective scope executed and checked.,Bearing replacement,Bearing replacement performed; post-work functional check within tolerance.,TRUE,12.52,8970.02,,Recovery & Utilities,Evaporation,SYS-RU-EVA-CIR,Evaporator Circulation,Pump,B,TRUE,FALSE,FALSE,FALSE,TRUE,104,838,4,34,FALSE,R4,4,Defect almost failure,COMPLETED_CORRECTIVE_ACTION
N0000247,WO0000145,PLT-FL-DRY-HYD,PT-DRY-HYD-01,2023-07-31,2,Operator Report,Drying - Operations,,Measured output outside calibration tolerance.,CALIBRATION_DEVIATION,CALIBRATION_DEVIATION,Instrumentation,,DRY-INSTRUMENTATION,Closed,2023-08-01,PM02,Completed,2023-08-12,2023-08-12,2023-08-12,2023-08-12,0,MONITOR_CONDITION,Condition recorded; continue observation without corrective work.,Inspection only,Inspected and recorded readings; no component correction performed.,TRUE,1.41,280.08,,Fiber Line,Drying,SYS-FL-DRY-HYD,Hydraulic System,Pressure Transmitter,B,TRUE,FALSE,FALSE,FALSE,TRUE,72,838,1,12,FALSE,R4,4,Defect almost failure,MONITOR_CONDITION
N0000248,,PLT-FL-BLE-TWR,PV-BLE-TWR-01,2023-07-31,3,Maintenance Sensory Route,Bleaching - Maintenance Route A,Sensory Route,Valve travel sticks during small command changes.,VALVE_STICTION,VALVE_STICTION,Instrumentation,,BLE-INSTRUMENTATION,Closed,,,,,,,,,MONITOR_CONDITION,Condition recorded; continue observation without corrective work.,Inspection only,Field inspection completed; no corrective maintenance performed.,TRUE,1.59,294.93,,Fiber Line,Bleaching,SYS-FL-BLE-TWR,Bleaching Towers,Control Valve,B,FALSE,TRUE,TRUE,FALSE,FALSE,,838,,,FALSE,R7,7,Defect,CLOSED_CONFIRMED_WITHOUT_ORDER
N0000249,WO0000146,PLT-FL-BLE-DOS,M-BLE-DOS-01,2023-08-01,2,Maintenance Sensory Route,Bleaching - Maintenance Route A,Sensory Route,Localized heating at electrical connection.,TERMINAL_HEATING,TERMINAL_HEATING,Electrical,,BLE-ELECTRICAL,Closed,2023-08-02,PM02,Completed,2023-08-14,2023-08-15,2023-08-14,2023-08-15,0,WORK_COMPLETED,Corrective scope executed and checked.,Tightening,Tightening performed; post-work functional check within tolerance.,TRUE,5.42,1327.79,,Fiber Line,Bleaching,SYS-FL-BLE-DOS,Chemical Dosing,Motor,C,TRUE,FALSE,FALSE,FALSE,FALSE,,837,1,14,FALSE,R8,8,Defect almost failure,COMPLETED_CORRECTIVE_ACTION
N0000250,,PLT-RU-EVA-CIR,P-EVA-CIR-01,2023-08-03,3,Condition Monitoring,Evaporation - Condition Monitoring,Predictive Route,Elevated vibration at pump bearing housing.,PUMP_BEARING_VIBRATION,PUMP_BEARING_VIBRATION,Condition Monitoring,,EVA-CONDITION_MONITORING,Closed,,,,,,,,,MONITOR_CONDITION,Condition recorded; continue observation without corrective work.,Inspection only,Field inspection completed; no corrective maintenance performed.,TRUE,0.52,159.56,,Recovery & Utilities,Evaporation,SYS-RU-EVA-CIR,Evaporator Circulation,Pump,B,FALSE,TRUE,TRUE,FALSE,FALSE,,835,,,FALSE,R7,7,Defect,CLOSED_CONFIRMED_WITHOUT_ORDER
N0000251,,PLT-RU-CAU-REA,FV-CAU-REA-01,2023-08-05,3,Process Alarm,Causticizing - Control Room,Process / Control Monitoring,Actuator supply pressure decays while held.,ACTUATOR_LEAKAGE,ACTUATOR_LEAKAGE,Valves,,CAU-VALVES,Closed,,,,,,,,,MONITOR_CONDITION,Condition recorded; continue observation without corrective work.,Inspection only,Field inspection completed; no corrective maintenance performed.,TRUE,0.76,141.66,,Recovery & Utilities,Causticizing,SYS-RU-CAU-REA,Causticizing Reactors,Control Valve,B,FALSE,TRUE,TRUE,FALSE,TRUE,47,833,,,FALSE,R7,7,Defect,CLOSED_CONFIRMED_WITHOUT_ORDER
N0000252,WO0000147,PLT-RU-CAU-WLC,FT-CAU-WLC-01,2023-08-06,1,Operator Route,Causticizing - Operations,Sensory Route,Intermittent signal dropout at stable process conditions.,INTERMITTENT_SIGNAL,INTERMITTENT_SIGNAL,Instrumentation,Automation,CAU-AUTOMATION,Closed,2023-08-09,CM01,Completed,2023-08-10,2023-08-12,2023-08-10,2023-08-12,0,WORK_COMPLETED,Corrective scope executed and checked.,Instrument replacement,Instrument replacement performed; post-work functional check within tolerance.,TRUE,5.97,4848.02,,Recovery & Utilities,Causticizing,SYS-RU-CAU-WLC,White Liquor Clarification,Flow Transmitter,B,TRUE,FALSE,FALSE,FALSE,TRUE,179,832,3,6,FALSE,R3,3,Fault,COMPLETED_CORRECTIVE_ACTION
N0000253,WO0000148,PLT-RU-UTL-PWT,M-UTL-PWT-01,2023-08-06,3,Maintenance Sensory Route,Utilities - Maintenance Route A,Sensory Route,Motor temperature rising at normal load.,MOTOR_OVERHEATING,MOTOR_OVERHEATING,Electrical,,UTL-ELECTRICAL,Closed,2023-08-10,PM02,Completed,2023-09-19,2023-09-20,2023-09-19,2023-09-20,1,WORK_COMPLETED,Corrective scope executed and checked.,Cleaning,Cleaning performed; post-work functional check within tolerance.,TRUE,8.85,2610.43,,Recovery & Utilities,Utilities,SYS-RU-UTL-PWT,Process Water,Motor,B,TRUE,FALSE,FALSE,FALSE,FALSE,,832,4,45,FALSE,R7,7,Defect,COMPLETED_CORRECTIVE_ACTION
N0000254,WO0000149,PLT-FL-DIG-CHP,M-DIG-CHP-01,2023-08-08,3,Process Alarm,Digester - Control Room,Process / Control Monitoring,Oil condition test indicates degraded lubricant.,OIL_DEGRADATION,OIL_DEGRADATION,Lubrication,,DIG-LUBRICATION,Closed,2023-08-13,PM02,Completed,2023-09-21,2023-09-22,2023-09-21,2023-09-22,1,WORK_COMPLETED,Corrective scope executed and checked.,Lubrication,Lubrication performed; post-work functional check within tolerance.,TRUE,8.11,4555.06,,Fiber Line,Digester,SYS-FL-DIG-CHP,Chip Feeding,Motor,A,TRUE,FALSE,FALSE,FALSE,FALSE,,830,5,45,FALSE,R5,5,Defect,COMPLETED_CORRECTIVE_ACTION
N0000255,WO0000150,PLT-RU-CAU-GLC,P-CAU-GLC-01,2023-08-08,3,Maintenance Sensory Route,Causticizing - Maintenance Route A,Sensory Route,Delivered flow below expected operating range.,LOW_FLOW,LOW_FLOW,Mechanical,,CAU-MECHANICAL,Closed,2023-08-13,PM02,Completed,2023-09-06,2023-09-07,2023-09-06,2023-09-07,0,WORK_COMPLETED,Corrective scope executed and checked.,Cleaning,Cleaning performed; post-work functional check within tolerance.,TRUE,5.51,1625.03,,Recovery & Utilities,Causticizing,SYS-RU-CAU-GLC,Green Liquor Clarification,Pump,B,TRUE,FALSE,FALSE,FALSE,FALSE,,830,5,30,FALSE,R7,7,Defect,COMPLETED_CORRECTIVE_ACTION
N0000256,WO0000151,PLT-RU-CAU-GLH,P-CAU-GLH-01,2023-08-08,1,Breakdown / Corrective,Causticizing - Operations,,Crackling noise and unstable suction pressure.,CAVITATION,CAVITATION,Mechanical,,CAU-MECHANICAL,Closed,2023-08-12,CM01,Completed,2023-08-13,2023-08-15,2023-08-13,2023-08-15,0,WORK_COMPLETED,Corrective scope executed and checked.,Cleaning,Cleaning performed; post-work functional check within tolerance.,TRUE,4.51,1196.06,,Recovery & Utilities,Causticizing,SYS-RU-CAU-GLH,Green Liquor Handling,Pump,B,TRUE,FALSE,FALSE,FALSE,FALSE,,830,4,7,FALSE,R3,3,Fault,COMPLETED_CORRECTIVE_ACTION
N0000257,,PLT-RU-UTL-ELD,TR-UTL-ELD-01,2023-08-08,2,Planned Inspection,Utilities - Inspection,Planned Inspection,Control sequence response differs from approved logic.,CONTROL_SEQUENCE_DEVIATION,CONTROL_SEQUENCE_DEVIATION,Electrical,,UTL-ELECTRICAL,Closed,,,,,,,,,NO_DEFECT_FOUND,Inspection could not confirm the reported abnormality.,Inspection only,Field inspection completed; no corrective maintenance performed.,FALSE,0.75,163.68,,Recovery & Utilities,Utilities,SYS-RU-UTL-ELD,Electrical Distribution,Transformer,A,FALSE,TRUE,FALSE,TRUE,FALSE,,830,,,FALSE,R2,2,Defect almost failure,CLOSED_UNCONFIRMED_WITHOUT_ORDER
N0000258,WO0000152,PLT-RU-CAU-REA,AG-CAU-REA-01,2023-08-10,2,Condition Monitoring,Causticizing - Condition Monitoring,Predictive Route,Lubricant level below normal mark.,LOW_LUBE_LEVEL,LOW_LUBE_LEVEL,Lubrication,,CAU-LUBRICATION,Closed,2023-08-15,PM02,Completed,2023-08-18,2023-08-18,2023-08-18,2023-08-18,0,WORK_COMPLETED,Corrective scope executed and checked.,Lubrication,Lubrication performed; post-work functional check within tolerance.,TRUE,2.06,1021.80,,Recovery & Utilities,Causticizing,SYS-RU-CAU-REA,Causticizing Reactors,Agitator,B,TRUE,FALSE,FALSE,FALSE,FALSE,,828,5,8,FALSE,R4,4,Defect almost failure,COMPLETED_CORRECTIVE_ACTION
N0000259,,PLT-RU-CAU-GLC,LT-CAU-GLC-01,2023-08-10,3,Maintenance Sensory Route,Causticizing - Maintenance Route A,Sensory Route,Control sequence response differs from approved logic.,CONTROL_SEQUENCE_DEVIATION,CONTROL_SEQUENCE_DEVIATION,Automation,,CAU-AUTOMATION,Closed,,,,,,,,,NO_DEFECT_FOUND,Inspection could not confirm the reported abnormality.,Inspection only,Field inspection completed; no corrective maintenance performed.,FALSE,0.81,170.02,,Recovery & Utilities,Causticizing,SYS-RU-CAU-GLC,Green Liquor Clarification,Level Transmitter,B,FALSE,TRUE,FALSE,TRUE,FALSE,,828,,,FALSE,R7,7,Defect,CLOSED_UNCONFIRMED_WITHOUT_ORDER
N0000260,WO0000153,PLT-FL-WSH-SCR,DPIT-WSH-SCR-01,2023-08-12,1,Process Alarm,Washing & Screening - Control Room,Process / Control Monitoring,Indicated value drifts from independent reference.,SIGNAL_DRIFT,SIGNAL_DRIFT,Instrumentation,,WSH-INSTRUMENTATION,Closed,2023-08-14,CM01,Completed,2023-09-18,2023-09-19,2023-09-18,2023-09-19,2,WORK_COMPLETED,Corrective scope executed and checked.,Calibration,Calibration performed; post-work functional check within tolerance.,TRUE,4.47,1320.12,,Fiber Line,Washing & Screening,SYS-FL-WSH-SCR,Screening,Differential Pressure Transmitter,C,TRUE,FALSE,FALSE,FALSE,FALSE,,826,2,38,FALSE,R6,6,Fault,COMPLETED_CORRECTIVE_ACTION
N0000261,,PLT-RU-EVA-CON,LT-EVA-CON-01,2023-08-13,3,Maintenance Sensory Route,Evaporation - Maintenance Route A,Sensory Route,Measured output outside calibration tolerance.,CALIBRATION_DEVIATION,CALIBRATION_DEVIATION,Instrumentation,,EVA-INSTRUMENTATION,Closed,,,,,,,,,OPERATING_CONDITION,Observed response is within the current operating envelope.,Inspection only,Field inspection completed; no corrective maintenance performed.,FALSE,0.87,213.21,,Recovery & Utilities,Evaporation,SYS-RU-EVA-CON,Condensate System,Level Transmitter,C,FALSE,TRUE,FALSE,TRUE,FALSE,,825,,,FALSE,R9,9,Defect,CLOSED_UNCONFIRMED_WITHOUT_ORDER
N0000262,WO0000154,PLT-FL-BLE-DOS,M-BLE-DOS-01,2023-08-13,3,Process Alarm,Bleaching - Control Room,Process / Control Monitoring,Motor bearing vibration above baseline.,MOTOR_BEARING_VIBRATION,MOTOR_BEARING_VIBRATION,Electrical,,BLE-ELECTRICAL,Closed,2023-08-17,PM02,Completed,2023-09-28,2023-09-30,2023-09-28,2023-09-30,1,WORK_COMPLETED,Corrective scope executed and checked.,Bearing replacement,Bearing replacement performed; post-work functional check within tolerance.,TRUE,9.56,6167.16,,Fiber Line,Bleaching,SYS-FL-BLE-DOS,Chemical Dosing,Motor,C,TRUE,FALSE,FALSE,FALSE,FALSE,,825,4,48,FALSE,R9,9,Defect,COMPLETED_CORRECTIVE_ACTION
N0000263,WO0000155,PLT-RU-CAU-LMH,P-CAU-LMH-01,2023-08-13,3,Maintenance Sensory Route,Causticizing - Maintenance Route A,Sensory Route,Lubricant level below normal mark.,LOW_LUBE_LEVEL,LOW_LUBE_LEVEL,Lubrication,,CAU-LUBRICATION,Closed,2023-08-16,PM02,Completed,2023-09-16,2023-09-18,2023-09-16,2023-09-18,0,WORK_COMPLETED,Corrective scope executed and checked.,Lubrication,Lubrication performed; post-work functional check within tolerance.,TRUE,1.48,731.49,,Recovery & Utilities,Causticizing,SYS-RU-CAU-LMH,Lime Mud Handling,Pump,B,TRUE,FALSE,FALSE,FALSE,FALSE,,825,3,36,FALSE,R7,7,Defect,COMPLETED_CORRECTIVE_ACTION
N0000264,,PLT-FL-DRY-PRS,ROLL-DRY-PRS-01,2023-08-13,2,Operator Route,Drying - Operations,Sensory Route,Bearing temperature trending above baseline.,BEARING_TEMPERATURE,BEARING_TEMPERATURE,Mechanical,,DRY-MECHANICAL,Closed,,,,,,,,,NO_ACTION_REQUIRED,Notification dispositioned without corrective scope.,Inspection only,Field inspection completed; no corrective maintenance performed.,TRUE,1.65,293.28,,Fiber Line,Drying,SYS-FL-DRY-PRS,Press Section,Press Roll,A,FALSE,TRUE,TRUE,FALSE,FALSE,,825,,,FALSE,R2,2,Defect almost failure,CLOSED_CONFIRMED_WITHOUT_ORDER
N0000265,WO0000156,PLT-RU-LIM-IDF,DV-LIM-IDF-01,2023-08-14,2,Process Alarm,Lime Kiln - Control Room,Process / Control Monitoring,Process differential pressure above normal operating range.,PROCESS_RESTRICTION,PROCESS_RESTRICTION,Mechanical,,LIM-MECHANICAL,Closed,2023-08-16,PM02,Completed,2023-08-19,2023-08-19,2023-08-19,2023-08-19,0,NO_DEFECT_FOUND,Inspection could not confirm the reported abnormality.,Inspection only,Inspected and recorded readings; no component correction performed.,FALSE,0.72,183.55,,Recovery & Utilities,Lime Kiln,SYS-RU-LIM-IDF,Induced Draft,Damper,B,TRUE,FALSE,FALSE,FALSE,TRUE,162,824,2,5,FALSE,R4,4,Defect almost failure,OTHER_CLOSED
N0000266,WO0000157,PLT-FL-DRY-FOR,DRV-DRY-FOR-01,2023-08-15,2,Maintenance Sensory Route,Drying - Maintenance Route A,Sensory Route,Oil sample shows elevated contamination.,OIL_CONTAMINATION,OIL_CONTAMINATION,Lubrication,,DRY-LUBRICATION,Closed,2023-08-19,PM02,Completed,2023-09-05,2023-09-05,2023-09-05,2023-09-05,0,WORK_COMPLETED,Corrective scope executed and checked.,Lubrication,Lubrication performed; post-work functional check within tolerance.,TRUE,6.30,3222.01,,Fiber Line,Drying,SYS-FL-DRY-FOR,Forming Section,Drive,A,TRUE,FALSE,FALSE,FALSE,FALSE,,823,4,21,FALSE,R2,2,Defect almost failure,COMPLETED_CORRECTIVE_ACTION
N0000267,WO0000158,PLT-FL-DIG-CIR,M-DIG-CIR-01,2023-08-15,3,Process Alarm,Digester - Control Room,Process / Control Monitoring,Motor bearing vibration above baseline.,MOTOR_BEARING_VIBRATION,MOTOR_BEARING_VIBRATION,Condition Monitoring,,DIG-CONDITION_MONITORING,Closed,2023-08-19,PM02,Completed,2023-09-01,2023-09-01,2023-09-01,2023-09-01,0,WORK_COMPLETED,Corrective scope executed and checked.,Bearing replacement,Bearing replacement performed; post-work functional check within tolerance.,TRUE,13.89,8961.87,,Fiber Line,Digester,SYS-FL-DIG-CIR,Cooking Circulation,Motor,A,TRUE,FALSE,FALSE,FALSE,FALSE,,823,4,17,FALSE,R5,5,Defect,COMPLETED_CORRECTIVE_ACTION
N0000268,WO0000159,PLT-FL-BLE-TWR,AG-BLE-TWR-01,2023-08-16,2,Condition Monitoring,Bleaching - Condition Monitoring,Predictive Route,Rotating assembly shows dominant once-per-revolution vibration.,IMBALANCE,IMBALANCE,Mechanical,,BLE-MECHANICAL,Closed,2023-08-16,PM02,Completed,2023-09-11,2023-09-12,2023-09-11,2023-09-12,2,WORK_COMPLETED,Corrective scope executed and checked.,Adjustment,Adjustment performed; post-work functional check within tolerance.,TRUE,10.01,4956.68,,Fiber Line,Bleaching,SYS-FL-BLE-TWR,Bleaching Towers,Agitator,B,TRUE,FALSE,FALSE,FALSE,FALSE,,822,0,27,FALSE,R4,4,Defect almost failure,COMPLETED_CORRECTIVE_ACTION
N0000269,WO0000160,PLT-RU-CAU-WLC,AG-CAU-WLC-01,2023-08-19,1,Breakdown / Corrective,Causticizing - Operations,,Bearing temperature trending above baseline.,BEARING_TEMPERATURE,BEARING_TEMPERATURE,Mechanical,,CAU-MECHANICAL,Closed,2023-08-20,CM01,Completed,2023-09-08,2023-09-10,2023-09-08,2023-09-10,1,WORK_COMPLETED,Corrective scope executed and checked.,Bearing replacement,Bearing replacement performed; post-work functional check within tolerance.,TRUE,9.33,6685.68,,Recovery & Utilities,Causticizing,SYS-RU-CAU-WLC,White Liquor Clarification,Agitator,B,TRUE,FALSE,FALSE,FALSE,FALSE,,819,1,22,FALSE,R3,3,Fault,COMPLETED_CORRECTIVE_ACTION
N0000270,WO0000161,PLT-RU-LIM-LMF,FV-LIM-LMF-01,2023-08-19,1,Maintenance Sensory Route,Lime Kiln - Maintenance Route A,Sensory Route,Valve feedback differs from demanded position.,POSITIONER_DEVIATION,POSITIONER_DEVIATION,Valves,,LIM-VALVES,Closed,2023-08-21,CM01,Completed,2023-09-02,2023-09-03,2023-09-02,2023-09-03,1,NO_DEFECT_FOUND,Inspection could not confirm the reported abnormality.,Inspection only,Inspected and recorded readings; no component correction performed.,FALSE,0.68,167.65,,Recovery & Utilities,Lime Kiln,SYS-RU-LIM-LMF,Lime Mud Feed,Control Valve,B,TRUE,FALSE,FALSE,FALSE,FALSE,,819,2,15,FALSE,R3,3,Fault,OTHER_CLOSED
N0000271,WO0000162,PLT-FL-DIG-BLC,PT-DIG-BLC-01,2023-08-19,3,Operator Route,Digester - Operations,Sensory Route,Measured output outside calibration tolerance.,CALIBRATION_DEVIATION,CALIBRATION_DEVIATION,Instrumentation,,DIG-INSTRUMENTATION,Closed,2023-08-20,PM02,Completed,2023-09-05,2023-09-07,2023-09-05,2023-09-07,0,WORK_COMPLETED,Corrective scope executed and checked.,Calibration,Calibration performed; post-work functional check within tolerance.,TRUE,3.48,1027.45,,Fiber Line,Digester,SYS-FL-DIG-BLC,Blow / Pressure Control,Pressure Transmitter,A,TRUE,FALSE,FALSE,FALSE,FALSE,,819,1,19,FALSE,R5,5,Defect,COMPLETED_CORRECTIVE_ACTION
N0000272,WO0000163,PLT-FL-WSH-SCR,M-WSH-SCR-01,2023-08-20,3,Operator Route,Washing & Screening - Operations,Sensory Route,Localized heating at electrical connection.,TERMINAL_HEATING,TERMINAL_HEATING,Electrical,,WSH-ELECTRICAL,Closed,2023-08-24,PM02,Completed,2023-10-10,2023-10-10,2023-10-10,2023-10-10,1,NO_DEFECT_FOUND,Inspection could not confirm the reported abnormality.,Inspection only,Inspected and recorded readings; no component correction performed.,FALSE,1.84,307.51,,Fiber Line,Washing & Screening,SYS-FL-WSH-SCR,Screening,Motor,B,TRUE,FALSE,FALSE,FALSE,TRUE,148,818,4,51,FALSE,R7,7,Defect,OTHER_CLOSED
N0000273,WO0000164,PLT-RU-UTL-ELD,REL-UTL-ELD-01,2023-08-22,3,Maintenance Sensory Route,Utilities - Maintenance Route A,Sensory Route,Localized heating at electrical connection.,TERMINAL_HEATING,TERMINAL_HEATING,Electrical,,UTL-ELECTRICAL,Closed,2023-08-24,PM02,Completed,2023-09-24,2023-09-24,2023-09-24,2023-09-24,0,WORK_COMPLETED,Corrective scope executed and checked.,Tightening,Tightening performed; post-work functional check within tolerance.,TRUE,3.70,906.01,,Recovery & Utilities,Utilities,SYS-RU-UTL-ELD,Electrical Distribution,Protection Relay,A,TRUE,FALSE,FALSE,FALSE,FALSE,,816,2,33,FALSE,R5,5,Defect,COMPLETED_CORRECTIVE_ACTION
N0000274,,PLT-RU-UTL-ELD,CB-UTL-ELD-01,2023-08-23,3,Planned Inspection,Utilities - Inspection,Planned Inspection,Control sequence response differs from approved logic.,CONTROL_SEQUENCE_DEVIATION,CONTROL_SEQUENCE_DEVIATION,Electrical,,UTL-ELECTRICAL,Closed,,,,,,,,,MONITOR_CONDITION,Condition recorded; continue observation without corrective work.,Inspection only,Field inspection completed; no corrective maintenance performed.,TRUE,0.44,149.44,,Recovery & Utilities,Utilities,SYS-RU-UTL-ELD,Electrical Distribution,Circuit Breaker,A,FALSE,TRUE,TRUE,FALSE,FALSE,230,815,,,FALSE,R5,5,Defect,CLOSED_CONFIRMED_WITHOUT_ORDER
N0000275,,PLT-FL-BLE-STW,FV-BLE-STW-01,2023-08-27,2,Process Alarm,Bleaching - Control Room,Process / Control Monitoring,Visible leakage at valve packing.,EXTERNAL_LEAKAGE,EXTERNAL_LEAKAGE,Instrumentation,,BLE-INSTRUMENTATION,Closed,,,,,,,,,MONITOR_CONDITION,Condition recorded; continue observation without corrective work.,Inspection only,Field inspection completed; no corrective maintenance performed.,TRUE,0.59,167.14,,Fiber Line,Bleaching,SYS-FL-BLE-STW,Stage Washing,Control Valve,B,FALSE,TRUE,TRUE,FALSE,FALSE,228,811,,,FALSE,R4,4,Defect almost failure,CLOSED_CONFIRMED_WITHOUT_ORDER
N0000276,,PLT-FL-DRY-PRS,HY-DRY-PRS-01,2023-08-28,2,Planned Inspection,Drying - Inspection,Planned Inspection,Hydraulic pressure decays with no external leak.,HYD_INTERNAL_LEAKAGE,HYD_INTERNAL_LEAKAGE,Hydraulics,,DRY-HYDRAULICS,Closed,,,,,,,,,NO_ACTION_REQUIRED,Notification dispositioned without corrective scope.,Inspection only,Field inspection completed; no corrective maintenance performed.,FALSE,0.75,148.61,,Fiber Line,Drying,SYS-FL-DRY-PRS,Press Section,Hydraulic Actuator,A,FALSE,TRUE,FALSE,TRUE,FALSE,235,810,,,FALSE,R2,2,Defect almost failure,CLOSED_UNCONFIRMED_WITHOUT_ORDER
N0000277,WO0000165,PLT-FL-DIG-BLC,PSHH-DIG-BLC-01,2023-08-28,3,Maintenance Sensory Route,Digester - Maintenance Route A,Sensory Route,Measured output outside calibration tolerance.,CALIBRATION_DEVIATION,CALIBRATION_DEVIATION,Instrumentation,,DIG-INSTRUMENTATION,Closed,2023-08-29,PM02,Completed,2023-09-26,2023-09-28,2023-09-26,2023-09-28,0,WORK_COMPLETED,Corrective scope executed and checked.,Calibration,Calibration performed; post-work functional check within tolerance.,TRUE,5.02,1481.20,,Fiber Line,Digester,SYS-FL-DIG-BLC,Blow / Pressure Control,Pressure Switch,A,TRUE,FALSE,FALSE,FALSE,FALSE,,810,1,31,FALSE,R5,5,Defect,COMPLETED_CORRECTIVE_ACTION
N0000278,WO0000166,PLT-FL-DIG-DIS,P-DIG-DIS-01,2023-08-29,2,Planned Inspection,Digester - Inspection,Planned Inspection,Elevated vibration at pump bearing housing.,PUMP_BEARING_VIBRATION,PUMP_BEARING_VIBRATION,Mechanical,,DIG-MECHANICAL,Closed,2023-09-03,PM02,Completed,2023-09-19,2023-09-21,2023-09-19,2023-09-21,1,WORK_COMPLETED,Corrective scope executed and checked.,Bearing replacement,Bearing replacement performed; post-work functional check within tolerance.,TRUE,16.90,11958.34,,Fiber Line,Digester,SYS-FL-DIG-DIS,Digester Discharge,Pump,A,TRUE,FALSE,FALSE,FALSE,FALSE,,809,5,23,FALSE,R2,2,Defect almost failure,COMPLETED_CORRECTIVE_ACTION
N0000279,WO0000167,PLT-RU-RB-SMT,P-RB-SMT-01,2023-08-29,3,Condition Monitoring,Recovery Boiler - Condition Monitoring,Predictive Route,Crackling noise and unstable suction pressure.,CAVITATION,CAVITATION,Mechanical,,RB-MECHANICAL,Closed,2023-09-02,PM02,Completed,2023-11-22,2023-11-24,2023-11-22,2023-11-24,5,WORK_COMPLETED,Corrective scope executed and checked.,Cleaning,Cleaning performed; post-work functional check within tolerance.,TRUE,5.85,1551.54,,Recovery & Utilities,Recovery Boiler,SYS-RU-RB-SMT,Smelt Handling,Pump,B,TRUE,FALSE,FALSE,FALSE,FALSE,,809,4,87,FALSE,R7,7,Defect,COMPLETED_CORRECTIVE_ACTION
N0000280,,PLT-RU-UTL-STM,PV-UTL-STM-01,2023-08-29,2,Operator Report,Utilities - Operations,,Visible leakage at valve packing.,EXTERNAL_LEAKAGE,EXTERNAL_LEAKAGE,Valves,,UTL-VALVES,Closed,,,,,,,,,NO_ACTION_REQUIRED,Notification dispositioned without corrective scope.,Inspection only,Field inspection completed; no corrective maintenance performed.,FALSE,1.14,259.77,,Recovery & Utilities,Utilities,SYS-RU-UTL-STM,Steam Distribution,Control Valve,A,FALSE,TRUE,FALSE,TRUE,FALSE,,809,,,FALSE,R2,2,Defect almost failure,CLOSED_UNCONFIRMED_WITHOUT_ORDER
N0000281,WO0000168,PLT-RU-LIM-DRV,DRV-LIM-DRV-01,2023-08-30,2,Process Alarm,Lime Kiln - Control Room,Process / Control Monitoring,Rotating assembly shows dominant once-per-revolution vibration.,IMBALANCE,IMBALANCE,Mechanical,,LIM-MECHANICAL,Closed,2023-08-30,PM02,Completed,2023-10-19,2023-10-20,2023-10-19,2023-10-20,3,WORK_COMPLETED,Corrective scope executed and checked.,Adjustment,Adjustment performed; post-work functional check within tolerance.,TRUE,11.60,5743.28,,Recovery & Utilities,Lime Kiln,SYS-RU-LIM-DRV,Kiln Drive,Drive,A,TRUE,FALSE,FALSE,FALSE,FALSE,,808,0,51,FALSE,R2,2,Defect almost failure,COMPLETED_CORRECTIVE_ACTION
N0000282,WO0000169,PLT-RU-EVA-CIR,M-EVA-CIR-01,2023-08-30,1,Breakdown / Corrective,Evaporation - Operations,,Motor bearing vibration above baseline.,MOTOR_BEARING_VIBRATION,MOTOR_BEARING_VIBRATION,Electrical,,EVA-ELECTRICAL,Closed,2023-09-02,CM01,Completed,2023-09-04,2023-09-04,2023-09-04,2023-09-04,0,WORK_COMPLETED,Corrective scope executed and checked.,Bearing replacement,Bearing replacement performed; post-work functional check within tolerance.,TRUE,12.97,8363.67,,Recovery & Utilities,Evaporation,SYS-RU-EVA-CIR,Evaporator Circulation,Motor,B,TRUE,FALSE,FALSE,FALSE,TRUE,120,808,3,5,FALSE,R3,3,Fault,COMPLETED_CORRECTIVE_ACTION
N0000283,WO0000170,PLT-RU-UTL-AIR,M-UTL-AIR-01,2023-09-02,3,Operator Route,Utilities - Operations,Sensory Route,Localized heating at electrical connection.,TERMINAL_HEATING,TERMINAL_HEATING,Electrical,,UTL-ELECTRICAL,Closed,2023-09-07,PM02,Completed,2023-11-17,2023-11-18,2023-11-17,2023-11-18,2,WORK_COMPLETED,Corrective scope executed and checked.,Tightening,Tightening performed; post-work functional check within tolerance.,TRUE,2.82,690.24,,Recovery & Utilities,Utilities,SYS-RU-UTL-AIR,Compressed Air,Motor,A,TRUE,FALSE,FALSE,FALSE,FALSE,,805,5,77,FALSE,R5,5,Defect,COMPLETED_CORRECTIVE_ACTION
N0000284,WO0000171,PLT-FL-DIG-CIR,TT-DIG-CIR-01,2023-09-02,3,Planned Inspection,Digester - Inspection,Planned Inspection,Indicated value drifts from independent reference.,SIGNAL_DRIFT,SIGNAL_DRIFT,Instrumentation,,DIG-INSTRUMENTATION,Closed,2023-09-06,PM02,Completed,2023-09-25,2023-09-26,2023-09-25,2023-09-26,0,WORK_COMPLETED,Corrective scope executed and checked.,Calibration,Calibration performed; post-work functional check within tolerance.,TRUE,3.19,942.36,,Fiber Line,Digester,SYS-FL-DIG-CIR,Cooking Circulation,Temperature Transmitter,B,TRUE,FALSE,FALSE,FALSE,FALSE,231,805,4,24,FALSE,R7,7,Defect,COMPLETED_CORRECTIVE_ACTION
N0000285,WO0000172,PLT-RU-LIM-DRV,DRV-LIM-DRV-01,2023-09-03,2,Condition Monitoring,Lime Kiln - Condition Monitoring,Predictive Route,Bearing temperature trending above baseline.,BEARING_TEMPERATURE,BEARING_TEMPERATURE,Mechanical,,LIM-MECHANICAL,Closed,2023-09-03,PM02,Completed,2023-09-11,2023-09-12,2023-09-11,2023-09-12,0,WORK_COMPLETED,Corrective scope executed and checked.,Bearing replacement,Bearing replacement performed; post-work functional check within tolerance.,TRUE,14.13,10123.34,,Recovery & Utilities,Lime Kiln,SYS-RU-LIM-DRV,Kiln Drive,Drive,A,TRUE,FALSE,FALSE,FALSE,FALSE,209,804,0,9,FALSE,R2,2,Defect almost failure,COMPLETED_CORRECTIVE_ACTION
N0000286,WO0000173,PLT-RU-RB-STM,PV-RB-STM-01,2023-09-03,3,Planned Inspection,Recovery Boiler - Inspection,Planned Inspection,Valve travel sticks during small command changes.,VALVE_STICTION,VALVE_STICTION,Valves,,RB-VALVES,Closed,2023-09-07,PM02,Completed,2023-09-27,2023-09-28,2023-09-27,2023-09-28,0,MONITOR_CONDITION,Condition recorded; continue observation without corrective work.,Inspection only,Inspected and recorded readings; no component correction performed.,TRUE,1.89,364.90,,Recovery & Utilities,Recovery Boiler,SYS-RU-RB-STM,Steam / Pressure Control,Control Valve,A,TRUE,FALSE,FALSE,FALSE,TRUE,47,804,4,25,FALSE,R5,5,Defect,MONITOR_CONDITION
N0000287,,PLT-FL-BLE-STW,FV-BLE-STW-01,2023-09-04,3,Planned Inspection,Bleaching - Inspection,Planned Inspection,Actuator supply pressure decays while held.,ACTUATOR_LEAKAGE,ACTUATOR_LEAKAGE,Valves,,BLE-VALVES,Closed,,,,,,,,,NO_ACTION_REQUIRED,Notification dispositioned without corrective scope.,Inspection only,Field inspection completed; no corrective maintenance performed.,TRUE,1.29,217.88,,Fiber Line,Bleaching,SYS-FL-BLE-STW,Stage Washing,Control Valve,B,FALSE,TRUE,TRUE,FALSE,FALSE,,803,,,FALSE,R7,7,Defect,CLOSED_CONFIRMED_WITHOUT_ORDER
N0000288,WO0000174,PLT-RU-EVA-VAC,PT-EVA-VAC-01,2023-09-04,3,Maintenance Sensory Route,Evaporation - Maintenance Route A,Sensory Route,Indicated value drifts from independent reference.,SIGNAL_DRIFT,SIGNAL_DRIFT,Instrumentation,,EVA-INSTRUMENTATION,Closed,2023-09-09,PM02,Completed,2023-11-08,2023-11-08,2023-11-08,2023-11-08,1,NO_DEFECT_FOUND,Inspection could not confirm the reported abnormality.,Inspection only,Inspected and recorded readings; no component correction performed.,FALSE,0.51,134.92,,Recovery & Utilities,Evaporation,SYS-RU-EVA-VAC,Vacuum System,Pressure Transmitter,B,TRUE,FALSE,FALSE,FALSE,FALSE,,803,5,65,FALSE,R7,7,Defect,OTHER_CLOSED
N0000289,,PLT-FL-DRY-SHT,ENC-DRY-SHT-01,2023-09-08,3,Maintenance Sensory Route,Drying - Maintenance Route A,Sensory Route,Indicated value drifts from independent reference.,SIGNAL_DRIFT,SIGNAL_DRIFT,Instrumentation,,DRY-INSTRUMENTATION,Closed,,,,,,,,,NO_ACTION_REQUIRED,Notification dispositioned without corrective scope.,Inspection only,Field inspection completed; no corrective maintenance performed.,FALSE,1.11,238.73,,Fiber Line,Drying,SYS-FL-DRY-SHT,Sheet Handling / Cutter,Encoder,B,FALSE,TRUE,FALSE,TRUE,FALSE,,799,,,FALSE,R7,7,Defect,CLOSED_UNCONFIRMED_WITHOUT_ORDER
N0000290,WO0000175,PLT-RU-LIM-IDF,FAN-LIM-IDF-01,2023-09-08,2,Condition Monitoring,Lime Kiln - Condition Monitoring,Predictive Route,Lubricant level below normal mark.,LOW_LUBE_LEVEL,LOW_LUBE_LEVEL,Lubrication,,LIM-LUBRICATION,Closed,2023-09-09,PM02,Completed,2023-11-17,2023-11-17,2023-11-17,2023-11-17,3,WORK_COMPLETED,Corrective scope executed and checked.,Lubrication,Lubrication performed; post-work functional check within tolerance.,TRUE,1.37,676.65,,Recovery & Utilities,Lime Kiln,SYS-RU-LIM-IDF,Induced Draft,Fan,A,TRUE,FALSE,FALSE,FALSE,FALSE,,799,1,70,FALSE,R2,2,Defect almost failure,COMPLETED_CORRECTIVE_ACTION
N0000291,WO0000176,PLT-RU-UTL-BFW,M-UTL-BFW-01,2023-09-09,2,Process Alarm,Utilities - Control Room,Process / Control Monitoring,Localized heating at electrical connection.,TERMINAL_HEATING,TERMINAL_HEATING,Electrical,Lubrication,UTL-LUBRICATION,Closed,2023-09-10,PM02,Completed,2023-09-21,2023-09-22,2023-09-21,2023-09-22,0,WORK_COMPLETED,Corrective scope executed and checked.,Tightening,Tightening performed; post-work functional check within tolerance.,TRUE,3.65,894.09,,Recovery & Utilities,Utilities,SYS-RU-UTL-BFW,Boiler Feedwater,Motor,A,TRUE,FALSE,FALSE,FALSE,FALSE,,798,1,13,FALSE,R2,2,Defect almost failure,COMPLETED_CORRECTIVE_ACTION
N0000292,WO0000177,PLT-FL-DIG-CHP,CNV-DIG-CHP-01,2023-09-10,3,Operator Route,Digester - Operations,Sensory Route,Process differential pressure above normal operating range.,PROCESS_RESTRICTION,PROCESS_RESTRICTION,Mechanical,,DIG-MECHANICAL,Closed,2023-09-12,PM02,Completed,2023-10-21,2023-10-23,2023-10-21,2023-10-23,0,WORK_COMPLETED,Corrective scope executed and checked.,Cleaning,Cleaning performed; post-work functional check within tolerance.,TRUE,8.95,2819.74,,Fiber Line,Digester,SYS-FL-DIG-CHP,Chip Feeding,Conveyor,A,TRUE,FALSE,FALSE,FALSE,FALSE,,797,2,43,FALSE,R5,5,Defect,COMPLETED_CORRECTIVE_ACTION
N0000293,WO0000178,PLT-FL-DRY-DRS,M-DRY-DRS-01,2023-09-10,3,Operator Route,Drying - Operations,Sensory Route,Lubricant level below normal mark.,LOW_LUBE_LEVEL,LOW_LUBE_LEVEL,Lubrication,,DRY-LUBRICATION,Closed,2023-09-15,PM02,Completed,2023-11-13,2023-11-13,2023-11-13,2023-11-13,3,WORK_COMPLETED,Corrective scope executed and checked.,Lubrication,Lubrication performed; post-work functional check within tolerance.,TRUE,1.44,712.89,,Fiber Line,Drying,SYS-FL-DRY-DRS,Dryer Section,Motor,A,TRUE,FALSE,FALSE,FALSE,FALSE,,797,5,64,FALSE,R5,5,Defect,COMPLETED_CORRECTIVE_ACTION
N0000294,,PLT-RU-CAU-GLH,M-CAU-GLH-01,2023-09-12,3,Maintenance Sensory Route,Causticizing - Maintenance Route A,Sensory Route,Insulation test trending below reference.,INSULATION_DEGRADATION,INSULATION_DEGRADATION,Electrical,,CAU-ELECTRICAL,Closed,,,,,,,,,NO_ACTION_REQUIRED,Notification dispositioned without corrective scope.,Inspection only,Field inspection completed; no corrective maintenance performed.,TRUE,0.42,103.55,,Recovery & Utilities,Causticizing,SYS-RU-CAU-GLH,Green Liquor Handling,Motor,B,FALSE,TRUE,TRUE,FALSE,FALSE,,795,,,FALSE,R7,7,Defect,CLOSED_CONFIRMED_WITHOUT_ORDER
N0000295,WO0000179,PLT-RU-EVA-BLF,FT-EVA-BLF-01,2023-09-13,2,Maintenance Sensory Route,Evaporation - Maintenance Route A,Sensory Route,Indicated value drifts from independent reference.,SIGNAL_DRIFT,SIGNAL_DRIFT,Instrumentation,,EVA-INSTRUMENTATION,Closed,2023-09-18,PM02,Completed,2023-10-11,2023-10-13,2023-10-11,2023-10-13,2,MONITOR_CONDITION,Condition recorded; continue observation without corrective work.,Inspection only,Inspected and recorded readings; no component correction performed.,TRUE,1.44,284.22,,Recovery & Utilities,Evaporation,SYS-RU-EVA-BLF,Black Liquor Feed,Flow Transmitter,B,TRUE,FALSE,FALSE,FALSE,FALSE,,794,5,30,FALSE,R4,4,Defect almost failure,MONITOR_CONDITION
N0000296,,PLT-FL-DRY-HYD,PT-DRY-HYD-01,2023-09-13,3,Planned Inspection,Drying - Inspection,Planned Inspection,Pressure response delayed during process change.,IMPULSE_LINE_RESTRICTION,IMPULSE_LINE_RESTRICTION,Instrumentation,,DRY-INSTRUMENTATION,Closed,,,,,,,,,NO_ACTION_REQUIRED,Notification dispositioned without corrective scope.,Inspection only,Field inspection completed; no corrective maintenance performed.,TRUE,1.33,254.81,,Fiber Line,Drying,SYS-FL-DRY-HYD,Hydraulic System,Pressure Transmitter,B,FALSE,TRUE,TRUE,FALSE,FALSE,,794,,,FALSE,R7,7,Defect,CLOSED_CONFIRMED_WITHOUT_ORDER
N0000297,WO0000180,PLT-RU-CAU-WLC,P-CAU-WLC-01,2023-09-15,3,Operator Route,Causticizing - Operations,Sensory Route,Lubricant level below normal mark.,LOW_LUBE_LEVEL,LOW_LUBE_LEVEL,Lubrication,,CAU-LUBRICATION,Closed,2023-09-20,PM02,Completed,2023-11-25,2023-11-27,2023-11-25,2023-11-27,2,WORK_COMPLETED,Corrective scope executed and checked.,Lubrication,Lubrication performed; post-work functional check within tolerance.,TRUE,2.19,1085.73,,Recovery & Utilities,Causticizing,SYS-RU-CAU-WLC,White Liquor Clarification,Pump,A,TRUE,FALSE,FALSE,FALSE,FALSE,,792,5,73,FALSE,R5,5,Defect,COMPLETED_CORRECTIVE_ACTION
N0000298,WO0000181,PLT-RU-UTL-CWT,M-UTL-CWT-01,2023-09-16,3,Operator Route,Utilities - Operations,Sensory Route,Oil sample shows elevated contamination.,OIL_CONTAMINATION,OIL_CONTAMINATION,Lubrication,,UTL-LUBRICATION,Closed,2023-09-20,PM02,Completed,2023-11-11,2023-11-13,2023-11-11,2023-11-13,2,WORK_COMPLETED,Corrective scope executed and checked.,Lubrication,Lubrication performed; post-work functional check within tolerance.,TRUE,7.63,3902.45,,Recovery & Utilities,Utilities,SYS-RU-UTL-CWT,Cooling Water,Motor,A,TRUE,FALSE,FALSE,FALSE,FALSE,,791,4,58,FALSE,R5,5,Defect,COMPLETED_CORRECTIVE_ACTION
N0000299,WO0000182,PLT-RU-UTL-ELD,TR-UTL-ELD-01,2023-09-16,3,Operator Route,Utilities - Operations,Sensory Route,Localized heating at electrical connection.,TERMINAL_HEATING,TERMINAL_HEATING,Electrical,,UTL-ELECTRICAL,Closed,2023-09-16,PM02,Completed,2023-10-18,2023-10-19,2023-10-18,2023-10-19,0,WORK_COMPLETED,Corrective scope executed and checked.,Tightening,Tightening performed; post-work functional check within tolerance.,TRUE,5.53,1355.57,,Recovery & Utilities,Utilities,SYS-RU-UTL-ELD,Electrical Distribution,Transformer,A,TRUE,FALSE,FALSE,FALSE,FALSE,,791,0,33,FALSE,R5,5,Defect,COMPLETED_CORRECTIVE_ACTION
N0000300,,PLT-RU-RB-SMT,LT-RB-SMT-01,2023-09-17,2,Planned Inspection,Recovery Boiler - Inspection,Planned Inspection,Indicated value drifts from independent reference.,SIGNAL_DRIFT,SIGNAL_DRIFT,Instrumentation,,RB-INSTRUMENTATION,Closed,,,,,,,,,NO_ACTION_REQUIRED,Notification dispositioned without corrective scope.,Inspection only,Field inspection completed; no corrective maintenance performed.,TRUE,1.78,289.20,,Recovery & Utilities,Recovery Boiler,SYS-RU-RB-SMT,Smelt Handling,Level Transmitter,B,FALSE,TRUE,TRUE,FALSE,FALSE,,790,,,FALSE,R4,4,Defect almost failure,CLOSED_CONFIRMED_WITHOUT_ORDER
N0000301,,PLT-FL-DRY-DRS,PV-DRY-DRS-01,2023-09-17,3,Operator Route,Drying - Operations,Sensory Route,Actuator supply pressure decays while held.,ACTUATOR_LEAKAGE,ACTUATOR_LEAKAGE,Valves,Instrumentation,DRY-INSTRUMENTATION,Closed,,,,,,,,,NO_ACTION_REQUIRED,Notification dispositioned without corrective scope.,Inspection only,Field inspection completed; no corrective maintenance performed.,FALSE,1.50,305.55,,Fiber Line,Drying,SYS-FL-DRY-DRS,Dryer Section,Control Valve,A,FALSE,TRUE,FALSE,TRUE,FALSE,,790,,,FALSE,R5,5,Defect,CLOSED_UNCONFIRMED_WITHOUT_ORDER
N0000302,WO0000183,PLT-FL-BLE-TWR,AG-BLE-TWR-01,2023-09-18,3,Condition Monitoring,Bleaching - Condition Monitoring,Predictive Route,Bearing temperature trending above baseline.,BEARING_TEMPERATURE,BEARING_TEMPERATURE,Condition Monitoring,,BLE-CONDITION_MONITORING,Closed,2023-09-22,PM02,Completed,2023-10-17,2023-10-18,2023-10-17,2023-10-18,0,WORK_COMPLETED,Corrective scope executed and checked.,Bearing replacement,Bearing replacement performed; post-work functional check within tolerance.,TRUE,14.24,10199.67,,Fiber Line,Bleaching,SYS-FL-BLE-TWR,Bleaching Towers,Agitator,B,TRUE,FALSE,FALSE,FALSE,FALSE,,789,4,30,FALSE,R7,7,Defect,COMPLETED_CORRECTIVE_ACTION
N0000303,WO0000184,PLT-RU-CAU-WLC,FV-CAU-WLC-01,2023-09-18,1,Process Alarm,Causticizing - Control Room,Process / Control Monitoring,Valve travel sticks during small command changes.,VALVE_STICTION,VALVE_STICTION,Valves,,CAU-VALVES,Closed,2023-09-18,CM01,Completed,2023-10-22,2023-10-24,2023-10-22,2023-10-24,4,MONITOR_CONDITION,Condition recorded; continue observation without corrective work.,Inspection only,Inspected and recorded readings; no component correction performed.,TRUE,1.43,277.44,,Recovery & Utilities,Causticizing,SYS-RU-CAU-WLC,White Liquor Clarification,Control Valve,A,TRUE,FALSE,FALSE,FALSE,TRUE,140,789,0,36,FALSE,R1,1,Fault,MONITOR_CONDITION
N0000304,WO0000185,PLT-FL-DRY-HYD,HPU-DRY-HYD-01,2023-09-18,1,Process Alarm,Drying - Control Room,Process / Control Monitoring,Hydraulic header pressure oscillates under steady demand.,HYD_PRESS_INSTABILITY,HYD_PRESS_INSTABILITY,Hydraulics,,DRY-HYDRAULICS,Closed,2023-09-20,CM01,Completed,2023-11-17,2023-11-17,2023-11-17,2023-11-17,4,MONITOR_CONDITION,Condition recorded; continue observation without corrective work.,Inspection only,Inspected and recorded readings; no component correction performed.,TRUE,1.26,233.71,,Fiber Line,Drying,SYS-FL-DRY-HYD,Hydraulic System,Hydraulic Power Unit,A,TRUE,FALSE,FALSE,FALSE,TRUE,140,789,2,60,FALSE,R1,1,Fault,MONITOR_CONDITION
N0000305,WO0000186,PLT-FL-DIG-CIR,P-DIG-CIR-01,2023-09-18,1,Process Alarm,Digester - Control Room,Process / Control Monitoring,Elevated vibration at pump bearing housing.,PUMP_BEARING_VIBRATION,PUMP_BEARING_VIBRATION,Mechanical,,DIG-MECHANICAL,Closed,2023-09-20,CM01,Completed,2023-11-20,2023-11-22,2023-11-20,2023-11-22,4,MONITOR_CONDITION,Condition recorded; continue observation without corrective work.,Inspection only,Inspected and recorded readings; no component correction performed.,TRUE,0.61,172.77,,Fiber Line,Digester,SYS-FL-DIG-CIR,Cooking Circulation,Pump,A,TRUE,FALSE,FALSE,FALSE,TRUE,140,789,2,65,FALSE,R1,1,Fault,MONITOR_CONDITION
N0000306,,PLT-RU-RB-FWS,FV-RB-FWS-01,2023-09-19,2,Maintenance Sensory Route,Recovery Boiler - Maintenance Route A,Sensory Route,Visible leakage at valve packing.,EXTERNAL_LEAKAGE,EXTERNAL_LEAKAGE,Valves,,RB-VALVES,Closed,,,,,,,,,NO_ACTION_REQUIRED,Notification dispositioned without corrective scope.,Inspection only,Field inspection completed; no corrective maintenance performed.,FALSE,1.55,295.84,,Recovery & Utilities,Recovery Boiler,SYS-RU-RB-FWS,Feedwater System,Control Valve,A,FALSE,TRUE,FALSE,TRUE,TRUE,143,788,,,FALSE,R2,2,Defect almost failure,CLOSED_UNCONFIRMED_WITHOUT_ORDER
N0000307,WO0000187,PLT-RU-CAU-REA,FV-CAU-REA-01,2023-09-20,3,Operator Route,Causticizing - Operations,Sensory Route,Actuator supply pressure decays while held.,ACTUATOR_LEAKAGE,ACTUATOR_LEAKAGE,Instrumentation,,CAU-INSTRUMENTATION,Closed,2023-09-21,PM02,Completed,2023-11-26,2023-11-28,2023-11-26,2023-11-28,3,WORK_COMPLETED,Corrective scope executed and checked.,Seal replacement,Seal replacement performed; post-work functional check within tolerance.,TRUE,10.05,5857.00,,Recovery & Utilities,Causticizing,SYS-RU-CAU-REA,Causticizing Reactors,Control Valve,B,TRUE,FALSE,FALSE,FALSE,TRUE,46,787,1,69,FALSE,R7,7,Defect,COMPLETED_CORRECTIVE_ACTION
N0000308,WO0000188,PLT-FL-WSH-SCR,DPIT-WSH-SCR-01,2023-09-21,3,Operator Route,Washing & Screening - Operations,Sensory Route,Pressure response delayed during process change.,IMPULSE_LINE_RESTRICTION,IMPULSE_LINE_RESTRICTION,Instrumentation,,WSH-INSTRUMENTATION,Closed,2023-09-25,PM02,Completed,2023-10-14,2023-10-15,2023-10-14,2023-10-15,0,WORK_COMPLETED,Corrective scope executed and checked.,Cleaning,Cleaning performed; post-work functional check within tolerance.,TRUE,3.53,935.81,,Fiber Line,Washing & Screening,SYS-FL-WSH-SCR,Screening,Differential Pressure Transmitter,C,TRUE,FALSE,FALSE,FALSE,FALSE,,786,4,24,FALSE,R9,9,Defect,COMPLETED_CORRECTIVE_ACTION
N0000309,,PLT-RU-RB-BLF,FV-RB-BLF-01,2023-09-24,3,Operator Report,Recovery Boiler - Operations,,Visible leakage at valve packing.,EXTERNAL_LEAKAGE,EXTERNAL_LEAKAGE,Valves,Instrumentation,RB-INSTRUMENTATION,Closed,,,,,,,,,MONITOR_CONDITION,Condition recorded; continue observation without corrective work.,Inspection only,Field inspection completed; no corrective maintenance performed.,TRUE,0.94,178.10,,Recovery & Utilities,Recovery Boiler,SYS-RU-RB-BLF,Black Liquor Firing,Control Valve,A,FALSE,TRUE,TRUE,FALSE,FALSE,,783,,,FALSE,R5,5,Defect,CLOSED_CONFIRMED_WITHOUT_ORDER
N0000310,WO0000189,PLT-RU-RB-BLF,FV-RB-BLF-01,2023-09-24,2,Operator Route,Recovery Boiler - Operations,Sensory Route,Valve travel sticks during small command changes.,VALVE_STICTION,VALVE_STICTION,Instrumentation,,RB-INSTRUMENTATION,Closed,2023-09-29,PM02,Completed,2023-10-13,2023-10-13,2023-10-13,2023-10-13,0,WORK_COMPLETED,Corrective scope executed and checked.,Valve overhaul,Valve overhaul performed; post-work functional check within tolerance.,TRUE,19.42,15763.98,,Recovery & Utilities,Recovery Boiler,SYS-RU-RB-BLF,Black Liquor Firing,Control Valve,A,TRUE,FALSE,FALSE,FALSE,FALSE,,783,5,19,FALSE,R2,2,Defect almost failure,COMPLETED_CORRECTIVE_ACTION
N0000311,WO0000190,PLT-RU-UTL-BFW,P-UTL-BFW-01,2023-09-24,3,Operator Report,Utilities - Operations,,Leakage at shaft seal.,SEAL_LEAKAGE,SEAL_LEAKAGE,Mechanical,,UTL-MECHANICAL,Closed,2023-09-29,PM02,Completed,2023-10-27,2023-10-29,2023-10-27,2023-10-29,1,WORK_COMPLETED,Corrective scope executed and checked.,Seal replacement,Seal replacement performed; post-work functional check within tolerance.,TRUE,11.79,8782.60,,Recovery & Utilities,Utilities,SYS-RU-UTL-BFW,Boiler Feedwater,Pump,A,TRUE,FALSE,FALSE,FALSE,FALSE,,783,5,35,FALSE,R5,5,Defect,COMPLETED_CORRECTIVE_ACTION
N0000312,WO0000191,PLT-FL-DRY-PRS,ROLL-DRY-PRS-01,2023-09-24,2,Operator Report,Drying - Operations,,Rotating assembly shows dominant once-per-revolution vibration.,IMBALANCE,IMBALANCE,Mechanical,,DRY-MECHANICAL,Closed,2023-09-26,PM02,Completed,2023-10-29,2023-10-31,2023-10-29,2023-10-31,1,WORK_COMPLETED,Corrective scope executed and checked.,Adjustment,Adjustment performed; post-work functional check within tolerance.,TRUE,6.52,3229.56,,Fiber Line,Drying,SYS-FL-DRY-PRS,Press Section,Press Roll,A,TRUE,FALSE,FALSE,FALSE,FALSE,,783,2,37,FALSE,R2,2,Defect almost failure,COMPLETED_CORRECTIVE_ACTION
N0000313,WO0000192,PLT-RU-CAU-LMH,FV-CAU-LMH-01,2023-09-26,2,Operator Route,Causticizing - Operations,Sensory Route,Valve feedback differs from demanded position.,POSITIONER_DEVIATION,POSITIONER_DEVIATION,Valves,,CAU-VALVES,Closed,2023-10-01,PM02,Completed,2023-10-13,2023-10-14,2023-10-13,2023-10-14,0,WORK_COMPLETED,Corrective scope executed and checked.,Calibration,Calibration performed; post-work functional check within tolerance.,TRUE,4.64,1484.34,,Recovery & Utilities,Causticizing,SYS-RU-CAU-LMH,Lime Mud Handling,Control Valve,B,TRUE,FALSE,FALSE,FALSE,FALSE,,781,5,18,FALSE,R4,4,Defect almost failure,COMPLETED_CORRECTIVE_ACTION
N0000314,WO0000193,PLT-RU-RB-FWS,P-RB-FWS-01,2023-09-26,1,Breakdown / Corrective,Recovery Boiler - Operations,,Bearing temperature trending above baseline.,BEARING_TEMPERATURE,BEARING_TEMPERATURE,Mechanical,,RB-MECHANICAL,Closed,2023-09-30,CM01,Completed,2023-10-15,2023-10-17,2023-10-15,2023-10-17,1,MONITOR_CONDITION,Condition recorded; continue observation without corrective work.,Inspection only,Inspected and recorded readings; no component correction performed.,TRUE,1.84,312.47,,Recovery & Utilities,Recovery Boiler,SYS-RU-RB-FWS,Feedwater System,Pump,A,TRUE,FALSE,FALSE,FALSE,FALSE,,781,4,21,FALSE,R1,1,Fault,MONITOR_CONDITION
N0000315,,PLT-RU-LIM-DRV,M-LIM-DRV-01,2023-09-27,2,Process Alarm,Lime Kiln - Control Room,Process / Control Monitoring,Motor bearing vibration above baseline.,MOTOR_BEARING_VIBRATION,MOTOR_BEARING_VIBRATION,Electrical,Lubrication,LIM-LUBRICATION,Closed,,,,,,,,,NO_ACTION_REQUIRED,Notification dispositioned without corrective scope.,Inspection only,Field inspection completed; no corrective maintenance performed.,TRUE,0.44,147.03,,Recovery & Utilities,Lime Kiln,SYS-RU-LIM-DRV,Kiln Drive,Motor,A,FALSE,TRUE,TRUE,FALSE,FALSE,,780,,,FALSE,R2,2,Defect almost failure,CLOSED_CONFIRMED_WITHOUT_ORDER
N0000316,WO0000194,PLT-FL-DIG-BLC,PSHH-DIG-BLC-01,2023-09-28,3,Operator Route,Digester - Operations,Sensory Route,Indicated value drifts from independent reference.,SIGNAL_DRIFT,SIGNAL_DRIFT,Instrumentation,,DIG-INSTRUMENTATION,Closed,2023-10-02,PM02,Completed,2023-11-29,2023-11-30,2023-11-29,2023-11-30,2,WORK_COMPLETED,Corrective scope executed and checked.,Calibration,Calibration performed; post-work functional check within tolerance.,TRUE,5.73,1690.66,,Fiber Line,Digester,SYS-FL-DIG-BLC,Blow / Pressure Control,Pressure Switch,A,TRUE,FALSE,FALSE,FALSE,FALSE,,779,4,63,FALSE,R5,5,Defect,COMPLETED_CORRECTIVE_ACTION
N0000317,WO0000195,PLT-FL-DRY-SHT,CUT-DRY-SHT-01,2023-09-30,3,Process Alarm,Drying - Control Room,Process / Control Monitoring,Mechanism travel is uneven with elevated resistance.,MECHANICAL_BINDING,MECHANICAL_BINDING,Mechanical,,DRY-MECHANICAL,Closed,2023-10-04,PM02,Completed,2024-01-09,2024-01-10,2024-01-09,2024-01-10,5,WORK_COMPLETED,Corrective scope executed and checked.,Adjustment,Adjustment performed; post-work functional check within tolerance.,TRUE,10.25,3663.21,,Fiber Line,Drying,SYS-FL-DRY-SHT,Sheet Handling / Cutter,Cutter,B,TRUE,FALSE,FALSE,FALSE,TRUE,177,777,4,102,FALSE,R7,7,Defect,COMPLETED_CORRECTIVE_ACTION
N0000318,WO0000196,PLT-RU-RB-STM,PT-RB-STM-01,2023-09-30,3,Process Alarm,Recovery Boiler - Control Room,Process / Control Monitoring,Pressure response delayed during process change.,IMPULSE_LINE_RESTRICTION,IMPULSE_LINE_RESTRICTION,Instrumentation,,RB-INSTRUMENTATION,Closed,2023-10-03,PM02,Completed,2023-12-26,2023-12-26,2023-12-26,2023-12-26,6,WORK_COMPLETED,Corrective scope executed and checked.,Cleaning,Cleaning performed; post-work functional check within tolerance.,TRUE,6.36,1684.65,,Recovery & Utilities,Recovery Boiler,SYS-RU-RB-STM,Steam / Pressure Control,Pressure Transmitter,A,TRUE,FALSE,FALSE,FALSE,FALSE,,777,3,87,FALSE,R5,5,Defect,COMPLETED_CORRECTIVE_ACTION
N0000319,WO0000197,PLT-FL-DIG-DIS,XV-DIG-DIS-01,2023-10-01,1,Breakdown / Corrective,Digester - Operations,,Actuator supply pressure decays while held.,ACTUATOR_LEAKAGE,ACTUATOR_LEAKAGE,Instrumentation,,DIG-INSTRUMENTATION,Closed,2023-10-06,CM01,Completed,2023-10-06,2023-10-07,2023-10-06,2023-10-07,0,WORK_COMPLETED,Corrective scope executed and checked.,Seal replacement,Seal replacement performed; post-work functional check within tolerance.,TRUE,5.27,3069.40,,Fiber Line,Digester,SYS-FL-DIG-DIS,Digester Discharge,On/Off Valve,A,TRUE,FALSE,FALSE,FALSE,TRUE,80,776,5,6,FALSE,R1,1,Fault,COMPLETED_CORRECTIVE_ACTION
N0000320,,PLT-FL-DRY-DRS,FAN-DRY-DRS-01,2023-10-03,3,Operator Route,Drying - Operations,Sensory Route,Bearing temperature trending above baseline.,BEARING_TEMPERATURE,BEARING_TEMPERATURE,Mechanical,,DRY-MECHANICAL,Closed,,,,,,,,,NO_ACTION_REQUIRED,Notification dispositioned without corrective scope.,Inspection only,Field inspection completed; no corrective maintenance performed.,TRUE,1.37,289.34,,Fiber Line,Drying,SYS-FL-DRY-DRS,Dryer Section,Fan,A,FALSE,TRUE,TRUE,FALSE,FALSE,245,774,,,FALSE,R5,5,Defect,CLOSED_CONFIRMED_WITHOUT_ORDER
N0000321,WO0000198,PLT-RU-EVA-CIR,M-EVA-CIR-01,2023-10-03,3,Condition Monitoring,Evaporation - Condition Monitoring,Predictive Route,Localized heating at electrical connection.,TERMINAL_HEATING,TERMINAL_HEATING,Electrical,,EVA-ELECTRICAL,Closed,2023-10-06,PM02,Completed,2023-12-02,2023-12-04,2023-12-02,2023-12-04,1,WORK_COMPLETED,Corrective scope executed and checked.,Tightening,Tightening performed; post-work functional check within tolerance.,TRUE,5.97,1462.13,,Recovery & Utilities,Evaporation,SYS-RU-EVA-CIR,Evaporator Circulation,Motor,B,TRUE,FALSE,FALSE,FALSE,FALSE,,774,3,62,FALSE,R7,7,Defect,COMPLETED_CORRECTIVE_ACTION
N0000322,,PLT-RU-LIM-IDF,M-LIM-IDF-01,2023-10-04,3,Condition Monitoring,Lime Kiln - Condition Monitoring,Predictive Route,Insulation test trending below reference.,INSULATION_DEGRADATION,INSULATION_DEGRADATION,Electrical,,LIM-ELECTRICAL,Closed,,,,,,,,,MONITOR_CONDITION,Condition recorded; continue observation without corrective work.,Inspection only,Field inspection completed; no corrective maintenance performed.,TRUE,0.70,162.22,,Recovery & Utilities,Lime Kiln,SYS-RU-LIM-IDF,Induced Draft,Motor,A,FALSE,TRUE,TRUE,FALSE,FALSE,,773,,,FALSE,R5,5,Defect,CLOSED_CONFIRMED_WITHOUT_ORDER
N0000323,WO0000199,PLT-RU-CAU-WLC,FT-CAU-WLC-01,2023-10-05,3,Maintenance Sensory Route,Causticizing - Maintenance Route A,Sensory Route,Measured output outside calibration tolerance.,CALIBRATION_DEVIATION,CALIBRATION_DEVIATION,Instrumentation,,CAU-INSTRUMENTATION,Closed,2023-10-05,PM02,Completed,2023-11-22,2023-11-23,2023-11-22,2023-11-23,2,WORK_COMPLETED,Corrective scope executed and checked.,Calibration,Calibration performed; post-work functional check within tolerance.,TRUE,5.94,1752.28,,Recovery & Utilities,Causticizing,SYS-RU-CAU-WLC,White Liquor Clarification,Flow Transmitter,B,TRUE,FALSE,FALSE,FALSE,FALSE,,772,0,49,FALSE,R7,7,Defect,COMPLETED_CORRECTIVE_ACTION
N0000324,,PLT-RU-UTL-ELD,CB-UTL-ELD-01,2023-10-07,3,Operator Route,Utilities - Operations,Sensory Route,Intermittent signal dropout at stable process conditions.,INTERMITTENT_SIGNAL,INTERMITTENT_SIGNAL,Automation,,UTL-AUTOMATION,Closed,,,,,,,,,NO_ACTION_REQUIRED,Notification dispositioned without corrective scope.,Inspection only,Field inspection completed; no corrective maintenance performed.,TRUE,0.49,146.59,,Recovery & Utilities,Utilities,SYS-RU-UTL-ELD,Electrical Distribution,Circuit Breaker,A,FALSE,TRUE,TRUE,FALSE,FALSE,,770,,,FALSE,R5,5,Defect,CLOSED_CONFIRMED_WITHOUT_ORDER
N0000325,,PLT-FL-DRY-LUB,LU-DRY-LUB-01,2023-10-07,3,Process Alarm,Drying - Control Room,Process / Control Monitoring,Oil condition test indicates degraded lubricant.,OIL_DEGRADATION,OIL_DEGRADATION,Lubrication,,DRY-LUBRICATION,Closed,,,,,,,,,NO_ACTION_REQUIRED,Notification dispositioned without corrective scope.,Inspection only,Field inspection completed; no corrective maintenance performed.,FALSE,0.34,80.89,,Fiber Line,Drying,SYS-FL-DRY-LUB,Lubrication System,Lubrication Unit,A,FALSE,TRUE,FALSE,TRUE,FALSE,,770,,,FALSE,R5,5,Defect,CLOSED_UNCONFIRMED_WITHOUT_ORDER
N0000326,WO0000200,PLT-RU-CAU-SLK,M-CAU-SLK-01,2023-10-07,2,Operator Route,Causticizing - Operations,Sensory Route,Insulation test trending below reference.,INSULATION_DEGRADATION,INSULATION_DEGRADATION,Electrical,,CAU-ELECTRICAL,Closed,2023-10-08,PM02,Completed,2023-11-21,2023-11-23,2023-11-21,2023-11-23,3,WORK_COMPLETED,Corrective scope executed and checked.,Component replacement,Component replacement performed; post-work functional check within tolerance.,TRUE,24.81,23892.37,,Recovery & Utilities,Causticizing,SYS-RU-CAU-SLK,Slaking,Motor,A,TRUE,FALSE,FALSE,FALSE,FALSE,,770,1,47,FALSE,R2,2,Defect almost failure,COMPLETED_CORRECTIVE_ACTION
N0000327,WO0000201,PLT-RU-LIM-LMF,P-LIM-LMF-01,2023-10-07,2,Operator Report,Lime Kiln - Operations,,Crackling noise and unstable suction pressure.,CAVITATION,CAVITATION,Mechanical,,LIM-MECHANICAL,Closed,2023-10-07,PM02,Cancelled,2023-10-24,2023-10-25,,,0,CANCELLED,Order cancelled after scope review; no execution recorded.,,,TRUE,0.60,185.38,,Recovery & Utilities,Lime Kiln,SYS-RU-LIM-LMF,Lime Mud Feed,Pump,B,TRUE,FALSE,FALSE,FALSE,FALSE,,770,0,,FALSE,R4,4,Defect almost failure,CANCELLED
N0000328,WO0000202,PLT-FL-DRY-FOR,M-DRY-FOR-01,2023-10-08,2,Process Alarm,Drying - Control Room,Process / Control Monitoring,Localized heating at electrical connection.,TERMINAL_HEATING,TERMINAL_HEATING,Condition Monitoring,,DRY-CONDITION_MONITORING,Closed,2023-10-08,PM02,Completed,2023-10-21,2023-10-23,2023-10-21,2023-10-23,0,WORK_COMPLETED,Corrective scope executed and checked.,Tightening,Tightening performed; post-work functional check within tolerance.,TRUE,2.78,680.87,,Fiber Line,Drying,SYS-FL-DRY-FOR,Forming Section,Motor,A,TRUE,FALSE,FALSE,FALSE,FALSE,,769,0,15,FALSE,R2,2,Defect almost failure,COMPLETED_CORRECTIVE_ACTION
N0000329,WO0000203,PLT-RU-RB-SMT,M-RB-SMT-01,2023-10-12,1,Process Alarm,Recovery Boiler - Control Room,Process / Control Monitoring,Motor temperature rising at normal load.,MOTOR_OVERHEATING,MOTOR_OVERHEATING,Electrical,,RB-ELECTRICAL,Closed,2023-10-13,CM01,Completed,2023-11-01,2023-11-01,2023-11-01,2023-11-01,2,WORK_COMPLETED,Corrective scope executed and checked.,Cleaning,Cleaning performed; post-work functional check within tolerance.,TRUE,8.61,2539.93,,Recovery & Utilities,Recovery Boiler,SYS-RU-RB-SMT,Smelt Handling,Motor,B,TRUE,FALSE,FALSE,FALSE,FALSE,,765,1,20,FALSE,R3,3,Fault,COMPLETED_CORRECTIVE_ACTION
N0000330,,PLT-RU-CAU-LMH,FV-CAU-LMH-01,2023-10-13,2,Planned Inspection,Causticizing - Inspection,Planned Inspection,Visible leakage at valve packing.,EXTERNAL_LEAKAGE,EXTERNAL_LEAKAGE,Valves,,CAU-VALVES,Closed,,,,,,,,,MONITOR_CONDITION,Condition recorded; continue observation without corrective work.,Inspection only,Field inspection completed; no corrective maintenance performed.,TRUE,0.84,181.98,,Recovery & Utilities,Causticizing,SYS-RU-CAU-LMH,Lime Mud Handling,Control Valve,B,FALSE,TRUE,TRUE,FALSE,TRUE,132,764,,,FALSE,R4,4,Defect almost failure,CLOSED_CONFIRMED_WITHOUT_ORDER
N0000331,,PLT-RU-CAU-LMH,M-CAU-LMH-01,2023-10-15,2,Maintenance Sensory Route,Causticizing - Maintenance Route A,Sensory Route,Motor temperature rising at normal load.,MOTOR_OVERHEATING,MOTOR_OVERHEATING,Condition Monitoring,,CAU-CONDITION_MONITORING,Closed,,,,,,,,,NO_DEFECT_FOUND,Inspection could not confirm the reported abnormality.,Inspection only,Field inspection completed; no corrective maintenance performed.,FALSE,1.69,316.38,,Recovery & Utilities,Causticizing,SYS-RU-CAU-LMH,Lime Mud Handling,Motor,B,FALSE,TRUE,FALSE,TRUE,FALSE,,762,,,FALSE,R4,4,Defect almost failure,CLOSED_UNCONFIRMED_WITHOUT_ORDER
N0000332,,PLT-FL-BLE-CHM,P-BLE-CHM-01,2023-10-15,3,Operator Report,Bleaching - Operations,,Delivered flow below expected operating range.,LOW_FLOW,LOW_FLOW,Mechanical,,BLE-MECHANICAL,Closed,,,,,,,,,NO_ACTION_REQUIRED,Notification dispositioned without corrective scope.,Inspection only,Field inspection completed; no corrective maintenance performed.,TRUE,1.67,328.46,,Fiber Line,Bleaching,SYS-FL-BLE-CHM,Chemical Mixing,Pump,B,FALSE,TRUE,TRUE,FALSE,TRUE,129,762,,,FALSE,R7,7,Defect,CLOSED_CONFIRMED_WITHOUT_ORDER
N0000333,,PLT-FL-BLE-DOS,FT-BLE-DOS-01,2023-10-16,3,Planned Inspection,Bleaching - Inspection,Planned Inspection,Measured output outside calibration tolerance.,CALIBRATION_DEVIATION,CALIBRATION_DEVIATION,Instrumentation,,BLE-INSTRUMENTATION,Closed,,,,,,,,,NO_ACTION_REQUIRED,Notification dispositioned without corrective scope.,Inspection only,Field inspection completed; no corrective maintenance performed.,TRUE,1.69,312.45,,Fiber Line,Bleaching,SYS-FL-BLE-DOS,Chemical Dosing,Flow Transmitter,B,FALSE,TRUE,TRUE,FALSE,FALSE,194,761,,,FALSE,R7,7,Defect,CLOSED_CONFIRMED_WITHOUT_ORDER
N0000334,,PLT-RU-RB-AIR,M-RB-AIR-01,2023-10-16,2,Planned Inspection,Recovery Boiler - Inspection,Planned Inspection,Localized heating at electrical connection.,TERMINAL_HEATING,TERMINAL_HEATING,Electrical,,RB-ELECTRICAL,Closed,,,,,,,,,MONITOR_CONDITION,Condition recorded; continue observation without corrective work.,Inspection only,Field inspection completed; no corrective maintenance performed.,TRUE,0.53,119.93,,Recovery & Utilities,Recovery Boiler,SYS-RU-RB-AIR,Combustion Air,Motor,A,FALSE,TRUE,TRUE,FALSE,FALSE,,761,,,FALSE,R2,2,Defect almost failure,CLOSED_CONFIRMED_WITHOUT_ORDER
N0000335,WO0000204,PLT-FL-DIG-CHP,ZS-DIG-CHP-01,2023-10-19,3,Maintenance Sensory Route,Digester - Maintenance Route A,Sensory Route,Indicated value drifts from independent reference.,SIGNAL_DRIFT,SIGNAL_DRIFT,Instrumentation,,DIG-INSTRUMENTATION,Closed,2023-10-24,PM02,Completed,2023-12-15,2023-12-17,2023-12-15,2023-12-17,2,WORK_COMPLETED,Corrective scope executed and checked.,Calibration,Calibration performed; post-work functional check within tolerance.,TRUE,3.87,1141.32,,Fiber Line,Digester,SYS-FL-DIG-CHP,Chip Feeding,Position Switch,B,TRUE,FALSE,FALSE,FALSE,FALSE,,758,5,59,FALSE,R7,7,Defect,COMPLETED_CORRECTIVE_ACTION
N0000336,WO0000205,PLT-FL-DIG-CIR,FV-DIG-CIR-01,2023-10-21,1,Operator Report,Digester - Operations,,Actuator supply pressure decays while held.,ACTUATOR_LEAKAGE,ACTUATOR_LEAKAGE,Valves,,DIG-VALVES,Closed,2023-10-24,CM01,Completed,2023-10-27,2023-10-29,2023-10-27,2023-10-29,0,WORK_COMPLETED,Corrective scope executed and checked.,Seal replacement,Seal replacement performed; post-work functional check within tolerance.,TRUE,11.52,6708.74,,Fiber Line,Digester,SYS-FL-DIG-CIR,Cooking Circulation,Control Valve,A,TRUE,FALSE,FALSE,FALSE,FALSE,,756,3,8,FALSE,R1,1,Fault,COMPLETED_CORRECTIVE_ACTION
N0000337,,PLT-RU-RB-BLF,FV-RB-BLF-01,2023-10-21,3,Maintenance Sensory Route,Recovery Boiler - Maintenance Route A,Sensory Route,Actuator supply pressure decays while held.,ACTUATOR_LEAKAGE,ACTUATOR_LEAKAGE,Instrumentation,,RB-INSTRUMENTATION,Closed,,,,,,,,,NO_ACTION_REQUIRED,Notification dispositioned without corrective scope.,Inspection only,Field inspection completed; no corrective maintenance performed.,FALSE,0.82,184.56,,Recovery & Utilities,Recovery Boiler,SYS-RU-RB-BLF,Black Liquor Firing,Control Valve,A,FALSE,TRUE,FALSE,TRUE,FALSE,,756,,,FALSE,R5,5,Defect,CLOSED_UNCONFIRMED_WITHOUT_ORDER
N0000338,WO0000206,PLT-RU-CAU-SLK,M-CAU-SLK-01,2023-10-21,2,Maintenance Sensory Route,Causticizing - Maintenance Route A,Sensory Route,Motor temperature rising at normal load.,MOTOR_OVERHEATING,MOTOR_OVERHEATING,Electrical,,CAU-ELECTRICAL,Closed,2023-10-23,PM02,Completed,2023-11-14,2023-11-16,2023-11-14,2023-11-16,1,WORK_COMPLETED,Corrective scope executed and checked.,Cleaning,Cleaning performed; post-work functional check within tolerance.,TRUE,5.53,1631.75,,Recovery & Utilities,Causticizing,SYS-RU-CAU-SLK,Slaking,Motor,A,TRUE,FALSE,FALSE,FALSE,FALSE,,756,2,26,FALSE,R2,2,Defect almost failure,COMPLETED_CORRECTIVE_ACTION
N0000339,,PLT-FL-DRY-LUB,P-DRY-LUB-01,2023-10-21,3,Operator Route,Drying - Operations,Sensory Route,Oil sample shows elevated contamination.,OIL_CONTAMINATION,OIL_CONTAMINATION,Lubrication,,DRY-LUBRICATION,Closed,,,,,,,,,NO_ACTION_REQUIRED,Notification dispositioned without corrective scope.,Inspection only,Field inspection completed; no corrective maintenance performed.,FALSE,1.75,334.56,,Fiber Line,Drying,SYS-FL-DRY-LUB,Lubrication System,Lubrication Pump,B,FALSE,TRUE,FALSE,TRUE,FALSE,,756,,,FALSE,R7,7,Defect,CLOSED_UNCONFIRMED_WITHOUT_ORDER
N0000340,,PLT-FL-DRY-FOR,PT-DRY-FOR-01,2023-10-21,3,Process Alarm,Drying - Control Room,Process / Control Monitoring,Intermittent signal dropout at stable process conditions.,INTERMITTENT_SIGNAL,INTERMITTENT_SIGNAL,Instrumentation,,DRY-INSTRUMENTATION,Closed,,,,,,,,,MONITOR_CONDITION,Condition recorded; continue observation without corrective work.,Inspection only,Field inspection completed; no corrective maintenance performed.,TRUE,1.28,252.97,,Fiber Line,Drying,SYS-FL-DRY-FOR,Forming Section,Pressure Transmitter,C,FALSE,TRUE,TRUE,FALSE,FALSE,,756,,,FALSE,R9,9,Defect,CLOSED_CONFIRMED_WITHOUT_ORDER
N0000341,,PLT-FL-DRY-PRS,PT-DRY-PRS-01,2023-10-22,3,Operator Route,Drying - Operations,Sensory Route,Measured output outside calibration tolerance.,CALIBRATION_DEVIATION,CALIBRATION_DEVIATION,Instrumentation,,DRY-INSTRUMENTATION,Closed,,,,,,,,,MONITOR_CONDITION,Condition recorded; continue observation without corrective work.,Inspection only,Field inspection completed; no corrective maintenance performed.,TRUE,0.87,214.15,,Fiber Line,Drying,SYS-FL-DRY-PRS,Press Section,Pressure Transmitter,B,FALSE,TRUE,TRUE,FALSE,FALSE,,755,,,FALSE,R7,7,Defect,CLOSED_CONFIRMED_WITHOUT_ORDER
N0000342,WO0000207,PLT-FL-DRY-PMF,M-DRY-PMF-01,2023-10-23,2,Condition Monitoring,Drying - Condition Monitoring,Predictive Route,Localized heating at electrical connection.,TERMINAL_HEATING,TERMINAL_HEATING,Electrical,,DRY-ELECTRICAL,Closed,2023-10-23,PM02,Completed,2023-11-03,2023-11-05,2023-11-03,2023-11-05,0,WORK_COMPLETED,Corrective scope executed and checked.,Tightening,Tightening performed; post-work functional check within tolerance.,TRUE,3.80,929.85,,Fiber Line,Drying,SYS-FL-DRY-PMF,Pulp Machine Feed,Motor,A,TRUE,FALSE,FALSE,FALSE,FALSE,,754,0,13,FALSE,R2,2,Defect almost failure,COMPLETED_CORRECTIVE_ACTION
N0000343,WO0000208,PLT-RU-UTL-ELD,REL-UTL-ELD-01,2023-10-23,3,Operator Route,Utilities - Operations,Sensory Route,Intermittent signal dropout at stable process conditions.,INTERMITTENT_SIGNAL,INTERMITTENT_SIGNAL,Automation,,UTL-AUTOMATION,Closed,2023-10-24,PM02,Completed,2023-11-12,2023-11-14,2023-11-12,2023-11-14,0,WORK_COMPLETED,Corrective scope executed and checked.,Instrument replacement,Instrument replacement performed; post-work functional check within tolerance.,TRUE,8.10,6576.28,,Recovery & Utilities,Utilities,SYS-RU-UTL-ELD,Electrical Distribution,Protection Relay,A,TRUE,FALSE,FALSE,FALSE,FALSE,,754,1,22,FALSE,R5,5,Defect,COMPLETED_CORRECTIVE_ACTION
N0000344,WO0000209,PLT-RU-EVA-VAC,PT-EVA-VAC-01,2023-10-24,3,Maintenance Sensory Route,Evaporation - Maintenance Route A,Sensory Route,Pressure response delayed during process change.,IMPULSE_LINE_RESTRICTION,IMPULSE_LINE_RESTRICTION,Instrumentation,,EVA-INSTRUMENTATION,Closed,2023-10-29,PM02,Completed,2023-11-16,2023-11-17,2023-11-16,2023-11-17,0,WORK_COMPLETED,Corrective scope executed and checked.,Cleaning,Cleaning performed; post-work functional check within tolerance.,TRUE,4.26,1128.09,,Recovery & Utilities,Evaporation,SYS-RU-EVA-VAC,Vacuum System,Pressure Transmitter,B,TRUE,FALSE,FALSE,FALSE,FALSE,,753,5,24,FALSE,R7,7,Defect,COMPLETED_CORRECTIVE_ACTION
N0000345,,PLT-RU-LIM-DRV,DRV-LIM-DRV-01,2023-10-25,3,Condition Monitoring,Lime Kiln - Condition Monitoring,Predictive Route,Oil condition test indicates degraded lubricant.,OIL_DEGRADATION,OIL_DEGRADATION,Lubrication,,LIM-LUBRICATION,Closed,,,,,,,,,NO_DEFECT_FOUND,Inspection could not confirm the reported abnormality.,Inspection only,Field inspection completed; no corrective maintenance performed.,FALSE,0.82,191.06,,Recovery & Utilities,Lime Kiln,SYS-RU-LIM-DRV,Kiln Drive,Drive,A,FALSE,TRUE,FALSE,TRUE,FALSE,,752,,,FALSE,R5,5,Defect,CLOSED_UNCONFIRMED_WITHOUT_ORDER
N0000346,,PLT-RU-LIM-DRV,GB-LIM-DRV-01,2023-10-25,2,Operator Report,Lime Kiln - Operations,,Gearbox oil temperature above normal trend.,GEARBOX_OVERHEATING,GEARBOX_OVERHEATING,Mechanical,,LIM-MECHANICAL,Closed,,,,,,,,,NO_DEFECT_FOUND,Inspection could not confirm the reported abnormality.,Inspection only,Field inspection completed; no corrective maintenance performed.,FALSE,0.89,206.26,,Recovery & Utilities,Lime Kiln,SYS-RU-LIM-DRV,Kiln Drive,Gearbox,A,FALSE,TRUE,FALSE,TRUE,FALSE,238,752,,,FALSE,R2,2,Defect almost failure,CLOSED_UNCONFIRMED_WITHOUT_ORDER
N0000347,WO0000210,PLT-RU-CAU-GLC,M-CAU-GLC-01,2023-10-26,3,Operator Route,Causticizing - Operations,Sensory Route,Motor temperature rising at normal load.,MOTOR_OVERHEATING,MOTOR_OVERHEATING,Electrical,,CAU-ELECTRICAL,Closed,2023-10-31,PM02,Completed,2023-11-24,2023-11-26,2023-11-24,2023-11-26,0,WORK_COMPLETED,Corrective scope executed and checked.,Cleaning,Cleaning performed; post-work functional check within tolerance.,TRUE,8.53,2516.68,,Recovery & Utilities,Causticizing,SYS-RU-CAU-GLC,Green Liquor Clarification,Motor,B,TRUE,FALSE,FALSE,FALSE,FALSE,,751,5,31,FALSE,R7,7,Defect,COMPLETED_CORRECTIVE_ACTION
N0000348,WO0000211,PLT-FL-BLE-TWR,M-BLE-TWR-01,2023-11-02,1,Breakdown / Corrective,Bleaching - Operations,,Localized heating at electrical connection.,TERMINAL_HEATING,TERMINAL_HEATING,Electrical,,BLE-ELECTRICAL,Closed,2023-11-07,CM01,Completed,2023-11-08,2023-11-09,2023-11-08,2023-11-09,0,WORK_COMPLETED,Corrective scope executed and checked.,Tightening,Tightening performed; post-work functional check within tolerance.,TRUE,2.75,674.78,,Fiber Line,Bleaching,SYS-FL-BLE-TWR,Bleaching Towers,Motor,B,TRUE,FALSE,FALSE,FALSE,FALSE,,744,5,7,FALSE,R3,3,Fault,COMPLETED_CORRECTIVE_ACTION
N0000349,,PLT-FL-DIG-BLC,PT-DIG-BLC-01,2023-11-02,3,Operator Route,Digester - Operations,Sensory Route,Control sequence response differs from approved logic.,CONTROL_SEQUENCE_DEVIATION,CONTROL_SEQUENCE_DEVIATION,Automation,,DIG-AUTOMATION,Closed,,,,,,,,,MONITOR_CONDITION,Condition recorded; continue observation without corrective work.,Inspection only,Field inspection completed; no corrective maintenance performed.,TRUE,1.20,272.10,,Fiber Line,Digester,SYS-FL-DIG-BLC,Blow / Pressure Control,Pressure Transmitter,A,FALSE,TRUE,TRUE,FALSE,FALSE,,744,,,FALSE,R5,5,Defect,CLOSED_CONFIRMED_WITHOUT_ORDER
N0000350,WO0000212,PLT-RU-CAU-WLC,AG-CAU-WLC-01,2023-11-03,3,Condition Monitoring,Causticizing - Condition Monitoring,Predictive Route,Rotating assembly shows dominant once-per-revolution vibration.,IMBALANCE,IMBALANCE,Mechanical,,CAU-MECHANICAL,Closed,2023-11-03,PM02,Completed,2023-12-09,2023-12-09,2023-12-09,2023-12-09,0,WORK_COMPLETED,Corrective scope executed and checked.,Adjustment,Adjustment performed; post-work functional check within tolerance.,TRUE,8.31,4112.89,,Recovery & Utilities,Causticizing,SYS-RU-CAU-WLC,White Liquor Clarification,Agitator,B,TRUE,FALSE,FALSE,FALSE,FALSE,,743,0,36,FALSE,R7,7,Defect,COMPLETED_CORRECTIVE_ACTION
N0000351,WO0000213,PLT-RU-CAU-GLC,AG-CAU-GLC-01,2023-11-04,1,Operator Route,Causticizing - Operations,Sensory Route,Lubricant level below normal mark.,LOW_LUBE_LEVEL,LOW_LUBE_LEVEL,Lubrication,,CAU-LUBRICATION,Closed,2023-11-04,CM01,Completed,2023-11-21,2023-11-22,2023-11-21,2023-11-22,2,WORK_COMPLETED,Corrective scope executed and checked.,Lubrication,Lubrication performed; post-work functional check within tolerance.,TRUE,2.78,1377.32,,Recovery & Utilities,Causticizing,SYS-RU-CAU-GLC,Green Liquor Clarification,Clarifier Drive,B,TRUE,FALSE,FALSE,FALSE,FALSE,,742,0,18,FALSE,R3,3,Fault,COMPLETED_CORRECTIVE_ACTION
N0000352,,PLT-FL-DIG-CIR,FV-DIG-CIR-01,2023-11-04,2,Operator Route,Digester - Operations,Sensory Route,Visible leakage at valve packing.,EXTERNAL_LEAKAGE,EXTERNAL_LEAKAGE,Instrumentation,,DIG-INSTRUMENTATION,Closed,,,,,,,,,NO_ACTION_REQUIRED,Notification dispositioned without corrective scope.,Inspection only,Field inspection completed; no corrective maintenance performed.,TRUE,0.90,191.10,,Fiber Line,Digester,SYS-FL-DIG-CIR,Cooking Circulation,Control Valve,A,FALSE,TRUE,TRUE,FALSE,FALSE,,742,,,FALSE,R2,2,Defect almost failure,CLOSED_CONFIRMED_WITHOUT_ORDER
N0000353,WO0000214,PLT-FL-WSH-KNR,SCR-WSH-KNR-01,2023-11-05,2,Maintenance Sensory Route,Washing & Screening - Maintenance Route A,Sensory Route,Process differential pressure above normal operating range.,PROCESS_RESTRICTION,PROCESS_RESTRICTION,Condition Monitoring,,WSH-CONDITION_MONITORING,Closed,2023-11-10,PM02,Completed,2023-11-24,2023-11-25,2023-11-24,2023-11-25,0,WORK_COMPLETED,Corrective scope executed and checked.,Cleaning,Cleaning performed; post-work functional check within tolerance.,TRUE,8.37,2635.69,,Fiber Line,Washing & Screening,SYS-FL-WSH-KNR,Knot Removal,Separator,B,TRUE,FALSE,FALSE,FALSE,FALSE,225,741,5,20,FALSE,R4,4,Defect almost failure,COMPLETED_CORRECTIVE_ACTION
N0000354,WO0000215,PLT-RU-UTL-STM,PV-UTL-STM-01,2023-11-06,3,Planned Inspection,Utilities - Inspection,Planned Inspection,Valve travel sticks during small command changes.,VALVE_STICTION,VALVE_STICTION,Valves,,UTL-VALVES,Closed,2023-11-08,PM02,Completed,2023-11-29,2023-12-01,2023-11-29,2023-12-01,0,WORK_COMPLETED,Corrective scope executed and checked.,Valve overhaul,Valve overhaul performed; post-work functional check within tolerance.,TRUE,22.34,18130.82,,Recovery & Utilities,Utilities,SYS-RU-UTL-STM,Steam Distribution,Control Valve,A,TRUE,FALSE,FALSE,FALSE,FALSE,,740,2,25,FALSE,R5,5,Defect,COMPLETED_CORRECTIVE_ACTION
N0000355,,PLT-RU-LIM-DRV,M-LIM-DRV-01,2023-11-07,3,Maintenance Sensory Route,Lime Kiln - Maintenance Route A,Sensory Route,Localized heating at electrical connection.,TERMINAL_HEATING,TERMINAL_HEATING,Electrical,,LIM-ELECTRICAL,Closed,,,,,,,,,OPERATING_CONDITION,Observed response is within the current operating envelope.,Inspection only,Field inspection completed; no corrective maintenance performed.,FALSE,0.40,154.57,,Recovery & Utilities,Lime Kiln,SYS-RU-LIM-DRV,Kiln Drive,Motor,A,FALSE,TRUE,FALSE,TRUE,FALSE,,739,,,FALSE,R5,5,Defect,CLOSED_UNCONFIRMED_WITHOUT_ORDER
N0000356,WO0000216,PLT-RU-LIM-IDF,M-LIM-IDF-01,2023-11-07,3,Operator Report,Lime Kiln - Operations,,Localized heating at electrical connection.,TERMINAL_HEATING,TERMINAL_HEATING,Condition Monitoring,Lubrication,LIM-LUBRICATION,Closed,2023-11-10,PM02,Completed,2023-12-02,2023-12-03,2023-12-02,2023-12-03,0,WORK_COMPLETED,Corrective scope executed and checked.,Tightening,Tightening performed; post-work functional check within tolerance.,TRUE,3.75,918.64,,Recovery & Utilities,Lime Kiln,SYS-RU-LIM-IDF,Induced Draft,Motor,A,TRUE,FALSE,FALSE,FALSE,FALSE,,739,3,26,FALSE,R5,5,Defect,COMPLETED_CORRECTIVE_ACTION
N0000357,WO0000217,PLT-RU-RB-FWS,P-RB-FWS-01,2023-11-09,3,Condition Monitoring,Recovery Boiler - Condition Monitoring,Predictive Route,Elevated vibration at pump bearing housing.,PUMP_BEARING_VIBRATION,PUMP_BEARING_VIBRATION,Mechanical,,RB-MECHANICAL,Closed,2023-11-11,PM02,Completed,2023-12-18,2023-12-19,2023-12-18,2023-12-19,1,WORK_COMPLETED,Corrective scope executed and checked.,Bearing replacement,Bearing replacement performed; post-work functional check within tolerance.,TRUE,20.67,14624.54,,Recovery & Utilities,Recovery Boiler,SYS-RU-RB-FWS,Feedwater System,Pump,A,TRUE,FALSE,FALSE,FALSE,FALSE,,737,2,40,FALSE,R5,5,Defect,COMPLETED_CORRECTIVE_ACTION
N0000358,,PLT-RU-CAU-SLK,FV-CAU-SLK-01,2023-11-10,2,Process Alarm,Causticizing - Control Room,Process / Control Monitoring,Valve feedback differs from demanded position.,POSITIONER_DEVIATION,POSITIONER_DEVIATION,Instrumentation,,CAU-INSTRUMENTATION,Closed,,,,,,,,,NO_ACTION_REQUIRED,Notification dispositioned without corrective scope.,Inspection only,Field inspection completed; no corrective maintenance performed.,TRUE,0.50,119.28,,Recovery & Utilities,Causticizing,SYS-RU-CAU-SLK,Slaking,Control Valve,B,FALSE,TRUE,TRUE,FALSE,FALSE,,736,,,FALSE,R4,4,Defect almost failure,CLOSED_CONFIRMED_WITHOUT_ORDER
N0000359,WO0000218,PLT-FL-WSH-FIL,FV-WSH-FIL-01,2023-11-12,1,Breakdown / Corrective,Washing & Screening - Operations,,Actuator supply pressure decays while held.,ACTUATOR_LEAKAGE,ACTUATOR_LEAKAGE,Valves,,WSH-VALVES,Closed,2023-11-13,CM01,Completed,2023-11-14,2023-11-14,2023-11-14,2023-11-14,0,WORK_COMPLETED,Corrective scope executed and checked.,Seal replacement,Seal replacement performed; post-work functional check within tolerance.,TRUE,10.76,6269.89,,Fiber Line,Washing & Screening,SYS-FL-WSH-FIL,Filtrate System,Control Valve,C,TRUE,FALSE,FALSE,FALSE,FALSE,230,734,1,2,FALSE,R6,6,Fault,COMPLETED_CORRECTIVE_ACTION
N0000360,WO0000219,PLT-FL-DRY-DRS,TT-DRY-DRS-01,2023-11-13,1,Breakdown / Corrective,Drying - Operations,,Intermittent signal dropout at stable process conditions.,INTERMITTENT_SIGNAL,INTERMITTENT_SIGNAL,Automation,,DRY-AUTOMATION,Closed,2023-11-18,CM01,Completed,2023-11-21,2023-11-21,2023-11-21,2023-11-21,0,WORK_COMPLETED,Corrective scope executed and checked.,Instrument replacement,Instrument replacement performed; post-work functional check within tolerance.,TRUE,8.94,7255.27,,Fiber Line,Drying,SYS-FL-DRY-DRS,Dryer Section,Temperature Transmitter,B,TRUE,FALSE,FALSE,FALSE,FALSE,,733,5,8,FALSE,R3,3,Fault,COMPLETED_CORRECTIVE_ACTION
N0000361,WO0000220,PLT-RU-UTL-AIR,DRY-UTL-AIR-01,2023-12-01,2,Maintenance Sensory Route,Utilities - Maintenance Route A,Sensory Route,Mechanism travel is uneven with elevated resistance.,MECHANICAL_BINDING,MECHANICAL_BINDING,Mechanical,,UTL-MECHANICAL,Closed,2023-12-04,PM02,Completed,2023-12-26,2023-12-27,2023-12-26,2023-12-27,1,WORK_COMPLETED,Corrective scope executed and checked.,Adjustment,Adjustment performed; post-work functional check within tolerance.,TRUE,10.42,3726.15,,Recovery & Utilities,Utilities,SYS-RU-UTL-AIR,Compressed Air,Air Dryer,B,TRUE,FALSE,FALSE,FALSE,FALSE,321,715,3,26,FALSE,R4,4,Defect almost failure,COMPLETED_CORRECTIVE_ACTION
N0000362,,PLT-FL-BLE-DOS,P-BLE-DOS-01,2023-12-01,3,Maintenance Sensory Route,Bleaching - Maintenance Route A,Sensory Route,Crackling noise and unstable suction pressure.,CAVITATION,CAVITATION,Mechanical,,BLE-MECHANICAL,Closed,,,,,,,,,MONITOR_CONDITION,Condition recorded; continue observation without corrective work.,Inspection only,Field inspection completed; no corrective maintenance performed.,TRUE,1.65,301.01,,Fiber Line,Bleaching,SYS-FL-BLE-DOS,Chemical Dosing,Dosing Pump,B,FALSE,TRUE,TRUE,FALSE,FALSE,,715,,,FALSE,R7,7,Defect,CLOSED_CONFIRMED_WITHOUT_ORDER
N0000363,WO0000221,PLT-RU-UTL-AIR,PT-UTL-AIR-01,2023-12-03,3,Operator Route,Utilities - Operations,Sensory Route,Indicated value drifts from independent reference.,SIGNAL_DRIFT,SIGNAL_DRIFT,Instrumentation,,UTL-INSTRUMENTATION,Closed,2023-12-08,PM02,Completed,2024-01-20,2024-01-20,2024-01-20,2024-01-20,1,WORK_COMPLETED,Corrective scope executed and checked.,Calibration,Calibration performed; post-work functional check within tolerance.,TRUE,2.99,881.71,,Recovery & Utilities,Utilities,SYS-RU-UTL-AIR,Compressed Air,Pressure Transmitter,A,TRUE,FALSE,FALSE,FALSE,FALSE,249,713,5,48,FALSE,R5,5,Defect,COMPLETED_CORRECTIVE_ACTION
N0000364,WO0000222,PLT-RU-RB-BLF,FT-RB-BLF-01,2023-12-04,3,Operator Route,Recovery Boiler - Operations,Sensory Route,Intermittent signal dropout at stable process conditions.,INTERMITTENT_SIGNAL,INTERMITTENT_SIGNAL,Automation,,RB-AUTOMATION,Closed,2023-12-06,PM02,Completed,2024-01-10,2024-01-12,2024-01-10,2024-01-12,0,WORK_COMPLETED,Corrective scope executed and checked.,Instrument replacement,Instrument replacement performed; post-work functional check within tolerance.,TRUE,4.12,3342.63,,Recovery & Utilities,Recovery Boiler,SYS-RU-RB-BLF,Black Liquor Firing,Flow Transmitter,A,TRUE,FALSE,FALSE,FALSE,FALSE,,712,2,39,FALSE,R5,5,Defect,COMPLETED_CORRECTIVE_ACTION
N0000365,WO0000223,PLT-FL-DRY-HYD,P-DRY-HYD-01,2023-12-05,2,Condition Monitoring,Drying - Condition Monitoring,Predictive Route,Hydraulic pressure decays with no external leak.,HYD_INTERNAL_LEAKAGE,HYD_INTERNAL_LEAKAGE,Condition Monitoring,,DRY-CONDITION_MONITORING,Closed,2023-12-08,PM02,Completed,2023-12-12,2023-12-13,2023-12-12,2023-12-13,0,WORK_COMPLETED,Corrective scope executed and checked.,Seal replacement,Seal replacement performed; post-work functional check within tolerance.,TRUE,14.63,8218.15,,Fiber Line,Drying,SYS-FL-DRY-HYD,Hydraulic System,Hydraulic Pump,A,TRUE,FALSE,FALSE,FALSE,FALSE,226,711,3,8,FALSE,R2,2,Defect almost failure,COMPLETED_CORRECTIVE_ACTION
N0000366,,PLT-FL-WSH-FIL,P-WSH-FIL-01,2023-12-05,3,Planned Inspection,Washing & Screening - Inspection,Planned Inspection,Bearing temperature trending above baseline.,BEARING_TEMPERATURE,BEARING_TEMPERATURE,Condition Monitoring,,WSH-CONDITION_MONITORING,Closed,,,,,,,,,NO_DEFECT_FOUND,Inspection could not confirm the reported abnormality.,Inspection only,Field inspection completed; no corrective maintenance performed.,FALSE,1.60,294.99,,Fiber Line,Washing & Screening,SYS-FL-WSH-FIL,Filtrate System,Pump,B,FALSE,TRUE,FALSE,TRUE,FALSE,,711,,,FALSE,R7,7,Defect,CLOSED_UNCONFIRMED_WITHOUT_ORDER
N0000367,,PLT-RU-RB-FWS,PT-RB-FWS-01,2023-12-05,3,Maintenance Sensory Route,Recovery Boiler - Maintenance Route A,Sensory Route,Intermittent signal dropout at stable process conditions.,INTERMITTENT_SIGNAL,INTERMITTENT_SIGNAL,Instrumentation,Automation,RB-AUTOMATION,Closed,,,,,,,,,MONITOR_CONDITION,Condition recorded; continue observation without corrective work.,Inspection only,Field inspection completed; no corrective maintenance performed.,TRUE,1.36,278.02,,Recovery & Utilities,Recovery Boiler,SYS-RU-RB-FWS,Feedwater System,Pressure Transmitter,A,FALSE,TRUE,TRUE,FALSE,FALSE,,711,,,FALSE,R5,5,Defect,CLOSED_CONFIRMED_WITHOUT_ORDER
N0000368,,PLT-FL-BLE-STW,FV-BLE-STW-01,2023-12-08,3,Planned Inspection,Bleaching - Inspection,Planned Inspection,Valve travel sticks during small command changes.,VALVE_STICTION,VALVE_STICTION,Valves,,BLE-VALVES,Closed,,,,,,,,,NO_ACTION_REQUIRED,Notification dispositioned without corrective scope.,Inspection only,Field inspection completed; no corrective maintenance performed.,TRUE,0.88,223.19,,Fiber Line,Bleaching,SYS-FL-BLE-STW,Stage Washing,Control Valve,B,FALSE,TRUE,TRUE,FALSE,FALSE,,708,,,FALSE,R7,7,Defect,CLOSED_CONFIRMED_WITHOUT_ORDER
N0000369,WO0000224,PLT-RU-EVA-BLF,FV-EVA-BLF-01,2023-12-08,1,Operator Route,Evaporation - Operations,Sensory Route,Visible leakage at valve packing.,EXTERNAL_LEAKAGE,EXTERNAL_LEAKAGE,Valves,,EVA-VALVES,Closed,2023-12-10,CM01,Completed,2023-12-10,2023-12-11,2023-12-10,2023-12-11,0,WORK_COMPLETED,Corrective scope executed and checked.,Seal replacement,Seal replacement performed; post-work functional check within tolerance.,TRUE,5.98,3160.13,,Recovery & Utilities,Evaporation,SYS-RU-EVA-BLF,Black Liquor Feed,Control Valve,B,TRUE,FALSE,FALSE,FALSE,FALSE,,708,2,3,FALSE,R3,3,Fault,COMPLETED_CORRECTIVE_ACTION
N0000370,,PLT-RU-LIM-LMF,P-LIM-LMF-01,2023-12-08,3,Operator Report,Lime Kiln - Operations,,Elevated vibration at pump bearing housing.,PUMP_BEARING_VIBRATION,PUMP_BEARING_VIBRATION,Mechanical,,LIM-MECHANICAL,Closed,,,,,,,,,NO_ACTION_REQUIRED,Notification dispositioned without corrective scope.,Inspection only,Field inspection completed; no corrective maintenance performed.,TRUE,0.71,133.44,,Recovery & Utilities,Lime Kiln,SYS-RU-LIM-LMF,Lime Mud Feed,Pump,B,FALSE,TRUE,TRUE,FALSE,FALSE,,708,,,FALSE,R7,7,Defect,CLOSED_CONFIRMED_WITHOUT_ORDER
N0000371,,PLT-FL-BLE-STW,FV-BLE-STW-01,2023-12-09,3,Planned Inspection,Bleaching - Inspection,Planned Inspection,Valve feedback differs from demanded position.,POSITIONER_DEVIATION,POSITIONER_DEVIATION,Valves,Instrumentation,BLE-INSTRUMENTATION,Closed,,,,,,,,,NO_ACTION_REQUIRED,Notification dispositioned without corrective scope.,Inspection only,Field inspection completed; no corrective maintenance performed.,TRUE,1.86,353.65,,Fiber Line,Bleaching,SYS-FL-BLE-STW,Stage Washing,Control Valve,B,FALSE,TRUE,TRUE,FALSE,TRUE,132,707,,,FALSE,R7,7,Defect,CLOSED_CONFIRMED_WITHOUT_ORDER
N0000372,WO0000225,PLT-RU-RB-STM,PSHH-RB-STM-01,2023-12-09,3,Operator Route,Recovery Boiler - Operations,Sensory Route,Indicated value drifts from independent reference.,SIGNAL_DRIFT,SIGNAL_DRIFT,Instrumentation,,RB-INSTRUMENTATION,Closed,2023-12-10,PM02,Completed,2024-01-17,2024-01-17,2024-01-17,2024-01-17,0,WORK_COMPLETED,Corrective scope executed and checked.,Calibration,Calibration performed; post-work functional check within tolerance.,TRUE,5.49,1618.37,,Recovery & Utilities,Recovery Boiler,SYS-RU-RB-STM,Steam / Pressure Control,Pressure Switch,A,TRUE,FALSE,FALSE,FALSE,FALSE,,707,1,39,FALSE,R5,5,Defect,COMPLETED_CORRECTIVE_ACTION
N0000373,,PLT-RU-RB-AIR,FT-RB-AIR-01,2023-12-12,3,Maintenance Sensory Route,Recovery Boiler - Maintenance Route A,Sensory Route,Intermittent signal dropout at stable process conditions.,INTERMITTENT_SIGNAL,INTERMITTENT_SIGNAL,Instrumentation,,RB-INSTRUMENTATION,Closed,,,,,,,,,NO_DEFECT_FOUND,Inspection could not confirm the reported abnormality.,Inspection only,Field inspection completed; no corrective maintenance performed.,FALSE,0.81,149.99,,Recovery & Utilities,Recovery Boiler,SYS-RU-RB-AIR,Combustion Air,Flow Transmitter,B,FALSE,TRUE,FALSE,TRUE,FALSE,,704,,,FALSE,R7,7,Defect,CLOSED_UNCONFIRMED_WITHOUT_ORDER
N0000374,,PLT-RU-EVA-CIR,PV-EVA-CIR-01,2023-12-12,2,Operator Route,Evaporation - Operations,Sensory Route,Actuator supply pressure decays while held.,ACTUATOR_LEAKAGE,ACTUATOR_LEAKAGE,Valves,,EVA-VALVES,Closed,,,,,,,,,MONITOR_CONDITION,Condition recorded; continue observation without corrective work.,Inspection only,Field inspection completed; no corrective maintenance performed.,TRUE,1.55,289.76,,Recovery & Utilities,Evaporation,SYS-RU-EVA-CIR,Evaporator Circulation,Control Valve,B,FALSE,TRUE,TRUE,FALSE,FALSE,,704,,,FALSE,R4,4,Defect almost failure,CLOSED_CONFIRMED_WITHOUT_ORDER
N0000375,,PLT-FL-BLE-STW,DPIT-BLE-STW-01,2023-12-17,3,Operator Report,Bleaching - Operations,,Measured output outside calibration tolerance.,CALIBRATION_DEVIATION,CALIBRATION_DEVIATION,Instrumentation,,BLE-INSTRUMENTATION,Closed,,,,,,,,,NO_ACTION_REQUIRED,Notification dispositioned without corrective scope.,Inspection only,Field inspection completed; no corrective maintenance performed.,TRUE,1.60,285.54,,Fiber Line,Bleaching,SYS-FL-BLE-STW,Stage Washing,Differential Pressure Transmitter,C,FALSE,TRUE,TRUE,FALSE,FALSE,236,699,,,FALSE,R9,9,Defect,CLOSED_CONFIRMED_WITHOUT_ORDER
N0000376,,PLT-RU-LIM-IDF,FAN-LIM-IDF-01,2023-12-19,3,Operator Report,Lime Kiln - Operations,,Bearing temperature trending above baseline.,BEARING_TEMPERATURE,BEARING_TEMPERATURE,Mechanical,Lubrication,LIM-LUBRICATION,Closed,,,,,,,,,MONITOR_CONDITION,Condition recorded; continue observation without corrective work.,Inspection only,Field inspection completed; no corrective maintenance performed.,TRUE,1.39,300.53,,Recovery & Utilities,Lime Kiln,SYS-RU-LIM-IDF,Induced Draft,Fan,A,FALSE,TRUE,TRUE,FALSE,FALSE,,697,,,FALSE,R5,5,Defect,CLOSED_CONFIRMED_WITHOUT_ORDER
N0000377,WO0000226,PLT-RU-EVA-VAC,M-EVA-VAC-01,2023-12-20,2,Planned Inspection,Evaporation - Inspection,Planned Inspection,Insulation test trending below reference.,INSULATION_DEGRADATION,INSULATION_DEGRADATION,Condition Monitoring,,EVA-CONDITION_MONITORING,Closed,2023-12-22,PM02,Completed,2024-01-19,2024-01-19,2024-01-19,2024-01-19,1,WORK_COMPLETED,Corrective scope executed and checked.,Component replacement,Component replacement performed; post-work functional check within tolerance.,TRUE,31.32,30169.44,,Recovery & Utilities,Evaporation,SYS-RU-EVA-VAC,Vacuum System,Motor,B,TRUE,FALSE,FALSE,FALSE,FALSE,,696,2,30,FALSE,R4,4,Defect almost failure,COMPLETED_CORRECTIVE_ACTION
N0000378,,PLT-RU-UTL-STM,PT-UTL-STM-01,2023-12-20,3,Maintenance Sensory Route,Utilities - Maintenance Route A,Sensory Route,Control sequence response differs from approved logic.,CONTROL_SEQUENCE_DEVIATION,CONTROL_SEQUENCE_DEVIATION,Automation,,UTL-AUTOMATION,Closed,,,,,,,,,NO_DEFECT_FOUND,Inspection could not confirm the reported abnormality.,Inspection only,Field inspection completed; no corrective maintenance performed.,FALSE,0.69,151.21,,Recovery & Utilities,Utilities,SYS-RU-UTL-STM,Steam Distribution,Pressure Transmitter,A,FALSE,TRUE,FALSE,TRUE,FALSE,,696,,,FALSE,R5,5,Defect,CLOSED_UNCONFIRMED_WITHOUT_ORDER
N0000379,WO0000227,PLT-FL-DRY-DRS,TT-DRY-DRS-01,2023-12-20,3,Operator Route,Drying - Operations,Sensory Route,Measured output outside calibration tolerance.,CALIBRATION_DEVIATION,CALIBRATION_DEVIATION,Instrumentation,Automation,DRY-AUTOMATION,Closed,2023-12-21,PM02,Completed,2024-05-18,2024-05-19,2024-05-18,2024-05-19,6,WORK_COMPLETED,Corrective scope executed and checked.,Calibration,Calibration performed; post-work functional check within tolerance.,TRUE,5.83,1720.22,,Fiber Line,Drying,SYS-FL-DRY-DRS,Dryer Section,Temperature Transmitter,B,TRUE,FALSE,FALSE,FALSE,FALSE,,696,1,151,FALSE,R7,7,Defect,COMPLETED_CORRECTIVE_ACTION
N0000380,WO0000228,PLT-FL-BLE-TWR,LT-BLE-TWR-01,2023-12-21,2,Planned Inspection,Bleaching - Inspection,Planned Inspection,Intermittent signal dropout at stable process conditions.,INTERMITTENT_SIGNAL,INTERMITTENT_SIGNAL,Instrumentation,,BLE-INSTRUMENTATION,Closed,2023-12-23,PM02,Completed,2024-01-17,2024-01-19,2024-01-17,2024-01-19,1,WORK_COMPLETED,Corrective scope executed and checked.,Instrument replacement,Instrument replacement performed; post-work functional check within tolerance.,TRUE,3.97,3226.11,,Fiber Line,Bleaching,SYS-FL-BLE-TWR,Bleaching Towers,Level Transmitter,B,TRUE,FALSE,FALSE,FALSE,TRUE,171,695,2,29,FALSE,R4,4,Defect almost failure,COMPLETED_CORRECTIVE_ACTION
N0000381,,PLT-FL-DRY-PRS,HY-DRY-PRS-01,2023-12-30,2,Operator Route,Drying - Operations,Sensory Route,Hydraulic header pressure oscillates under steady demand.,HYD_PRESS_INSTABILITY,HYD_PRESS_INSTABILITY,Hydraulics,,DRY-HYDRAULICS,Closed,,,,,,,,,NO_ACTION_REQUIRED,Notification dispositioned without corrective scope.,Inspection only,Field inspection completed; no corrective maintenance performed.,FALSE,0.99,179.75,,Fiber Line,Drying,SYS-FL-DRY-PRS,Press Section,Hydraulic Actuator,A,FALSE,TRUE,FALSE,TRUE,FALSE,265,686,,,FALSE,R2,2,Defect almost failure,CLOSED_UNCONFIRMED_WITHOUT_ORDER
N0000382,,PLT-RU-CAU-WLC,FV-CAU-WLC-01,2023-12-31,3,Operator Report,Causticizing - Operations,,Valve travel sticks during small command changes.,VALVE_STICTION,VALVE_STICTION,Valves,,CAU-VALVES,Closed,,,,,,,,,MONITOR_CONDITION,Condition recorded; continue observation without corrective work.,Inspection only,Field inspection completed; no corrective maintenance performed.,TRUE,0.44,160.28,,Recovery & Utilities,Causticizing,SYS-RU-CAU-WLC,White Liquor Clarification,Control Valve,A,FALSE,TRUE,TRUE,FALSE,TRUE,104,685,,,FALSE,R5,5,Defect,CLOSED_CONFIRMED_WITHOUT_ORDER
N0000383,WO0000229,PLT-FL-DRY-HYD,HPU-DRY-HYD-01,2023-12-31,3,Operator Report,Drying - Operations,,Hydraulic header pressure oscillates under steady demand.,HYD_PRESS_INSTABILITY,HYD_PRESS_INSTABILITY,Hydraulics,,DRY-HYDRAULICS,Closed,2024-01-03,PM02,Completed,2024-02-25,2024-02-27,2024-02-25,2024-02-27,2,MONITOR_CONDITION,Condition recorded; continue observation without corrective work.,Inspection only,Inspected and recorded readings; no component correction performed.,TRUE,1.05,215.29,,Fiber Line,Drying,SYS-FL-DRY-HYD,Hydraulic System,Hydraulic Power Unit,A,TRUE,FALSE,FALSE,FALSE,TRUE,104,685,3,58,FALSE,R5,5,Defect,MONITOR_CONDITION
N0000384,WO0000230,PLT-FL-DIG-CIR,P-DIG-CIR-01,2023-12-31,3,Operator Report,Digester - Operations,,Elevated vibration at pump bearing housing.,PUMP_BEARING_VIBRATION,PUMP_BEARING_VIBRATION,Mechanical,,DIG-MECHANICAL,Closed,2024-01-01,PM02,Completed,2024-02-23,2024-02-25,2024-02-23,2024-02-25,2,MONITOR_CONDITION,Condition recorded; continue observation without corrective work.,Inspection only,Inspected and recorded readings; no component correction performed.,TRUE,1.27,262.91,,Fiber Line,Digester,SYS-FL-DIG-CIR,Cooking Circulation,Pump,A,TRUE,FALSE,FALSE,FALSE,TRUE,104,685,1,56,FALSE,R5,5,Defect,MONITOR_CONDITION
N0000385,WO0000231,PLT-RU-UTL-BFW,M-UTL-BFW-01,2024-01-02,1,Maintenance Sensory Route,Utilities - Maintenance Route A,Sensory Route,Oil condition test indicates degraded lubricant.,OIL_DEGRADATION,OIL_DEGRADATION,Lubrication,,UTL-LUBRICATION,Closed,2024-01-04,CM01,Completed,2024-01-23,2024-01-24,2024-01-23,2024-01-24,1,WORK_COMPLETED,Corrective scope executed and checked.,Lubrication,Lubrication performed; post-work functional check within tolerance.,TRUE,6.72,3776.07,,Recovery & Utilities,Utilities,SYS-RU-UTL-BFW,Boiler Feedwater,Motor,A,TRUE,FALSE,FALSE,FALSE,FALSE,192,683,2,22,FALSE,R1,1,Fault,COMPLETED_CORRECTIVE_ACTION
N0000386,,PLT-FL-DIG-CIR,PT-DIG-CIR-01,2024-01-03,3,Planned Inspection,Digester - Inspection,Planned Inspection,Intermittent signal dropout at stable process conditions.,INTERMITTENT_SIGNAL,INTERMITTENT_SIGNAL,Automation,,DIG-AUTOMATION,Closed,,,,,,,,,NO_ACTION_REQUIRED,Notification dispositioned without corrective scope.,Inspection only,Field inspection completed; no corrective maintenance performed.,TRUE,1.68,333.34,,Fiber Line,Digester,SYS-FL-DIG-CIR,Cooking Circulation,Pressure Transmitter,B,FALSE,TRUE,TRUE,FALSE,FALSE,363,682,,,FALSE,R7,7,Defect,CLOSED_CONFIRMED_WITHOUT_ORDER
N0000387,,PLT-RU-LIM-IDF,DV-LIM-IDF-01,2024-01-04,3,Maintenance Sensory Route,Lime Kiln - Maintenance Route A,Sensory Route,Mechanism travel is uneven with elevated resistance.,MECHANICAL_BINDING,MECHANICAL_BINDING,Mechanical,,LIM-MECHANICAL,Closed,,,,,,,,,MONITOR_CONDITION,Condition recorded; continue observation without corrective work.,Inspection only,Field inspection completed; no corrective maintenance performed.,TRUE,0.71,147.95,,Recovery & Utilities,Lime Kiln,SYS-RU-LIM-IDF,Induced Draft,Damper,B,FALSE,TRUE,TRUE,FALSE,FALSE,,681,,,FALSE,R7,7,Defect,CLOSED_CONFIRMED_WITHOUT_ORDER
N0000388,WO0000232,PLT-FL-DIG-CIR,M-DIG-CIR-01,2024-01-05,1,Process Alarm,Digester - Control Room,Process / Control Monitoring,Insulation test trending below reference.,INSULATION_DEGRADATION,INSULATION_DEGRADATION,Electrical,,DIG-ELECTRICAL,Closed,2024-01-10,CM01,Completed,2024-01-20,2024-01-20,2024-01-20,2024-01-20,1,WORK_COMPLETED,Corrective scope executed and checked.,Component replacement,Component replacement performed; post-work functional check within tolerance.,TRUE,24.11,23223.17,,Fiber Line,Digester,SYS-FL-DIG-CIR,Cooking Circulation,Motor,A,TRUE,FALSE,FALSE,FALSE,FALSE,263,680,5,15,FALSE,R1,1,Fault,COMPLETED_CORRECTIVE_ACTION
N0000389,WO0000233,PLT-RU-EVA-BLF,P-EVA-BLF-01,2024-01-07,2,Condition Monitoring,Evaporation - Condition Monitoring,Predictive Route,Leakage at shaft seal.,SEAL_LEAKAGE,SEAL_LEAKAGE,Mechanical,,EVA-MECHANICAL,Closed,2024-01-07,PM02,Completed,2024-01-23,2024-01-23,2024-01-23,2024-01-23,1,WORK_COMPLETED,Corrective scope executed and checked.,Seal replacement,Seal replacement performed; post-work functional check within tolerance.,TRUE,8.22,6122.73,,Recovery & Utilities,Evaporation,SYS-RU-EVA-BLF,Black Liquor Feed,Pump,B,TRUE,FALSE,FALSE,FALSE,FALSE,,678,0,16,FALSE,R4,4,Defect almost failure,COMPLETED_CORRECTIVE_ACTION
N0000390,WO0000234,PLT-FL-WSH-BSW,FV-WSH-BSW-01,2024-01-08,2,Planned Inspection,Washing & Screening - Inspection,Planned Inspection,Valve feedback differs from demanded position.,POSITIONER_DEVIATION,POSITIONER_DEVIATION,Valves,,WSH-VALVES,Closed,2024-01-12,PM02,Completed,2024-02-11,2024-02-11,2024-02-11,2024-02-11,1,MONITOR_CONDITION,Condition recorded; continue observation without corrective work.,Inspection only,Inspected and recorded readings; no component correction performed.,TRUE,1.75,308.71,,Fiber Line,Washing & Screening,SYS-FL-WSH-BSW,Brownstock Washing,Control Valve,B,TRUE,FALSE,FALSE,FALSE,FALSE,300,677,4,34,FALSE,R4,4,Defect almost failure,MONITOR_CONDITION
N0000391,WO0000235,PLT-RU-CAU-LMH,LT-CAU-LMH-01,2024-01-09,3,Operator Route,Causticizing - Operations,Sensory Route,Indicated value drifts from independent reference.,SIGNAL_DRIFT,SIGNAL_DRIFT,Instrumentation,,CAU-INSTRUMENTATION,Closed,2024-01-10,PM02,Completed,2024-03-07,2024-03-09,2024-03-07,2024-03-09,1,WORK_COMPLETED,Corrective scope executed and checked.,Calibration,Calibration performed; post-work functional check within tolerance.,TRUE,5.67,1673.78,,Recovery & Utilities,Causticizing,SYS-RU-CAU-LMH,Lime Mud Handling,Level Transmitter,C,TRUE,FALSE,FALSE,FALSE,FALSE,,676,1,60,FALSE,R9,9,Defect,COMPLETED_CORRECTIVE_ACTION
N0000392,,PLT-FL-DRY-FOR,PT-DRY-FOR-01,2024-01-09,3,Operator Report,Drying - Operations,,Intermittent signal dropout at stable process conditions.,INTERMITTENT_SIGNAL,INTERMITTENT_SIGNAL,Instrumentation,,DRY-INSTRUMENTATION,Closed,,,,,,,,,NO_ACTION_REQUIRED,Notification dispositioned without corrective scope.,Inspection only,Field inspection completed; no corrective maintenance performed.,TRUE,1.79,330.24,,Fiber Line,Drying,SYS-FL-DRY-FOR,Forming Section,Pressure Transmitter,C,FALSE,TRUE,TRUE,FALSE,TRUE,80,676,,,FALSE,R9,9,Defect,CLOSED_CONFIRMED_WITHOUT_ORDER
N0000393,WO0000236,PLT-FL-WSH-FIL,M-WSH-FIL-01,2024-01-10,3,Maintenance Sensory Route,Washing & Screening - Maintenance Route A,Sensory Route,Localized heating at electrical connection.,TERMINAL_HEATING,TERMINAL_HEATING,Electrical,,WSH-ELECTRICAL,Closed,2024-01-13,PM02,Cancelled,2024-02-26,2024-02-27,,,0,CANCELLED,Order cancelled after scope review; no execution recorded.,,,TRUE,0.69,178.96,,Fiber Line,Washing & Screening,SYS-FL-WSH-FIL,Filtrate System,Motor,B,TRUE,FALSE,FALSE,FALSE,FALSE,,675,3,,FALSE,R7,7,Defect,CANCELLED
N0000394,,PLT-FL-WSH-KNR,XV-WSH-KNR-01,2024-01-11,2,Maintenance Sensory Route,Washing & Screening - Maintenance Route A,Sensory Route,Visible leakage at valve packing.,EXTERNAL_LEAKAGE,EXTERNAL_LEAKAGE,Instrumentation,,WSH-INSTRUMENTATION,Closed,,,,,,,,,NO_ACTION_REQUIRED,Notification dispositioned without corrective scope.,Inspection only,Field inspection completed; no corrective maintenance performed.,TRUE,0.55,160.08,,Fiber Line,Washing & Screening,SYS-FL-WSH-KNR,Knot Removal,On/Off Valve,C,FALSE,TRUE,TRUE,FALSE,FALSE,290,674,,,FALSE,R8,8,Defect almost failure,CLOSED_CONFIRMED_WITHOUT_ORDER
N0000395,WO0000237,PLT-RU-RB-BLF,M-RB-BLF-01,2024-01-13,3,Operator Report,Recovery Boiler - Operations,,Insulation test trending below reference.,INSULATION_DEGRADATION,INSULATION_DEGRADATION,Condition Monitoring,,RB-CONDITION_MONITORING,Closed,2024-01-16,PM02,Completed,2024-02-19,2024-02-20,2024-02-19,2024-02-20,0,WORK_COMPLETED,Corrective scope executed and checked.,Component replacement,Component replacement performed; post-work functional check within tolerance.,TRUE,20.89,20123.58,,Recovery & Utilities,Recovery Boiler,SYS-RU-RB-BLF,Black Liquor Firing,Motor,A,TRUE,FALSE,FALSE,FALSE,FALSE,,672,3,38,FALSE,R5,5,Defect,COMPLETED_CORRECTIVE_ACTION
N0000396,WO0000238,PLT-RU-RB-STM,TT-RB-STM-01,2024-01-13,3,Operator Report,Recovery Boiler - Operations,,Control sequence response differs from approved logic.,CONTROL_SEQUENCE_DEVIATION,CONTROL_SEQUENCE_DEVIATION,Automation,,RB-AUTOMATION,Closed,2024-01-15,PM02,Completed,2024-02-10,2024-02-12,2024-02-10,2024-02-12,0,WORK_COMPLETED,Corrective scope executed and checked.,Control logic correction,Control logic correction performed; post-work functional check within tolerance.,TRUE,7.87,2320.94,,Recovery & Utilities,Recovery Boiler,SYS-RU-RB-STM,Steam / Pressure Control,Temperature Transmitter,B,TRUE,FALSE,FALSE,FALSE,FALSE,,672,2,30,FALSE,R7,7,Defect,COMPLETED_CORRECTIVE_ACTION
N0000397,WO0000239,PLT-RU-UTL-PWT,FT-UTL-PWT-01,2024-01-14,1,Maintenance Sensory Route,Utilities - Maintenance Route A,Sensory Route,Measured output outside calibration tolerance.,CALIBRATION_DEVIATION,CALIBRATION_DEVIATION,Instrumentation,,UTL-INSTRUMENTATION,Closed,2024-01-17,CM01,Completed,2024-01-19,2024-01-19,2024-01-19,2024-01-19,0,WORK_COMPLETED,Corrective scope executed and checked.,Calibration,Calibration performed; post-work functional check within tolerance.,TRUE,4.71,1389.79,,Recovery & Utilities,Utilities,SYS-RU-UTL-PWT,Process Water,Flow Transmitter,B,TRUE,FALSE,FALSE,FALSE,FALSE,258,671,3,5,FALSE,R3,3,Fault,COMPLETED_CORRECTIVE_ACTION
N0000398,,PLT-RU-RB-STM,TT-RB-STM-01,2024-01-15,3,Operator Report,Recovery Boiler - Operations,,Measured output outside calibration tolerance.,CALIBRATION_DEVIATION,CALIBRATION_DEVIATION,Instrumentation,Automation,RB-AUTOMATION,Closed,,,,,,,,,NO_ACTION_REQUIRED,Notification dispositioned without corrective scope.,Inspection only,Field inspection completed; no corrective maintenance performed.,TRUE,1.15,236.67,,Recovery & Utilities,Recovery Boiler,SYS-RU-RB-STM,Steam / Pressure Control,Temperature Transmitter,B,FALSE,TRUE,TRUE,FALSE,FALSE,,670,,,FALSE,R7,7,Defect,CLOSED_CONFIRMED_WITHOUT_ORDER
N0000399,,PLT-FL-WSH-FIL,LT-WSH-FIL-01,2024-01-16,3,Maintenance Sensory Route,Washing & Screening - Maintenance Route A,Sensory Route,Intermittent signal dropout at stable process conditions.,INTERMITTENT_SIGNAL,INTERMITTENT_SIGNAL,Instrumentation,,WSH-INSTRUMENTATION,Closed,,,,,,,,,OPERATING_CONDITION,Observed response is within the current operating envelope.,Inspection only,Field inspection completed; no corrective maintenance performed.,FALSE,1.76,349.62,,Fiber Line,Washing & Screening,SYS-FL-WSH-FIL,Filtrate System,Level Transmitter,C,FALSE,TRUE,FALSE,TRUE,TRUE,180,669,,,FALSE,R9,9,Defect,CLOSED_UNCONFIRMED_WITHOUT_ORDER
N0000400,WO0000240,PLT-FL-DRY-LUB,LU-DRY-LUB-01,2024-01-16,1,Breakdown / Corrective,Drying - Operations,,Lubricant level below normal mark.,LOW_LUBE_LEVEL,LOW_LUBE_LEVEL,Lubrication,,DRY-LUBRICATION,Closed,2024-01-17,CM01,Completed,2024-01-19,2024-01-19,2024-01-19,2024-01-19,0,WORK_COMPLETED,Corrective scope executed and checked.,Lubrication,Lubrication performed; post-work functional check within tolerance.,TRUE,2.35,1163.52,,Fiber Line,Drying,SYS-FL-DRY-LUB,Lubrication System,Lubrication Unit,A,TRUE,FALSE,FALSE,FALSE,TRUE,175,669,1,3,FALSE,R1,1,Fault,COMPLETED_CORRECTIVE_ACTION
N0000401,WO0000241,PLT-RU-EVA-CON,M-EVA-CON-01,2024-01-16,2,Operator Route,Evaporation - Operations,Sensory Route,Motor temperature rising at normal load.,MOTOR_OVERHEATING,MOTOR_OVERHEATING,Condition Monitoring,Electrical,EVA-ELECTRICAL,Closed,2024-01-21,PM02,Completed,2024-02-06,2024-02-06,2024-02-06,2024-02-06,1,WORK_COMPLETED,Corrective scope executed and checked.,Cleaning,Cleaning performed; post-work functional check within tolerance.,TRUE,4.30,1269.07,,Recovery & Utilities,Evaporation,SYS-RU-EVA-CON,Condensate System,Motor,B,TRUE,FALSE,FALSE,FALSE,FALSE,,669,5,21,FALSE,R4,4,Defect almost failure,COMPLETED_CORRECTIVE_ACTION
N0000402,,PLT-FL-WSH-FIL,FV-WSH-FIL-01,2024-01-19,3,Maintenance Sensory Route,Washing & Screening - Maintenance Route A,Sensory Route,Valve feedback differs from demanded position.,POSITIONER_DEVIATION,POSITIONER_DEVIATION,Valves,,WSH-VALVES,Closed,,,,,,,,,OPERATING_CONDITION,Observed response is within the current operating envelope.,Inspection only,Field inspection completed; no corrective maintenance performed.,FALSE,1.32,251.69,,Fiber Line,Washing & Screening,SYS-FL-WSH-FIL,Filtrate System,Control Valve,C,FALSE,TRUE,FALSE,TRUE,FALSE,303,666,,,FALSE,R9,9,Defect,CLOSED_UNCONFIRMED_WITHOUT_ORDER
N0000403,WO0000242,PLT-RU-CAU-GLC,LT-CAU-GLC-01,2024-01-19,2,Operator Report,Causticizing - Operations,,Indicated value drifts from independent reference.,SIGNAL_DRIFT,SIGNAL_DRIFT,Instrumentation,,CAU-INSTRUMENTATION,Closed,2024-01-24,PM02,Completed,2024-02-20,2024-02-22,2024-02-20,2024-02-22,1,WORK_COMPLETED,Corrective scope executed and checked.,Calibration,Calibration performed; post-work functional check within tolerance.,TRUE,5.17,1524.09,,Recovery & Utilities,Causticizing,SYS-RU-CAU-GLC,Green Liquor Clarification,Level Transmitter,B,TRUE,FALSE,FALSE,FALSE,TRUE,174,666,5,34,FALSE,R4,4,Defect almost failure,COMPLETED_CORRECTIVE_ACTION
N0000404,WO0000243,PLT-RU-LIM-DRV,M-LIM-DRV-01,2024-01-19,2,Planned Inspection,Lime Kiln - Inspection,Planned Inspection,Motor temperature rising at normal load.,MOTOR_OVERHEATING,MOTOR_OVERHEATING,Electrical,,LIM-ELECTRICAL,Closed,2024-01-24,PM02,Completed,2024-01-27,2024-01-27,2024-01-27,2024-01-27,0,WORK_COMPLETED,Corrective scope executed and checked.,Cleaning,Cleaning performed; post-work functional check within tolerance.,TRUE,8.26,2437.58,,Recovery & Utilities,Lime Kiln,SYS-RU-LIM-DRV,Kiln Drive,Motor,A,TRUE,FALSE,FALSE,FALSE,FALSE,,666,5,8,FALSE,R2,2,Defect almost failure,COMPLETED_CORRECTIVE_ACTION
N0000405,,PLT-FL-WSH-KNR,XV-WSH-KNR-01,2024-01-19,3,Planned Inspection,Washing & Screening - Inspection,Planned Inspection,Actuator supply pressure decays while held.,ACTUATOR_LEAKAGE,ACTUATOR_LEAKAGE,Valves,,WSH-VALVES,Closed,,,,,,,,,MONITOR_CONDITION,Condition recorded; continue observation without corrective work.,Inspection only,Field inspection completed; no corrective maintenance performed.,TRUE,0.59,153.12,,Fiber Line,Washing & Screening,SYS-FL-WSH-KNR,Knot Removal,On/Off Valve,C,FALSE,TRUE,TRUE,FALSE,FALSE,,666,,,FALSE,R9,9,Defect,CLOSED_CONFIRMED_WITHOUT_ORDER
N0000406,WO0000244,PLT-RU-UTL-CWT,FV-UTL-CWT-01,2024-01-22,2,Maintenance Sensory Route,Utilities - Maintenance Route A,Sensory Route,Visible leakage at valve packing.,EXTERNAL_LEAKAGE,EXTERNAL_LEAKAGE,Instrumentation,,UTL-INSTRUMENTATION,Closed,2024-01-24,PM02,Completed,2024-02-10,2024-02-10,2024-02-10,2024-02-10,1,NO_DEFECT_FOUND,Inspection could not confirm the reported abnormality.,Inspection only,Inspected and recorded readings; no component correction performed.,FALSE,1.91,337.12,,Recovery & Utilities,Utilities,SYS-RU-UTL-CWT,Cooling Water,Control Valve,B,TRUE,FALSE,FALSE,FALSE,FALSE,207,663,2,19,FALSE,R4,4,Defect almost failure,OTHER_CLOSED
N0000407,WO0000245,PLT-RU-UTL-BFW,P-UTL-BFW-01,2024-01-22,2,Operator Report,Utilities - Operations,,Elevated vibration at pump bearing housing.,PUMP_BEARING_VIBRATION,PUMP_BEARING_VIBRATION,Mechanical,Lubrication,UTL-LUBRICATION,Closed,2024-01-24,PM02,Completed,2024-03-17,2024-03-18,2024-03-17,2024-03-18,2,WORK_COMPLETED,Corrective scope executed and checked.,Bearing replacement,Bearing replacement performed; post-work functional check within tolerance.,TRUE,15.49,10960.63,,Recovery & Utilities,Utilities,SYS-RU-UTL-BFW,Boiler Feedwater,Pump,A,TRUE,FALSE,FALSE,FALSE,FALSE,,663,2,56,FALSE,R2,2,Defect almost failure,COMPLETED_CORRECTIVE_ACTION
N0000408,,PLT-FL-WSH-SCR,P-WSH-SCR-01,2024-01-22,3,Operator Route,Washing & Screening - Operations,Sensory Route,Delivered flow below expected operating range.,LOW_FLOW,LOW_FLOW,Mechanical,,WSH-MECHANICAL,Closed,,,,,,,,,MONITOR_CONDITION,Condition recorded; continue observation without corrective work.,Inspection only,Field inspection completed; no corrective maintenance performed.,TRUE,1.46,257.56,,Fiber Line,Washing & Screening,SYS-FL-WSH-SCR,Screening,Pump,B,FALSE,TRUE,TRUE,FALSE,FALSE,,663,,,FALSE,R7,7,Defect,CLOSED_CONFIRMED_WITHOUT_ORDER
N0000409,,PLT-FL-DIG-BLC,PV-DIG-BLC-01,2024-01-23,3,Operator Route,Digester - Operations,Sensory Route,Actuator supply pressure decays while held.,ACTUATOR_LEAKAGE,ACTUATOR_LEAKAGE,Valves,,DIG-VALVES,Closed,,,,,,,,,NO_ACTION_REQUIRED,Notification dispositioned without corrective scope.,Inspection only,Field inspection completed; no corrective maintenance performed.,FALSE,0.72,161.28,,Fiber Line,Digester,SYS-FL-DIG-BLC,Blow / Pressure Control,Control Valve,A,FALSE,TRUE,FALSE,TRUE,FALSE,,662,,,FALSE,R5,5,Defect,CLOSED_UNCONFIRMED_WITHOUT_ORDER
N0000410,,PLT-FL-WSH-FIL,M-WSH-FIL-01,2024-01-24,3,Maintenance Sensory Route,Washing & Screening - Maintenance Route A,Sensory Route,Motor temperature rising at normal load.,MOTOR_OVERHEATING,MOTOR_OVERHEATING,Electrical,,WSH-ELECTRICAL,Closed,,,,,,,,,OPERATING_CONDITION,Observed response is within the current operating envelope.,Inspection only,Field inspection completed; no corrective maintenance performed.,FALSE,1.25,243.01,,Fiber Line,Washing & Screening,SYS-FL-WSH-FIL,Filtrate System,Motor,B,FALSE,TRUE,FALSE,TRUE,FALSE,329,661,,,FALSE,R7,7,Defect,CLOSED_UNCONFIRMED_WITHOUT_ORDER
N0000411,WO0000246,PLT-RU-RB-AIR,FT-RB-AIR-01,2024-01-25,2,Maintenance Sensory Route,Recovery Boiler - Maintenance Route A,Sensory Route,Indicated value drifts from independent reference.,SIGNAL_DRIFT,SIGNAL_DRIFT,Instrumentation,,RB-INSTRUMENTATION,Closed,2024-01-25,PM02,Completed,2024-01-30,2024-01-31,2024-01-30,2024-01-31,0,NO_DEFECT_FOUND,Inspection could not confirm the reported abnormality.,Inspection only,Inspected and recorded readings; no component correction performed.,FALSE,0.44,129.38,,Recovery & Utilities,Recovery Boiler,SYS-RU-RB-AIR,Combustion Air,Flow Transmitter,B,TRUE,FALSE,FALSE,FALSE,FALSE,,660,0,6,FALSE,R4,4,Defect almost failure,OTHER_CLOSED
N0000412,,PLT-RU-UTL-ELD,MCC-UTL-ELD-01,2024-01-25,1,Planned Inspection,Utilities - Inspection,Planned Inspection,Localized heating at electrical connection.,TERMINAL_HEATING,TERMINAL_HEATING,Electrical,Automation,UTL-AUTOMATION,Closed,,,,,,,,,NO_ACTION_REQUIRED,Notification dispositioned without corrective scope.,Inspection only,Field inspection completed; no corrective maintenance performed.,FALSE,1.90,356.95,,Recovery & Utilities,Utilities,SYS-RU-UTL-ELD,Electrical Distribution,Motor Control Center,A,FALSE,TRUE,FALSE,TRUE,FALSE,,660,,,FALSE,R1,1,Fault,CLOSED_UNCONFIRMED_WITHOUT_ORDER
N0000413,,PLT-FL-DRY-DRS,PV-DRY-DRS-01,2024-01-25,3,Maintenance Sensory Route,Drying - Maintenance Route A,Sensory Route,Valve feedback differs from demanded position.,POSITIONER_DEVIATION,POSITIONER_DEVIATION,Valves,,DRY-VALVES,Closed,,,,,,,,,NO_ACTION_REQUIRED,Notification dispositioned without corrective scope.,Inspection only,Field inspection completed; no corrective maintenance performed.,TRUE,1.96,340.94,,Fiber Line,Drying,SYS-FL-DRY-DRS,Dryer Section,Control Valve,A,FALSE,TRUE,TRUE,FALSE,FALSE,375,660,,,FALSE,R5,5,Defect,CLOSED_CONFIRMED_WITHOUT_ORDER
N0000414,,PLT-FL-WSH-BSW,P-WSH-BSW-01,2024-01-26,3,Maintenance Sensory Route,Washing & Screening - Maintenance Route A,Sensory Route,Delivered flow below expected operating range.,LOW_FLOW,LOW_FLOW,Mechanical,,WSH-MECHANICAL,Closed,,,,,,,,,NO_DEFECT_FOUND,Inspection could not confirm the reported abnormality.,Inspection only,Field inspection completed; no corrective maintenance performed.,FALSE,1.76,338.77,,Fiber Line,Washing & Screening,SYS-FL-WSH-BSW,Brownstock Washing,Pump,B,FALSE,TRUE,FALSE,TRUE,FALSE,,659,,,FALSE,R7,7,Defect,CLOSED_UNCONFIRMED_WITHOUT_ORDER
N0000415,WO0000247,PLT-RU-CAU-SLK,SLK-CAU-SLK-01,2024-01-26,3,Operator Route,Causticizing - Operations,Sensory Route,Mechanism travel is uneven with elevated resistance.,MECHANICAL_BINDING,MECHANICAL_BINDING,Mechanical,,CAU-MECHANICAL,Closed,2024-01-30,PM02,Completed,2024-03-06,2024-03-08,2024-03-06,2024-03-08,2,WORK_COMPLETED,Corrective scope executed and checked.,Adjustment,Adjustment performed; post-work functional check within tolerance.,TRUE,11.10,3967.06,,Recovery & Utilities,Causticizing,SYS-RU-CAU-SLK,Slaking,Slaker,A,TRUE,FALSE,FALSE,FALSE,FALSE,213,659,4,42,FALSE,R5,5,Defect,COMPLETED_CORRECTIVE_ACTION
N0000416,WO0000248,PLT-FL-DIG-IMP,M-DIG-IMP-01,2024-01-27,3,Condition Monitoring,Digester - Condition Monitoring,Predictive Route,Lubricant level below normal mark.,LOW_LUBE_LEVEL,LOW_LUBE_LEVEL,Lubrication,,DIG-LUBRICATION,Closed,2024-02-01,PM02,Completed,2024-03-17,2024-03-19,2024-03-17,2024-03-19,2,WORK_COMPLETED,Corrective scope executed and checked.,Lubrication,Lubrication performed; post-work functional check within tolerance.,TRUE,1.32,651.03,,Fiber Line,Digester,SYS-FL-DIG-IMP,Impregnation,Motor,A,TRUE,FALSE,FALSE,FALSE,FALSE,,658,5,52,FALSE,R5,5,Defect,COMPLETED_CORRECTIVE_ACTION
N0000417,,PLT-FL-WSH-SCR,M-WSH-SCR-01,2024-01-27,3,Maintenance Sensory Route,Washing & Screening - Maintenance Route A,Sensory Route,Motor bearing vibration above baseline.,MOTOR_BEARING_VIBRATION,MOTOR_BEARING_VIBRATION,Electrical,,WSH-ELECTRICAL,Closed,,,,,,,,,NO_DEFECT_FOUND,Inspection could not confirm the reported abnormality.,Inspection only,Field inspection completed; no corrective maintenance performed.,FALSE,1.52,312.85,,Fiber Line,Washing & Screening,SYS-FL-WSH-SCR,Screening,Motor,B,FALSE,TRUE,FALSE,TRUE,FALSE,,658,,,FALSE,R7,7,Defect,CLOSED_UNCONFIRMED_WITHOUT_ORDER
N0000418,,PLT-RU-UTL-STM,PV-UTL-STM-01,2024-01-27,2,Maintenance Sensory Route,Utilities - Maintenance Route A,Sensory Route,Valve travel sticks during small command changes.,VALVE_STICTION,VALVE_STICTION,Valves,,UTL-VALVES,Closed,,,,,,,,,MONITOR_CONDITION,Condition recorded; continue observation without corrective work.,Inspection only,Field inspection completed; no corrective maintenance performed.,TRUE,1.12,237.23,,Recovery & Utilities,Utilities,SYS-RU-UTL-STM,Steam Distribution,Control Valve,A,FALSE,TRUE,TRUE,FALSE,TRUE,82,658,,,FALSE,R2,2,Defect almost failure,CLOSED_CONFIRMED_WITHOUT_ORDER
N0000419,WO0000249,PLT-RU-CAU-WLC,P-CAU-WLC-01,2024-01-28,2,Planned Inspection,Causticizing - Inspection,Planned Inspection,Crackling noise and unstable suction pressure.,CAVITATION,CAVITATION,Mechanical,,CAU-MECHANICAL,Closed,2024-01-28,PM02,Completed,2024-02-06,2024-02-08,2024-02-06,2024-02-08,0,WORK_COMPLETED,Corrective scope executed and checked.,Cleaning,Cleaning performed; post-work functional check within tolerance.,TRUE,4.26,1128.21,,Recovery & Utilities,Causticizing,SYS-RU-CAU-WLC,White Liquor Clarification,Pump,A,TRUE,FALSE,FALSE,FALSE,FALSE,,657,0,11,FALSE,R2,2,Defect almost failure,COMPLETED_CORRECTIVE_ACTION
N0000420,WO0000250,PLT-FL-DIG-CIR,TT-DIG-CIR-01,2024-01-29,3,Planned Inspection,Digester - Inspection,Planned Inspection,Indicated value drifts from independent reference.,SIGNAL_DRIFT,SIGNAL_DRIFT,Instrumentation,,DIG-INSTRUMENTATION,Closed,2024-01-31,PM02,Completed,2024-02-25,2024-02-27,2024-02-25,2024-02-27,2,WORK_COMPLETED,Corrective scope executed and checked.,Calibration,Calibration performed; post-work functional check within tolerance.,TRUE,3.90,1151.55,,Fiber Line,Digester,SYS-FL-DIG-CIR,Cooking Circulation,Temperature Transmitter,B,TRUE,FALSE,FALSE,FALSE,TRUE,149,656,2,29,FALSE,R7,7,Defect,COMPLETED_CORRECTIVE_ACTION
N0000421,WO0000251,PLT-RU-CAU-REA,AG-CAU-REA-01,2024-01-30,3,Condition Monitoring,Causticizing - Condition Monitoring,Predictive Route,Bearing temperature trending above baseline.,BEARING_TEMPERATURE,BEARING_TEMPERATURE,Condition Monitoring,,CAU-CONDITION_MONITORING,Closed,2024-02-02,PM02,Completed,2024-03-08,2024-03-10,2024-03-08,2024-03-10,1,WORK_COMPLETED,Corrective scope executed and checked.,Bearing replacement,Bearing replacement performed; post-work functional check within tolerance.,TRUE,18.15,13005.48,,Recovery & Utilities,Causticizing,SYS-RU-CAU-REA,Causticizing Reactors,Agitator,B,TRUE,FALSE,FALSE,FALSE,FALSE,,655,3,40,FALSE,R7,7,Defect,COMPLETED_CORRECTIVE_ACTION
N0000422,,PLT-RU-UTL-BFW,PT-UTL-BFW-01,2024-01-30,3,Operator Route,Utilities - Operations,Sensory Route,Pressure response delayed during process change.,IMPULSE_LINE_RESTRICTION,IMPULSE_LINE_RESTRICTION,Instrumentation,,UTL-INSTRUMENTATION,Closed,,,,,,,,,NO_ACTION_REQUIRED,Notification dispositioned without corrective scope.,Inspection only,Field inspection completed; no corrective maintenance performed.,FALSE,1.18,223.08,,Recovery & Utilities,Utilities,SYS-RU-UTL-BFW,Boiler Feedwater,Pressure Transmitter,A,FALSE,TRUE,FALSE,TRUE,FALSE,,655,,,FALSE,R5,5,Defect,CLOSED_UNCONFIRMED_WITHOUT_ORDER
N0000423,WO0000252,PLT-RU-UTL-AIR,DRY-UTL-AIR-01,2024-01-31,1,Breakdown / Corrective,Utilities - Operations,,Process differential pressure above normal operating range.,PROCESS_RESTRICTION,PROCESS_RESTRICTION,Mechanical,,UTL-MECHANICAL,Closed,2024-02-04,CM01,Completed,2024-02-14,2024-02-14,2024-02-14,2024-02-14,1,WORK_COMPLETED,Corrective scope executed and checked.,Cleaning,Cleaning performed; post-work functional check within tolerance.,TRUE,12.56,3955.62,,Recovery & Utilities,Utilities,SYS-RU-UTL-AIR,Compressed Air,Air Dryer,B,TRUE,FALSE,FALSE,FALSE,FALSE,,654,4,14,FALSE,R3,3,Fault,COMPLETED_CORRECTIVE_ACTION
N0000424,,PLT-FL-DRY-PRS,PT-DRY-PRS-01,2024-01-31,3,Operator Report,Drying - Operations,,Control sequence response differs from approved logic.,CONTROL_SEQUENCE_DEVIATION,CONTROL_SEQUENCE_DEVIATION,Automation,,DRY-AUTOMATION,Closed,,,,,,,,,NO_ACTION_REQUIRED,Notification dispositioned without corrective scope.,Inspection only,Field inspection completed; no corrective maintenance performed.,FALSE,0.72,160.04,,Fiber Line,Drying,SYS-FL-DRY-PRS,Press Section,Pressure Transmitter,B,FALSE,TRUE,FALSE,TRUE,FALSE,,654,,,FALSE,R7,7,Defect,CLOSED_UNCONFIRMED_WITHOUT_ORDER
N0000425,,PLT-FL-BLE-CHM,FT-BLE-CHM-01,2024-02-02,3,Maintenance Sensory Route,Bleaching - Maintenance Route A,Sensory Route,Indicated value drifts from independent reference.,SIGNAL_DRIFT,SIGNAL_DRIFT,Instrumentation,,BLE-INSTRUMENTATION,Closed,,,,,,,,,NO_ACTION_REQUIRED,Notification dispositioned without corrective scope.,Inspection only,Field inspection completed; no corrective maintenance performed.,TRUE,1.40,255.06,,Fiber Line,Bleaching,SYS-FL-BLE-CHM,Chemical Mixing,Flow Transmitter,B,FALSE,TRUE,TRUE,FALSE,FALSE,226,652,,,FALSE,R7,7,Defect,CLOSED_CONFIRMED_WITHOUT_ORDER
N0000426,WO0000253,PLT-RU-CAU-LMH,LT-CAU-LMH-01,2024-02-03,1,Operator Route,Causticizing - Operations,Sensory Route,Intermittent signal dropout at stable process conditions.,INTERMITTENT_SIGNAL,INTERMITTENT_SIGNAL,Instrumentation,Automation,CAU-AUTOMATION,Closed,2024-02-05,CM01,Completed,2024-02-08,2024-02-08,2024-02-08,2024-02-08,0,WORK_COMPLETED,Corrective scope executed and checked.,Instrument replacement,Instrument replacement performed; post-work functional check within tolerance.,TRUE,8.70,7063.49,,Recovery & Utilities,Causticizing,SYS-RU-CAU-LMH,Lime Mud Handling,Level Transmitter,C,TRUE,FALSE,FALSE,FALSE,FALSE,260,651,2,5,FALSE,R6,6,Fault,COMPLETED_CORRECTIVE_ACTION
N0000427,WO0000254,PLT-RU-UTL-PWT,M-UTL-PWT-01,2024-02-03,3,Maintenance Sensory Route,Utilities - Maintenance Route A,Sensory Route,Motor bearing vibration above baseline.,MOTOR_BEARING_VIBRATION,MOTOR_BEARING_VIBRATION,Electrical,,UTL-ELECTRICAL,Closed,2024-02-03,PM02,Completed,2024-02-26,2024-02-28,2024-02-26,2024-02-28,1,WORK_COMPLETED,Corrective scope executed and checked.,Bearing replacement,Bearing replacement performed; post-work functional check within tolerance.,TRUE,13.93,8982.09,,Recovery & Utilities,Utilities,SYS-RU-UTL-PWT,Process Water,Motor,B,TRUE,FALSE,FALSE,FALSE,FALSE,,651,0,25,FALSE,R7,7,Defect,COMPLETED_CORRECTIVE_ACTION
N0000428,,PLT-FL-WSH-FIL,P-WSH-FIL-01,2024-02-03,3,Maintenance Sensory Route,Washing & Screening - Maintenance Route A,Sensory Route,Elevated vibration at pump bearing housing.,PUMP_BEARING_VIBRATION,PUMP_BEARING_VIBRATION,Mechanical,,WSH-MECHANICAL,Closed,,,,,,,,,OPERATING_CONDITION,Observed response is within the current operating envelope.,Inspection only,Field inspection completed; no corrective maintenance performed.,FALSE,1.77,321.84,,Fiber Line,Washing & Screening,SYS-FL-WSH-FIL,Filtrate System,Pump,B,FALSE,TRUE,FALSE,TRUE,FALSE,340,651,,,FALSE,R7,7,Defect,CLOSED_UNCONFIRMED_WITHOUT_ORDER
N0000429,,PLT-FL-BLE-CHM,AG-BLE-CHM-01,2024-02-04,2,Maintenance Sensory Route,Bleaching - Maintenance Route A,Sensory Route,Oil sample shows elevated contamination.,OIL_CONTAMINATION,OIL_CONTAMINATION,Lubrication,,BLE-LUBRICATION,Closed,,,,,,,,,NO_DEFECT_FOUND,Inspection could not confirm the reported abnormality.,Inspection only,Field inspection completed; no corrective maintenance performed.,FALSE,0.35,119.05,,Fiber Line,Bleaching,SYS-FL-BLE-CHM,Chemical Mixing,Agitator,B,FALSE,TRUE,FALSE,TRUE,FALSE,,650,,,FALSE,R4,4,Defect almost failure,CLOSED_UNCONFIRMED_WITHOUT_ORDER
N0000430,,PLT-FL-WSH-BSW,FV-WSH-BSW-01,2024-02-04,3,Maintenance Sensory Route,Washing & Screening - Maintenance Route A,Sensory Route,Valve travel sticks during small command changes.,VALVE_STICTION,VALVE_STICTION,Valves,,WSH-VALVES,Closed,,,,,,,,,OPERATING_CONDITION,Observed response is within the current operating envelope.,Inspection only,Field inspection completed; no corrective maintenance performed.,FALSE,1.48,266.11,,Fiber Line,Washing & Screening,SYS-FL-WSH-BSW,Brownstock Washing,Control Valve,B,FALSE,TRUE,FALSE,TRUE,FALSE,,650,,,FALSE,R7,7,Defect,CLOSED_UNCONFIRMED_WITHOUT_ORDER
N0000431,WO0000255,PLT-RU-CAU-WLC,M-CAU-WLC-01,2024-02-04,3,Condition Monitoring,Causticizing - Condition Monitoring,Predictive Route,Lubricant level below normal mark.,LOW_LUBE_LEVEL,LOW_LUBE_LEVEL,Lubrication,,CAU-LUBRICATION,Closed,2024-02-07,PM02,Completed,2024-03-27,2024-03-27,2024-03-27,2024-03-27,2,WORK_COMPLETED,Corrective scope executed and checked.,Lubrication,Lubrication performed; post-work functional check within tolerance.,TRUE,2.40,1187.90,,Recovery & Utilities,Causticizing,SYS-RU-CAU-WLC,White Liquor Clarification,Motor,A,TRUE,FALSE,FALSE,FALSE,FALSE,325,650,3,52,FALSE,R5,5,Defect,COMPLETED_CORRECTIVE_ACTION
N0000432,WO0000256,PLT-RU-LIM-DRV,M-LIM-DRV-01,2024-02-04,3,Operator Route,Lime Kiln - Operations,Sensory Route,Oil condition test indicates degraded lubricant.,OIL_DEGRADATION,OIL_DEGRADATION,Lubrication,,LIM-LUBRICATION,Closed,2024-02-08,PM02,Completed,2024-03-17,2024-03-17,2024-03-17,2024-03-17,1,WORK_COMPLETED,Corrective scope executed and checked.,Lubrication,Lubrication performed; post-work functional check within tolerance.,TRUE,6.92,3889.31,,Recovery & Utilities,Lime Kiln,SYS-RU-LIM-DRV,Kiln Drive,Motor,A,TRUE,FALSE,FALSE,FALSE,FALSE,,650,4,42,FALSE,R5,5,Defect,COMPLETED_CORRECTIVE_ACTION
N0000433,WO0000257,PLT-FL-WSH-BSW,M-WSH-BSW-01,2024-02-04,3,Planned Inspection,Washing & Screening - Inspection,Planned Inspection,Localized heating at electrical connection.,TERMINAL_HEATING,TERMINAL_HEATING,Electrical,,WSH-ELECTRICAL,Closed,2024-02-05,PM02,Completed,2024-04-14,2024-04-16,2024-04-14,2024-04-16,3,WORK_COMPLETED,Corrective scope executed and checked.,Tightening,Tightening performed; post-work functional check within tolerance.,TRUE,5.31,1301.67,,Fiber Line,Washing & Screening,SYS-FL-WSH-BSW,Brownstock Washing,Motor,B,TRUE,FALSE,FALSE,FALSE,FALSE,,650,1,72,FALSE,R7,7,Defect,COMPLETED_CORRECTIVE_ACTION
N0000434,WO0000258,PLT-RU-RB-SMT,M-RB-SMT-01,2024-02-05,1,Planned Inspection,Recovery Boiler - Inspection,Planned Inspection,Motor bearing vibration above baseline.,MOTOR_BEARING_VIBRATION,MOTOR_BEARING_VIBRATION,Condition Monitoring,,RB-CONDITION_MONITORING,Closed,2024-02-10,CM01,Completed,2024-02-10,2024-02-12,2024-02-10,2024-02-12,0,WORK_COMPLETED,Corrective scope executed and checked.,Bearing replacement,Bearing replacement performed; post-work functional check within tolerance.,TRUE,19.87,12814.65,,Recovery & Utilities,Recovery Boiler,SYS-RU-RB-SMT,Smelt Handling,Motor,B,TRUE,FALSE,FALSE,FALSE,FALSE,370,649,5,7,FALSE,R3,3,Fault,COMPLETED_CORRECTIVE_ACTION
N0000435,WO0000259,PLT-FL-BLE-STW,P-BLE-STW-01,2024-02-05,2,Operator Route,Bleaching - Operations,Sensory Route,Leakage at shaft seal.,SEAL_LEAKAGE,SEAL_LEAKAGE,Condition Monitoring,,BLE-CONDITION_MONITORING,Closed,2024-02-06,PM02,Completed,2024-02-20,2024-02-22,2024-02-20,2024-02-22,1,WORK_COMPLETED,Corrective scope executed and checked.,Seal replacement,Seal replacement performed; post-work functional check within tolerance.,TRUE,7.95,5925.22,,Fiber Line,Bleaching,SYS-FL-BLE-STW,Stage Washing,Pump,B,TRUE,FALSE,FALSE,FALSE,FALSE,,649,1,17,FALSE,R4,4,Defect almost failure,COMPLETED_CORRECTIVE_ACTION
N0000436,,PLT-FL-WSH-KNR,SCR-WSH-KNR-01,2024-02-05,3,Maintenance Sensory Route,Washing & Screening - Maintenance Route A,Sensory Route,Mechanism travel is uneven with elevated resistance.,MECHANICAL_BINDING,MECHANICAL_BINDING,Mechanical,,WSH-MECHANICAL,Closed,,,,,,,,,NO_DEFECT_FOUND,Inspection could not confirm the reported abnormality.,Inspection only,Field inspection completed; no corrective maintenance performed.,FALSE,1.70,321.17,,Fiber Line,Washing & Screening,SYS-FL-WSH-KNR,Knot Removal,Separator,B,FALSE,TRUE,FALSE,TRUE,FALSE,268,649,,,FALSE,R7,7,Defect,CLOSED_UNCONFIRMED_WITHOUT_ORDER
N0000437,,PLT-FL-WSH-SCR,DPIT-WSH-SCR-01,2024-02-06,3,Maintenance Sensory Route,Washing & Screening - Maintenance Route A,Sensory Route,Indicated value drifts from independent reference.,SIGNAL_DRIFT,SIGNAL_DRIFT,Instrumentation,,WSH-INSTRUMENTATION,Closed,,,,,,,,,NO_DEFECT_FOUND,Inspection could not confirm the reported abnormality.,Inspection only,Field inspection completed; no corrective maintenance performed.,FALSE,0.74,181.26,,Fiber Line,Washing & Screening,SYS-FL-WSH-SCR,Screening,Differential Pressure Transmitter,C,FALSE,TRUE,FALSE,TRUE,TRUE,178,648,,,FALSE,R9,9,Defect,CLOSED_UNCONFIRMED_WITHOUT_ORDER
N0000438,,PLT-FL-WSH-SCR,P-WSH-SCR-01,2024-02-06,3,Maintenance Sensory Route,Washing & Screening - Maintenance Route A,Sensory Route,Leakage at shaft seal.,SEAL_LEAKAGE,SEAL_LEAKAGE,Mechanical,,WSH-MECHANICAL,Closed,,,,,,,,,OPERATING_CONDITION,Observed response is within the current operating envelope.,Inspection only,Field inspection completed; no corrective maintenance performed.,FALSE,0.74,180.97,,Fiber Line,Washing & Screening,SYS-FL-WSH-SCR,Screening,Pump,B,FALSE,TRUE,FALSE,TRUE,FALSE,319,648,,,FALSE,R7,7,Defect,CLOSED_UNCONFIRMED_WITHOUT_ORDER
N0000439,WO0000260,PLT-RU-LIM-IDF,M-LIM-IDF-01,2024-02-07,2,Operator Route,Lime Kiln - Operations,Sensory Route,Insulation test trending below reference.,INSULATION_DEGRADATION,INSULATION_DEGRADATION,Electrical,,LIM-ELECTRICAL,Closed,2024-02-10,PM02,Completed,2024-03-20,2024-03-20,2024-03-20,2024-03-20,3,WORK_COMPLETED,Corrective scope executed and checked.,Component replacement,Component replacement performed; post-work functional check within tolerance.,TRUE,18.96,18265.96,,Recovery & Utilities,Lime Kiln,SYS-RU-LIM-IDF,Induced Draft,Motor,A,TRUE,FALSE,FALSE,FALSE,TRUE,126,647,3,42,FALSE,R2,2,Defect almost failure,COMPLETED_CORRECTIVE_ACTION
N0000440,,PLT-RU-UTL-PWT,P-UTL-PWT-01,2024-02-07,2,Process Alarm,Utilities - Control Room,Process / Control Monitoring,Bearing temperature trending above baseline.,BEARING_TEMPERATURE,BEARING_TEMPERATURE,Mechanical,,UTL-MECHANICAL,Closed,,,,,,,,,NO_DEFECT_FOUND,Inspection could not confirm the reported abnormality.,Inspection only,Field inspection completed; no corrective maintenance performed.,FALSE,0.58,138.77,,Recovery & Utilities,Utilities,SYS-RU-UTL-PWT,Process Water,Pump,B,FALSE,TRUE,FALSE,TRUE,FALSE,258,647,,,FALSE,R4,4,Defect almost failure,CLOSED_UNCONFIRMED_WITHOUT_ORDER
N0000441,WO0000261,PLT-RU-UTL-AIR,M-UTL-AIR-01,2024-02-09,3,Operator Route,Utilities - Operations,Sensory Route,Oil sample shows elevated contamination.,OIL_CONTAMINATION,OIL_CONTAMINATION,Lubrication,,UTL-LUBRICATION,Closed,2024-02-12,PM02,Completed,2024-03-27,2024-03-28,2024-03-27,2024-03-28,0,WORK_COMPLETED,Corrective scope executed and checked.,Lubrication,Lubrication performed; post-work functional check within tolerance.,TRUE,4.39,2245.60,,Recovery & Utilities,Utilities,SYS-RU-UTL-AIR,Compressed Air,Motor,A,TRUE,FALSE,FALSE,FALSE,FALSE,,645,3,48,FALSE,R5,5,Defect,COMPLETED_CORRECTIVE_ACTION
N0000442,,PLT-FL-WSH-KNR,M-WSH-KNR-01,2024-02-09,3,Maintenance Sensory Route,Washing & Screening - Maintenance Route A,Sensory Route,Localized heating at electrical connection.,TERMINAL_HEATING,TERMINAL_HEATING,Electrical,,WSH-ELECTRICAL,Closed,,,,,,,,,OPERATING_CONDITION,Observed response is within the current operating envelope.,Inspection only,Field inspection completed; no corrective maintenance performed.,FALSE,0.92,169.86,,Fiber Line,Washing & Screening,SYS-FL-WSH-KNR,Knot Removal,Motor,B,FALSE,TRUE,FALSE,TRUE,FALSE,333,645,,,FALSE,R7,7,Defect,CLOSED_UNCONFIRMED_WITHOUT_ORDER
N0000443,,PLT-FL-WSH-BSW,DRV-WSH-BSW-01,2024-02-10,3,Maintenance Sensory Route,Washing & Screening - Maintenance Route A,Sensory Route,Mechanism travel is uneven with elevated resistance.,MECHANICAL_BINDING,MECHANICAL_BINDING,Mechanical,,WSH-MECHANICAL,Closed,,,,,,,,,OPERATING_CONDITION,Observed response is within the current operating envelope.,Inspection only,Field inspection completed; no corrective maintenance performed.,FALSE,1.18,262.11,,Fiber Line,Washing & Screening,SYS-FL-WSH-BSW,Brownstock Washing,Drive,B,FALSE,TRUE,FALSE,TRUE,FALSE,,644,,,FALSE,R7,7,Defect,CLOSED_UNCONFIRMED_WITHOUT_ORDER
N0000444,WO0000262,PLT-RU-EVA-CON,P-EVA-CON-01,2024-02-11,3,Process Alarm,Evaporation - Control Room,Process / Control Monitoring,Delivered flow below expected operating range.,LOW_FLOW,LOW_FLOW,Mechanical,,EVA-MECHANICAL,Closed,2024-02-11,PM02,Completed,2024-04-08,2024-04-10,2024-04-08,2024-04-10,2,WORK_COMPLETED,Corrective scope executed and checked.,Cleaning,Cleaning performed; post-work functional check within tolerance.,TRUE,7.12,2100.41,,Recovery & Utilities,Evaporation,SYS-RU-EVA-CON,Condensate System,Pump,B,TRUE,FALSE,FALSE,FALSE,FALSE,,643,0,59,FALSE,R7,7,Defect,COMPLETED_CORRECTIVE_ACTION
N0000445,,PLT-FL-WSH-BSW,M-WSH-BSW-01,2024-02-12,3,Maintenance Sensory Route,Washing & Screening - Maintenance Route A,Sensory Route,Motor temperature rising at normal load.,MOTOR_OVERHEATING,MOTOR_OVERHEATING,Electrical,,WSH-ELECTRICAL,Closed,,,,,,,,,NO_DEFECT_FOUND,Inspection could not confirm the reported abnormality.,Inspection only,Field inspection completed; no corrective maintenance performed.,FALSE,0.99,200.11,,Fiber Line,Washing & Screening,SYS-FL-WSH-BSW,Brownstock Washing,Motor,B,FALSE,TRUE,FALSE,TRUE,FALSE,,642,,,FALSE,R7,7,Defect,CLOSED_UNCONFIRMED_WITHOUT_ORDER
N0000446,,PLT-RU-CAU-LMH,FV-CAU-LMH-01,2024-02-13,3,Maintenance Sensory Route,Causticizing - Maintenance Route A,Sensory Route,Actuator supply pressure decays while held.,ACTUATOR_LEAKAGE,ACTUATOR_LEAKAGE,Valves,,CAU-VALVES,Closed,,,,,,,,,NO_ACTION_REQUIRED,Notification dispositioned without corrective scope.,Inspection only,Field inspection completed; no corrective maintenance performed.,FALSE,1.42,239.36,,Recovery & Utilities,Causticizing,SYS-RU-CAU-LMH,Lime Mud Handling,Control Valve,B,FALSE,TRUE,FALSE,TRUE,FALSE,,641,,,FALSE,R7,7,Defect,CLOSED_UNCONFIRMED_WITHOUT_ORDER
N0000447,WO0000263,PLT-FL-DRY-DRS,TT-DRY-DRS-01,2024-02-14,3,Planned Inspection,Drying - Inspection,Planned Inspection,Indicated value drifts from independent reference.,SIGNAL_DRIFT,SIGNAL_DRIFT,Instrumentation,Automation,DRY-AUTOMATION,Closed,2024-02-14,PM02,Completed,2024-03-27,2024-03-29,2024-03-27,2024-03-29,1,WORK_COMPLETED,Corrective scope executed and checked.,Calibration,Calibration performed; post-work functional check within tolerance.,TRUE,4.75,1400.97,,Fiber Line,Drying,SYS-FL-DRY-DRS,Dryer Section,Temperature Transmitter,B,TRUE,FALSE,FALSE,FALSE,FALSE,,640,0,44,FALSE,R7,7,Defect,COMPLETED_CORRECTIVE_ACTION
N0000448,WO0000264,PLT-FL-BLE-CHM,AG-BLE-CHM-01,2024-02-15,3,Planned Inspection,Bleaching - Inspection,Planned Inspection,Rotating assembly shows dominant once-per-revolution vibration.,IMBALANCE,IMBALANCE,Mechanical,,BLE-MECHANICAL,Closed,2024-02-18,PM02,Completed,2024-03-27,2024-03-27,2024-03-27,2024-03-27,0,WORK_COMPLETED,Corrective scope executed and checked.,Adjustment,Adjustment performed; post-work functional check within tolerance.,TRUE,12.41,6143.36,,Fiber Line,Bleaching,SYS-FL-BLE-CHM,Chemical Mixing,Agitator,B,TRUE,FALSE,FALSE,FALSE,FALSE,279,639,3,41,FALSE,R7,7,Defect,COMPLETED_CORRECTIVE_ACTION
N0000449,,PLT-RU-UTL-PWT,M-UTL-PWT-01,2024-02-16,3,Maintenance Sensory Route,Utilities - Maintenance Route A,Sensory Route,Insulation test trending below reference.,INSULATION_DEGRADATION,INSULATION_DEGRADATION,Condition Monitoring,,UTL-CONDITION_MONITORING,Closed,,,,,,,,,NO_ACTION_REQUIRED,Notification dispositioned without corrective scope.,Inspection only,Field inspection completed; no corrective maintenance performed.,TRUE,1.60,285.74,,Recovery & Utilities,Utilities,SYS-RU-UTL-PWT,Process Water,Motor,B,FALSE,TRUE,TRUE,FALSE,FALSE,277,638,,,FALSE,R7,7,Defect,CLOSED_CONFIRMED_WITHOUT_ORDER
N0000450,,PLT-RU-CAU-GLC,M-CAU-GLC-01,2024-02-18,3,Operator Report,Causticizing - Operations,,Localized heating at electrical connection.,TERMINAL_HEATING,TERMINAL_HEATING,Electrical,,CAU-ELECTRICAL,Closed,,,,,,,,,NO_DEFECT_FOUND,Inspection could not confirm the reported abnormality.,Inspection only,Field inspection completed; no corrective maintenance performed.,FALSE,1.27,225.89,,Recovery & Utilities,Causticizing,SYS-RU-CAU-GLC,Green Liquor Clarification,Motor,B,FALSE,TRUE,FALSE,TRUE,FALSE,,636,,,FALSE,R7,7,Defect,CLOSED_UNCONFIRMED_WITHOUT_ORDER
N0000451,WO0000265,PLT-FL-DRY-PRS,ROLL-DRY-PRS-01,2024-02-18,3,Maintenance Sensory Route,Drying - Maintenance Route A,Sensory Route,Mechanism travel is uneven with elevated resistance.,MECHANICAL_BINDING,MECHANICAL_BINDING,Mechanical,,DRY-MECHANICAL,Closed,2024-02-18,PM02,Completed,2024-03-03,2024-03-05,2024-03-03,2024-03-05,0,WORK_COMPLETED,Corrective scope executed and checked.,Adjustment,Adjustment performed; post-work functional check within tolerance.,TRUE,9.20,3288.60,,Fiber Line,Drying,SYS-FL-DRY-PRS,Press Section,Press Roll,A,TRUE,FALSE,FALSE,FALSE,FALSE,,636,0,16,FALSE,R5,5,Defect,COMPLETED_CORRECTIVE_ACTION
N0000452,,PLT-RU-CAU-WLC,FT-CAU-WLC-01,2024-02-20,3,Process Alarm,Causticizing - Control Room,Process / Control Monitoring,Indicated value drifts from independent reference.,SIGNAL_DRIFT,SIGNAL_DRIFT,Instrumentation,,CAU-INSTRUMENTATION,Closed,,,,,,,,,NO_ACTION_REQUIRED,Notification dispositioned without corrective scope.,Inspection only,Field inspection completed; no corrective maintenance performed.,TRUE,1.67,329.02,,Recovery & Utilities,Causticizing,SYS-RU-CAU-WLC,White Liquor Clarification,Flow Transmitter,B,FALSE,TRUE,TRUE,FALSE,FALSE,330,634,,,FALSE,R7,7,Defect,CLOSED_CONFIRMED_WITHOUT_ORDER
N0000453,WO0000266,PLT-RU-CAU-LMH,M-CAU-LMH-01,2024-02-22,2,Maintenance Sensory Route,Causticizing - Maintenance Route A,Sensory Route,Motor temperature rising at normal load.,MOTOR_OVERHEATING,MOTOR_OVERHEATING,Condition Monitoring,,CAU-CONDITION_MONITORING,Closed,2024-02-24,PM02,Completed,2024-03-05,2024-03-07,2024-03-05,2024-03-07,0,WORK_COMPLETED,Corrective scope executed and checked.,Cleaning,Cleaning performed; post-work functional check within tolerance.,TRUE,6.76,1994.54,,Recovery & Utilities,Causticizing,SYS-RU-CAU-LMH,Lime Mud Handling,Motor,B,TRUE,FALSE,FALSE,FALSE,TRUE,130,632,2,14,FALSE,R4,4,Defect almost failure,COMPLETED_CORRECTIVE_ACTION
N0000454,,PLT-FL-WSH-SCR,SCR-WSH-SCR-01,2024-02-22,3,Maintenance Sensory Route,Washing & Screening - Maintenance Route A,Sensory Route,Process differential pressure above normal operating range.,PROCESS_RESTRICTION,PROCESS_RESTRICTION,Mechanical,,WSH-MECHANICAL,Closed,,,,,,,,,OPERATING_CONDITION,Observed response is within the current operating envelope.,Inspection only,Field inspection completed; no corrective maintenance performed.,FALSE,0.43,127.37,,Fiber Line,Washing & Screening,SYS-FL-WSH-SCR,Screening,Screen,B,FALSE,TRUE,FALSE,TRUE,FALSE,263,632,,,FALSE,R7,7,Defect,CLOSED_UNCONFIRMED_WITHOUT_ORDER
N0000455,,PLT-RU-RB-SBL,XV-RB-SBL-01,2024-02-22,2,Operator Route,Recovery Boiler - Operations,Sensory Route,Visible leakage at valve packing.,EXTERNAL_LEAKAGE,EXTERNAL_LEAKAGE,Instrumentation,,RB-INSTRUMENTATION,Closed,,,,,,,,,NO_ACTION_REQUIRED,Notification dispositioned without corrective scope.,Inspection only,Field inspection completed; no corrective maintenance performed.,FALSE,1.24,270.93,,Recovery & Utilities,Recovery Boiler,SYS-RU-RB-SBL,Sootblowing,On/Off Valve,B,FALSE,TRUE,FALSE,TRUE,FALSE,,632,,,FALSE,R4,4,Defect almost failure,CLOSED_UNCONFIRMED_WITHOUT_ORDER
N0000456,,PLT-FL-WSH-KNR,XV-WSH-KNR-01,2024-02-22,3,Maintenance Sensory Route,Washing & Screening - Maintenance Route A,Sensory Route,Valve travel sticks during small command changes.,VALVE_STICTION,VALVE_STICTION,Valves,,WSH-VALVES,Closed,,,,,,,,,OPERATING_CONDITION,Observed response is within the current operating envelope.,Inspection only,Field inspection completed; no corrective maintenance performed.,FALSE,1.86,351.42,,Fiber Line,Washing & Screening,SYS-FL-WSH-KNR,Knot Removal,On/Off Valve,C,FALSE,TRUE,FALSE,TRUE,FALSE,,632,,,FALSE,R9,9,Defect,CLOSED_UNCONFIRMED_WITHOUT_ORDER
N0000457,WO0000267,PLT-RU-UTL-BFW,PT-UTL-BFW-01,2024-02-23,3,Process Alarm,Utilities - Control Room,Process / Control Monitoring,Intermittent signal dropout at stable process conditions.,INTERMITTENT_SIGNAL,INTERMITTENT_SIGNAL,Instrumentation,,UTL-INSTRUMENTATION,Closed,2024-02-25,PM02,Completed,2024-06-08,2024-06-10,2024-06-08,2024-06-10,6,WORK_COMPLETED,Corrective scope executed and checked.,Instrument replacement,Instrument replacement performed; post-work functional check within tolerance.,TRUE,5.53,4485.03,,Recovery & Utilities,Utilities,SYS-RU-UTL-BFW,Boiler Feedwater,Pressure Transmitter,A,TRUE,FALSE,FALSE,FALSE,FALSE,,631,2,108,FALSE,R5,5,Defect,COMPLETED_CORRECTIVE_ACTION
N0000458,WO0000268,PLT-RU-UTL-BFW,PT-UTL-BFW-01,2024-02-24,3,Maintenance Sensory Route,Utilities - Maintenance Route A,Sensory Route,Indicated value drifts from independent reference.,SIGNAL_DRIFT,SIGNAL_DRIFT,Instrumentation,,UTL-INSTRUMENTATION,Closed,2024-02-29,PM02,Cancelled,2024-03-27,2024-03-27,,,0,CANCELLED,Order cancelled after scope review; no execution recorded.,,,TRUE,1.66,336.48,,Recovery & Utilities,Utilities,SYS-RU-UTL-BFW,Boiler Feedwater,Pressure Transmitter,A,TRUE,FALSE,FALSE,FALSE,FALSE,,630,5,,FALSE,R5,5,Defect,CANCELLED
N0000459,,PLT-RU-EVA-CIR,PV-EVA-CIR-01,2024-02-26,2,Planned Inspection,Evaporation - Inspection,Planned Inspection,Visible leakage at valve packing.,EXTERNAL_LEAKAGE,EXTERNAL_LEAKAGE,Valves,,EVA-VALVES,Closed,,,,,,,,,NO_DEFECT_FOUND,Inspection could not confirm the reported abnormality.,Inspection only,Field inspection completed; no corrective maintenance performed.,FALSE,0.62,162.92,,Recovery & Utilities,Evaporation,SYS-RU-EVA-CIR,Evaporator Circulation,Control Valve,B,FALSE,TRUE,FALSE,TRUE,FALSE,287,628,,,FALSE,R4,4,Defect almost failure,CLOSED_UNCONFIRMED_WITHOUT_ORDER
N0000460,,PLT-FL-BLE-DOS,FT-BLE-DOS-01,2024-02-27,3,Planned Inspection,Bleaching - Inspection,Planned Inspection,Measured output outside calibration tolerance.,CALIBRATION_DEVIATION,CALIBRATION_DEVIATION,Instrumentation,Automation,BLE-AUTOMATION,Closed,,,,,,,,,NO_DEFECT_FOUND,Inspection could not confirm the reported abnormality.,Inspection only,Field inspection completed; no corrective maintenance performed.,FALSE,1.56,259.32,,Fiber Line,Bleaching,SYS-FL-BLE-DOS,Chemical Dosing,Flow Transmitter,B,FALSE,TRUE,FALSE,TRUE,TRUE,134,627,,,FALSE,R7,7,Defect,CLOSED_UNCONFIRMED_WITHOUT_ORDER
N0000461,WO0000269,PLT-FL-BLE-DOS,FV-BLE-DOS-01,2024-02-29,2,Operator Route,Bleaching - Operations,Sensory Route,Valve feedback differs from demanded position.,POSITIONER_DEVIATION,POSITIONER_DEVIATION,Valves,Instrumentation,BLE-INSTRUMENTATION,Closed,2024-02-29,PM02,Completed,2024-03-30,2024-03-30,2024-03-30,2024-03-30,1,WORK_COMPLETED,Corrective scope executed and checked.,Calibration,Calibration performed; post-work functional check within tolerance.,TRUE,3.41,1089.97,,Fiber Line,Bleaching,SYS-FL-BLE-DOS,Chemical Dosing,Control Valve,B,TRUE,FALSE,FALSE,FALSE,FALSE,220,625,0,30,FALSE,R4,4,Defect almost failure,COMPLETED_CORRECTIVE_ACTION
N0000462,WO0000270,PLT-RU-CAU-GLH,M-CAU-GLH-01,2024-02-29,3,Condition Monitoring,Causticizing - Condition Monitoring,Predictive Route,Motor temperature rising at normal load.,MOTOR_OVERHEATING,MOTOR_OVERHEATING,Electrical,,CAU-ELECTRICAL,Closed,2024-02-29,PM02,Completed,2024-03-30,2024-03-31,2024-03-30,2024-03-31,1,WORK_COMPLETED,Corrective scope executed and checked.,Cleaning,Cleaning performed; post-work functional check within tolerance.,TRUE,5.72,1687.24,,Recovery & Utilities,Causticizing,SYS-RU-CAU-GLH,Green Liquor Handling,Motor,B,TRUE,FALSE,FALSE,FALSE,FALSE,,625,0,31,FALSE,R7,7,Defect,COMPLETED_CORRECTIVE_ACTION
N0000463,WO0000271,PLT-FL-WSH-FIL,M-WSH-FIL-01,2024-03-01,3,Condition Monitoring,Washing & Screening - Condition Monitoring,Predictive Route,Localized heating at electrical connection.,TERMINAL_HEATING,TERMINAL_HEATING,Condition Monitoring,,WSH-CONDITION_MONITORING,Closed,2024-03-01,PM02,Completed,2024-04-30,2024-04-30,2024-04-30,2024-04-30,2,WORK_COMPLETED,Corrective scope executed and checked.,Tightening,Tightening performed; post-work functional check within tolerance.,TRUE,3.81,933.93,,Fiber Line,Washing & Screening,SYS-FL-WSH-FIL,Filtrate System,Motor,B,TRUE,FALSE,FALSE,FALSE,TRUE,51,624,0,60,FALSE,R7,7,Defect,COMPLETED_CORRECTIVE_ACTION
N0000464,,PLT-FL-DRY-PRS,DRV-DRY-PRS-01,2024-03-05,3,Maintenance Sensory Route,Drying - Maintenance Route A,Sensory Route,Insulation test trending below reference.,INSULATION_DEGRADATION,INSULATION_DEGRADATION,Electrical,,DRY-ELECTRICAL,Closed,,,,,,,,,NO_ACTION_REQUIRED,Notification dispositioned without corrective scope.,Inspection only,Field inspection completed; no corrective maintenance performed.,FALSE,0.57,172.90,,Fiber Line,Drying,SYS-FL-DRY-PRS,Press Section,Drive,A,FALSE,TRUE,FALSE,TRUE,FALSE,,620,,,FALSE,R5,5,Defect,CLOSED_UNCONFIRMED_WITHOUT_ORDER
N0000465,,PLT-RU-CAU-GLC,LT-CAU-GLC-01,2024-03-05,2,Maintenance Sensory Route,Causticizing - Maintenance Route A,Sensory Route,Intermittent signal dropout at stable process conditions.,INTERMITTENT_SIGNAL,INTERMITTENT_SIGNAL,Automation,,CAU-AUTOMATION,Closed,,,,,,,,,OPERATING_CONDITION,Observed response is within the current operating envelope.,Inspection only,Field inspection completed; no corrective maintenance performed.,FALSE,1.35,271.11,,Recovery & Utilities,Causticizing,SYS-RU-CAU-GLC,Green Liquor Clarification,Level Transmitter,B,FALSE,TRUE,FALSE,TRUE,FALSE,338,620,,,FALSE,R4,4,Defect almost failure,CLOSED_UNCONFIRMED_WITHOUT_ORDER
N0000466,WO0000272,PLT-RU-CAU-REA,LT-CAU-REA-01,2024-03-06,1,Breakdown / Corrective,Causticizing - Operations,,Indicated value drifts from independent reference.,SIGNAL_DRIFT,SIGNAL_DRIFT,Instrumentation,,CAU-INSTRUMENTATION,Closed,2024-03-09,CM01,Completed,2024-03-11,2024-03-11,2024-03-11,2024-03-11,0,WORK_COMPLETED,Corrective scope executed and checked.,Calibration,Calibration performed; post-work functional check within tolerance.,TRUE,5.24,1545.01,,Recovery & Utilities,Causticizing,SYS-RU-CAU-REA,Causticizing Reactors,Level Transmitter,B,TRUE,FALSE,FALSE,FALSE,FALSE,,619,3,5,FALSE,R3,3,Fault,COMPLETED_CORRECTIVE_ACTION
N0000467,WO0000273,PLT-RU-EVA-VAC,M-EVA-VAC-01,2024-03-08,2,Operator Report,Evaporation - Operations,,Localized heating at electrical connection.,TERMINAL_HEATING,TERMINAL_HEATING,Electrical,,EVA-ELECTRICAL,Closed,2024-03-10,PM02,Completed,2024-05-01,2024-05-02,2024-05-01,2024-05-02,2,WORK_COMPLETED,Corrective scope executed and checked.,Tightening,Tightening performed; post-work functional check within tolerance.,TRUE,3.75,917.84,,Recovery & Utilities,Evaporation,SYS-RU-EVA-VAC,Vacuum System,Motor,B,TRUE,FALSE,FALSE,FALSE,FALSE,,617,2,55,FALSE,R4,4,Defect almost failure,COMPLETED_CORRECTIVE_ACTION
N0000468,,PLT-FL-DIG-BLC,PT-DIG-BLC-01,2024-03-08,2,Operator Report,Digester - Operations,,Measured output outside calibration tolerance.,CALIBRATION_DEVIATION,CALIBRATION_DEVIATION,Instrumentation,,DIG-INSTRUMENTATION,Closed,,,,,,,,,NO_ACTION_REQUIRED,Notification dispositioned without corrective scope.,Inspection only,Field inspection completed; no corrective maintenance performed.,FALSE,0.82,183.96,,Fiber Line,Digester,SYS-FL-DIG-BLC,Blow / Pressure Control,Pressure Transmitter,A,FALSE,TRUE,FALSE,TRUE,FALSE,202,617,,,FALSE,R2,2,Defect almost failure,CLOSED_UNCONFIRMED_WITHOUT_ORDER
N0000469,WO0000274,PLT-RU-RB-BLF,P-RB-BLF-01,2024-03-09,3,Condition Monitoring,Recovery Boiler - Condition Monitoring,Predictive Route,Crackling noise and unstable suction pressure.,CAVITATION,CAVITATION,Mechanical,,RB-MECHANICAL,Closed,2024-03-10,PM02,Completed,2024-04-07,2024-04-07,2024-04-07,2024-04-07,1,WORK_COMPLETED,Corrective scope executed and checked.,Cleaning,Cleaning performed; post-work functional check within tolerance.,TRUE,6.37,1688.26,,Recovery & Utilities,Recovery Boiler,SYS-RU-RB-BLF,Black Liquor Firing,Pump,A,TRUE,FALSE,FALSE,FALSE,FALSE,,616,1,29,FALSE,R5,5,Defect,COMPLETED_CORRECTIVE_ACTION
N0000470,WO0000275,PLT-RU-RB-AIR,FAN-RB-AIR-01,2024-03-10,3,Condition Monitoring,Recovery Boiler - Condition Monitoring,Predictive Route,Fan bearing vibration trending above baseline.,FAN_BEARING_VIBRATION,FAN_BEARING_VIBRATION,Condition Monitoring,,RB-CONDITION_MONITORING,Closed,2024-03-12,PM02,Completed,2024-04-10,2024-04-12,2024-04-10,2024-04-12,0,WORK_COMPLETED,Corrective scope executed and checked.,Bearing replacement,Bearing replacement performed; post-work functional check within tolerance.,TRUE,15.06,11974.46,,Recovery & Utilities,Recovery Boiler,SYS-RU-RB-AIR,Combustion Air,Fan,A,TRUE,FALSE,FALSE,FALSE,FALSE,,615,2,33,FALSE,R5,5,Defect,COMPLETED_CORRECTIVE_ACTION
N0000471,WO0000276,PLT-RU-EVA-CON,LT-EVA-CON-01,2024-03-10,3,Process Alarm,Evaporation - Control Room,Process / Control Monitoring,Measured output outside calibration tolerance.,CALIBRATION_DEVIATION,CALIBRATION_DEVIATION,Instrumentation,,EVA-INSTRUMENTATION,Closed,2024-03-10,PM02,Completed,2024-04-09,2024-04-10,2024-04-09,2024-04-10,0,WORK_COMPLETED,Corrective scope executed and checked.,Calibration,Calibration performed; post-work functional check within tolerance.,TRUE,3.87,1141.84,,Recovery & Utilities,Evaporation,SYS-RU-EVA-CON,Condensate System,Level Transmitter,C,TRUE,FALSE,FALSE,FALSE,FALSE,210,615,0,31,FALSE,R9,9,Defect,COMPLETED_CORRECTIVE_ACTION
N0000472,WO0000277,PLT-FL-WSH-BSW,M-WSH-BSW-01,2024-03-11,3,Condition Monitoring,Washing & Screening - Condition Monitoring,Predictive Route,Insulation test trending below reference.,INSULATION_DEGRADATION,INSULATION_DEGRADATION,Electrical,,WSH-ELECTRICAL,Closed,2024-03-14,PM02,Completed,2024-04-05,2024-04-05,2024-04-05,2024-04-05,0,WORK_COMPLETED,Corrective scope executed and checked.,Component replacement,Component replacement performed; post-work functional check within tolerance.,TRUE,18.97,18270.35,,Fiber Line,Washing & Screening,SYS-FL-WSH-BSW,Brownstock Washing,Motor,B,TRUE,FALSE,FALSE,FALSE,FALSE,371,614,3,25,FALSE,R7,7,Defect,COMPLETED_CORRECTIVE_ACTION
N0000473,WO0000278,PLT-FL-DIG-BLC,PT-DIG-BLC-01,2024-03-11,1,Process Alarm,Digester - Control Room,Process / Control Monitoring,Pressure response delayed during process change.,IMPULSE_LINE_RESTRICTION,IMPULSE_LINE_RESTRICTION,Instrumentation,,DIG-INSTRUMENTATION,Closed,2024-03-14,CM01,Completed,2024-03-17,2024-03-19,2024-03-17,2024-03-19,0,WORK_COMPLETED,Corrective scope executed and checked.,Cleaning,Cleaning performed; post-work functional check within tolerance.,TRUE,6.17,1634.72,,Fiber Line,Digester,SYS-FL-DIG-BLC,Blow / Pressure Control,Pressure Transmitter,A,TRUE,FALSE,FALSE,FALSE,FALSE,,614,3,8,FALSE,R1,1,Fault,COMPLETED_CORRECTIVE_ACTION
N0000474,,PLT-RU-RB-STM,PT-RB-STM-01,2024-03-12,3,Maintenance Sensory Route,Recovery Boiler - Maintenance Route A,Sensory Route,Indicated value drifts from independent reference.,SIGNAL_DRIFT,SIGNAL_DRIFT,Instrumentation,,RB-INSTRUMENTATION,Closed,,,,,,,,,MONITOR_CONDITION,Condition recorded; continue observation without corrective work.,Inspection only,Field inspection completed; no corrective maintenance performed.,TRUE,0.99,173.92,,Recovery & Utilities,Recovery Boiler,SYS-RU-RB-STM,Steam / Pressure Control,Pressure Transmitter,A,FALSE,TRUE,TRUE,FALSE,FALSE,226,613,,,FALSE,R5,5,Defect,CLOSED_CONFIRMED_WITHOUT_ORDER
N0000475,WO0000279,PLT-FL-BLE-TWR,AG-BLE-TWR-01,2024-03-13,3,Operator Route,Bleaching - Operations,Sensory Route,Mechanism travel is uneven with elevated resistance.,MECHANICAL_BINDING,MECHANICAL_BINDING,Mechanical,,BLE-MECHANICAL,Closed,2024-03-16,PM02,Completed,2024-04-10,2024-04-11,2024-04-10,2024-04-11,0,WORK_COMPLETED,Corrective scope executed and checked.,Adjustment,Adjustment performed; post-work functional check within tolerance.,TRUE,5.25,1877.15,,Fiber Line,Bleaching,SYS-FL-BLE-TWR,Bleaching Towers,Agitator,B,TRUE,FALSE,FALSE,FALSE,FALSE,,612,3,29,FALSE,R7,7,Defect,COMPLETED_CORRECTIVE_ACTION
N0000476,WO0000280,PLT-RU-CAU-WLC,M-CAU-WLC-01,2024-03-15,3,Maintenance Sensory Route,Causticizing - Maintenance Route A,Sensory Route,Insulation test trending below reference.,INSULATION_DEGRADATION,INSULATION_DEGRADATION,Electrical,Lubrication,CAU-LUBRICATION,Closed,2024-03-19,PM02,Completed,2024-05-12,2024-05-13,2024-05-12,2024-05-13,1,WORK_COMPLETED,Corrective scope executed and checked.,Component replacement,Component replacement performed; post-work functional check within tolerance.,TRUE,14.66,14116.33,,Recovery & Utilities,Causticizing,SYS-RU-CAU-WLC,White Liquor Clarification,Motor,A,TRUE,FALSE,FALSE,FALSE,FALSE,,610,4,59,FALSE,R5,5,Defect,COMPLETED_CORRECTIVE_ACTION
N0000477,WO0000281,PLT-RU-LIM-LMF,FT-LIM-LMF-01,2024-03-16,3,Planned Inspection,Lime Kiln - Inspection,Planned Inspection,Measured output outside calibration tolerance.,CALIBRATION_DEVIATION,CALIBRATION_DEVIATION,Instrumentation,,LIM-INSTRUMENTATION,Closed,2024-03-18,PM02,Completed,2024-04-29,2024-05-01,2024-04-29,2024-05-01,2,WORK_COMPLETED,Corrective scope executed and checked.,Calibration,Calibration performed; post-work functional check within tolerance.,TRUE,4.85,1429.60,,Recovery & Utilities,Lime Kiln,SYS-RU-LIM-LMF,Lime Mud Feed,Flow Transmitter,B,TRUE,FALSE,FALSE,FALSE,FALSE,,609,2,46,FALSE,R7,7,Defect,COMPLETED_CORRECTIVE_ACTION
N0000478,WO0000282,PLT-RU-LIM-DRV,M-LIM-DRV-01,2024-03-16,2,Operator Route,Lime Kiln - Operations,Sensory Route,Lubricant level below normal mark.,LOW_LUBE_LEVEL,LOW_LUBE_LEVEL,Lubrication,Electrical,LIM-ELECTRICAL,Closed,2024-03-16,PM02,Completed,2024-04-23,2024-04-25,2024-04-23,2024-04-25,2,WORK_COMPLETED,Corrective scope executed and checked.,Lubrication,Lubrication performed; post-work functional check within tolerance.,TRUE,2.09,1035.73,,Recovery & Utilities,Lime Kiln,SYS-RU-LIM-DRV,Kiln Drive,Motor,A,TRUE,FALSE,FALSE,FALSE,FALSE,,609,0,40,FALSE,R2,2,Defect almost failure,COMPLETED_CORRECTIVE_ACTION
N0000479,,PLT-FL-DIG-BLC,XV-DIG-BLC-01,2024-03-17,3,Operator Route,Digester - Operations,Sensory Route,Actuator supply pressure decays while held.,ACTUATOR_LEAKAGE,ACTUATOR_LEAKAGE,Valves,,DIG-VALVES,Closed,,,,,,,,,MONITOR_CONDITION,Condition recorded; continue observation without corrective work.,Inspection only,Field inspection completed; no corrective maintenance performed.,TRUE,1.10,230.09,,Fiber Line,Digester,SYS-FL-DIG-BLC,Blow / Pressure Control,On/Off Valve,A,FALSE,TRUE,TRUE,FALSE,FALSE,,608,,,FALSE,R5,5,Defect,CLOSED_CONFIRMED_WITHOUT_ORDER
N0000480,WO0000283,PLT-RU-UTL-ELD,REL-UTL-ELD-01,2024-03-18,2,Maintenance Sensory Route,Utilities - Maintenance Route A,Sensory Route,Control sequence response differs from approved logic.,CONTROL_SEQUENCE_DEVIATION,CONTROL_SEQUENCE_DEVIATION,Electrical,Automation,UTL-AUTOMATION,Closed,2024-03-18,PM02,Completed,2024-05-23,2024-05-25,2024-05-23,2024-05-25,4,WORK_COMPLETED,Corrective scope executed and checked.,Control logic correction,Control logic correction performed; post-work functional check within tolerance.,TRUE,5.70,1680.07,,Recovery & Utilities,Utilities,SYS-RU-UTL-ELD,Electrical Distribution,Protection Relay,A,TRUE,FALSE,FALSE,FALSE,FALSE,,607,0,68,FALSE,R2,2,Defect almost failure,COMPLETED_CORRECTIVE_ACTION
N0000481,WO0000284,PLT-FL-BLE-DOS,P-BLE-DOS-01,2024-03-20,3,Maintenance Sensory Route,Bleaching - Maintenance Route A,Sensory Route,Delivered flow below expected operating range.,LOW_FLOW,LOW_FLOW,Mechanical,,BLE-MECHANICAL,Closed,2024-03-24,PM02,Completed,2024-04-09,2024-04-11,2024-04-09,2024-04-11,0,WORK_COMPLETED,Corrective scope executed and checked.,Cleaning,Cleaning performed; post-work functional check within tolerance.,TRUE,8.80,2596.14,,Fiber Line,Bleaching,SYS-FL-BLE-DOS,Chemical Dosing,Dosing Pump,B,TRUE,FALSE,FALSE,FALSE,FALSE,416,605,4,22,FALSE,R7,7,Defect,COMPLETED_CORRECTIVE_ACTION
N0000482,WO0000285,PLT-FL-DRY-FOR,PT-DRY-FOR-01,2024-03-20,3,Process Alarm,Drying - Control Room,Process / Control Monitoring,Intermittent signal dropout at stable process conditions.,INTERMITTENT_SIGNAL,INTERMITTENT_SIGNAL,Automation,Instrumentation,DRY-INSTRUMENTATION,Closed,2024-03-24,PM02,Completed,2024-04-22,2024-04-22,2024-04-22,2024-04-22,0,WORK_COMPLETED,Corrective scope executed and checked.,Instrument replacement,Instrument replacement performed; post-work functional check within tolerance.,TRUE,8.86,7192.53,,Fiber Line,Drying,SYS-FL-DRY-FOR,Forming Section,Pressure Transmitter,C,TRUE,FALSE,FALSE,FALSE,TRUE,71,605,4,33,FALSE,R9,9,Defect,COMPLETED_CORRECTIVE_ACTION
N0000483,WO0000286,PLT-FL-DIG-IMP,FV-DIG-IMP-01,2024-03-21,1,Operator Route,Digester - Operations,Sensory Route,Visible leakage at valve packing.,EXTERNAL_LEAKAGE,EXTERNAL_LEAKAGE,Instrumentation,,DIG-INSTRUMENTATION,Closed,2024-03-21,CM01,Completed,2024-03-22,2024-03-22,2024-03-22,2024-03-22,0,WORK_COMPLETED,Corrective scope executed and checked.,Seal replacement,Seal replacement performed; post-work functional check within tolerance.,TRUE,6.18,3264.62,,Fiber Line,Digester,SYS-FL-DIG-IMP,Impregnation,Control Valve,A,TRUE,FALSE,FALSE,FALSE,FALSE,,604,0,1,FALSE,R1,1,Fault,COMPLETED_CORRECTIVE_ACTION
N0000484,,PLT-FL-DIG-CHP,XV-DIG-CHP-01,2024-03-21,3,Maintenance Sensory Route,Digester - Maintenance Route A,Sensory Route,Visible leakage at valve packing.,EXTERNAL_LEAKAGE,EXTERNAL_LEAKAGE,Valves,,DIG-VALVES,Closed,,,,,,,,,NO_ACTION_REQUIRED,Notification dispositioned without corrective scope.,Inspection only,Field inspection completed; no corrective maintenance performed.,TRUE,0.68,191.51,,Fiber Line,Digester,SYS-FL-DIG-CHP,Chip Feeding,On/Off Valve,B,FALSE,TRUE,TRUE,FALSE,FALSE,274,604,,,FALSE,R7,7,Defect,CLOSED_CONFIRMED_WITHOUT_ORDER
N0000485,WO0000287,PLT-RU-LIM-LMF,FT-LIM-LMF-01,2024-03-22,3,Maintenance Sensory Route,Lime Kiln - Maintenance Route A,Sensory Route,Intermittent signal dropout at stable process conditions.,INTERMITTENT_SIGNAL,INTERMITTENT_SIGNAL,Automation,,LIM-AUTOMATION,Closed,2024-03-26,PM02,Completed,2024-05-04,2024-05-05,2024-05-04,2024-05-05,2,WORK_COMPLETED,Corrective scope executed and checked.,Instrument replacement,Instrument replacement performed; post-work functional check within tolerance.,TRUE,7.33,5951.16,,Recovery & Utilities,Lime Kiln,SYS-RU-LIM-LMF,Lime Mud Feed,Flow Transmitter,B,TRUE,FALSE,FALSE,FALSE,FALSE,,603,4,44,FALSE,R7,7,Defect,COMPLETED_CORRECTIVE_ACTION
N0000486,WO0000288,PLT-FL-BLE-DOS,FV-BLE-DOS-01,2024-03-22,2,Maintenance Sensory Route,Bleaching - Maintenance Route A,Sensory Route,Actuator supply pressure decays while held.,ACTUATOR_LEAKAGE,ACTUATOR_LEAKAGE,Valves,,BLE-VALVES,Closed,2024-03-26,PM02,Cancelled,2024-03-30,2024-04-01,,,0,CANCELLED,Order cancelled after scope review; no execution recorded.,,,TRUE,1.24,234.75,,Fiber Line,Bleaching,SYS-FL-BLE-DOS,Chemical Dosing,Control Valve,B,TRUE,FALSE,FALSE,FALSE,FALSE,,603,4,,FALSE,R4,4,Defect almost failure,CANCELLED
N0000487,,PLT-RU-RB-BLF,P-RB-BLF-01,2024-03-22,3,Operator Report,Recovery Boiler - Operations,,Oil sample shows elevated contamination.,OIL_CONTAMINATION,OIL_CONTAMINATION,Lubrication,,RB-LUBRICATION,Closed,,,,,,,,,MONITOR_CONDITION,Condition recorded; continue observation without corrective work.,Inspection only,Field inspection completed; no corrective maintenance performed.,TRUE,1.38,277.59,,Recovery & Utilities,Recovery Boiler,SYS-RU-RB-BLF,Black Liquor Firing,Pump,A,FALSE,TRUE,TRUE,FALSE,FALSE,,603,,,FALSE,R5,5,Defect,CLOSED_CONFIRMED_WITHOUT_ORDER
N0000488,,PLT-RU-UTL-STM,PV-UTL-STM-01,2024-03-22,2,Planned Inspection,Utilities - Inspection,Planned Inspection,Valve feedback differs from demanded position.,POSITIONER_DEVIATION,POSITIONER_DEVIATION,Valves,Instrumentation,UTL-INSTRUMENTATION,Closed,,,,,,,,,MONITOR_CONDITION,Condition recorded; continue observation without corrective work.,Inspection only,Field inspection completed; no corrective maintenance performed.,TRUE,0.88,211.96,,Recovery & Utilities,Utilities,SYS-RU-UTL-STM,Steam Distribution,Control Valve,A,FALSE,TRUE,TRUE,FALSE,FALSE,,603,,,FALSE,R2,2,Defect almost failure,CLOSED_CONFIRMED_WITHOUT_ORDER
N0000489,,PLT-RU-CAU-WLC,AG-CAU-WLC-01,2024-03-24,2,Planned Inspection,Causticizing - Inspection,Planned Inspection,Mechanism travel is uneven with elevated resistance.,MECHANICAL_BINDING,MECHANICAL_BINDING,Mechanical,,CAU-MECHANICAL,Closed,,,,,,,,,MONITOR_CONDITION,Condition recorded; continue observation without corrective work.,Inspection only,Field inspection completed; no corrective maintenance performed.,TRUE,1.86,353.90,,Recovery & Utilities,Causticizing,SYS-RU-CAU-WLC,White Liquor Clarification,Agitator,B,FALSE,TRUE,TRUE,FALSE,FALSE,,601,,,FALSE,R4,4,Defect almost failure,CLOSED_CONFIRMED_WITHOUT_ORDER
N0000490,,PLT-FL-DIG-CHP,M-DIG-CHP-01,2024-03-24,2,Planned Inspection,Digester - Inspection,Planned Inspection,Motor bearing vibration above baseline.,MOTOR_BEARING_VIBRATION,MOTOR_BEARING_VIBRATION,Electrical,,DIG-ELECTRICAL,Closed,,,,,,,,,OPERATING_CONDITION,Observed response is within the current operating envelope.,Inspection only,Field inspection completed; no corrective maintenance performed.,FALSE,1.36,232.51,,Fiber Line,Digester,SYS-FL-DIG-CHP,Chip Feeding,Motor,A,FALSE,TRUE,FALSE,TRUE,FALSE,,601,,,FALSE,R2,2,Defect almost failure,CLOSED_UNCONFIRMED_WITHOUT_ORDER
N0000491,WO0000289,PLT-RU-EVA-BLF,FV-EVA-BLF-01,2024-03-25,2,Maintenance Sensory Route,Evaporation - Maintenance Route A,Sensory Route,Valve feedback differs from demanded position.,POSITIONER_DEVIATION,POSITIONER_DEVIATION,Valves,,EVA-VALVES,Closed,2024-03-28,PM02,Completed,2024-04-13,2024-04-13,2024-04-13,2024-04-13,0,MONITOR_CONDITION,Condition recorded; continue observation without corrective work.,Inspection only,Inspected and recorded readings; no component correction performed.,TRUE,0.86,209.12,,Recovery & Utilities,Evaporation,SYS-RU-EVA-BLF,Black Liquor Feed,Control Valve,B,TRUE,FALSE,FALSE,FALSE,FALSE,295,600,3,19,FALSE,R4,4,Defect almost failure,MONITOR_CONDITION
N0000492,,PLT-FL-DIG-BLC,PT-DIG-BLC-01,2024-03-25,3,Operator Route,Digester - Operations,Sensory Route,Intermittent signal dropout at stable process conditions.,INTERMITTENT_SIGNAL,INTERMITTENT_SIGNAL,Automation,,DIG-AUTOMATION,Closed,,,,,,,,,NO_DEFECT_FOUND,Inspection could not confirm the reported abnormality.,Inspection only,Field inspection completed; no corrective maintenance performed.,FALSE,1.31,271.10,,Fiber Line,Digester,SYS-FL-DIG-BLC,Blow / Pressure Control,Pressure Transmitter,A,FALSE,TRUE,FALSE,TRUE,FALSE,,600,,,FALSE,R5,5,Defect,CLOSED_UNCONFIRMED_WITHOUT_ORDER
N0000493,,PLT-FL-DRY-HYD,PT-DRY-HYD-01,2024-03-25,3,Maintenance Sensory Route,Drying - Maintenance Route A,Sensory Route,Intermittent signal dropout at stable process conditions.,INTERMITTENT_SIGNAL,INTERMITTENT_SIGNAL,Automation,,DRY-AUTOMATION,Closed,,,,,,,,,OPERATING_CONDITION,Observed response is within the current operating envelope.,Inspection only,Field inspection completed; no corrective maintenance performed.,FALSE,1.89,330.88,,Fiber Line,Drying,SYS-FL-DRY-HYD,Hydraulic System,Pressure Transmitter,B,FALSE,TRUE,FALSE,TRUE,FALSE,367,600,,,FALSE,R7,7,Defect,CLOSED_UNCONFIRMED_WITHOUT_ORDER
N0000494,,PLT-RU-UTL-BFW,FV-UTL-BFW-01,2024-03-26,3,Operator Route,Utilities - Operations,Sensory Route,Visible leakage at valve packing.,EXTERNAL_LEAKAGE,EXTERNAL_LEAKAGE,Valves,,UTL-VALVES,Closed,,,,,,,,,NO_ACTION_REQUIRED,Notification dispositioned without corrective scope.,Inspection only,Field inspection completed; no corrective maintenance performed.,FALSE,0.75,160.28,,Recovery & Utilities,Utilities,SYS-RU-UTL-BFW,Boiler Feedwater,Control Valve,A,FALSE,TRUE,FALSE,TRUE,FALSE,430,599,,,FALSE,R5,5,Defect,CLOSED_UNCONFIRMED_WITHOUT_ORDER
N0000495,WO0000290,PLT-RU-UTL-STM,TT-UTL-STM-01,2024-03-26,3,Maintenance Sensory Route,Utilities - Maintenance Route A,Sensory Route,Indicated value drifts from independent reference.,SIGNAL_DRIFT,SIGNAL_DRIFT,Instrumentation,,UTL-INSTRUMENTATION,Closed,2024-03-31,PM02,Completed,2024-04-10,2024-04-11,2024-04-10,2024-04-11,0,NO_DEFECT_FOUND,Inspection could not confirm the reported abnormality.,Inspection only,Inspected and recorded readings; no component correction performed.,FALSE,0.35,111.98,,Recovery & Utilities,Utilities,SYS-RU-UTL-STM,Steam Distribution,Temperature Transmitter,B,TRUE,FALSE,FALSE,FALSE,FALSE,,599,5,16,FALSE,R7,7,Defect,OTHER_CLOSED
N0000496,WO0000291,PLT-FL-DIG-CHP,XV-DIG-CHP-01,2024-03-27,2,Process Alarm,Digester - Control Room,Process / Control Monitoring,Actuator supply pressure decays while held.,ACTUATOR_LEAKAGE,ACTUATOR_LEAKAGE,Valves,,DIG-VALVES,Closed,2024-03-29,PM02,Completed,2024-04-14,2024-04-14,2024-04-14,2024-04-14,0,MONITOR_CONDITION,Condition recorded; continue observation without corrective work.,Inspection only,Inspected and recorded readings; no component correction performed.,TRUE,0.73,201.81,,Fiber Line,Digester,SYS-FL-DIG-CHP,Chip Feeding,On/Off Valve,B,TRUE,FALSE,FALSE,FALSE,FALSE,,598,2,18,FALSE,R4,4,Defect almost failure,MONITOR_CONDITION
N0000497,WO0000292,PLT-RU-RB-SMT,AG-RB-SMT-01,2024-03-28,3,Maintenance Sensory Route,Recovery Boiler - Maintenance Route A,Sensory Route,Lubricant level below normal mark.,LOW_LUBE_LEVEL,LOW_LUBE_LEVEL,Lubrication,,RB-LUBRICATION,Closed,2024-03-29,PM02,Completed,2024-04-08,2024-04-09,2024-04-08,2024-04-09,0,WORK_COMPLETED,Corrective scope executed and checked.,Lubrication,Lubrication performed; post-work functional check within tolerance.,TRUE,1.88,932.74,,Recovery & Utilities,Recovery Boiler,SYS-RU-RB-SMT,Smelt Handling,Agitator,B,TRUE,FALSE,FALSE,FALSE,FALSE,,597,1,12,FALSE,R7,7,Defect,COMPLETED_CORRECTIVE_ACTION
N0000498,WO0000293,PLT-FL-DIG-CIR,M-DIG-CIR-01,2024-03-28,1,Maintenance Sensory Route,Digester - Maintenance Route A,Sensory Route,Lubricant level below normal mark.,LOW_LUBE_LEVEL,LOW_LUBE_LEVEL,Lubrication,,DIG-LUBRICATION,Closed,2024-03-29,CM01,Completed,2024-04-16,2024-04-18,2024-04-16,2024-04-18,1,WORK_COMPLETED,Corrective scope executed and checked.,Lubrication,Lubrication performed; post-work functional check within tolerance.,TRUE,2.77,1370.83,,Fiber Line,Digester,SYS-FL-DIG-CIR,Cooking Circulation,Motor,A,TRUE,FALSE,FALSE,FALSE,FALSE,,597,1,21,FALSE,R1,1,Fault,COMPLETED_CORRECTIVE_ACTION
N0000499,,PLT-RU-CAU-WLC,FV-CAU-WLC-01,2024-03-30,2,Planned Inspection,Causticizing - Inspection,Planned Inspection,Valve travel sticks during small command changes.,VALVE_STICTION,VALVE_STICTION,Valves,,CAU-VALVES,Closed,,,,,,,,,NO_ACTION_REQUIRED,Notification dispositioned without corrective scope.,Inspection only,Field inspection completed; no corrective maintenance performed.,TRUE,0.71,164.09,,Recovery & Utilities,Causticizing,SYS-RU-CAU-WLC,White Liquor Clarification,Control Valve,A,FALSE,TRUE,TRUE,FALSE,TRUE,90,595,,,FALSE,R2,2,Defect almost failure,CLOSED_CONFIRMED_WITHOUT_ORDER
N0000500,WO0000294,PLT-RU-RB-FWS,FV-RB-FWS-01,2024-03-30,2,Maintenance Sensory Route,Recovery Boiler - Maintenance Route A,Sensory Route,Valve travel sticks during small command changes.,VALVE_STICTION,VALVE_STICTION,Valves,Instrumentation,RB-INSTRUMENTATION,Closed,2024-04-04,PM02,Completed,2024-05-01,2024-05-01,2024-05-01,2024-05-01,1,WORK_COMPLETED,Corrective scope executed and checked.,Valve overhaul,Valve overhaul performed; post-work functional check within tolerance.,TRUE,18.05,14649.07,,Recovery & Utilities,Recovery Boiler,SYS-RU-RB-FWS,Feedwater System,Control Valve,A,TRUE,FALSE,FALSE,FALSE,FALSE,284,595,5,32,FALSE,R2,2,Defect almost failure,COMPLETED_CORRECTIVE_ACTION
N0000501,WO0000295,PLT-FL-DRY-HYD,HPU-DRY-HYD-01,2024-03-30,2,Planned Inspection,Drying - Inspection,Planned Inspection,Hydraulic header pressure oscillates under steady demand.,HYD_PRESS_INSTABILITY,HYD_PRESS_INSTABILITY,Instrumentation,Hydraulics,DRY-HYDRAULICS,Closed,2024-03-31,PM02,Cancelled,2024-05-14,2024-05-15,,,2,CANCELLED,Order cancelled after scope review; no execution recorded.,,,TRUE,1.69,339.57,,Fiber Line,Drying,SYS-FL-DRY-HYD,Hydraulic System,Hydraulic Power Unit,A,TRUE,FALSE,FALSE,FALSE,TRUE,90,595,1,,FALSE,R2,2,Defect almost failure,CANCELLED
N0000502,WO0000296,PLT-FL-BLE-CHM,P-BLE-CHM-01,2024-03-30,3,Maintenance Sensory Route,Bleaching - Maintenance Route A,Sensory Route,Elevated vibration at pump bearing housing.,PUMP_BEARING_VIBRATION,PUMP_BEARING_VIBRATION,Mechanical,,BLE-MECHANICAL,Closed,2024-03-31,PM02,Completed,2024-05-21,2024-05-23,2024-05-21,2024-05-23,1,WORK_COMPLETED,Corrective scope executed and checked.,Bearing replacement,Bearing replacement performed; post-work functional check within tolerance.,TRUE,14.71,10410.06,,Fiber Line,Bleaching,SYS-FL-BLE-CHM,Chemical Mixing,Pump,B,TRUE,FALSE,FALSE,FALSE,FALSE,,595,1,54,FALSE,R7,7,Defect,COMPLETED_CORRECTIVE_ACTION
N0000503,WO0000297,PLT-FL-DIG-CIR,P-DIG-CIR-01,2024-03-30,2,Planned Inspection,Digester - Inspection,Planned Inspection,Elevated vibration at pump bearing housing.,PUMP_BEARING_VIBRATION,PUMP_BEARING_VIBRATION,Mechanical,,DIG-MECHANICAL,Closed,2024-04-04,PM02,Completed,2024-05-10,2024-05-10,2024-05-10,2024-05-10,2,MONITOR_CONDITION,Condition recorded; continue observation without corrective work.,Inspection only,Inspected and recorded readings; no component correction performed.,TRUE,1.64,308.82,,Fiber Line,Digester,SYS-FL-DIG-CIR,Cooking Circulation,Pump,A,TRUE,FALSE,FALSE,FALSE,TRUE,90,595,5,41,FALSE,R2,2,Defect almost failure,MONITOR_CONDITION
N0000504,,PLT-RU-UTL-CWT,PT-UTL-CWT-01,2024-03-30,2,Maintenance Sensory Route,Utilities - Maintenance Route A,Sensory Route,Measured output outside calibration tolerance.,CALIBRATION_DEVIATION,CALIBRATION_DEVIATION,Instrumentation,,UTL-INSTRUMENTATION,Closed,,,,,,,,,NO_ACTION_REQUIRED,Notification dispositioned without corrective scope.,Inspection only,Field inspection completed; no corrective maintenance performed.,TRUE,1.38,233.38,,Recovery & Utilities,Utilities,SYS-RU-UTL-CWT,Cooling Water,Pressure Transmitter,B,FALSE,TRUE,TRUE,FALSE,FALSE,,595,,,FALSE,R4,4,Defect almost failure,CLOSED_CONFIRMED_WITHOUT_ORDER
N0000505,WO0000298,PLT-FL-DIG-DIS,XV-DIG-DIS-01,2024-03-31,3,Maintenance Sensory Route,Digester - Maintenance Route A,Sensory Route,Valve travel sticks during small command changes.,VALVE_STICTION,VALVE_STICTION,Valves,,DIG-VALVES,Closed,2024-04-02,PM02,Completed,2024-06-27,2024-06-29,2024-06-27,2024-06-29,4,WORK_COMPLETED,Corrective scope executed and checked.,Valve overhaul,Valve overhaul performed; post-work functional check within tolerance.,TRUE,18.79,15248.10,,Fiber Line,Digester,SYS-FL-DIG-DIS,Digester Discharge,On/Off Valve,A,TRUE,FALSE,FALSE,FALSE,FALSE,,594,2,90,FALSE,R5,5,Defect,COMPLETED_CORRECTIVE_ACTION
N0000506,WO0000299,PLT-FL-DIG-CHP,CNV-DIG-CHP-01,2024-04-01,3,Condition Monitoring,Digester - Condition Monitoring,Predictive Route,Mechanism travel is uneven with elevated resistance.,MECHANICAL_BINDING,MECHANICAL_BINDING,Condition Monitoring,,DIG-CONDITION_MONITORING,Closed,2024-04-06,PM02,Completed,2024-05-07,2024-05-07,2024-05-07,2024-05-07,2,MONITOR_CONDITION,Condition recorded; continue observation without corrective work.,Inspection only,Inspected and recorded readings; no component correction performed.,TRUE,1.47,303.75,,Fiber Line,Digester,SYS-FL-DIG-CHP,Chip Feeding,Conveyor,A,TRUE,FALSE,FALSE,FALSE,FALSE,,593,5,36,FALSE,R5,5,Defect,MONITOR_CONDITION
N0000507,WO0000300,PLT-FL-DRY-FOR,DRV-DRY-FOR-01,2024-04-02,2,Operator Route,Drying - Operations,Sensory Route,Rotating assembly shows dominant once-per-revolution vibration.,IMBALANCE,IMBALANCE,Condition Monitoring,,DRY-CONDITION_MONITORING,Closed,2024-04-02,PM02,Completed,2024-04-18,2024-04-19,2024-04-18,2024-04-19,0,WORK_COMPLETED,Corrective scope executed and checked.,Adjustment,Adjustment performed; post-work functional check within tolerance.,TRUE,9.28,4595.62,,Fiber Line,Drying,SYS-FL-DRY-FOR,Forming Section,Drive,A,TRUE,FALSE,FALSE,FALSE,FALSE,,592,0,17,FALSE,R2,2,Defect almost failure,COMPLETED_CORRECTIVE_ACTION
N0000508,,PLT-RU-RB-STM,PV-RB-STM-01,2024-04-02,3,Planned Inspection,Recovery Boiler - Inspection,Planned Inspection,Actuator supply pressure decays while held.,ACTUATOR_LEAKAGE,ACTUATOR_LEAKAGE,Valves,,RB-VALVES,Closed,,,,,,,,,NO_DEFECT_FOUND,Inspection could not confirm the reported abnormality.,Inspection only,Field inspection completed; no corrective maintenance performed.,FALSE,0.79,184.01,,Recovery & Utilities,Recovery Boiler,SYS-RU-RB-STM,Steam / Pressure Control,Control Valve,A,FALSE,TRUE,FALSE,TRUE,FALSE,247,592,,,FALSE,R5,5,Defect,CLOSED_UNCONFIRMED_WITHOUT_ORDER
N0000509,,PLT-FL-BLE-CHM,M-BLE-CHM-01,2024-04-03,3,Maintenance Sensory Route,Bleaching - Maintenance Route A,Sensory Route,Insulation test trending below reference.,INSULATION_DEGRADATION,INSULATION_DEGRADATION,Electrical,,BLE-ELECTRICAL,Closed,,,,,,,,,NO_ACTION_REQUIRED,Notification dispositioned without corrective scope.,Inspection only,Field inspection completed; no corrective maintenance performed.,FALSE,1.97,353.79,,Fiber Line,Bleaching,SYS-FL-BLE-CHM,Chemical Mixing,Motor,B,FALSE,TRUE,FALSE,TRUE,FALSE,,591,,,FALSE,R7,7,Defect,CLOSED_UNCONFIRMED_WITHOUT_ORDER
N0000510,,PLT-FL-WSH-SCR,M-WSH-SCR-01,2024-04-04,3,Maintenance Sensory Route,Washing & Screening - Maintenance Route A,Sensory Route,Motor temperature rising at normal load.,MOTOR_OVERHEATING,MOTOR_OVERHEATING,Electrical,,WSH-ELECTRICAL,Closed,,,,,,,,,NO_ACTION_REQUIRED,Notification dispositioned without corrective scope.,Inspection only,Field inspection completed; no corrective maintenance performed.,TRUE,1.15,205.59,,Fiber Line,Washing & Screening,SYS-FL-WSH-SCR,Screening,Motor,B,FALSE,TRUE,TRUE,FALSE,FALSE,,590,,,FALSE,R7,7,Defect,CLOSED_CONFIRMED_WITHOUT_ORDER
N0000511,WO0000301,PLT-FL-BLE-STW,P-BLE-STW-01,2024-04-04,2,Planned Inspection,Bleaching - Inspection,Planned Inspection,Bearing temperature trending above baseline.,BEARING_TEMPERATURE,BEARING_TEMPERATURE,Condition Monitoring,,BLE-CONDITION_MONITORING,Closed,2024-04-05,PM02,Completed,2024-05-02,2024-05-04,2024-05-02,2024-05-04,1,WORK_COMPLETED,Corrective scope executed and checked.,Bearing replacement,Bearing replacement performed; post-work functional check within tolerance.,TRUE,17.19,12317.18,,Fiber Line,Bleaching,SYS-FL-BLE-STW,Stage Washing,Pump,B,TRUE,FALSE,FALSE,FALSE,FALSE,,590,1,30,FALSE,R4,4,Defect almost failure,COMPLETED_CORRECTIVE_ACTION
N0000512,WO0000302,PLT-RU-LIM-LMF,M-LIM-LMF-01,2024-04-05,3,Condition Monitoring,Lime Kiln - Condition Monitoring,Predictive Route,Localized heating at electrical connection.,TERMINAL_HEATING,TERMINAL_HEATING,Condition Monitoring,,LIM-CONDITION_MONITORING,Closed,2024-04-08,PM02,Completed,2024-05-14,2024-05-15,2024-05-14,2024-05-15,1,WORK_COMPLETED,Corrective scope executed and checked.,Tightening,Tightening performed; post-work functional check within tolerance.,TRUE,2.90,711.07,,Recovery & Utilities,Lime Kiln,SYS-RU-LIM-LMF,Lime Mud Feed,Motor,B,TRUE,FALSE,FALSE,FALSE,FALSE,402,589,3,40,FALSE,R7,7,Defect,COMPLETED_CORRECTIVE_ACTION
N0000513,,PLT-RU-CAU-REA,M-CAU-REA-01,2024-04-07,3,Operator Report,Causticizing - Operations,,Motor bearing vibration above baseline.,MOTOR_BEARING_VIBRATION,MOTOR_BEARING_VIBRATION,Electrical,,CAU-ELECTRICAL,Closed,,,,,,,,,NO_ACTION_REQUIRED,Notification dispositioned without corrective scope.,Inspection only,Field inspection completed; no corrective maintenance performed.,FALSE,1.62,325.45,,Recovery & Utilities,Causticizing,SYS-RU-CAU-REA,Causticizing Reactors,Motor,B,FALSE,TRUE,FALSE,TRUE,FALSE,,587,,,FALSE,R7,7,Defect,CLOSED_UNCONFIRMED_WITHOUT_ORDER
N0000514,WO0000303,PLT-FL-WSH-KNR,M-WSH-KNR-01,2024-04-09,2,Operator Route,Washing & Screening - Operations,Sensory Route,Motor bearing vibration above baseline.,MOTOR_BEARING_VIBRATION,MOTOR_BEARING_VIBRATION,Electrical,,WSH-ELECTRICAL,Closed,2024-04-14,PM02,Completed,2024-05-03,2024-05-03,2024-05-03,2024-05-03,1,WORK_COMPLETED,Corrective scope executed and checked.,Bearing replacement,Bearing replacement performed; post-work functional check within tolerance.,TRUE,18.19,11729.49,,Fiber Line,Washing & Screening,SYS-FL-WSH-KNR,Knot Removal,Motor,B,TRUE,FALSE,FALSE,FALSE,FALSE,406,585,5,24,FALSE,R4,4,Defect almost failure,COMPLETED_CORRECTIVE_ACTION
N0000515,,PLT-RU-UTL-CWT,P-UTL-CWT-01,2024-04-09,2,Condition Monitoring,Utilities - Condition Monitoring,Predictive Route,Delivered flow below expected operating range.,LOW_FLOW,LOW_FLOW,Mechanical,,UTL-MECHANICAL,Closed,,,,,,,,,MONITOR_CONDITION,Condition recorded; continue observation without corrective work.,Inspection only,Field inspection completed; no corrective maintenance performed.,TRUE,1.11,222.39,,Recovery & Utilities,Utilities,SYS-RU-UTL-CWT,Cooling Water,Pump,A,FALSE,TRUE,TRUE,FALSE,FALSE,,585,,,FALSE,R2,2,Defect almost failure,CLOSED_CONFIRMED_WITHOUT_ORDER
N0000516,WO0000304,PLT-RU-UTL-PWT,FV-UTL-PWT-01,2024-04-10,2,Operator Report,Utilities - Operations,,Actuator supply pressure decays while held.,ACTUATOR_LEAKAGE,ACTUATOR_LEAKAGE,Valves,,UTL-VALVES,Closed,2024-04-13,PM02,Completed,2024-05-19,2024-05-21,2024-05-19,2024-05-21,4,MONITOR_CONDITION,Condition recorded; continue observation without corrective work.,Inspection only,Inspected and recorded readings; no component correction performed.,TRUE,0.74,167.16,,Recovery & Utilities,Utilities,SYS-RU-UTL-PWT,Process Water,Control Valve,B,TRUE,FALSE,FALSE,FALSE,FALSE,272,584,3,41,FALSE,R4,4,Defect almost failure,MONITOR_CONDITION
N0000517,,PLT-RU-CAU-GLC,LT-CAU-GLC-01,2024-04-10,1,Breakdown / Corrective,Causticizing - Operations,,Measured output outside calibration tolerance.,CALIBRATION_DEVIATION,CALIBRATION_DEVIATION,Instrumentation,,CAU-INSTRUMENTATION,Closed,,,,,,,,,NO_ACTION_REQUIRED,Notification dispositioned without corrective scope.,Inspection only,Field inspection completed; no corrective maintenance performed.,TRUE,1.34,274.96,,Recovery & Utilities,Causticizing,SYS-RU-CAU-GLC,Green Liquor Clarification,Level Transmitter,B,FALSE,TRUE,TRUE,FALSE,FALSE,,584,,,FALSE,R3,3,Fault,CLOSED_CONFIRMED_WITHOUT_ORDER
N0000518,WO0000305,PLT-RU-EVA-VAC,M-EVA-VAC-01,2024-04-10,2,Planned Inspection,Evaporation - Inspection,Planned Inspection,Motor temperature rising at normal load.,MOTOR_OVERHEATING,MOTOR_OVERHEATING,Electrical,,EVA-ELECTRICAL,Closed,2024-04-10,PM02,Completed,2024-04-27,2024-04-28,2024-04-27,2024-04-28,0,WORK_COMPLETED,Corrective scope executed and checked.,Cleaning,Cleaning performed; post-work functional check within tolerance.,TRUE,6.04,1780.33,,Recovery & Utilities,Evaporation,SYS-RU-EVA-VAC,Vacuum System,Motor,B,TRUE,FALSE,FALSE,FALSE,FALSE,,584,0,18,FALSE,R4,4,Defect almost failure,COMPLETED_CORRECTIVE_ACTION
N0000519,WO0000306,PLT-RU-RB-BLF,M-RB-BLF-01,2024-04-11,3,Operator Route,Recovery Boiler - Operations,Sensory Route,Oil sample shows elevated contamination.,OIL_CONTAMINATION,OIL_CONTAMINATION,Lubrication,,RB-LUBRICATION,Closed,2024-04-13,PM02,Completed,2024-06-19,2024-06-21,2024-06-19,2024-06-21,3,WORK_COMPLETED,Corrective scope executed and checked.,Lubrication,Lubrication performed; post-work functional check within tolerance.,TRUE,8.73,4467.72,,Recovery & Utilities,Recovery Boiler,SYS-RU-RB-BLF,Black Liquor Firing,Motor,A,TRUE,FALSE,FALSE,FALSE,FALSE,,583,2,71,FALSE,R5,5,Defect,COMPLETED_CORRECTIVE_ACTION
N0000520,WO0000307,PLT-FL-DRY-FOR,M-DRY-FOR-01,2024-04-13,1,Breakdown / Corrective,Drying - Operations,,Motor temperature rising at normal load.,MOTOR_OVERHEATING,MOTOR_OVERHEATING,Electrical,,DRY-ELECTRICAL,Closed,2024-04-17,CM01,Completed,2024-04-19,2024-04-19,2024-04-19,2024-04-19,0,WORK_COMPLETED,Corrective scope executed and checked.,Cleaning,Cleaning performed; post-work functional check within tolerance.,TRUE,6.86,2024.29,,Fiber Line,Drying,SYS-FL-DRY-FOR,Forming Section,Motor,A,TRUE,FALSE,FALSE,FALSE,FALSE,,581,4,6,FALSE,R1,1,Fault,COMPLETED_CORRECTIVE_ACTION
N0000521,WO0000308,PLT-RU-UTL-CWT,M-UTL-CWT-01,2024-04-13,2,Process Alarm,Utilities - Control Room,Process / Control Monitoring,Lubricant level below normal mark.,LOW_LUBE_LEVEL,LOW_LUBE_LEVEL,Lubrication,,UTL-LUBRICATION,Closed,2024-04-15,PM02,Completed,2024-04-29,2024-04-30,2024-04-29,2024-04-30,0,WORK_COMPLETED,Corrective scope executed and checked.,Lubrication,Lubrication performed; post-work functional check within tolerance.,TRUE,1.54,763.71,,Recovery & Utilities,Utilities,SYS-RU-UTL-CWT,Cooling Water,Motor,A,TRUE,FALSE,FALSE,FALSE,FALSE,,581,2,17,FALSE,R2,2,Defect almost failure,COMPLETED_CORRECTIVE_ACTION
N0000522,,PLT-FL-BLE-STW,DPIT-BLE-STW-01,2024-04-15,3,Operator Report,Bleaching - Operations,,Measured output outside calibration tolerance.,CALIBRATION_DEVIATION,CALIBRATION_DEVIATION,Instrumentation,,BLE-INSTRUMENTATION,Closed,,,,,,,,,NO_ACTION_REQUIRED,Notification dispositioned without corrective scope.,Inspection only,Field inspection completed; no corrective maintenance performed.,TRUE,1.17,244.75,,Fiber Line,Bleaching,SYS-FL-BLE-STW,Stage Washing,Differential Pressure Transmitter,C,FALSE,TRUE,TRUE,FALSE,TRUE,120,579,,,FALSE,R9,9,Defect,CLOSED_CONFIRMED_WITHOUT_ORDER
N0000523,WO0000309,PLT-RU-UTL-ELD,MCC-UTL-ELD-01,2024-04-16,2,Operator Report,Utilities - Operations,,Insulation test trending below reference.,INSULATION_DEGRADATION,INSULATION_DEGRADATION,Electrical,,UTL-ELECTRICAL,Closed,2024-04-19,PM02,Completed,2024-05-06,2024-05-06,2024-05-06,2024-05-06,1,WORK_COMPLETED,Corrective scope executed and checked.,Component replacement,Component replacement performed; post-work functional check within tolerance.,TRUE,22.39,21564.72,,Recovery & Utilities,Utilities,SYS-RU-UTL-ELD,Electrical Distribution,Motor Control Center,A,TRUE,FALSE,FALSE,FALSE,FALSE,,578,3,20,FALSE,R2,2,Defect almost failure,COMPLETED_CORRECTIVE_ACTION
N0000524,WO0000310,PLT-RU-CAU-SLK,TT-CAU-SLK-01,2024-04-16,3,Maintenance Sensory Route,Causticizing - Maintenance Route A,Sensory Route,Measured output outside calibration tolerance.,CALIBRATION_DEVIATION,CALIBRATION_DEVIATION,Instrumentation,Automation,CAU-AUTOMATION,Closed,2024-04-20,PM02,Completed,2024-05-20,2024-05-22,2024-05-20,2024-05-22,0,WORK_COMPLETED,Corrective scope executed and checked.,Calibration,Calibration performed; post-work functional check within tolerance.,TRUE,3.03,894.64,,Recovery & Utilities,Causticizing,SYS-RU-CAU-SLK,Slaking,Temperature Transmitter,B,TRUE,FALSE,FALSE,FALSE,FALSE,330,578,4,36,FALSE,R7,7,Defect,COMPLETED_CORRECTIVE_ACTION
N0000525,,PLT-RU-LIM-DRV,DRV-LIM-DRV-01,2024-04-17,2,Planned Inspection,Lime Kiln - Inspection,Planned Inspection,Mechanism travel is uneven with elevated resistance.,MECHANICAL_BINDING,MECHANICAL_BINDING,Mechanical,,LIM-MECHANICAL,Closed,,,,,,,,,NO_ACTION_REQUIRED,Notification dispositioned without corrective scope.,Inspection only,Field inspection completed; no corrective maintenance performed.,TRUE,0.91,204.74,,Recovery & Utilities,Lime Kiln,SYS-RU-LIM-DRV,Kiln Drive,Drive,A,FALSE,TRUE,TRUE,FALSE,FALSE,,577,,,FALSE,R2,2,Defect almost failure,CLOSED_CONFIRMED_WITHOUT_ORDER
N0000526,,PLT-RU-UTL-BFW,FV-UTL-BFW-01,2024-04-17,3,Process Alarm,Utilities - Control Room,Process / Control Monitoring,Valve travel sticks during small command changes.,VALVE_STICTION,VALVE_STICTION,Valves,,UTL-VALVES,Closed,,,,,,,,,NO_ACTION_REQUIRED,Notification dispositioned without corrective scope.,Inspection only,Field inspection completed; no corrective maintenance performed.,TRUE,0.37,140.85,,Recovery & Utilities,Utilities,SYS-RU-UTL-BFW,Boiler Feedwater,Control Valve,A,FALSE,TRUE,TRUE,FALSE,FALSE,,577,,,FALSE,R5,5,Defect,CLOSED_CONFIRMED_WITHOUT_ORDER
N0000527,WO0000311,PLT-FL-WSH-FIL,M-WSH-FIL-01,2024-04-17,2,Operator Report,Washing & Screening - Operations,,Motor bearing vibration above baseline.,MOTOR_BEARING_VIBRATION,MOTOR_BEARING_VIBRATION,Electrical,,WSH-ELECTRICAL,Closed,2024-04-20,PM02,Completed,2024-05-16,2024-05-16,2024-05-16,2024-05-16,1,WORK_COMPLETED,Corrective scope executed and checked.,Bearing replacement,Bearing replacement performed; post-work functional check within tolerance.,TRUE,12.54,8085.26,,Fiber Line,Washing & Screening,SYS-FL-WSH-FIL,Filtrate System,Motor,B,TRUE,FALSE,FALSE,FALSE,FALSE,447,577,3,29,FALSE,R4,4,Defect almost failure,COMPLETED_CORRECTIVE_ACTION
N0000528,,PLT-RU-CAU-GLC,AG-CAU-GLC-01,2024-04-18,2,Process Alarm,Causticizing - Control Room,Process / Control Monitoring,Bearing temperature trending above baseline.,BEARING_TEMPERATURE,BEARING_TEMPERATURE,Mechanical,,CAU-MECHANICAL,Closed,,,,,,,,,NO_DEFECT_FOUND,Inspection could not confirm the reported abnormality.,Inspection only,Field inspection completed; no corrective maintenance performed.,FALSE,1.10,191.94,,Recovery & Utilities,Causticizing,SYS-RU-CAU-GLC,Green Liquor Clarification,Clarifier Drive,B,FALSE,TRUE,FALSE,TRUE,FALSE,,576,,,FALSE,R4,4,Defect almost failure,CLOSED_UNCONFIRMED_WITHOUT_ORDER
N0000529,WO0000312,PLT-RU-CAU-WLC,AG-CAU-WLC-01,2024-04-18,2,Process Alarm,Causticizing - Control Room,Process / Control Monitoring,Oil condition test indicates degraded lubricant.,OIL_DEGRADATION,OIL_DEGRADATION,Lubrication,,CAU-LUBRICATION,Closed,2024-04-18,PM02,Cancelled,2024-05-01,2024-05-01,,,1,CANCELLED,Order cancelled after scope review; no execution recorded.,,,TRUE,1.55,286.82,,Recovery & Utilities,Causticizing,SYS-RU-CAU-WLC,White Liquor Clarification,Agitator,B,TRUE,FALSE,FALSE,FALSE,FALSE,,576,0,,FALSE,R4,4,Defect almost failure,CANCELLED
N0000530,WO0000313,PLT-RU-EVA-VAC,PT-EVA-VAC-01,2024-04-18,3,Process Alarm,Evaporation - Control Room,Process / Control Monitoring,Intermittent signal dropout at stable process conditions.,INTERMITTENT_SIGNAL,INTERMITTENT_SIGNAL,Instrumentation,Automation,EVA-AUTOMATION,Closed,2024-04-23,PM02,Completed,2024-06-25,2024-06-27,2024-06-25,2024-06-27,3,WORK_COMPLETED,Corrective scope executed and checked.,Instrument replacement,Instrument replacement performed; post-work functional check within tolerance.,TRUE,6.13,4977.93,,Recovery & Utilities,Evaporation,SYS-RU-EVA-VAC,Vacuum System,Pressure Transmitter,B,TRUE,FALSE,FALSE,FALSE,FALSE,,576,5,70,FALSE,R7,7,Defect,COMPLETED_CORRECTIVE_ACTION
N0000531,WO0000314,PLT-FL-WSH-SCR,DPIT-WSH-SCR-01,2024-04-19,1,Breakdown / Corrective,Washing & Screening - Operations,,Intermittent signal dropout at stable process conditions.,INTERMITTENT_SIGNAL,INTERMITTENT_SIGNAL,Automation,,WSH-AUTOMATION,Closed,2024-04-24,CM01,Completed,2024-04-27,2024-04-29,2024-04-27,2024-04-29,0,WORK_COMPLETED,Corrective scope executed and checked.,Instrument replacement,Instrument replacement performed; post-work functional check within tolerance.,TRUE,5.14,4172.57,,Fiber Line,Washing & Screening,SYS-FL-WSH-SCR,Screening,Differential Pressure Transmitter,C,TRUE,FALSE,FALSE,FALSE,FALSE,,575,5,10,FALSE,R6,6,Fault,COMPLETED_CORRECTIVE_ACTION
N0000532,WO0000315,PLT-FL-DIG-DIS,P-DIG-DIS-01,2024-04-19,2,Maintenance Sensory Route,Digester - Maintenance Route A,Sensory Route,Bearing temperature trending above baseline.,BEARING_TEMPERATURE,BEARING_TEMPERATURE,Mechanical,,DIG-MECHANICAL,Closed,2024-04-20,PM02,Completed,2024-05-04,2024-05-04,2024-05-04,2024-05-04,0,WORK_COMPLETED,Corrective scope executed and checked.,Bearing replacement,Bearing replacement performed; post-work functional check within tolerance.,TRUE,17.28,12378.04,,Fiber Line,Digester,SYS-FL-DIG-DIS,Digester Discharge,Pump,A,TRUE,FALSE,FALSE,FALSE,FALSE,423,575,1,15,FALSE,R2,2,Defect almost failure,COMPLETED_CORRECTIVE_ACTION
N0000533,WO0000316,PLT-FL-DIG-CHP,M-DIG-CHP-01,2024-04-21,2,Operator Report,Digester - Operations,,Motor temperature rising at normal load.,MOTOR_OVERHEATING,MOTOR_OVERHEATING,Electrical,,DIG-ELECTRICAL,Closed,2024-04-21,PM02,Completed,2024-05-01,2024-05-01,2024-05-01,2024-05-01,0,WORK_COMPLETED,Corrective scope executed and checked.,Cleaning,Cleaning performed; post-work functional check within tolerance.,TRUE,7.59,2239.47,,Fiber Line,Digester,SYS-FL-DIG-CHP,Chip Feeding,Motor,A,TRUE,FALSE,FALSE,FALSE,FALSE,,573,0,10,FALSE,R2,2,Defect almost failure,COMPLETED_CORRECTIVE_ACTION
N0000534,WO0000317,PLT-RU-CAU-WLC,M-CAU-WLC-01,2024-04-22,3,Condition Monitoring,Causticizing - Condition Monitoring,Predictive Route,Motor temperature rising at normal load.,MOTOR_OVERHEATING,MOTOR_OVERHEATING,Electrical,,CAU-ELECTRICAL,Closed,2024-04-23,PM02,Completed,2024-05-30,2024-05-30,2024-05-30,2024-05-30,3,WORK_COMPLETED,Corrective scope executed and checked.,Cleaning,Cleaning performed; post-work functional check within tolerance.,TRUE,4.90,1444.17,,Recovery & Utilities,Causticizing,SYS-RU-CAU-WLC,White Liquor Clarification,Motor,A,TRUE,FALSE,FALSE,FALSE,FALSE,,572,1,38,FALSE,R5,5,Defect,COMPLETED_CORRECTIVE_ACTION
N0000535,WO0000318,PLT-FL-DRY-PRS,PT-DRY-PRS-01,2024-04-22,3,Maintenance Sensory Route,Drying - Maintenance Route A,Sensory Route,Indicated value drifts from independent reference.,SIGNAL_DRIFT,SIGNAL_DRIFT,Instrumentation,,DRY-INSTRUMENTATION,Closed,2024-04-25,PM02,Completed,2024-05-18,2024-05-20,2024-05-18,2024-05-20,0,WORK_COMPLETED,Corrective scope executed and checked.,Calibration,Calibration performed; post-work functional check within tolerance.,TRUE,5.32,1567.98,,Fiber Line,Drying,SYS-FL-DRY-PRS,Press Section,Pressure Transmitter,B,TRUE,FALSE,FALSE,FALSE,FALSE,313,572,3,28,FALSE,R7,7,Defect,COMPLETED_CORRECTIVE_ACTION
N0000536,WO0000319,PLT-RU-RB-BLF,M-RB-BLF-01,2024-04-23,1,Breakdown / Corrective,Recovery Boiler - Operations,,Motor bearing vibration above baseline.,MOTOR_BEARING_VIBRATION,MOTOR_BEARING_VIBRATION,Electrical,,RB-ELECTRICAL,Closed,2024-04-24,CM01,Completed,2024-04-26,2024-04-28,2024-04-26,2024-04-28,0,WORK_COMPLETED,Corrective scope executed and checked.,Bearing replacement,Bearing replacement performed; post-work functional check within tolerance.,TRUE,16.28,10501.79,,Recovery & Utilities,Recovery Boiler,SYS-RU-RB-BLF,Black Liquor Firing,Motor,A,TRUE,FALSE,FALSE,FALSE,FALSE,,571,1,5,FALSE,R1,1,Fault,COMPLETED_CORRECTIVE_ACTION
N0000537,WO0000320,PLT-FL-DRY-SHT,ENC-DRY-SHT-01,2024-04-25,2,Operator Report,Drying - Operations,,Indicated value drifts from independent reference.,SIGNAL_DRIFT,SIGNAL_DRIFT,Instrumentation,,DRY-INSTRUMENTATION,Closed,2024-04-29,PM02,Completed,2024-06-02,2024-06-04,2024-06-02,2024-06-04,1,WORK_COMPLETED,Corrective scope executed and checked.,Calibration,Calibration performed; post-work functional check within tolerance.,TRUE,4.73,1395.18,,Fiber Line,Drying,SYS-FL-DRY-SHT,Sheet Handling / Cutter,Encoder,B,TRUE,FALSE,FALSE,FALSE,FALSE,230,569,4,40,FALSE,R4,4,Defect almost failure,COMPLETED_CORRECTIVE_ACTION
N0000538,,PLT-RU-RB-SBL,SBL-RB-SBL-01,2024-04-25,3,Maintenance Sensory Route,Recovery Boiler - Maintenance Route A,Sensory Route,Mechanism travel is uneven with elevated resistance.,MECHANICAL_BINDING,MECHANICAL_BINDING,Instrumentation,Mechanical,RB-MECHANICAL,Closed,,,,,,,,,NO_DEFECT_FOUND,Inspection could not confirm the reported abnormality.,Inspection only,Field inspection completed; no corrective maintenance performed.,FALSE,0.85,174.25,,Recovery & Utilities,Recovery Boiler,SYS-RU-RB-SBL,Sootblowing,Sootblower,B,FALSE,TRUE,FALSE,TRUE,FALSE,,569,,,FALSE,R7,7,Defect,CLOSED_UNCONFIRMED_WITHOUT_ORDER
N0000539,WO0000321,PLT-RU-LIM-IDF,FAN-LIM-IDF-01,2024-04-26,3,Operator Report,Lime Kiln - Operations,,Fan bearing vibration trending above baseline.,FAN_BEARING_VIBRATION,FAN_BEARING_VIBRATION,Mechanical,,LIM-MECHANICAL,Closed,2024-04-26,PM02,Completed,2024-05-28,2024-05-30,2024-05-28,2024-05-30,0,WORK_COMPLETED,Corrective scope executed and checked.,Bearing replacement,Bearing replacement performed; post-work functional check within tolerance.,TRUE,29.25,23250.58,,Recovery & Utilities,Lime Kiln,SYS-RU-LIM-IDF,Induced Draft,Fan,A,TRUE,FALSE,FALSE,FALSE,FALSE,,568,0,34,FALSE,R5,5,Defect,COMPLETED_CORRECTIVE_ACTION
N0000540,,PLT-RU-CAU-LMH,M-CAU-LMH-01,2024-04-27,3,Planned Inspection,Causticizing - Inspection,Planned Inspection,Localized heating at electrical connection.,TERMINAL_HEATING,TERMINAL_HEATING,Condition Monitoring,,CAU-CONDITION_MONITORING,Closed,,,,,,,,,MONITOR_CONDITION,Condition recorded; continue observation without corrective work.,Inspection only,Field inspection completed; no corrective maintenance performed.,TRUE,0.31,119.71,,Recovery & Utilities,Causticizing,SYS-RU-CAU-LMH,Lime Mud Handling,Motor,B,FALSE,TRUE,TRUE,FALSE,FALSE,,567,,,FALSE,R7,7,Defect,CLOSED_CONFIRMED_WITHOUT_ORDER
N0000541,WO0000322,PLT-FL-DRY-FOR,P-DRY-FOR-01,2024-04-27,3,Condition Monitoring,Drying - Condition Monitoring,Predictive Route,Delivered flow below expected operating range.,LOW_FLOW,LOW_FLOW,Mechanical,,DRY-MECHANICAL,Closed,2024-04-29,PM02,Completed,2024-07-09,2024-07-10,2024-07-09,2024-07-10,3,WORK_COMPLETED,Corrective scope executed and checked.,Cleaning,Cleaning performed; post-work functional check within tolerance.,TRUE,5.23,1542.76,,Fiber Line,Drying,SYS-FL-DRY-FOR,Forming Section,Pump,B,TRUE,FALSE,FALSE,FALSE,FALSE,,567,2,74,FALSE,R7,7,Defect,COMPLETED_CORRECTIVE_ACTION
N0000542,WO0000323,PLT-RU-RB-SBL,SBL-RB-SBL-01,2024-04-28,3,Planned Inspection,Recovery Boiler - Inspection,Planned Inspection,Process differential pressure above normal operating range.,PROCESS_RESTRICTION,PROCESS_RESTRICTION,Instrumentation,,RB-INSTRUMENTATION,Closed,2024-04-28,PM02,Completed,2024-05-27,2024-05-29,2024-05-27,2024-05-29,0,WORK_COMPLETED,Corrective scope executed and checked.,Cleaning,Cleaning performed; post-work functional check within tolerance.,TRUE,9.34,2941.76,,Recovery & Utilities,Recovery Boiler,SYS-RU-RB-SBL,Sootblowing,Sootblower,B,TRUE,FALSE,FALSE,FALSE,FALSE,,566,0,31,FALSE,R7,7,Defect,COMPLETED_CORRECTIVE_ACTION
N0000543,WO0000324,PLT-RU-UTL-AIR,DRY-UTL-AIR-01,2024-05-02,1,Operator Report,Utilities - Operations,,Mechanism travel is uneven with elevated resistance.,MECHANICAL_BINDING,MECHANICAL_BINDING,Mechanical,,UTL-MECHANICAL,Closed,2024-05-02,CM01,Completed,2024-05-14,2024-05-16,2024-05-14,2024-05-16,1,WORK_COMPLETED,Corrective scope executed and checked.,Adjustment,Adjustment performed; post-work functional check within tolerance.,TRUE,9.26,3310.30,,Recovery & Utilities,Utilities,SYS-RU-UTL-AIR,Compressed Air,Air Dryer,B,TRUE,FALSE,FALSE,FALSE,TRUE,153,562,0,14,FALSE,R3,3,Fault,COMPLETED_CORRECTIVE_ACTION
N0000544,WO0000325,PLT-RU-RB-BLF,FV-RB-BLF-01,2024-05-04,2,Maintenance Sensory Route,Recovery Boiler - Maintenance Route A,Sensory Route,Actuator supply pressure decays while held.,ACTUATOR_LEAKAGE,ACTUATOR_LEAKAGE,Valves,,RB-VALVES,Closed,2024-05-05,PM02,Completed,2024-06-08,2024-06-09,2024-06-08,2024-06-09,2,MONITOR_CONDITION,Condition recorded; continue observation without corrective work.,Inspection only,Inspected and recorded readings; no component correction performed.,TRUE,1.44,261.76,,Recovery & Utilities,Recovery Boiler,SYS-RU-RB-BLF,Black Liquor Firing,Control Valve,A,TRUE,FALSE,FALSE,FALSE,FALSE,196,560,1,36,FALSE,R2,2,Defect almost failure,MONITOR_CONDITION
N0000545,WO0000326,PLT-RU-LIM-DRV,GB-LIM-DRV-01,2024-05-04,3,Maintenance Sensory Route,Lime Kiln - Maintenance Route A,Sensory Route,Oil condition test indicates degraded lubricant.,OIL_DEGRADATION,OIL_DEGRADATION,Lubrication,,LIM-LUBRICATION,Closed,2024-05-05,PM02,Completed,2024-05-29,2024-05-29,2024-05-29,2024-05-29,1,WORK_COMPLETED,Corrective scope executed and checked.,Lubrication,Lubrication performed; post-work functional check within tolerance.,TRUE,6.02,3378.67,,Recovery & Utilities,Lime Kiln,SYS-RU-LIM-DRV,Kiln Drive,Gearbox,A,TRUE,FALSE,FALSE,FALSE,FALSE,,560,1,25,FALSE,R5,5,Defect,COMPLETED_CORRECTIVE_ACTION
N0000546,,PLT-FL-DIG-IMP,M-DIG-IMP-01,2024-05-04,3,Maintenance Sensory Route,Digester - Maintenance Route A,Sensory Route,Motor bearing vibration above baseline.,MOTOR_BEARING_VIBRATION,MOTOR_BEARING_VIBRATION,Electrical,,DIG-ELECTRICAL,Closed,,,,,,,,,NO_ACTION_REQUIRED,Notification dispositioned without corrective scope.,Inspection only,Field inspection completed; no corrective maintenance performed.,FALSE,0.79,163.30,,Fiber Line,Digester,SYS-FL-DIG-IMP,Impregnation,Motor,A,FALSE,TRUE,FALSE,TRUE,FALSE,323,560,,,FALSE,R5,5,Defect,CLOSED_UNCONFIRMED_WITHOUT_ORDER
N0000547,,PLT-RU-EVA-CIR,P-EVA-CIR-01,2024-05-04,3,Operator Route,Evaporation - Operations,Sensory Route,Bearing temperature trending above baseline.,BEARING_TEMPERATURE,BEARING_TEMPERATURE,Mechanical,Lubrication,EVA-LUBRICATION,Closed,,,,,,,,,MONITOR_CONDITION,Condition recorded; continue observation without corrective work.,Inspection only,Field inspection completed; no corrective maintenance performed.,TRUE,1.91,315.59,,Recovery & Utilities,Evaporation,SYS-RU-EVA-CIR,Evaporator Circulation,Pump,B,FALSE,TRUE,TRUE,FALSE,FALSE,278,560,,,FALSE,R7,7,Defect,CLOSED_CONFIRMED_WITHOUT_ORDER
N0000548,WO0000327,PLT-RU-RB-STM,TT-RB-STM-01,2024-05-04,1,Maintenance Sensory Route,Recovery Boiler - Maintenance Route A,Sensory Route,Intermittent signal dropout at stable process conditions.,INTERMITTENT_SIGNAL,INTERMITTENT_SIGNAL,Automation,,RB-AUTOMATION,Closed,2024-05-06,CM01,Completed,2024-05-18,2024-05-19,2024-05-18,2024-05-19,1,WORK_COMPLETED,Corrective scope executed and checked.,Instrument replacement,Instrument replacement performed; post-work functional check within tolerance.,TRUE,6.71,5448.48,,Recovery & Utilities,Recovery Boiler,SYS-RU-RB-STM,Steam / Pressure Control,Temperature Transmitter,B,TRUE,FALSE,FALSE,FALSE,FALSE,480,560,2,15,FALSE,R3,3,Fault,COMPLETED_CORRECTIVE_ACTION
N0000549,,PLT-RU-RB-AIR,M-RB-AIR-01,2024-05-06,3,Condition Monitoring,Recovery Boiler - Condition Monitoring,Predictive Route,Oil condition test indicates degraded lubricant.,OIL_DEGRADATION,OIL_DEGRADATION,Lubrication,Electrical,RB-ELECTRICAL,Closed,,,,,,,,,MONITOR_CONDITION,Condition recorded; continue observation without corrective work.,Inspection only,Field inspection completed; no corrective maintenance performed.,TRUE,1.24,222.45,,Recovery & Utilities,Recovery Boiler,SYS-RU-RB-AIR,Combustion Air,Motor,A,FALSE,TRUE,TRUE,FALSE,FALSE,,558,,,FALSE,R5,5,Defect,CLOSED_CONFIRMED_WITHOUT_ORDER
N0000550,WO0000328,PLT-RU-UTL-ELD,CB-UTL-ELD-01,2024-05-07,3,Planned Inspection,Utilities - Inspection,Planned Inspection,Localized heating at electrical connection.,TERMINAL_HEATING,TERMINAL_HEATING,Electrical,,UTL-ELECTRICAL,Closed,2024-05-07,PM02,Completed,2024-05-29,2024-05-31,2024-05-29,2024-05-31,0,WORK_COMPLETED,Corrective scope executed and checked.,Tightening,Tightening performed; post-work functional check within tolerance.,TRUE,3.83,938.05,,Recovery & Utilities,Utilities,SYS-RU-UTL-ELD,Electrical Distribution,Circuit Breaker,A,TRUE,FALSE,FALSE,FALSE,FALSE,391,557,0,24,FALSE,R5,5,Defect,COMPLETED_CORRECTIVE_ACTION
N0000551,,PLT-FL-DRY-DRS,M-DRY-DRS-01,2024-05-08,2,Operator Route,Drying - Operations,Sensory Route,Localized heating at electrical connection.,TERMINAL_HEATING,TERMINAL_HEATING,Electrical,,DRY-ELECTRICAL,Closed,,,,,,,,,OPERATING_CONDITION,Observed response is within the current operating envelope.,Inspection only,Field inspection completed; no corrective maintenance performed.,FALSE,1.64,277.25,,Fiber Line,Drying,SYS-FL-DRY-DRS,Dryer Section,Motor,A,FALSE,TRUE,FALSE,TRUE,FALSE,,556,,,FALSE,R2,2,Defect almost failure,CLOSED_UNCONFIRMED_WITHOUT_ORDER
N0000552,,PLT-RU-RB-FWS,FV-RB-FWS-01,2024-05-10,3,Operator Report,Recovery Boiler - Operations,,Actuator supply pressure decays while held.,ACTUATOR_LEAKAGE,ACTUATOR_LEAKAGE,Valves,,RB-VALVES,Closed,,,,,,,,,MONITOR_CONDITION,Condition recorded; continue observation without corrective work.,Inspection only,Field inspection completed; no corrective maintenance performed.,TRUE,1.40,251.61,,Recovery & Utilities,Recovery Boiler,SYS-RU-RB-FWS,Feedwater System,Control Valve,A,FALSE,TRUE,TRUE,FALSE,FALSE,,554,,,FALSE,R5,5,Defect,CLOSED_CONFIRMED_WITHOUT_ORDER
N0000553,WO0000329,PLT-FL-DIG-CIR,TT-DIG-CIR-01,2024-05-10,3,Operator Report,Digester - Operations,,Control sequence response differs from approved logic.,CONTROL_SEQUENCE_DEVIATION,CONTROL_SEQUENCE_DEVIATION,Automation,,DIG-AUTOMATION,Closed,2024-05-12,PM02,Cancelled,2024-06-14,2024-06-16,,,1,CANCELLED,Order cancelled after scope review; no execution recorded.,,,TRUE,0.88,197.39,,Fiber Line,Digester,SYS-FL-DIG-CIR,Cooking Circulation,Temperature Transmitter,B,TRUE,FALSE,FALSE,FALSE,FALSE,,554,2,,FALSE,R7,7,Defect,CANCELLED
N0000554,,PLT-RU-LIM-BRN,FT-LIM-BRN-01,2024-05-11,3,Operator Report,Lime Kiln - Operations,,Intermittent signal dropout at stable process conditions.,INTERMITTENT_SIGNAL,INTERMITTENT_SIGNAL,Automation,,LIM-AUTOMATION,Closed,,,,,,,,,NO_ACTION_REQUIRED,Notification dispositioned without corrective scope.,Inspection only,Field inspection completed; no corrective maintenance performed.,TRUE,1.03,205.14,,Recovery & Utilities,Lime Kiln,SYS-RU-LIM-BRN,Burner System,Flow Transmitter,B,FALSE,TRUE,TRUE,FALSE,FALSE,,553,,,FALSE,R7,7,Defect,CLOSED_CONFIRMED_WITHOUT_ORDER
N0000555,WO0000330,PLT-FL-BLE-TWR,M-BLE-TWR-01,2024-05-11,2,Condition Monitoring,Bleaching - Condition Monitoring,Predictive Route,Motor temperature rising at normal load.,MOTOR_OVERHEATING,MOTOR_OVERHEATING,Electrical,,BLE-ELECTRICAL,Closed,2024-05-13,PM02,Completed,2024-05-25,2024-05-26,2024-05-25,2024-05-26,0,WORK_COMPLETED,Corrective scope executed and checked.,Cleaning,Cleaning performed; post-work functional check within tolerance.,TRUE,7.14,2105.58,,Fiber Line,Bleaching,SYS-FL-BLE-TWR,Bleaching Towers,Motor,B,TRUE,FALSE,FALSE,FALSE,FALSE,,553,2,15,FALSE,R4,4,Defect almost failure,COMPLETED_CORRECTIVE_ACTION
N0000556,WO0000331,PLT-RU-CAU-LMH,P-CAU-LMH-01,2024-05-11,1,Planned Inspection,Causticizing - Inspection,Planned Inspection,Elevated vibration at pump bearing housing.,PUMP_BEARING_VIBRATION,PUMP_BEARING_VIBRATION,Mechanical,,CAU-MECHANICAL,Closed,2024-05-13,CM01,Completed,2024-05-14,2024-05-15,2024-05-14,2024-05-15,0,WORK_COMPLETED,Corrective scope executed and checked.,Bearing replacement,Bearing replacement performed; post-work functional check within tolerance.,TRUE,23.95,16943.18,,Recovery & Utilities,Causticizing,SYS-RU-CAU-LMH,Lime Mud Handling,Pump,B,TRUE,FALSE,FALSE,FALSE,FALSE,382,553,2,4,FALSE,R3,3,Fault,COMPLETED_CORRECTIVE_ACTION
N0000557,,PLT-RU-CAU-REA,AG-CAU-REA-01,2024-05-12,2,Maintenance Sensory Route,Causticizing - Maintenance Route A,Sensory Route,Mechanism travel is uneven with elevated resistance.,MECHANICAL_BINDING,MECHANICAL_BINDING,Mechanical,,CAU-MECHANICAL,Closed,,,,,,,,,NO_ACTION_REQUIRED,Notification dispositioned without corrective scope.,Inspection only,Field inspection completed; no corrective maintenance performed.,TRUE,0.66,134.36,,Recovery & Utilities,Causticizing,SYS-RU-CAU-REA,Causticizing Reactors,Agitator,B,FALSE,TRUE,TRUE,FALSE,FALSE,,552,,,FALSE,R4,4,Defect almost failure,CLOSED_CONFIRMED_WITHOUT_ORDER
N0000558,,PLT-FL-DIG-CIR,PT-DIG-CIR-01,2024-05-12,2,Maintenance Sensory Route,Digester - Maintenance Route A,Sensory Route,Indicated value drifts from independent reference.,SIGNAL_DRIFT,SIGNAL_DRIFT,Instrumentation,,DIG-INSTRUMENTATION,Closed,,,,,,,,,MONITOR_CONDITION,Condition recorded; continue observation without corrective work.,Inspection only,Field inspection completed; no corrective maintenance performed.,TRUE,1.94,359.67,,Fiber Line,Digester,SYS-FL-DIG-CIR,Cooking Circulation,Pressure Transmitter,B,FALSE,TRUE,TRUE,FALSE,FALSE,,552,,,FALSE,R4,4,Defect almost failure,CLOSED_CONFIRMED_WITHOUT_ORDER
N0000559,WO0000332,PLT-RU-LIM-BRN,BRN-LIM-BRN-01,2024-05-15,3,Maintenance Sensory Route,Lime Kiln - Maintenance Route A,Sensory Route,Process differential pressure above normal operating range.,PROCESS_RESTRICTION,PROCESS_RESTRICTION,Valves,,LIM-VALVES,Closed,2024-05-20,PM02,Completed,2024-07-20,2024-07-22,2024-07-20,2024-07-22,1,MONITOR_CONDITION,Condition recorded; continue observation without corrective work.,Inspection only,Inspected and recorded readings; no component correction performed.,TRUE,0.62,147.93,,Recovery & Utilities,Lime Kiln,SYS-RU-LIM-BRN,Burner System,Burner,B,TRUE,FALSE,FALSE,FALSE,FALSE,,549,5,68,FALSE,R7,7,Defect,MONITOR_CONDITION
N0000560,WO0000333,PLT-RU-CAU-GLH,M-CAU-GLH-01,2024-05-15,3,Operator Route,Causticizing - Operations,Sensory Route,Insulation test trending below reference.,INSULATION_DEGRADATION,INSULATION_DEGRADATION,Electrical,,CAU-ELECTRICAL,Closed,2024-05-20,PM02,Completed,2024-07-18,2024-07-19,2024-07-18,2024-07-19,2,WORK_COMPLETED,Corrective scope executed and checked.,Component replacement,Component replacement performed; post-work functional check within tolerance.,TRUE,27.49,26475.20,,Recovery & Utilities,Causticizing,SYS-RU-CAU-GLH,Green Liquor Handling,Motor,B,TRUE,FALSE,FALSE,FALSE,FALSE,246,549,5,65,FALSE,R7,7,Defect,COMPLETED_CORRECTIVE_ACTION
N0000561,WO0000334,PLT-FL-DIG-CIR,TT-DIG-CIR-01,2024-05-16,3,Operator Route,Digester - Operations,Sensory Route,Intermittent signal dropout at stable process conditions.,INTERMITTENT_SIGNAL,INTERMITTENT_SIGNAL,Automation,,DIG-AUTOMATION,Closed,2024-05-20,PM02,Completed,2024-06-23,2024-06-23,2024-06-23,2024-06-23,1,WORK_COMPLETED,Corrective scope executed and checked.,Instrument replacement,Instrument replacement performed; post-work functional check within tolerance.,TRUE,6.78,5501.10,,Fiber Line,Digester,SYS-FL-DIG-CIR,Cooking Circulation,Temperature Transmitter,B,TRUE,FALSE,FALSE,FALSE,FALSE,,548,4,38,FALSE,R7,7,Defect,COMPLETED_CORRECTIVE_ACTION
N0000562,WO0000335,PLT-FL-DRY-LUB,PT-DRY-LUB-01,2024-05-17,1,Maintenance Sensory Route,Drying - Maintenance Route A,Sensory Route,Measured output outside calibration tolerance.,CALIBRATION_DEVIATION,CALIBRATION_DEVIATION,Instrumentation,,DRY-INSTRUMENTATION,Closed,2024-05-20,CM01,Completed,2024-05-21,2024-05-22,2024-05-21,2024-05-22,0,WORK_COMPLETED,Corrective scope executed and checked.,Calibration,Calibration performed; post-work functional check within tolerance.,TRUE,3.77,1112.69,,Fiber Line,Drying,SYS-FL-DRY-LUB,Lubrication System,Pressure Transmitter,B,TRUE,FALSE,FALSE,FALSE,FALSE,,547,3,5,FALSE,R3,3,Fault,COMPLETED_CORRECTIVE_ACTION
N0000563,WO0000336,PLT-FL-DIG-DIS,P-DIG-DIS-01,2024-05-18,2,Operator Report,Digester - Operations,,Elevated vibration at pump bearing housing.,PUMP_BEARING_VIBRATION,PUMP_BEARING_VIBRATION,Mechanical,Lubrication,DIG-LUBRICATION,Closed,2024-05-23,PM02,Completed,2024-07-22,2024-07-22,2024-07-22,2024-07-22,3,WORK_COMPLETED,Corrective scope executed and checked.,Bearing replacement,Bearing replacement performed; post-work functional check within tolerance.,TRUE,15.74,11135.53,,Fiber Line,Digester,SYS-FL-DIG-DIS,Digester Discharge,Pump,A,TRUE,FALSE,FALSE,FALSE,FALSE,263,546,5,65,FALSE,R2,2,Defect almost failure,COMPLETED_CORRECTIVE_ACTION
N0000564,,PLT-RU-RB-BLF,M-RB-BLF-01,2024-05-19,3,Operator Route,Recovery Boiler - Operations,Sensory Route,Lubricant level below normal mark.,LOW_LUBE_LEVEL,LOW_LUBE_LEVEL,Lubrication,,RB-LUBRICATION,Closed,,,,,,,,,MONITOR_CONDITION,Condition recorded; continue observation without corrective work.,Inspection only,Field inspection completed; no corrective maintenance performed.,TRUE,0.32,100.41,,Recovery & Utilities,Recovery Boiler,SYS-RU-RB-BLF,Black Liquor Firing,Motor,A,FALSE,TRUE,TRUE,FALSE,FALSE,,545,,,FALSE,R5,5,Defect,CLOSED_CONFIRMED_WITHOUT_ORDER
N0000565,,PLT-RU-UTL-ELD,MCC-UTL-ELD-01,2024-05-19,3,Planned Inspection,Utilities - Inspection,Planned Inspection,Control sequence response differs from approved logic.,CONTROL_SEQUENCE_DEVIATION,CONTROL_SEQUENCE_DEVIATION,Electrical,,UTL-ELECTRICAL,Closed,,,,,,,,,OPERATING_CONDITION,Observed response is within the current operating envelope.,Inspection only,Field inspection completed; no corrective maintenance performed.,FALSE,0.49,131.00,,Recovery & Utilities,Utilities,SYS-RU-UTL-ELD,Electrical Distribution,Motor Control Center,A,FALSE,TRUE,FALSE,TRUE,FALSE,443,545,,,FALSE,R5,5,Defect,CLOSED_UNCONFIRMED_WITHOUT_ORDER
N0000566,WO0000337,PLT-RU-CAU-GLC,P-CAU-GLC-01,2024-05-19,3,Planned Inspection,Causticizing - Inspection,Planned Inspection,Bearing temperature trending above baseline.,BEARING_TEMPERATURE,BEARING_TEMPERATURE,Mechanical,,CAU-MECHANICAL,Closed,2024-05-22,PM02,Completed,2024-06-19,2024-06-21,2024-06-19,2024-06-21,1,WORK_COMPLETED,Corrective scope executed and checked.,Bearing replacement,Bearing replacement performed; post-work functional check within tolerance.,TRUE,16.80,12032.80,,Recovery & Utilities,Causticizing,SYS-RU-CAU-GLC,Green Liquor Clarification,Pump,B,TRUE,FALSE,FALSE,FALSE,FALSE,,545,3,33,FALSE,R7,7,Defect,COMPLETED_CORRECTIVE_ACTION
N0000567,WO0000338,PLT-FL-BLE-STW,DPIT-BLE-STW-01,2024-05-20,2,Operator Route,Bleaching - Operations,Sensory Route,Intermittent signal dropout at stable process conditions.,INTERMITTENT_SIGNAL,INTERMITTENT_SIGNAL,Automation,,BLE-AUTOMATION,Closed,2024-05-21,PM02,Completed,2024-05-31,2024-06-02,2024-05-31,2024-06-02,1,WORK_COMPLETED,Corrective scope executed and checked.,Instrument replacement,Instrument replacement performed; post-work functional check within tolerance.,TRUE,7.83,6353.79,,Fiber Line,Bleaching,SYS-FL-BLE-STW,Stage Washing,Differential Pressure Transmitter,C,TRUE,FALSE,FALSE,FALSE,FALSE,,544,1,13,FALSE,R8,8,Defect almost failure,COMPLETED_CORRECTIVE_ACTION
N0000568,WO0000339,PLT-RU-RB-BLF,FT-RB-BLF-01,2024-05-21,2,Operator Route,Recovery Boiler - Operations,Sensory Route,Intermittent signal dropout at stable process conditions.,INTERMITTENT_SIGNAL,INTERMITTENT_SIGNAL,Instrumentation,Automation,RB-AUTOMATION,Closed,2024-05-23,PM02,Completed,2024-06-07,2024-06-07,2024-06-07,2024-06-07,0,WORK_COMPLETED,Corrective scope executed and checked.,Instrument replacement,Instrument replacement performed; post-work functional check within tolerance.,TRUE,6.07,4928.36,,Recovery & Utilities,Recovery Boiler,SYS-RU-RB-BLF,Black Liquor Firing,Flow Transmitter,A,TRUE,FALSE,FALSE,FALSE,TRUE,169,543,2,17,FALSE,R2,2,Defect almost failure,COMPLETED_CORRECTIVE_ACTION
N0000569,WO0000340,PLT-FL-DIG-CIR,FV-DIG-CIR-01,2024-05-21,2,Operator Report,Digester - Operations,,Valve travel sticks during small command changes.,VALVE_STICTION,VALVE_STICTION,Instrumentation,,DIG-INSTRUMENTATION,Closed,2024-05-23,PM02,Cancelled,2024-05-29,2024-05-29,,,0,CANCELLED,Order cancelled after scope review; no execution recorded.,,,TRUE,1.48,299.87,,Fiber Line,Digester,SYS-FL-DIG-CIR,Cooking Circulation,Control Valve,A,TRUE,FALSE,FALSE,FALSE,FALSE,489,543,2,,FALSE,R2,2,Defect almost failure,CANCELLED
N0000570,,PLT-FL-DIG-CHP,ZS-DIG-CHP-01,2024-05-21,3,Process Alarm,Digester - Control Room,Process / Control Monitoring,Intermittent signal dropout at stable process conditions.,INTERMITTENT_SIGNAL,INTERMITTENT_SIGNAL,Instrumentation,,DIG-INSTRUMENTATION,Closed,,,,,,,,,NO_DEFECT_FOUND,Inspection could not confirm the reported abnormality.,Inspection only,Field inspection completed; no corrective maintenance performed.,FALSE,1.04,237.92,,Fiber Line,Digester,SYS-FL-DIG-CHP,Chip Feeding,Position Switch,B,FALSE,TRUE,FALSE,TRUE,FALSE,,543,,,FALSE,R7,7,Defect,CLOSED_UNCONFIRMED_WITHOUT_ORDER
N0000571,WO0000341,PLT-FL-DRY-DRS,FAN-DRY-DRS-01,2024-05-22,3,Process Alarm,Drying - Control Room,Process / Control Monitoring,Bearing temperature trending above baseline.,BEARING_TEMPERATURE,BEARING_TEMPERATURE,Condition Monitoring,,DRY-CONDITION_MONITORING,Closed,2024-05-24,PM02,Completed,2024-06-28,2024-06-29,2024-06-28,2024-06-29,0,WORK_COMPLETED,Corrective scope executed and checked.,Bearing replacement,Bearing replacement performed; post-work functional check within tolerance.,TRUE,11.29,8086.19,,Fiber Line,Drying,SYS-FL-DRY-DRS,Dryer Section,Fan,A,TRUE,FALSE,FALSE,FALSE,FALSE,232,542,2,38,FALSE,R5,5,Defect,COMPLETED_CORRECTIVE_ACTION
N0000572,,PLT-FL-DRY-PRS,ROLL-DRY-PRS-01,2024-05-22,3,Operator Route,Drying - Operations,Sensory Route,Bearing temperature trending above baseline.,BEARING_TEMPERATURE,BEARING_TEMPERATURE,Mechanical,,DRY-MECHANICAL,Closed,,,,,,,,,NO_ACTION_REQUIRED,Notification dispositioned without corrective scope.,Inspection only,Field inspection completed; no corrective maintenance performed.,FALSE,1.85,366.30,,Fiber Line,Drying,SYS-FL-DRY-PRS,Press Section,Press Roll,A,FALSE,TRUE,FALSE,TRUE,FALSE,283,542,,,FALSE,R5,5,Defect,CLOSED_UNCONFIRMED_WITHOUT_ORDER
N0000573,WO0000342,PLT-FL-DIG-DIS,M-DIG-DIS-01,2024-05-24,1,Condition Monitoring,Digester - Condition Monitoring,Predictive Route,Motor bearing vibration above baseline.,MOTOR_BEARING_VIBRATION,MOTOR_BEARING_VIBRATION,Electrical,Lubrication,DIG-LUBRICATION,Closed,2024-05-25,CM01,Completed,2024-06-04,2024-06-04,2024-06-04,2024-06-04,1,WORK_COMPLETED,Corrective scope executed and checked.,Bearing replacement,Bearing replacement performed; post-work functional check within tolerance.,TRUE,19.99,12894.33,,Fiber Line,Digester,SYS-FL-DIG-DIS,Digester Discharge,Motor,A,TRUE,FALSE,FALSE,FALSE,FALSE,,540,1,11,FALSE,R1,1,Fault,COMPLETED_CORRECTIVE_ACTION
N0000574,WO0000343,PLT-RU-CAU-GLC,P-CAU-GLC-01,2024-05-24,2,Planned Inspection,Causticizing - Inspection,Planned Inspection,Crackling noise and unstable suction pressure.,CAVITATION,CAVITATION,Mechanical,,CAU-MECHANICAL,Closed,2024-05-28,PM02,Completed,2024-06-10,2024-06-11,2024-06-10,2024-06-11,0,MONITOR_CONDITION,Condition recorded; continue observation without corrective work.,Inspection only,Inspected and recorded readings; no component correction performed.,TRUE,0.66,170.66,,Recovery & Utilities,Causticizing,SYS-RU-CAU-GLC,Green Liquor Clarification,Pump,B,TRUE,FALSE,FALSE,FALSE,FALSE,,540,4,18,FALSE,R4,4,Defect almost failure,MONITOR_CONDITION
N0000575,WO0000344,PLT-RU-EVA-CIR,M-EVA-CIR-01,2024-05-26,3,Process Alarm,Evaporation - Control Room,Process / Control Monitoring,Insulation test trending below reference.,INSULATION_DEGRADATION,INSULATION_DEGRADATION,Condition Monitoring,,EVA-CONDITION_MONITORING,Closed,2024-05-26,PM02,Completed,2024-06-06,2024-06-06,2024-06-06,2024-06-06,0,WORK_COMPLETED,Corrective scope executed and checked.,Component replacement,Component replacement performed; post-work functional check within tolerance.,TRUE,19.36,18642.68,,Recovery & Utilities,Evaporation,SYS-RU-EVA-CIR,Evaporator Circulation,Motor,B,TRUE,FALSE,FALSE,FALSE,FALSE,372,538,0,11,FALSE,R7,7,Defect,COMPLETED_CORRECTIVE_ACTION
N0000576,,PLT-RU-LIM-DRV,M-LIM-DRV-01,2024-05-26,2,Process Alarm,Lime Kiln - Control Room,Process / Control Monitoring,Motor bearing vibration above baseline.,MOTOR_BEARING_VIBRATION,MOTOR_BEARING_VIBRATION,Electrical,,LIM-ELECTRICAL,Closed,,,,,,,,,NO_ACTION_REQUIRED,Notification dispositioned without corrective scope.,Inspection only,Field inspection completed; no corrective maintenance performed.,FALSE,1.28,228.30,,Recovery & Utilities,Lime Kiln,SYS-RU-LIM-DRV,Kiln Drive,Motor,A,FALSE,TRUE,FALSE,TRUE,FALSE,242,538,,,FALSE,R2,2,Defect almost failure,CLOSED_UNCONFIRMED_WITHOUT_ORDER
N0000577,WO0000345,PLT-FL-DRY-LUB,P-DRY-LUB-01,2024-05-27,3,Condition Monitoring,Drying - Condition Monitoring,Predictive Route,Lubricant level below normal mark.,LOW_LUBE_LEVEL,LOW_LUBE_LEVEL,Condition Monitoring,,DRY-CONDITION_MONITORING,Closed,2024-05-31,PM02,Completed,2024-07-07,2024-07-08,2024-07-07,2024-07-08,0,WORK_COMPLETED,Corrective scope executed and checked.,Lubrication,Lubrication performed; post-work functional check within tolerance.,TRUE,2.71,1339.77,,Fiber Line,Drying,SYS-FL-DRY-LUB,Lubrication System,Lubrication Pump,B,TRUE,FALSE,FALSE,FALSE,FALSE,309,537,4,42,FALSE,R7,7,Defect,COMPLETED_CORRECTIVE_ACTION
N0000578,WO0000346,PLT-FL-DRY-HYD,P-DRY-HYD-01,2024-05-28,3,Operator Route,Drying - Operations,Sensory Route,Hydraulic header pressure oscillates under steady demand.,HYD_PRESS_INSTABILITY,HYD_PRESS_INSTABILITY,Hydraulics,Mechanical,DRY-MECHANICAL,Closed,2024-05-29,PM02,Completed,2024-06-29,2024-06-29,2024-06-29,2024-06-29,1,WORK_COMPLETED,Corrective scope executed and checked.,Component replacement,Component replacement performed; post-work functional check within tolerance.,TRUE,19.93,16410.62,,Fiber Line,Drying,SYS-FL-DRY-HYD,Hydraulic System,Hydraulic Pump,A,TRUE,FALSE,FALSE,FALSE,FALSE,,536,1,32,FALSE,R5,5,Defect,COMPLETED_CORRECTIVE_ACTION
N0000579,WO0000347,PLT-RU-UTL-AIR,M-UTL-AIR-01,2024-05-29,1,Operator Route,Utilities - Operations,Sensory Route,Lubricant level below normal mark.,LOW_LUBE_LEVEL,LOW_LUBE_LEVEL,Lubrication,,UTL-LUBRICATION,Closed,2024-05-31,CM01,Completed,2024-06-01,2024-06-01,2024-06-01,2024-06-01,0,WORK_COMPLETED,Corrective scope executed and checked.,Lubrication,Lubrication performed; post-work functional check within tolerance.,TRUE,2.01,993.56,,Recovery & Utilities,Utilities,SYS-RU-UTL-AIR,Compressed Air,Motor,A,TRUE,FALSE,FALSE,FALSE,FALSE,,535,2,3,FALSE,R1,1,Fault,COMPLETED_CORRECTIVE_ACTION
N0000580,,PLT-RU-UTL-CWT,PT-UTL-CWT-01,2024-05-29,3,Planned Inspection,Utilities - Inspection,Planned Inspection,Pressure response delayed during process change.,IMPULSE_LINE_RESTRICTION,IMPULSE_LINE_RESTRICTION,Instrumentation,,UTL-INSTRUMENTATION,Closed,,,,,,,,,NO_ACTION_REQUIRED,Notification dispositioned without corrective scope.,Inspection only,Field inspection completed; no corrective maintenance performed.,TRUE,1.77,308.10,,Recovery & Utilities,Utilities,SYS-RU-UTL-CWT,Cooling Water,Pressure Transmitter,B,FALSE,TRUE,TRUE,FALSE,FALSE,,535,,,FALSE,R7,7,Defect,CLOSED_CONFIRMED_WITHOUT_ORDER
N0000581,,PLT-RU-RB-STM,PV-RB-STM-01,2024-05-30,3,Operator Route,Recovery Boiler - Operations,Sensory Route,Valve feedback differs from demanded position.,POSITIONER_DEVIATION,POSITIONER_DEVIATION,Valves,,RB-VALVES,Closed,,,,,,,,,NO_ACTION_REQUIRED,Notification dispositioned without corrective scope.,Inspection only,Field inspection completed; no corrective maintenance performed.,TRUE,1.17,219.45,,Recovery & Utilities,Recovery Boiler,SYS-RU-RB-STM,Steam / Pressure Control,Control Valve,A,FALSE,TRUE,TRUE,FALSE,FALSE,,534,,,FALSE,R5,5,Defect,CLOSED_CONFIRMED_WITHOUT_ORDER
N0000582,WO0000348,PLT-RU-RB-BLF,FT-RB-BLF-01,2024-05-31,3,Planned Inspection,Recovery Boiler - Inspection,Planned Inspection,Indicated value drifts from independent reference.,SIGNAL_DRIFT,SIGNAL_DRIFT,Instrumentation,,RB-INSTRUMENTATION,Closed,2024-05-31,PM02,Completed,2024-08-02,2024-08-03,2024-08-02,2024-08-03,4,WORK_COMPLETED,Corrective scope executed and checked.,Calibration,Calibration performed; post-work functional check within tolerance.,TRUE,3.62,1066.87,,Recovery & Utilities,Recovery Boiler,SYS-RU-RB-BLF,Black Liquor Firing,Flow Transmitter,A,TRUE,FALSE,FALSE,FALSE,FALSE,,533,0,64,FALSE,R5,5,Defect,COMPLETED_CORRECTIVE_ACTION
N0000583,WO0000349,PLT-FL-WSH-SCR,P-WSH-SCR-01,2024-06-01,2,Condition Monitoring,Washing & Screening - Condition Monitoring,Predictive Route,Crackling noise and unstable suction pressure.,CAVITATION,CAVITATION,Mechanical,,WSH-MECHANICAL,Closed,2024-06-02,PM02,Completed,2024-07-10,2024-07-12,2024-07-10,2024-07-12,2,WORK_COMPLETED,Corrective scope executed and checked.,Cleaning,Cleaning performed; post-work functional check within tolerance.,TRUE,5.00,1323.71,,Fiber Line,Washing & Screening,SYS-FL-WSH-SCR,Screening,Pump,B,TRUE,FALSE,FALSE,FALSE,FALSE,512,532,1,41,FALSE,R4,4,Defect almost failure,COMPLETED_CORRECTIVE_ACTION
N0000584,WO0000350,PLT-RU-UTL-ELD,REL-UTL-ELD-01,2024-06-01,3,Maintenance Sensory Route,Utilities - Maintenance Route A,Sensory Route,Insulation test trending below reference.,INSULATION_DEGRADATION,INSULATION_DEGRADATION,Electrical,,UTL-ELECTRICAL,Closed,2024-06-02,PM02,Completed,2024-07-13,2024-07-14,2024-07-13,2024-07-14,3,WORK_COMPLETED,Corrective scope executed and checked.,Component replacement,Component replacement performed; post-work functional check within tolerance.,TRUE,28.08,27045.07,,Recovery & Utilities,Utilities,SYS-RU-UTL-ELD,Electrical Distribution,Protection Relay,A,TRUE,FALSE,FALSE,FALSE,FALSE,331,532,1,43,FALSE,R5,5,Defect,COMPLETED_CORRECTIVE_ACTION
N0000585,,PLT-RU-UTL-ELD,CB-UTL-ELD-01,2024-06-03,2,Planned Inspection,Utilities - Inspection,Planned Inspection,Control sequence response differs from approved logic.,CONTROL_SEQUENCE_DEVIATION,CONTROL_SEQUENCE_DEVIATION,Electrical,,UTL-ELECTRICAL,Closed,,,,,,,,,NO_ACTION_REQUIRED,Notification dispositioned without corrective scope.,Inspection only,Field inspection completed; no corrective maintenance performed.,FALSE,1.58,286.01,,Recovery & Utilities,Utilities,SYS-RU-UTL-ELD,Electrical Distribution,Circuit Breaker,A,FALSE,TRUE,FALSE,TRUE,FALSE,285,530,,,FALSE,R2,2,Defect almost failure,CLOSED_UNCONFIRMED_WITHOUT_ORDER
N0000586,WO0000351,PLT-FL-BLE-STW,FV-BLE-STW-01,2024-06-03,3,Operator Route,Bleaching - Operations,Sensory Route,Visible leakage at valve packing.,EXTERNAL_LEAKAGE,EXTERNAL_LEAKAGE,Instrumentation,,BLE-INSTRUMENTATION,Closed,2024-06-03,PM02,Completed,2024-07-24,2024-07-26,2024-07-24,2024-07-26,3,MONITOR_CONDITION,Condition recorded; continue observation without corrective work.,Inspection only,Inspected and recorded readings; no component correction performed.,TRUE,1.79,328.68,,Fiber Line,Bleaching,SYS-FL-BLE-STW,Stage Washing,Control Valve,B,TRUE,FALSE,FALSE,FALSE,FALSE,281,530,0,53,FALSE,R7,7,Defect,MONITOR_CONDITION
N0000587,,PLT-FL-DRY-HYD,PT-DRY-HYD-01,2024-06-03,3,Maintenance Sensory Route,Drying - Maintenance Route A,Sensory Route,Pressure response delayed during process change.,IMPULSE_LINE_RESTRICTION,IMPULSE_LINE_RESTRICTION,Instrumentation,,DRY-INSTRUMENTATION,Closed,,,,,,,,,NO_ACTION_REQUIRED,Notification dispositioned without corrective scope.,Inspection only,Field inspection completed; no corrective maintenance performed.,TRUE,1.40,283.30,,Fiber Line,Drying,SYS-FL-DRY-HYD,Hydraulic System,Pressure Transmitter,B,FALSE,TRUE,TRUE,FALSE,FALSE,264,530,,,FALSE,R7,7,Defect,CLOSED_CONFIRMED_WITHOUT_ORDER
N0000588,WO0000352,PLT-RU-LIM-LMF,M-LIM-LMF-01,2024-06-04,3,Maintenance Sensory Route,Lime Kiln - Maintenance Route A,Sensory Route,Motor bearing vibration above baseline.,MOTOR_BEARING_VIBRATION,MOTOR_BEARING_VIBRATION,Electrical,,LIM-ELECTRICAL,Closed,2024-06-09,PM02,Completed,2024-07-09,2024-07-10,2024-07-09,2024-07-10,1,WORK_COMPLETED,Corrective scope executed and checked.,Bearing replacement,Bearing replacement performed; post-work functional check within tolerance.,TRUE,20.03,12919.23,,Recovery & Utilities,Lime Kiln,SYS-RU-LIM-LMF,Lime Mud Feed,Motor,B,TRUE,FALSE,FALSE,FALSE,FALSE,454,529,5,36,FALSE,R7,7,Defect,COMPLETED_CORRECTIVE_ACTION
N0000589,WO0000353,PLT-RU-RB-FWS,P-RB-FWS-01,2024-06-04,1,Condition Monitoring,Recovery Boiler - Condition Monitoring,Predictive Route,Delivered flow below expected operating range.,LOW_FLOW,LOW_FLOW,Mechanical,,RB-MECHANICAL,Closed,2024-06-05,CM01,Completed,2024-06-08,2024-06-10,2024-06-08,2024-06-10,0,WORK_COMPLETED,Corrective scope executed and checked.,Cleaning,Cleaning performed; post-work functional check within tolerance.,TRUE,6.33,1866.24,,Recovery & Utilities,Recovery Boiler,SYS-RU-RB-FWS,Feedwater System,Pump,A,TRUE,FALSE,FALSE,FALSE,FALSE,399,529,1,6,FALSE,R1,1,Fault,COMPLETED_CORRECTIVE_ACTION
N0000590,,PLT-FL-WSH-SCR,P-WSH-SCR-01,2024-06-04,2,Maintenance Sensory Route,Washing & Screening - Maintenance Route A,Sensory Route,Oil sample shows elevated contamination.,OIL_CONTAMINATION,OIL_CONTAMINATION,Lubrication,,WSH-LUBRICATION,Closed,,,,,,,,,NO_DEFECT_FOUND,Inspection could not confirm the reported abnormality.,Inspection only,Field inspection completed; no corrective maintenance performed.,FALSE,1.63,273.25,,Fiber Line,Washing & Screening,SYS-FL-WSH-SCR,Screening,Pump,B,FALSE,TRUE,FALSE,TRUE,FALSE,,529,,,FALSE,R4,4,Defect almost failure,CLOSED_UNCONFIRMED_WITHOUT_ORDER
N0000591,WO0000354,PLT-RU-UTL-STM,TT-UTL-STM-01,2024-06-04,3,Operator Report,Utilities - Operations,,Intermittent signal dropout at stable process conditions.,INTERMITTENT_SIGNAL,INTERMITTENT_SIGNAL,Instrumentation,,UTL-INSTRUMENTATION,Closed,2024-06-06,PM02,Completed,2024-08-03,2024-08-04,2024-08-03,2024-08-04,1,WORK_COMPLETED,Corrective scope executed and checked.,Instrument replacement,Instrument replacement performed; post-work functional check within tolerance.,TRUE,4.77,3871.62,,Recovery & Utilities,Utilities,SYS-RU-UTL-STM,Steam Distribution,Temperature Transmitter,B,TRUE,FALSE,FALSE,FALSE,FALSE,372,529,2,61,FALSE,R7,7,Defect,COMPLETED_CORRECTIVE_ACTION
N0000592,,PLT-FL-DIG-IMP,P-DIG-IMP-01,2024-06-05,3,Operator Report,Digester - Operations,,Bearing temperature trending above baseline.,BEARING_TEMPERATURE,BEARING_TEMPERATURE,Mechanical,Lubrication,DIG-LUBRICATION,Closed,,,,,,,,,MONITOR_CONDITION,Condition recorded; continue observation without corrective work.,Inspection only,Field inspection completed; no corrective maintenance performed.,TRUE,1.68,315.62,,Fiber Line,Digester,SYS-FL-DIG-IMP,Impregnation,Pump,A,FALSE,TRUE,TRUE,FALSE,FALSE,,528,,,FALSE,R5,5,Defect,CLOSED_CONFIRMED_WITHOUT_ORDER
N0000593,,PLT-FL-BLE-TWR,LT-BLE-TWR-01,2024-06-06,3,Planned Inspection,Bleaching - Inspection,Planned Inspection,Measured output outside calibration tolerance.,CALIBRATION_DEVIATION,CALIBRATION_DEVIATION,Instrumentation,,BLE-INSTRUMENTATION,Closed,,,,,,,,,NO_ACTION_REQUIRED,Notification dispositioned without corrective scope.,Inspection only,Field inspection completed; no corrective maintenance performed.,TRUE,1.76,340.56,,Fiber Line,Bleaching,SYS-FL-BLE-TWR,Bleaching Towers,Level Transmitter,B,FALSE,TRUE,TRUE,FALSE,FALSE,,527,,,FALSE,R7,7,Defect,CLOSED_CONFIRMED_WITHOUT_ORDER
N0000594,WO0000355,PLT-RU-RB-STM,PV-RB-STM-01,2024-06-08,3,Planned Inspection,Recovery Boiler - Inspection,Planned Inspection,Valve travel sticks during small command changes.,VALVE_STICTION,VALVE_STICTION,Instrumentation,,RB-INSTRUMENTATION,Closed,2024-06-09,PM02,Cancelled,2024-07-09,2024-07-10,,,1,CANCELLED,Order cancelled after scope review; no execution recorded.,,,TRUE,1.68,339.71,,Recovery & Utilities,Recovery Boiler,SYS-RU-RB-STM,Steam / Pressure Control,Control Valve,A,TRUE,FALSE,FALSE,FALSE,FALSE,279,525,1,,FALSE,R5,5,Defect,CANCELLED
N0000595,WO0000356,PLT-FL-DRY-PMF,FV-DRY-PMF-01,2024-06-09,2,Maintenance Sensory Route,Drying - Maintenance Route A,Sensory Route,Valve travel sticks during small command changes.,VALVE_STICTION,VALVE_STICTION,Instrumentation,,DRY-INSTRUMENTATION,Closed,2024-06-14,PM02,Completed,2024-06-18,2024-06-19,2024-06-18,2024-06-19,0,MONITOR_CONDITION,Condition recorded; continue observation without corrective work.,Inspection only,Inspected and recorded readings; no component correction performed.,TRUE,1.10,258.46,,Fiber Line,Drying,SYS-FL-DRY-PMF,Pulp Machine Feed,Control Valve,A,TRUE,FALSE,FALSE,FALSE,FALSE,,524,5,10,FALSE,R2,2,Defect almost failure,MONITOR_CONDITION
N0000596,WO0000357,PLT-RU-RB-STM,TT-RB-STM-01,2024-06-10,3,Maintenance Sensory Route,Recovery Boiler - Maintenance Route A,Sensory Route,Indicated value drifts from independent reference.,SIGNAL_DRIFT,SIGNAL_DRIFT,Instrumentation,,RB-INSTRUMENTATION,Closed,2024-06-15,PM02,Completed,2024-08-10,2024-08-11,2024-08-10,2024-08-11,4,WORK_COMPLETED,Corrective scope executed and checked.,Calibration,Calibration performed; post-work functional check within tolerance.,TRUE,5.53,1630.40,,Recovery & Utilities,Recovery Boiler,SYS-RU-RB-STM,Steam / Pressure Control,Temperature Transmitter,B,TRUE,FALSE,FALSE,FALSE,FALSE,,523,5,62,FALSE,R7,7,Defect,COMPLETED_CORRECTIVE_ACTION
N0000597,WO0000358,PLT-RU-RB-FWS,M-RB-FWS-01,2024-06-11,2,Process Alarm,Recovery Boiler - Control Room,Process / Control Monitoring,Motor bearing vibration above baseline.,MOTOR_BEARING_VIBRATION,MOTOR_BEARING_VIBRATION,Condition Monitoring,,RB-CONDITION_MONITORING,Closed,2024-06-16,PM02,Completed,2024-07-26,2024-07-26,2024-07-26,2024-07-26,2,WORK_COMPLETED,Corrective scope executed and checked.,Bearing replacement,Bearing replacement performed; post-work functional check within tolerance.,TRUE,15.58,10046.33,,Recovery & Utilities,Recovery Boiler,SYS-RU-RB-FWS,Feedwater System,Motor,A,TRUE,FALSE,FALSE,FALSE,FALSE,,522,5,45,FALSE,R2,2,Defect almost failure,COMPLETED_CORRECTIVE_ACTION
N0000598,WO0000359,PLT-FL-DIG-CIR,M-DIG-CIR-01,2024-06-13,2,Condition Monitoring,Digester - Condition Monitoring,Predictive Route,Oil sample shows elevated contamination.,OIL_CONTAMINATION,OIL_CONTAMINATION,Lubrication,,DIG-LUBRICATION,Closed,2024-06-15,PM02,Completed,2024-06-24,2024-06-24,2024-06-24,2024-06-24,0,WORK_COMPLETED,Corrective scope executed and checked.,Lubrication,Lubrication performed; post-work functional check within tolerance.,TRUE,8.57,4383.13,,Fiber Line,Digester,SYS-FL-DIG-CIR,Cooking Circulation,Motor,A,TRUE,FALSE,FALSE,FALSE,FALSE,,520,2,11,FALSE,R2,2,Defect almost failure,COMPLETED_CORRECTIVE_ACTION
N0000599,WO0000360,PLT-RU-CAU-LMH,P-CAU-LMH-01,2024-06-13,3,Operator Route,Causticizing - Operations,Sensory Route,Oil condition test indicates degraded lubricant.,OIL_DEGRADATION,OIL_DEGRADATION,Lubrication,,CAU-LUBRICATION,Closed,2024-06-18,PM02,Completed,2024-07-24,2024-07-24,2024-07-24,2024-07-24,1,MONITOR_CONDITION,Condition recorded; continue observation without corrective work.,Inspection only,Inspected and recorded readings; no component correction performed.,TRUE,1.58,274.13,,Recovery & Utilities,Causticizing,SYS-RU-CAU-LMH,Lime Mud Handling,Pump,B,TRUE,FALSE,FALSE,FALSE,FALSE,,520,5,41,FALSE,R7,7,Defect,MONITOR_CONDITION
N0000600,,PLT-FL-DIG-DIS,P-DIG-DIS-01,2024-06-13,3,Condition Monitoring,Digester - Condition Monitoring,Predictive Route,Leakage at shaft seal.,SEAL_LEAKAGE,SEAL_LEAKAGE,Condition Monitoring,Mechanical,DIG-MECHANICAL,Closed,,,,,,,,,NO_ACTION_REQUIRED,Notification dispositioned without corrective scope.,Inspection only,Field inspection completed; no corrective maintenance performed.,TRUE,0.70,191.16,,Fiber Line,Digester,SYS-FL-DIG-DIS,Digester Discharge,Pump,A,FALSE,TRUE,TRUE,FALSE,FALSE,422,520,,,FALSE,R5,5,Defect,CLOSED_CONFIRMED_WITHOUT_ORDER
N0000601,WO0000361,PLT-RU-RB-SMT,AG-RB-SMT-01,2024-06-14,2,Maintenance Sensory Route,Recovery Boiler - Maintenance Route A,Sensory Route,Rotating assembly shows dominant once-per-revolution vibration.,IMBALANCE,IMBALANCE,Mechanical,,RB-MECHANICAL,Closed,2024-06-14,PM02,Completed,2024-07-05,2024-07-05,2024-07-05,2024-07-05,1,WORK_COMPLETED,Corrective scope executed and checked.,Adjustment,Adjustment performed; post-work functional check within tolerance.,TRUE,8.64,4276.10,,Recovery & Utilities,Recovery Boiler,SYS-RU-RB-SMT,Smelt Handling,Agitator,B,TRUE,FALSE,FALSE,FALSE,FALSE,,519,0,21,FALSE,R4,4,Defect almost failure,COMPLETED_CORRECTIVE_ACTION
N0000602,,PLT-RU-RB-SMT,LT-RB-SMT-01,2024-06-14,3,Operator Report,Recovery Boiler - Operations,,Indicated value drifts from independent reference.,SIGNAL_DRIFT,SIGNAL_DRIFT,Instrumentation,,RB-INSTRUMENTATION,Closed,,,,,,,,,MONITOR_CONDITION,Condition recorded; continue observation without corrective work.,Inspection only,Field inspection completed; no corrective maintenance performed.,TRUE,0.67,140.56,,Recovery & Utilities,Recovery Boiler,SYS-RU-RB-SMT,Smelt Handling,Level Transmitter,B,FALSE,TRUE,TRUE,FALSE,FALSE,271,519,,,FALSE,R7,7,Defect,CLOSED_CONFIRMED_WITHOUT_ORDER
N0000603,,PLT-RU-EVA-BLF,P-EVA-BLF-01,2024-06-15,3,Condition Monitoring,Evaporation - Condition Monitoring,Predictive Route,Leakage at shaft seal.,SEAL_LEAKAGE,SEAL_LEAKAGE,Condition Monitoring,,EVA-CONDITION_MONITORING,Closed,,,,,,,,,NO_ACTION_REQUIRED,Notification dispositioned without corrective scope.,Inspection only,Field inspection completed; no corrective maintenance performed.,TRUE,1.17,222.38,,Recovery & Utilities,Evaporation,SYS-RU-EVA-BLF,Black Liquor Feed,Pump,B,FALSE,TRUE,TRUE,FALSE,TRUE,160,518,,,FALSE,R7,7,Defect,CLOSED_CONFIRMED_WITHOUT_ORDER
N0000604,,PLT-RU-UTL-CWT,M-UTL-CWT-01,2024-06-16,3,Maintenance Sensory Route,Utilities - Maintenance Route A,Sensory Route,Motor temperature rising at normal load.,MOTOR_OVERHEATING,MOTOR_OVERHEATING,Condition Monitoring,,UTL-CONDITION_MONITORING,Closed,,,,,,,,,OPERATING_CONDITION,Observed response is within the current operating envelope.,Inspection only,Field inspection completed; no corrective maintenance performed.,FALSE,1.01,223.81,,Recovery & Utilities,Utilities,SYS-RU-UTL-CWT,Cooling Water,Motor,A,FALSE,TRUE,FALSE,TRUE,FALSE,420,517,,,FALSE,R5,5,Defect,CLOSED_UNCONFIRMED_WITHOUT_ORDER
N0000605,WO0000362,PLT-RU-RB-AIR,DV-RB-AIR-01,2024-06-20,1,Breakdown / Corrective,Recovery Boiler - Operations,,Mechanism travel is uneven with elevated resistance.,MECHANICAL_BINDING,MECHANICAL_BINDING,Mechanical,,RB-MECHANICAL,Closed,2024-06-21,CM01,Completed,2024-06-22,2024-06-22,2024-06-22,2024-06-22,0,WORK_COMPLETED,Corrective scope executed and checked.,Adjustment,Adjustment performed; post-work functional check within tolerance.,TRUE,5.34,1909.02,,Recovery & Utilities,Recovery Boiler,SYS-RU-RB-AIR,Combustion Air,Damper,A,TRUE,FALSE,FALSE,FALSE,FALSE,417,513,1,2,FALSE,R1,1,Fault,COMPLETED_CORRECTIVE_ACTION
N0000606,,PLT-FL-BLE-TWR,PV-BLE-TWR-01,2024-06-20,3,Planned Inspection,Bleaching - Inspection,Planned Inspection,Valve feedback differs from demanded position.,POSITIONER_DEVIATION,POSITIONER_DEVIATION,Instrumentation,,BLE-INSTRUMENTATION,Closed,,,,,,,,,OPERATING_CONDITION,Observed response is within the current operating envelope.,Inspection only,Field inspection completed; no corrective maintenance performed.,FALSE,0.80,167.29,,Fiber Line,Bleaching,SYS-FL-BLE-TWR,Bleaching Towers,Control Valve,B,FALSE,TRUE,FALSE,TRUE,FALSE,,513,,,FALSE,R7,7,Defect,CLOSED_UNCONFIRMED_WITHOUT_ORDER
N0000607,,PLT-FL-BLE-DOS,FV-BLE-DOS-01,2024-06-22,3,Maintenance Sensory Route,Bleaching - Maintenance Route A,Sensory Route,Actuator supply pressure decays while held.,ACTUATOR_LEAKAGE,ACTUATOR_LEAKAGE,Valves,,BLE-VALVES,Closed,,,,,,,,,NO_ACTION_REQUIRED,Notification dispositioned without corrective scope.,Inspection only,Field inspection completed; no corrective maintenance performed.,TRUE,1.64,317.13,,Fiber Line,Bleaching,SYS-FL-BLE-DOS,Chemical Dosing,Control Valve,B,FALSE,TRUE,TRUE,FALSE,TRUE,92,511,,,FALSE,R7,7,Defect,CLOSED_CONFIRMED_WITHOUT_ORDER
N0000608,,PLT-RU-UTL-PWT,M-UTL-PWT-01,2024-06-23,3,Planned Inspection,Utilities - Inspection,Planned Inspection,Insulation test trending below reference.,INSULATION_DEGRADATION,INSULATION_DEGRADATION,Electrical,,UTL-ELECTRICAL,Closed,,,,,,,,,NO_ACTION_REQUIRED,Notification dispositioned without corrective scope.,Inspection only,Field inspection completed; no corrective maintenance performed.,FALSE,0.39,132.72,,Recovery & Utilities,Utilities,SYS-RU-UTL-PWT,Process Water,Motor,B,FALSE,TRUE,FALSE,TRUE,TRUE,128,510,,,FALSE,R7,7,Defect,CLOSED_UNCONFIRMED_WITHOUT_ORDER
N0000609,WO0000363,PLT-RU-EVA-CIR,P-EVA-CIR-01,2024-06-24,3,Operator Route,Evaporation - Operations,Sensory Route,Bearing temperature trending above baseline.,BEARING_TEMPERATURE,BEARING_TEMPERATURE,Mechanical,,EVA-MECHANICAL,Closed,2024-06-29,PM02,Completed,2024-09-01,2024-09-01,2024-09-01,2024-09-01,2,WORK_COMPLETED,Corrective scope executed and checked.,Bearing replacement,Bearing replacement performed; post-work functional check within tolerance.,TRUE,18.96,13585.75,,Recovery & Utilities,Evaporation,SYS-RU-EVA-CIR,Evaporator Circulation,Pump,B,TRUE,FALSE,FALSE,FALSE,TRUE,51,509,5,69,FALSE,R7,7,Defect,COMPLETED_CORRECTIVE_ACTION
N0000610,WO0000364,PLT-RU-RB-SMT,LT-RB-SMT-01,2024-06-25,3,Process Alarm,Recovery Boiler - Control Room,Process / Control Monitoring,Control sequence response differs from approved logic.,CONTROL_SEQUENCE_DEVIATION,CONTROL_SEQUENCE_DEVIATION,Automation,,RB-AUTOMATION,Closed,2024-06-25,PM02,Completed,2024-10-16,2024-10-17,2024-10-16,2024-10-17,6,WORK_COMPLETED,Corrective scope executed and checked.,Control logic correction,Control logic correction performed; post-work functional check within tolerance.,TRUE,7.74,2283.88,,Recovery & Utilities,Recovery Boiler,SYS-RU-RB-SMT,Smelt Handling,Level Transmitter,B,TRUE,FALSE,FALSE,FALSE,FALSE,,508,0,114,FALSE,R7,7,Defect,COMPLETED_CORRECTIVE_ACTION
N0000611,WO0000365,PLT-RU-UTL-CWT,FV-UTL-CWT-01,2024-06-26,2,Maintenance Sensory Route,Utilities - Maintenance Route A,Sensory Route,Valve travel sticks during small command changes.,VALVE_STICTION,VALVE_STICTION,Instrumentation,,UTL-INSTRUMENTATION,Closed,2024-06-29,PM02,Completed,2024-07-08,2024-07-10,2024-07-08,2024-07-10,0,WORK_COMPLETED,Corrective scope executed and checked.,Valve overhaul,Valve overhaul performed; post-work functional check within tolerance.,TRUE,19.40,15744.12,,Recovery & Utilities,Utilities,SYS-RU-UTL-CWT,Cooling Water,Control Valve,B,TRUE,FALSE,FALSE,FALSE,FALSE,,507,3,14,FALSE,R4,4,Defect almost failure,COMPLETED_CORRECTIVE_ACTION
N0000612,,PLT-FL-DIG-BLC,PV-DIG-BLC-01,2024-06-26,3,Operator Report,Digester - Operations,,Valve travel sticks during small command changes.,VALVE_STICTION,VALVE_STICTION,Valves,,DIG-VALVES,Closed,,,,,,,,,NO_ACTION_REQUIRED,Notification dispositioned without corrective scope.,Inspection only,Field inspection completed; no corrective maintenance performed.,TRUE,1.84,323.18,,Fiber Line,Digester,SYS-FL-DIG-BLC,Blow / Pressure Control,Control Valve,A,FALSE,TRUE,TRUE,FALSE,FALSE,,507,,,FALSE,R5,5,Defect,CLOSED_CONFIRMED_WITHOUT_ORDER
N0000613,WO0000366,PLT-FL-DIG-BLC,PSHH-DIG-BLC-01,2024-06-27,2,Operator Route,Digester - Operations,Sensory Route,Measured output outside calibration tolerance.,CALIBRATION_DEVIATION,CALIBRATION_DEVIATION,Instrumentation,,DIG-INSTRUMENTATION,Closed,2024-07-02,PM02,Completed,2024-08-19,2024-08-21,2024-08-19,2024-08-21,3,WORK_COMPLETED,Corrective scope executed and checked.,Calibration,Calibration performed; post-work functional check within tolerance.,TRUE,4.93,1453.36,,Fiber Line,Digester,SYS-FL-DIG-BLC,Blow / Pressure Control,Pressure Switch,A,TRUE,FALSE,FALSE,FALSE,FALSE,304,506,5,55,FALSE,R2,2,Defect almost failure,COMPLETED_CORRECTIVE_ACTION
N0000614,WO0000367,PLT-FL-DIG-BLC,PV-DIG-BLC-01,2024-06-27,2,Maintenance Sensory Route,Digester - Maintenance Route A,Sensory Route,Valve feedback differs from demanded position.,POSITIONER_DEVIATION,POSITIONER_DEVIATION,Valves,,DIG-VALVES,Closed,2024-06-27,PM02,Completed,2024-07-03,2024-07-05,2024-07-03,2024-07-05,0,WORK_COMPLETED,Corrective scope executed and checked.,Calibration,Calibration performed; post-work functional check within tolerance.,TRUE,2.78,890.28,,Fiber Line,Digester,SYS-FL-DIG-BLC,Blow / Pressure Control,Control Valve,A,TRUE,FALSE,FALSE,FALSE,FALSE,,506,0,8,FALSE,R2,2,Defect almost failure,COMPLETED_CORRECTIVE_ACTION
N0000615,WO0000368,PLT-FL-DRY-FOR,M-DRY-FOR-01,2024-06-30,3,Operator Report,Drying - Operations,,Localized heating at electrical connection.,TERMINAL_HEATING,TERMINAL_HEATING,Electrical,,DRY-ELECTRICAL,Closed,2024-06-30,PM02,Completed,2024-09-05,2024-09-07,2024-09-05,2024-09-07,2,WORK_COMPLETED,Corrective scope executed and checked.,Tightening,Tightening performed; post-work functional check within tolerance.,TRUE,2.84,696.15,,Fiber Line,Drying,SYS-FL-DRY-FOR,Forming Section,Motor,A,TRUE,FALSE,FALSE,FALSE,FALSE,266,503,0,69,FALSE,R5,5,Defect,COMPLETED_CORRECTIVE_ACTION
N0000616,,PLT-FL-DRY-LUB,P-DRY-LUB-01,2024-06-30,3,Maintenance Sensory Route,Drying - Maintenance Route A,Sensory Route,Lubrication supply pressure below normal range.,LOW_LUBE_PRESSURE,LOW_LUBE_PRESSURE,Condition Monitoring,,DRY-CONDITION_MONITORING,Closed,,,,,,,,,OPERATING_CONDITION,Observed response is within the current operating envelope.,Inspection only,Field inspection completed; no corrective maintenance performed.,FALSE,0.48,134.62,,Fiber Line,Drying,SYS-FL-DRY-LUB,Lubrication System,Lubrication Pump,B,FALSE,TRUE,FALSE,TRUE,FALSE,413,503,,,FALSE,R7,7,Defect,CLOSED_UNCONFIRMED_WITHOUT_ORDER
N0000617,,PLT-RU-UTL-ELD,REL-UTL-ELD-01,2024-07-01,3,Maintenance Sensory Route,Utilities - Maintenance Route A,Sensory Route,Localized heating at electrical connection.,TERMINAL_HEATING,TERMINAL_HEATING,Electrical,,UTL-ELECTRICAL,Closed,,,,,,,,,OPERATING_CONDITION,Observed response is within the current operating envelope.,Inspection only,Field inspection completed; no corrective maintenance performed.,FALSE,0.62,137.67,,Recovery & Utilities,Utilities,SYS-RU-UTL-ELD,Electrical Distribution,Protection Relay,A,FALSE,TRUE,FALSE,TRUE,FALSE,314,502,,,FALSE,R5,5,Defect,CLOSED_UNCONFIRMED_WITHOUT_ORDER
N0000618,WO0000369,PLT-RU-EVA-CIR,PT-EVA-CIR-01,2024-07-03,3,Operator Route,Evaporation - Operations,Sensory Route,Control sequence response differs from approved logic.,CONTROL_SEQUENCE_DEVIATION,CONTROL_SEQUENCE_DEVIATION,Automation,,EVA-AUTOMATION,Closed,2024-07-04,PM02,Completed,2024-08-07,2024-08-09,2024-08-07,2024-08-09,0,WORK_COMPLETED,Corrective scope executed and checked.,Control logic correction,Control logic correction performed; post-work functional check within tolerance.,TRUE,6.34,1869.30,,Recovery & Utilities,Evaporation,SYS-RU-EVA-CIR,Evaporator Circulation,Pressure Transmitter,C,TRUE,FALSE,FALSE,FALSE,FALSE,,500,1,37,FALSE,R9,9,Defect,COMPLETED_CORRECTIVE_ACTION
N0000619,WO0000370,PLT-FL-DIG-BLC,PT-DIG-BLC-01,2024-07-04,2,Maintenance Sensory Route,Digester - Maintenance Route A,Sensory Route,Pressure response delayed during process change.,IMPULSE_LINE_RESTRICTION,IMPULSE_LINE_RESTRICTION,Instrumentation,,DIG-INSTRUMENTATION,Closed,2024-07-08,PM02,Completed,2024-07-15,2024-07-15,2024-07-15,2024-07-15,0,WORK_COMPLETED,Corrective scope executed and checked.,Cleaning,Cleaning performed; post-work functional check within tolerance.,TRUE,3.32,881.01,,Fiber Line,Digester,SYS-FL-DIG-BLC,Blow / Pressure Control,Pressure Transmitter,A,TRUE,FALSE,FALSE,FALSE,TRUE,115,499,4,11,FALSE,R2,2,Defect almost failure,COMPLETED_CORRECTIVE_ACTION
N0000620,,PLT-FL-WSH-BSW,DRV-WSH-BSW-01,2024-07-06,3,Maintenance Sensory Route,Washing & Screening - Maintenance Route A,Sensory Route,Rotating assembly shows dominant once-per-revolution vibration.,IMBALANCE,IMBALANCE,Mechanical,,WSH-MECHANICAL,Closed,,,,,,,,,NO_DEFECT_FOUND,Inspection could not confirm the reported abnormality.,Inspection only,Field inspection completed; no corrective maintenance performed.,FALSE,0.91,199.37,,Fiber Line,Washing & Screening,SYS-FL-WSH-BSW,Brownstock Washing,Drive,B,FALSE,TRUE,FALSE,TRUE,FALSE,368,497,,,FALSE,R7,7,Defect,CLOSED_UNCONFIRMED_WITHOUT_ORDER
N0000621,,PLT-FL-WSH-FIL,FV-WSH-FIL-01,2024-07-06,3,Maintenance Sensory Route,Washing & Screening - Maintenance Route A,Sensory Route,Valve travel sticks during small command changes.,VALVE_STICTION,VALVE_STICTION,Instrumentation,,WSH-INSTRUMENTATION,Closed,,,,,,,,,NO_ACTION_REQUIRED,Notification dispositioned without corrective scope.,Inspection only,Field inspection completed; no corrective maintenance performed.,TRUE,1.96,347.09,,Fiber Line,Washing & Screening,SYS-FL-WSH-FIL,Filtrate System,Control Valve,C,FALSE,TRUE,TRUE,FALSE,FALSE,,497,,,FALSE,R9,9,Defect,CLOSED_CONFIRMED_WITHOUT_ORDER
N0000622,WO0000371,PLT-RU-CAU-REA,LT-CAU-REA-01,2024-07-07,3,Planned Inspection,Causticizing - Inspection,Planned Inspection,Intermittent signal dropout at stable process conditions.,INTERMITTENT_SIGNAL,INTERMITTENT_SIGNAL,Instrumentation,,CAU-INSTRUMENTATION,Closed,2024-07-07,PM02,Completed,2024-08-11,2024-08-13,2024-08-11,2024-08-13,0,WORK_COMPLETED,Corrective scope executed and checked.,Instrument replacement,Instrument replacement performed; post-work functional check within tolerance.,TRUE,4.22,3425.61,,Recovery & Utilities,Causticizing,SYS-RU-CAU-REA,Causticizing Reactors,Level Transmitter,B,TRUE,FALSE,FALSE,FALSE,FALSE,,496,0,37,FALSE,R7,7,Defect,COMPLETED_CORRECTIVE_ACTION
N0000623,WO0000372,PLT-RU-UTL-PWT,M-UTL-PWT-01,2024-07-07,3,Operator Report,Utilities - Operations,,Localized heating at electrical connection.,TERMINAL_HEATING,TERMINAL_HEATING,Electrical,,UTL-ELECTRICAL,Closed,2024-07-11,PM02,Completed,2024-09-01,2024-09-01,2024-09-01,2024-09-01,2,WORK_COMPLETED,Corrective scope executed and checked.,Tightening,Tightening performed; post-work functional check within tolerance.,TRUE,4.06,995.66,,Recovery & Utilities,Utilities,SYS-RU-UTL-PWT,Process Water,Motor,B,TRUE,FALSE,FALSE,FALSE,FALSE,,496,4,56,FALSE,R7,7,Defect,COMPLETED_CORRECTIVE_ACTION
N0000624,WO0000373,PLT-RU-RB-STM,PT-RB-STM-01,2024-07-09,3,Operator Report,Recovery Boiler - Operations,,Intermittent signal dropout at stable process conditions.,INTERMITTENT_SIGNAL,INTERMITTENT_SIGNAL,Automation,,RB-AUTOMATION,Closed,2024-07-13,PM02,Completed,2024-09-16,2024-09-17,2024-09-16,2024-09-17,2,WORK_COMPLETED,Corrective scope executed and checked.,Instrument replacement,Instrument replacement performed; post-work functional check within tolerance.,TRUE,8.33,6763.90,,Recovery & Utilities,Recovery Boiler,SYS-RU-RB-STM,Steam / Pressure Control,Pressure Transmitter,A,TRUE,FALSE,FALSE,FALSE,FALSE,,494,4,70,FALSE,R5,5,Defect,COMPLETED_CORRECTIVE_ACTION
N0000625,,PLT-FL-DRY-DRS,TT-DRY-DRS-01,2024-07-09,3,Planned Inspection,Drying - Inspection,Planned Inspection,Intermittent signal dropout at stable process conditions.,INTERMITTENT_SIGNAL,INTERMITTENT_SIGNAL,Automation,,DRY-AUTOMATION,Closed,,,,,,,,,MONITOR_CONDITION,Condition recorded; continue observation without corrective work.,Inspection only,Field inspection completed; no corrective maintenance performed.,TRUE,0.75,145.51,,Fiber Line,Drying,SYS-FL-DRY-DRS,Dryer Section,Temperature Transmitter,B,FALSE,TRUE,TRUE,FALSE,FALSE,239,494,,,FALSE,R7,7,Defect,CLOSED_CONFIRMED_WITHOUT_ORDER
N0000626,WO0000374,PLT-RU-UTL-AIR,CMP-UTL-AIR-01,2024-07-10,3,Operator Route,Utilities - Operations,Sensory Route,Oil condition test indicates degraded lubricant.,OIL_DEGRADATION,OIL_DEGRADATION,Lubrication,,UTL-LUBRICATION,Closed,2024-07-15,PM02,Completed,2024-08-16,2024-08-18,2024-08-16,2024-08-18,0,WORK_COMPLETED,Corrective scope executed and checked.,Lubrication,Lubrication performed; post-work functional check within tolerance.,TRUE,4.71,2648.07,,Recovery & Utilities,Utilities,SYS-RU-UTL-AIR,Compressed Air,Compressor,A,TRUE,FALSE,FALSE,FALSE,FALSE,,493,5,39,FALSE,R5,5,Defect,COMPLETED_CORRECTIVE_ACTION
N0000627,WO0000375,PLT-RU-CAU-GLC,M-CAU-GLC-01,2024-07-11,3,Process Alarm,Causticizing - Control Room,Process / Control Monitoring,Insulation test trending below reference.,INSULATION_DEGRADATION,INSULATION_DEGRADATION,Electrical,,CAU-ELECTRICAL,Closed,2024-07-15,PM02,Completed,2024-09-03,2024-09-04,2024-09-03,2024-09-04,1,WORK_COMPLETED,Corrective scope executed and checked.,Component replacement,Component replacement performed; post-work functional check within tolerance.,TRUE,14.78,14233.24,,Recovery & Utilities,Causticizing,SYS-RU-CAU-GLC,Green Liquor Clarification,Motor,B,TRUE,FALSE,FALSE,FALSE,FALSE,,492,4,55,FALSE,R7,7,Defect,COMPLETED_CORRECTIVE_ACTION
N0000628,WO0000376,PLT-FL-WSH-KNR,SCR-WSH-KNR-01,2024-07-12,2,Planned Inspection,Washing & Screening - Inspection,Planned Inspection,Process differential pressure above normal operating range.,PROCESS_RESTRICTION,PROCESS_RESTRICTION,Mechanical,,WSH-MECHANICAL,Closed,2024-07-14,PM02,Completed,2024-08-01,2024-08-01,2024-08-01,2024-08-01,0,WORK_COMPLETED,Corrective scope executed and checked.,Cleaning,Cleaning performed; post-work functional check within tolerance.,TRUE,14.91,4696.65,,Fiber Line,Washing & Screening,SYS-FL-WSH-KNR,Knot Removal,Separator,B,TRUE,FALSE,FALSE,FALSE,FALSE,250,491,2,20,FALSE,R4,4,Defect almost failure,COMPLETED_CORRECTIVE_ACTION
N0000629,WO0000377,PLT-FL-WSH-SCR,SCR-WSH-SCR-01,2024-07-12,2,Operator Route,Washing & Screening - Operations,Sensory Route,Oil condition test indicates degraded lubricant.,OIL_DEGRADATION,OIL_DEGRADATION,Lubrication,,WSH-LUBRICATION,Closed,2024-07-14,PM02,Completed,2024-08-16,2024-08-16,2024-08-16,2024-08-16,2,MONITOR_CONDITION,Condition recorded; continue observation without corrective work.,Inspection only,Inspected and recorded readings; no component correction performed.,TRUE,1.91,334.61,,Fiber Line,Washing & Screening,SYS-FL-WSH-SCR,Screening,Screen,B,TRUE,FALSE,FALSE,FALSE,FALSE,,491,2,35,FALSE,R4,4,Defect almost failure,MONITOR_CONDITION
N0000630,,PLT-FL-DRY-SHT,ENC-DRY-SHT-01,2024-07-14,3,Planned Inspection,Drying - Inspection,Planned Inspection,Intermittent signal dropout at stable process conditions.,INTERMITTENT_SIGNAL,INTERMITTENT_SIGNAL,Automation,,DRY-AUTOMATION,Closed,,,,,,,,,NO_ACTION_REQUIRED,Notification dispositioned without corrective scope.,Inspection only,Field inspection completed; no corrective maintenance performed.,FALSE,0.69,156.83,,Fiber Line,Drying,SYS-FL-DRY-SHT,Sheet Handling / Cutter,Encoder,B,FALSE,TRUE,FALSE,TRUE,FALSE,476,489,,,FALSE,R7,7,Defect,CLOSED_UNCONFIRMED_WITHOUT_ORDER
N0000631,,PLT-FL-DIG-BLC,PV-DIG-BLC-01,2024-07-15,2,Process Alarm,Digester - Control Room,Process / Control Monitoring,Valve travel sticks during small command changes.,VALVE_STICTION,VALVE_STICTION,Valves,,DIG-VALVES,Closed,,,,,,,,,MONITOR_CONDITION,Condition recorded; continue observation without corrective work.,Inspection only,Field inspection completed; no corrective maintenance performed.,TRUE,1.87,369.51,,Fiber Line,Digester,SYS-FL-DIG-BLC,Blow / Pressure Control,Control Valve,A,FALSE,TRUE,TRUE,FALSE,TRUE,19,488,,,FALSE,R2,2,Defect almost failure,CLOSED_CONFIRMED_WITHOUT_ORDER
N0000632,WO0000378,PLT-FL-WSH-KNR,SCR-WSH-KNR-01,2024-07-15,1,Planned Inspection,Washing & Screening - Inspection,Planned Inspection,Mechanism travel is uneven with elevated resistance.,MECHANICAL_BINDING,MECHANICAL_BINDING,Mechanical,,WSH-MECHANICAL,Closed,2024-07-16,CM01,Completed,2024-07-19,2024-07-21,2024-07-19,2024-07-21,0,WORK_COMPLETED,Corrective scope executed and checked.,Adjustment,Adjustment performed; post-work functional check within tolerance.,TRUE,10.90,3895.59,,Fiber Line,Washing & Screening,SYS-FL-WSH-KNR,Knot Removal,Separator,B,TRUE,FALSE,FALSE,FALSE,TRUE,161,488,1,6,FALSE,R3,3,Fault,COMPLETED_CORRECTIVE_ACTION
N0000633,WO0000379,PLT-FL-DIG-DIS,P-DIG-DIS-01,2024-07-16,3,Operator Report,Digester - Operations,,Delivered flow below expected operating range.,LOW_FLOW,LOW_FLOW,Mechanical,,DIG-MECHANICAL,Closed,2024-07-21,PM02,Completed,2024-08-19,2024-08-20,2024-08-19,2024-08-20,1,WORK_COMPLETED,Corrective scope executed and checked.,Cleaning,Cleaning performed; post-work functional check within tolerance.,TRUE,5.39,1591.26,,Fiber Line,Digester,SYS-FL-DIG-DIS,Digester Discharge,Pump,A,TRUE,FALSE,FALSE,FALSE,FALSE,558,487,5,35,FALSE,R5,5,Defect,COMPLETED_CORRECTIVE_ACTION
N0000634,WO0000380,PLT-FL-DRY-PMF,P-DRY-PMF-01,2024-07-17,3,Maintenance Sensory Route,Drying - Maintenance Route A,Sensory Route,Crackling noise and unstable suction pressure.,CAVITATION,CAVITATION,Mechanical,,DRY-MECHANICAL,Closed,2024-07-20,PM02,Completed,2024-08-16,2024-08-17,2024-08-16,2024-08-17,0,WORK_COMPLETED,Corrective scope executed and checked.,Cleaning,Cleaning performed; post-work functional check within tolerance.,TRUE,5.08,1345.06,,Fiber Line,Drying,SYS-FL-DRY-PMF,Pulp Machine Feed,Pump,A,TRUE,FALSE,FALSE,FALSE,FALSE,,486,3,31,FALSE,R5,5,Defect,COMPLETED_CORRECTIVE_ACTION
N0000635,WO0000381,PLT-RU-UTL-BFW,P-UTL-BFW-01,2024-07-19,2,Operator Route,Utilities - Operations,Sensory Route,Leakage at shaft seal.,SEAL_LEAKAGE,SEAL_LEAKAGE,Mechanical,,UTL-MECHANICAL,Closed,2024-07-24,PM02,Completed,2024-08-01,2024-08-01,2024-08-01,2024-08-01,0,WORK_COMPLETED,Corrective scope executed and checked.,Seal replacement,Seal replacement performed; post-work functional check within tolerance.,TRUE,7.15,5328.50,,Recovery & Utilities,Utilities,SYS-RU-UTL-BFW,Boiler Feedwater,Pump,A,TRUE,FALSE,FALSE,FALSE,FALSE,299,484,5,13,FALSE,R2,2,Defect almost failure,COMPLETED_CORRECTIVE_ACTION
N0000636,WO0000382,PLT-RU-LIM-BRN,FT-LIM-BRN-01,2024-07-20,3,Operator Route,Lime Kiln - Operations,Sensory Route,Intermittent signal dropout at stable process conditions.,INTERMITTENT_SIGNAL,INTERMITTENT_SIGNAL,Instrumentation,,LIM-INSTRUMENTATION,Closed,2024-07-22,PM02,Completed,2024-08-24,2024-08-25,2024-08-24,2024-08-25,0,WORK_COMPLETED,Corrective scope executed and checked.,Instrument replacement,Instrument replacement performed; post-work functional check within tolerance.,TRUE,4.66,3779.25,,Recovery & Utilities,Lime Kiln,SYS-RU-LIM-BRN,Burner System,Flow Transmitter,B,TRUE,FALSE,FALSE,FALSE,TRUE,70,483,2,36,FALSE,R7,7,Defect,COMPLETED_CORRECTIVE_ACTION
N0000637,WO0000383,PLT-RU-EVA-VAC,PT-EVA-VAC-01,2024-07-22,3,Maintenance Sensory Route,Evaporation - Maintenance Route A,Sensory Route,Control sequence response differs from approved logic.,CONTROL_SEQUENCE_DEVIATION,CONTROL_SEQUENCE_DEVIATION,Automation,Instrumentation,EVA-INSTRUMENTATION,Closed,2024-07-22,PM02,Completed,2024-09-16,2024-09-18,2024-09-16,2024-09-18,2,WORK_COMPLETED,Corrective scope executed and checked.,Control logic correction,Control logic correction performed; post-work functional check within tolerance.,TRUE,8.95,2639.05,,Recovery & Utilities,Evaporation,SYS-RU-EVA-VAC,Vacuum System,Pressure Transmitter,B,TRUE,FALSE,FALSE,FALSE,FALSE,,481,0,58,FALSE,R7,7,Defect,COMPLETED_CORRECTIVE_ACTION
N0000638,,PLT-RU-RB-STM,PSHH-RB-STM-01,2024-07-24,3,Operator Report,Recovery Boiler - Operations,,Control sequence response differs from approved logic.,CONTROL_SEQUENCE_DEVIATION,CONTROL_SEQUENCE_DEVIATION,Automation,,RB-AUTOMATION,Closed,,,,,,,,,NO_DEFECT_FOUND,Inspection could not confirm the reported abnormality.,Inspection only,Field inspection completed; no corrective maintenance performed.,FALSE,1.90,328.75,,Recovery & Utilities,Recovery Boiler,SYS-RU-RB-STM,Steam / Pressure Control,Pressure Switch,A,FALSE,TRUE,FALSE,TRUE,FALSE,509,479,,,FALSE,R5,5,Defect,CLOSED_UNCONFIRMED_WITHOUT_ORDER
N0000639,,PLT-FL-BLE-TWR,LT-BLE-TWR-01,2024-07-28,3,Planned Inspection,Bleaching - Inspection,Planned Inspection,Intermittent signal dropout at stable process conditions.,INTERMITTENT_SIGNAL,INTERMITTENT_SIGNAL,Instrumentation,,BLE-INSTRUMENTATION,Closed,,,,,,,,,NO_DEFECT_FOUND,Inspection could not confirm the reported abnormality.,Inspection only,Field inspection completed; no corrective maintenance performed.,FALSE,0.61,130.43,,Fiber Line,Bleaching,SYS-FL-BLE-TWR,Bleaching Towers,Level Transmitter,B,FALSE,TRUE,FALSE,TRUE,FALSE,220,475,,,FALSE,R7,7,Defect,CLOSED_UNCONFIRMED_WITHOUT_ORDER
N0000640,,PLT-FL-DRY-PMF,FT-DRY-PMF-01,2024-07-29,2,Operator Route,Drying - Operations,Sensory Route,Measured output outside calibration tolerance.,CALIBRATION_DEVIATION,CALIBRATION_DEVIATION,Instrumentation,,DRY-INSTRUMENTATION,Closed,,,,,,,,,NO_DEFECT_FOUND,Inspection could not confirm the reported abnormality.,Inspection only,Field inspection completed; no corrective maintenance performed.,FALSE,0.64,143.43,,Fiber Line,Drying,SYS-FL-DRY-PMF,Pulp Machine Feed,Flow Transmitter,B,FALSE,TRUE,FALSE,TRUE,FALSE,390,474,,,FALSE,R4,4,Defect almost failure,CLOSED_UNCONFIRMED_WITHOUT_ORDER
N0000641,WO0000384,PLT-RU-RB-FWS,M-RB-FWS-01,2024-07-29,2,Planned Inspection,Recovery Boiler - Inspection,Planned Inspection,Insulation test trending below reference.,INSULATION_DEGRADATION,INSULATION_DEGRADATION,Electrical,,RB-ELECTRICAL,Closed,2024-07-31,PM02,Completed,2024-08-15,2024-08-16,2024-08-15,2024-08-16,0,WORK_COMPLETED,Corrective scope executed and checked.,Component replacement,Component replacement performed; post-work functional check within tolerance.,TRUE,16.92,16300.76,,Recovery & Utilities,Recovery Boiler,SYS-RU-RB-FWS,Feedwater System,Motor,A,TRUE,FALSE,FALSE,FALSE,FALSE,,474,2,18,FALSE,R2,2,Defect almost failure,COMPLETED_CORRECTIVE_ACTION
N0000642,WO0000385,PLT-RU-EVA-VAC,VAC-EVA-VAC-01,2024-07-30,2,Operator Report,Evaporation - Operations,,Mechanism travel is uneven with elevated resistance.,MECHANICAL_BINDING,MECHANICAL_BINDING,Mechanical,,EVA-MECHANICAL,Closed,2024-08-04,PM02,Completed,2024-09-21,2024-09-22,2024-09-21,2024-09-22,3,MONITOR_CONDITION,Condition recorded; continue observation without corrective work.,Inspection only,Inspected and recorded readings; no component correction performed.,TRUE,1.28,272.14,,Recovery & Utilities,Evaporation,SYS-RU-EVA-VAC,Vacuum System,Vacuum System,B,TRUE,FALSE,FALSE,FALSE,FALSE,539,473,5,54,FALSE,R4,4,Defect almost failure,MONITOR_CONDITION
N0000643,,PLT-FL-BLE-STW,M-BLE-STW-01,2024-08-02,3,Maintenance Sensory Route,Bleaching - Maintenance Route A,Sensory Route,Insulation test trending below reference.,INSULATION_DEGRADATION,INSULATION_DEGRADATION,Electrical,,BLE-ELECTRICAL,Closed,,,,,,,,,MONITOR_CONDITION,Condition recorded; continue observation without corrective work.,Inspection only,Field inspection completed; no corrective maintenance performed.,TRUE,1.10,240.86,,Fiber Line,Bleaching,SYS-FL-BLE-STW,Stage Washing,Motor,B,FALSE,TRUE,TRUE,FALSE,FALSE,534,470,,,FALSE,R7,7,Defect,CLOSED_CONFIRMED_WITHOUT_ORDER
N0000644,,PLT-FL-DIG-DIS,XV-DIG-DIS-01,2024-08-04,2,Maintenance Sensory Route,Digester - Maintenance Route A,Sensory Route,Visible leakage at valve packing.,EXTERNAL_LEAKAGE,EXTERNAL_LEAKAGE,Valves,,DIG-VALVES,Closed,,,,,,,,,MONITOR_CONDITION,Condition recorded; continue observation without corrective work.,Inspection only,Field inspection completed; no corrective maintenance performed.,TRUE,0.98,231.47,,Fiber Line,Digester,SYS-FL-DIG-DIS,Digester Discharge,On/Off Valve,A,FALSE,TRUE,TRUE,FALSE,FALSE,,468,,,FALSE,R2,2,Defect almost failure,CLOSED_CONFIRMED_WITHOUT_ORDER
N0000645,,PLT-RU-CAU-LMH,LT-CAU-LMH-01,2024-08-05,2,Maintenance Sensory Route,Causticizing - Maintenance Route A,Sensory Route,Indicated value drifts from independent reference.,SIGNAL_DRIFT,SIGNAL_DRIFT,Instrumentation,,CAU-INSTRUMENTATION,Closed,,,,,,,,,NO_DEFECT_FOUND,Inspection could not confirm the reported abnormality.,Inspection only,Field inspection completed; no corrective maintenance performed.,FALSE,0.76,170.51,,Recovery & Utilities,Causticizing,SYS-RU-CAU-LMH,Lime Mud Handling,Level Transmitter,C,FALSE,TRUE,FALSE,TRUE,FALSE,209,467,,,FALSE,R8,8,Defect almost failure,CLOSED_UNCONFIRMED_WITHOUT_ORDER
N0000646,WO0000386,PLT-FL-DIG-IMP,P-DIG-IMP-01,2024-08-05,2,Process Alarm,Digester - Control Room,Process / Control Monitoring,Bearing temperature trending above baseline.,BEARING_TEMPERATURE,BEARING_TEMPERATURE,Mechanical,,DIG-MECHANICAL,Closed,2024-08-08,PM02,Completed,2024-08-30,2024-08-31,2024-08-30,2024-08-31,1,WORK_COMPLETED,Corrective scope executed and checked.,Bearing replacement,Bearing replacement performed; post-work functional check within tolerance.,TRUE,20.38,14602.71,,Fiber Line,Digester,SYS-FL-DIG-IMP,Impregnation,Pump,A,TRUE,FALSE,FALSE,FALSE,TRUE,61,467,3,26,FALSE,R2,2,Defect almost failure,COMPLETED_CORRECTIVE_ACTION
N0000647,WO0000387,PLT-FL-DRY-LUB,P-DRY-LUB-01,2024-08-05,2,Maintenance Sensory Route,Drying - Maintenance Route A,Sensory Route,Oil condition test indicates degraded lubricant.,OIL_DEGRADATION,OIL_DEGRADATION,Lubrication,Mechanical,DRY-MECHANICAL,Closed,2024-08-06,PM02,Completed,2024-09-11,2024-09-12,2024-09-11,2024-09-12,1,WORK_COMPLETED,Corrective scope executed and checked.,Lubrication,Lubrication performed; post-work functional check within tolerance.,TRUE,7.28,4087.47,,Fiber Line,Drying,SYS-FL-DRY-LUB,Lubrication System,Lubrication Pump,B,TRUE,FALSE,FALSE,FALSE,FALSE,,467,1,38,FALSE,R4,4,Defect almost failure,COMPLETED_CORRECTIVE_ACTION
N0000648,WO0000388,PLT-RU-RB-SMT,P-RB-SMT-01,2024-08-06,2,Condition Monitoring,Recovery Boiler - Condition Monitoring,Predictive Route,Bearing temperature trending above baseline.,BEARING_TEMPERATURE,BEARING_TEMPERATURE,Mechanical,,RB-MECHANICAL,Closed,2024-08-08,PM02,Completed,2024-09-11,2024-09-11,2024-09-11,2024-09-11,1,WORK_COMPLETED,Corrective scope executed and checked.,Bearing replacement,Bearing replacement performed; post-work functional check within tolerance.,TRUE,10.92,7821.38,,Recovery & Utilities,Recovery Boiler,SYS-RU-RB-SMT,Smelt Handling,Pump,B,TRUE,FALSE,FALSE,FALSE,FALSE,,466,2,36,FALSE,R4,4,Defect almost failure,COMPLETED_CORRECTIVE_ACTION
N0000649,,PLT-FL-DRY-PMF,FV-DRY-PMF-01,2024-08-07,1,Operator Report,Drying - Operations,,Valve feedback differs from demanded position.,POSITIONER_DEVIATION,POSITIONER_DEVIATION,Valves,,DRY-VALVES,Closed,,,,,,,,,NO_ACTION_REQUIRED,Notification dispositioned without corrective scope.,Inspection only,Field inspection completed; no corrective maintenance performed.,FALSE,1.01,185.91,,Fiber Line,Drying,SYS-FL-DRY-PMF,Pulp Machine Feed,Control Valve,A,FALSE,TRUE,FALSE,TRUE,FALSE,,465,,,FALSE,R1,1,Fault,CLOSED_UNCONFIRMED_WITHOUT_ORDER
N0000650,WO0000389,PLT-RU-CAU-WLC,P-CAU-WLC-01,2024-08-07,3,Maintenance Sensory Route,Causticizing - Maintenance Route A,Sensory Route,Bearing temperature trending above baseline.,BEARING_TEMPERATURE,BEARING_TEMPERATURE,Condition Monitoring,,CAU-CONDITION_MONITORING,Closed,2024-08-07,PM02,Completed,2024-08-29,2024-08-29,2024-08-29,2024-08-29,1,WORK_COMPLETED,Corrective scope executed and checked.,Bearing replacement,Bearing replacement performed; post-work functional check within tolerance.,TRUE,11.63,8334.59,,Recovery & Utilities,Causticizing,SYS-RU-CAU-WLC,White Liquor Clarification,Pump,A,TRUE,FALSE,FALSE,FALSE,FALSE,498,465,0,22,FALSE,R5,5,Defect,COMPLETED_CORRECTIVE_ACTION
N0000651,WO0000390,PLT-RU-CAU-REA,M-CAU-REA-01,2024-08-11,2,Planned Inspection,Causticizing - Inspection,Planned Inspection,Motor temperature rising at normal load.,MOTOR_OVERHEATING,MOTOR_OVERHEATING,Electrical,,CAU-ELECTRICAL,Closed,2024-08-13,PM02,Completed,2024-08-21,2024-08-23,2024-08-21,2024-08-23,0,WORK_COMPLETED,Corrective scope executed and checked.,Cleaning,Cleaning performed; post-work functional check within tolerance.,TRUE,6.79,2003.15,,Recovery & Utilities,Causticizing,SYS-RU-CAU-REA,Causticizing Reactors,Motor,B,TRUE,FALSE,FALSE,FALSE,FALSE,,461,2,12,FALSE,R4,4,Defect almost failure,COMPLETED_CORRECTIVE_ACTION
N0000652,WO0000391,PLT-FL-DRY-PMF,P-DRY-PMF-01,2024-08-12,1,Operator Route,Drying - Operations,Sensory Route,Bearing temperature trending above baseline.,BEARING_TEMPERATURE,BEARING_TEMPERATURE,Mechanical,,DRY-MECHANICAL,Closed,2024-08-14,CM01,Completed,2024-09-02,2024-09-03,2024-09-02,2024-09-03,1,WORK_COMPLETED,Corrective scope executed and checked.,Bearing replacement,Bearing replacement performed; post-work functional check within tolerance.,TRUE,12.88,9229.55,,Fiber Line,Drying,SYS-FL-DRY-PMF,Pulp Machine Feed,Pump,A,TRUE,FALSE,FALSE,FALSE,FALSE,,460,2,22,FALSE,R1,1,Fault,COMPLETED_CORRECTIVE_ACTION
N0000653,,PLT-FL-BLE-DOS,P-BLE-DOS-01,2024-08-13,2,Operator Report,Bleaching - Operations,,Leakage at shaft seal.,SEAL_LEAKAGE,SEAL_LEAKAGE,Mechanical,,BLE-MECHANICAL,Closed,,,,,,,,,OPERATING_CONDITION,Observed response is within the current operating envelope.,Inspection only,Field inspection completed; no corrective maintenance performed.,FALSE,1.00,239.55,,Fiber Line,Bleaching,SYS-FL-BLE-DOS,Chemical Dosing,Dosing Pump,B,FALSE,TRUE,FALSE,TRUE,FALSE,,459,,,FALSE,R4,4,Defect almost failure,CLOSED_UNCONFIRMED_WITHOUT_ORDER
N0000654,WO0000392,PLT-RU-UTL-CWT,PT-UTL-CWT-01,2024-08-13,3,Operator Route,Utilities - Operations,Sensory Route,Control sequence response differs from approved logic.,CONTROL_SEQUENCE_DEVIATION,CONTROL_SEQUENCE_DEVIATION,Automation,,UTL-AUTOMATION,Closed,2024-08-16,PM02,Cancelled,2024-09-13,2024-09-13,,,0,CANCELLED,Order cancelled after scope review; no execution recorded.,,,TRUE,1.14,249.83,,Recovery & Utilities,Utilities,SYS-RU-UTL-CWT,Cooling Water,Pressure Transmitter,B,TRUE,FALSE,FALSE,FALSE,FALSE,,459,3,,FALSE,R7,7,Defect,CANCELLED
N0000655,WO0000393,PLT-RU-CAU-GLC,LT-CAU-GLC-01,2024-08-15,3,Operator Report,Causticizing - Operations,,Intermittent signal dropout at stable process conditions.,INTERMITTENT_SIGNAL,INTERMITTENT_SIGNAL,Automation,,CAU-AUTOMATION,Closed,2024-08-15,PM02,Completed,2024-09-21,2024-09-22,2024-09-21,2024-09-22,0,WORK_COMPLETED,Corrective scope executed and checked.,Instrument replacement,Instrument replacement performed; post-work functional check within tolerance.,TRUE,5.06,4108.53,,Recovery & Utilities,Causticizing,SYS-RU-CAU-GLC,Green Liquor Clarification,Level Transmitter,B,TRUE,FALSE,FALSE,FALSE,TRUE,163,457,0,38,FALSE,R7,7,Defect,COMPLETED_CORRECTIVE_ACTION
N0000656,,PLT-RU-LIM-LMF,FV-LIM-LMF-01,2024-08-16,3,Process Alarm,Lime Kiln - Control Room,Process / Control Monitoring,Valve travel sticks during small command changes.,VALVE_STICTION,VALVE_STICTION,Instrumentation,,LIM-INSTRUMENTATION,Closed,,,,,,,,,NO_DEFECT_FOUND,Inspection could not confirm the reported abnormality.,Inspection only,Field inspection completed; no corrective maintenance performed.,FALSE,0.63,159.04,,Recovery & Utilities,Lime Kiln,SYS-RU-LIM-LMF,Lime Mud Feed,Control Valve,B,FALSE,TRUE,FALSE,TRUE,FALSE,,456,,,FALSE,R7,7,Defect,CLOSED_UNCONFIRMED_WITHOUT_ORDER
N0000657,WO0000394,PLT-RU-CAU-WLC,FV-CAU-WLC-01,2024-08-17,1,Process Alarm,Causticizing - Control Room,Process / Control Monitoring,Valve travel sticks during small command changes.,VALVE_STICTION,VALVE_STICTION,Valves,,CAU-VALVES,Closed,2024-08-17,CM01,Completed,2024-10-01,2024-10-01,2024-10-01,2024-10-01,4,MONITOR_CONDITION,Condition recorded; continue observation without corrective work.,Inspection only,Inspected and recorded readings; no component correction performed.,TRUE,1.76,321.88,,Recovery & Utilities,Causticizing,SYS-RU-CAU-WLC,White Liquor Clarification,Control Valve,A,TRUE,FALSE,FALSE,FALSE,TRUE,140,455,0,45,FALSE,R1,1,Fault,MONITOR_CONDITION
N0000658,WO0000395,PLT-FL-DRY-HYD,HPU-DRY-HYD-01,2024-08-17,1,Process Alarm,Drying - Control Room,Process / Control Monitoring,Hydraulic header pressure oscillates under steady demand.,HYD_PRESS_INSTABILITY,HYD_PRESS_INSTABILITY,Hydraulics,,DRY-HYDRAULICS,Closed,2024-08-18,CM01,Completed,2024-10-04,2024-10-05,2024-10-04,2024-10-05,4,MONITOR_CONDITION,Condition recorded; continue observation without corrective work.,Inspection only,Inspected and recorded readings; no component correction performed.,TRUE,1.68,314.33,,Fiber Line,Drying,SYS-FL-DRY-HYD,Hydraulic System,Hydraulic Power Unit,A,TRUE,FALSE,FALSE,FALSE,TRUE,140,455,1,49,FALSE,R1,1,Fault,MONITOR_CONDITION
N0000659,WO0000396,PLT-FL-DIG-CIR,P-DIG-CIR-01,2024-08-17,1,Process Alarm,Digester - Control Room,Process / Control Monitoring,Elevated vibration at pump bearing housing.,PUMP_BEARING_VIBRATION,PUMP_BEARING_VIBRATION,Mechanical,,DIG-MECHANICAL,Closed,2024-08-20,CM01,Completed,2024-10-23,2024-10-23,2024-10-23,2024-10-23,4,MONITOR_CONDITION,Condition recorded; continue observation without corrective work.,Inspection only,Inspected and recorded readings; no component correction performed.,TRUE,1.41,248.19,,Fiber Line,Digester,SYS-FL-DIG-CIR,Cooking Circulation,Pump,A,TRUE,FALSE,FALSE,FALSE,TRUE,140,455,3,67,FALSE,R1,1,Fault,MONITOR_CONDITION
N0000660,WO0000397,PLT-FL-DIG-CHP,CNV-DIG-CHP-01,2024-08-20,2,Process Alarm,Digester - Control Room,Process / Control Monitoring,Mechanism travel is uneven with elevated resistance.,MECHANICAL_BINDING,MECHANICAL_BINDING,Mechanical,,DIG-MECHANICAL,Closed,2024-08-22,PM02,Completed,2024-08-31,2024-08-31,2024-08-31,2024-08-31,0,WORK_COMPLETED,Corrective scope executed and checked.,Adjustment,Adjustment performed; post-work functional check within tolerance.,TRUE,8.81,3151.23,,Fiber Line,Digester,SYS-FL-DIG-CHP,Chip Feeding,Conveyor,A,TRUE,FALSE,FALSE,FALSE,TRUE,141,452,2,11,FALSE,R2,2,Defect almost failure,COMPLETED_CORRECTIVE_ACTION
N0000661,,PLT-FL-BLE-TWR,AG-BLE-TWR-01,2024-08-21,3,Condition Monitoring,Bleaching - Condition Monitoring,Predictive Route,Lubricant level below normal mark.,LOW_LUBE_LEVEL,LOW_LUBE_LEVEL,Lubrication,,BLE-LUBRICATION,Closed,,,,,,,,,NO_ACTION_REQUIRED,Notification dispositioned without corrective scope.,Inspection only,Field inspection completed; no corrective maintenance performed.,TRUE,0.61,149.59,,Fiber Line,Bleaching,SYS-FL-BLE-TWR,Bleaching Towers,Agitator,B,FALSE,TRUE,TRUE,FALSE,FALSE,,451,,,FALSE,R7,7,Defect,CLOSED_CONFIRMED_WITHOUT_ORDER
N0000662,WO0000398,PLT-RU-EVA-BLF,FV-EVA-BLF-01,2024-08-21,2,Operator Route,Evaporation - Operations,Sensory Route,Valve travel sticks during small command changes.,VALVE_STICTION,VALVE_STICTION,Valves,,EVA-VALVES,Closed,2024-08-23,PM02,Completed,2024-10-16,2024-10-18,2024-10-16,2024-10-18,4,MONITOR_CONDITION,Condition recorded; continue observation without corrective work.,Inspection only,Inspected and recorded readings; no component correction performed.,TRUE,1.94,358.41,,Recovery & Utilities,Evaporation,SYS-RU-EVA-BLF,Black Liquor Feed,Control Valve,B,TRUE,FALSE,FALSE,FALSE,FALSE,,451,2,58,FALSE,R4,4,Defect almost failure,MONITOR_CONDITION
N0000663,WO0000399,PLT-RU-UTL-AIR,M-UTL-AIR-01,2024-08-23,1,Breakdown / Corrective,Utilities - Operations,,Motor temperature rising at normal load.,MOTOR_OVERHEATING,MOTOR_OVERHEATING,Electrical,,UTL-ELECTRICAL,Closed,2024-08-26,CM01,Completed,2024-09-06,2024-09-07,2024-09-06,2024-09-07,1,WORK_COMPLETED,Corrective scope executed and checked.,Cleaning,Cleaning performed; post-work functional check within tolerance.,TRUE,8.65,2551.43,,Recovery & Utilities,Utilities,SYS-RU-UTL-AIR,Compressed Air,Motor,A,TRUE,FALSE,FALSE,FALSE,FALSE,452,449,3,15,FALSE,R1,1,Fault,COMPLETED_CORRECTIVE_ACTION
N0000664,WO0000400,PLT-FL-BLE-DOS,FV-BLE-DOS-01,2024-08-25,3,Planned Inspection,Bleaching - Inspection,Planned Inspection,Actuator supply pressure decays while held.,ACTUATOR_LEAKAGE,ACTUATOR_LEAKAGE,Valves,,BLE-VALVES,Closed,2024-08-28,PM02,Completed,2024-09-20,2024-09-21,2024-09-20,2024-09-21,0,MONITOR_CONDITION,Condition recorded; continue observation without corrective work.,Inspection only,Inspected and recorded readings; no component correction performed.,TRUE,1.14,259.16,,Fiber Line,Bleaching,SYS-FL-BLE-DOS,Chemical Dosing,Control Valve,B,TRUE,FALSE,FALSE,FALSE,TRUE,64,447,3,27,FALSE,R7,7,Defect,MONITOR_CONDITION
N0000665,,PLT-FL-DRY-LUB,M-DRY-LUB-01,2024-08-25,3,Process Alarm,Drying - Control Room,Process / Control Monitoring,Insulation test trending below reference.,INSULATION_DEGRADATION,INSULATION_DEGRADATION,Electrical,,DRY-ELECTRICAL,Closed,,,,,,,,,MONITOR_CONDITION,Condition recorded; continue observation without corrective work.,Inspection only,Field inspection completed; no corrective maintenance performed.,TRUE,0.78,208.62,,Fiber Line,Drying,SYS-FL-DRY-LUB,Lubrication System,Motor,C,FALSE,TRUE,TRUE,FALSE,FALSE,,447,,,FALSE,R9,9,Defect,CLOSED_CONFIRMED_WITHOUT_ORDER
N0000666,WO0000401,PLT-RU-RB-BLF,FV-RB-BLF-01,2024-08-26,3,Planned Inspection,Recovery Boiler - Inspection,Planned Inspection,Valve travel sticks during small command changes.,VALVE_STICTION,VALVE_STICTION,Valves,,RB-VALVES,Closed,2024-08-27,PM02,Completed,2024-10-10,2024-10-10,2024-10-10,2024-10-10,2,MONITOR_CONDITION,Condition recorded; continue observation without corrective work.,Inspection only,Inspected and recorded readings; no component correction performed.,TRUE,0.48,159.70,,Recovery & Utilities,Recovery Boiler,SYS-RU-RB-BLF,Black Liquor Firing,Control Valve,A,TRUE,FALSE,FALSE,FALSE,FALSE,337,446,1,45,FALSE,R5,5,Defect,MONITOR_CONDITION
N0000667,WO0000402,PLT-FL-DRY-PRS,HY-DRY-PRS-01,2024-08-26,2,Operator Route,Drying - Operations,Sensory Route,Hydraulic pressure decays with no external leak.,HYD_INTERNAL_LEAKAGE,HYD_INTERNAL_LEAKAGE,Hydraulics,Instrumentation,DRY-INSTRUMENTATION,Closed,2024-08-27,PM02,Completed,2024-08-30,2024-09-01,2024-08-30,2024-09-01,0,WORK_COMPLETED,Corrective scope executed and checked.,Seal replacement,Seal replacement performed; post-work functional check within tolerance.,TRUE,8.14,4573.15,,Fiber Line,Drying,SYS-FL-DRY-PRS,Press Section,Hydraulic Actuator,A,TRUE,FALSE,FALSE,FALSE,FALSE,364,446,1,6,FALSE,R2,2,Defect almost failure,COMPLETED_CORRECTIVE_ACTION
N0000668,WO0000403,PLT-RU-UTL-CWT,P-UTL-CWT-01,2024-08-27,1,Operator Report,Utilities - Operations,,Bearing temperature trending above baseline.,BEARING_TEMPERATURE,BEARING_TEMPERATURE,Mechanical,,UTL-MECHANICAL,Closed,2024-08-31,CM01,Completed,2024-09-13,2024-09-13,2024-09-13,2024-09-13,1,WORK_COMPLETED,Corrective scope executed and checked.,Bearing replacement,Bearing replacement performed; post-work functional check within tolerance.,TRUE,10.01,7170.74,,Recovery & Utilities,Utilities,SYS-RU-UTL-CWT,Cooling Water,Pump,A,TRUE,FALSE,FALSE,FALSE,FALSE,594,445,4,17,FALSE,R1,1,Fault,COMPLETED_CORRECTIVE_ACTION
N0000669,,PLT-RU-UTL-BFW,PT-UTL-BFW-01,2024-08-27,3,Operator Route,Utilities - Operations,Sensory Route,Measured output outside calibration tolerance.,CALIBRATION_DEVIATION,CALIBRATION_DEVIATION,Instrumentation,,UTL-INSTRUMENTATION,Closed,,,,,,,,,NO_ACTION_REQUIRED,Notification dispositioned without corrective scope.,Inspection only,Field inspection completed; no corrective maintenance performed.,TRUE,1.60,272.97,,Recovery & Utilities,Utilities,SYS-RU-UTL-BFW,Boiler Feedwater,Pressure Transmitter,A,FALSE,TRUE,TRUE,FALSE,FALSE,,445,,,FALSE,R5,5,Defect,CLOSED_CONFIRMED_WITHOUT_ORDER
N0000670,,PLT-RU-UTL-ELD,TR-UTL-ELD-01,2024-08-28,3,Operator Report,Utilities - Operations,,Control sequence response differs from approved logic.,CONTROL_SEQUENCE_DEVIATION,CONTROL_SEQUENCE_DEVIATION,Condition Monitoring,,UTL-CONDITION_MONITORING,Closed,,,,,,,,,NO_ACTION_REQUIRED,Notification dispositioned without corrective scope.,Inspection only,Field inspection completed; no corrective maintenance performed.,TRUE,0.97,204.90,,Recovery & Utilities,Utilities,SYS-RU-UTL-ELD,Electrical Distribution,Transformer,A,FALSE,TRUE,TRUE,FALSE,FALSE,386,444,,,FALSE,R5,5,Defect,CLOSED_CONFIRMED_WITHOUT_ORDER
N0000671,,PLT-FL-DRY-PMF,FV-DRY-PMF-01,2024-08-29,1,Maintenance Sensory Route,Drying - Maintenance Route A,Sensory Route,Visible leakage at valve packing.,EXTERNAL_LEAKAGE,EXTERNAL_LEAKAGE,Valves,,DRY-VALVES,Closed,,,,,,,,,NO_ACTION_REQUIRED,Notification dispositioned without corrective scope.,Inspection only,Field inspection completed; no corrective maintenance performed.,TRUE,0.43,107.43,,Fiber Line,Drying,SYS-FL-DRY-PMF,Pulp Machine Feed,Control Valve,A,FALSE,TRUE,TRUE,FALSE,FALSE,,443,,,FALSE,R1,1,Fault,CLOSED_CONFIRMED_WITHOUT_ORDER
N0000672,,PLT-FL-WSH-FIL,LT-WSH-FIL-01,2024-08-30,3,Operator Report,Washing & Screening - Operations,,Indicated value drifts from independent reference.,SIGNAL_DRIFT,SIGNAL_DRIFT,Instrumentation,,WSH-INSTRUMENTATION,Closed,,,,,,,,,NO_ACTION_REQUIRED,Notification dispositioned without corrective scope.,Inspection only,Field inspection completed; no corrective maintenance performed.,TRUE,0.37,106.05,,Fiber Line,Washing & Screening,SYS-FL-WSH-FIL,Filtrate System,Level Transmitter,C,FALSE,TRUE,TRUE,FALSE,FALSE,544,442,,,FALSE,R9,9,Defect,CLOSED_CONFIRMED_WITHOUT_ORDER
N0000673,,PLT-RU-LIM-DRV,DRV-LIM-DRV-01,2024-09-01,3,Condition Monitoring,Lime Kiln - Condition Monitoring,Predictive Route,Bearing temperature trending above baseline.,BEARING_TEMPERATURE,BEARING_TEMPERATURE,Mechanical,,LIM-MECHANICAL,Closed,,,,,,,,,NO_ACTION_REQUIRED,Notification dispositioned without corrective scope.,Inspection only,Field inspection completed; no corrective maintenance performed.,FALSE,0.65,130.77,,Recovery & Utilities,Lime Kiln,SYS-RU-LIM-DRV,Kiln Drive,Drive,A,FALSE,TRUE,FALSE,TRUE,FALSE,364,440,,,FALSE,R5,5,Defect,CLOSED_UNCONFIRMED_WITHOUT_ORDER
N0000674,WO0000404,PLT-RU-LIM-BRN,FV-LIM-BRN-01,2024-09-01,3,Operator Route,Lime Kiln - Operations,Sensory Route,Actuator supply pressure decays while held.,ACTUATOR_LEAKAGE,ACTUATOR_LEAKAGE,Valves,,LIM-VALVES,Closed,2024-09-01,PM02,Completed,2024-10-09,2024-10-10,2024-10-09,2024-10-10,0,MONITOR_CONDITION,Condition recorded; continue observation without corrective work.,Inspection only,Inspected and recorded readings; no component correction performed.,TRUE,1.45,288.09,,Recovery & Utilities,Lime Kiln,SYS-RU-LIM-BRN,Burner System,Control Valve,B,TRUE,FALSE,FALSE,FALSE,FALSE,,440,0,39,FALSE,R7,7,Defect,MONITOR_CONDITION
N0000675,WO0000405,PLT-RU-CAU-LMH,LT-CAU-LMH-01,2024-09-01,2,Maintenance Sensory Route,Causticizing - Maintenance Route A,Sensory Route,Control sequence response differs from approved logic.,CONTROL_SEQUENCE_DEVIATION,CONTROL_SEQUENCE_DEVIATION,Automation,,CAU-AUTOMATION,Closed,2024-09-06,PM02,Completed,2024-10-18,2024-10-18,2024-10-18,2024-10-18,3,WORK_COMPLETED,Corrective scope executed and checked.,Control logic correction,Control logic correction performed; post-work functional check within tolerance.,TRUE,7.95,2344.71,,Recovery & Utilities,Causticizing,SYS-RU-CAU-LMH,Lime Mud Handling,Level Transmitter,C,TRUE,FALSE,FALSE,FALSE,FALSE,,440,5,47,FALSE,R8,8,Defect almost failure,COMPLETED_CORRECTIVE_ACTION
N0000676,WO0000406,PLT-FL-DIG-DIS,LT-DIG-DIS-01,2024-09-01,2,Maintenance Sensory Route,Digester - Maintenance Route A,Sensory Route,Intermittent signal dropout at stable process conditions.,INTERMITTENT_SIGNAL,INTERMITTENT_SIGNAL,Instrumentation,,DIG-INSTRUMENTATION,Closed,2024-09-04,PM02,Completed,2024-09-15,2024-09-16,2024-09-15,2024-09-16,1,WORK_COMPLETED,Corrective scope executed and checked.,Instrument replacement,Instrument replacement performed; post-work functional check within tolerance.,TRUE,6.65,5397.24,,Fiber Line,Digester,SYS-FL-DIG-DIS,Digester Discharge,Level Transmitter,B,TRUE,FALSE,FALSE,FALSE,FALSE,,440,3,15,FALSE,R4,4,Defect almost failure,COMPLETED_CORRECTIVE_ACTION
N0000677,,PLT-RU-RB-STM,PV-RB-STM-01,2024-09-02,2,Planned Inspection,Recovery Boiler - Inspection,Planned Inspection,Visible leakage at valve packing.,EXTERNAL_LEAKAGE,EXTERNAL_LEAKAGE,Valves,,RB-VALVES,Closed,,,,,,,,,NO_ACTION_REQUIRED,Notification dispositioned without corrective scope.,Inspection only,Field inspection completed; no corrective maintenance performed.,TRUE,1.49,259.31,,Recovery & Utilities,Recovery Boiler,SYS-RU-RB-STM,Steam / Pressure Control,Control Valve,A,FALSE,TRUE,TRUE,FALSE,FALSE,503,439,,,FALSE,R2,2,Defect almost failure,CLOSED_CONFIRMED_WITHOUT_ORDER
N0000678,WO0000407,PLT-RU-LIM-IDF,M-LIM-IDF-01,2024-09-04,2,Process Alarm,Lime Kiln - Control Room,Process / Control Monitoring,Lubricant level below normal mark.,LOW_LUBE_LEVEL,LOW_LUBE_LEVEL,Lubrication,,LIM-LUBRICATION,Closed,2024-09-07,PM02,Completed,2024-09-24,2024-09-24,2024-09-24,2024-09-24,1,WORK_COMPLETED,Corrective scope executed and checked.,Lubrication,Lubrication performed; post-work functional check within tolerance.,TRUE,2.87,1421.15,,Recovery & Utilities,Lime Kiln,SYS-RU-LIM-IDF,Induced Draft,Motor,A,TRUE,FALSE,FALSE,FALSE,FALSE,,437,3,20,FALSE,R2,2,Defect almost failure,COMPLETED_CORRECTIVE_ACTION
N0000679,,PLT-FL-WSH-FIL,LT-WSH-FIL-01,2024-09-05,3,Operator Route,Washing & Screening - Operations,Sensory Route,Intermittent signal dropout at stable process conditions.,INTERMITTENT_SIGNAL,INTERMITTENT_SIGNAL,Instrumentation,,WSH-INSTRUMENTATION,Closed,,,,,,,,,NO_ACTION_REQUIRED,Notification dispositioned without corrective scope.,Inspection only,Field inspection completed; no corrective maintenance performed.,TRUE,1.57,323.61,,Fiber Line,Washing & Screening,SYS-FL-WSH-FIL,Filtrate System,Level Transmitter,C,FALSE,TRUE,TRUE,FALSE,FALSE,233,436,,,FALSE,R9,9,Defect,CLOSED_CONFIRMED_WITHOUT_ORDER
N0000680,WO0000408,PLT-RU-UTL-STM,PV-UTL-STM-01,2024-09-05,2,Process Alarm,Utilities - Control Room,Process / Control Monitoring,Valve travel sticks during small command changes.,VALVE_STICTION,VALVE_STICTION,Valves,,UTL-VALVES,Closed,2024-09-08,PM02,Completed,2024-09-25,2024-09-27,2024-09-25,2024-09-27,1,WORK_COMPLETED,Corrective scope executed and checked.,Valve overhaul,Valve overhaul performed; post-work functional check within tolerance.,TRUE,22.34,18135.43,,Recovery & Utilities,Utilities,SYS-RU-UTL-STM,Steam Distribution,Control Valve,A,TRUE,FALSE,FALSE,FALSE,FALSE,222,436,3,22,FALSE,R2,2,Defect almost failure,COMPLETED_CORRECTIVE_ACTION
N0000681,,PLT-FL-WSH-FIL,LT-WSH-FIL-01,2024-09-06,2,Operator Report,Washing & Screening - Operations,,Measured output outside calibration tolerance.,CALIBRATION_DEVIATION,CALIBRATION_DEVIATION,Instrumentation,,WSH-INSTRUMENTATION,Closed,,,,,,,,,OPERATING_CONDITION,Observed response is within the current operating envelope.,Inspection only,Field inspection completed; no corrective maintenance performed.,FALSE,1.44,282.31,,Fiber Line,Washing & Screening,SYS-FL-WSH-FIL,Filtrate System,Level Transmitter,C,FALSE,TRUE,FALSE,TRUE,FALSE,,435,,,FALSE,R8,8,Defect almost failure,CLOSED_UNCONFIRMED_WITHOUT_ORDER
N0000682,,PLT-RU-EVA-VAC,PT-EVA-VAC-01,2024-09-07,3,Maintenance Sensory Route,Evaporation - Maintenance Route A,Sensory Route,Pressure response delayed during process change.,IMPULSE_LINE_RESTRICTION,IMPULSE_LINE_RESTRICTION,Instrumentation,,EVA-INSTRUMENTATION,Closed,,,,,,,,,NO_ACTION_REQUIRED,Notification dispositioned without corrective scope.,Inspection only,Field inspection completed; no corrective maintenance performed.,TRUE,1.99,345.15,,Recovery & Utilities,Evaporation,SYS-RU-EVA-VAC,Vacuum System,Pressure Transmitter,B,FALSE,TRUE,TRUE,FALSE,FALSE,319,434,,,FALSE,R7,7,Defect,CLOSED_CONFIRMED_WITHOUT_ORDER
N0000683,,PLT-RU-RB-SMT,M-RB-SMT-01,2024-09-08,3,Process Alarm,Recovery Boiler - Control Room,Process / Control Monitoring,Localized heating at electrical connection.,TERMINAL_HEATING,TERMINAL_HEATING,Electrical,,RB-ELECTRICAL,Closed,,,,,,,,,NO_ACTION_REQUIRED,Notification dispositioned without corrective scope.,Inspection only,Field inspection completed; no corrective maintenance performed.,TRUE,1.09,208.50,,Recovery & Utilities,Recovery Boiler,SYS-RU-RB-SMT,Smelt Handling,Motor,B,FALSE,TRUE,TRUE,FALSE,FALSE,,433,,,FALSE,R7,7,Defect,CLOSED_CONFIRMED_WITHOUT_ORDER
N0000684,,PLT-FL-DIG-CIR,PT-DIG-CIR-01,2024-09-08,3,Operator Report,Digester - Operations,,Intermittent signal dropout at stable process conditions.,INTERMITTENT_SIGNAL,INTERMITTENT_SIGNAL,Instrumentation,,DIG-INSTRUMENTATION,Closed,,,,,,,,,NO_ACTION_REQUIRED,Notification dispositioned without corrective scope.,Inspection only,Field inspection completed; no corrective maintenance performed.,FALSE,0.86,179.69,,Fiber Line,Digester,SYS-FL-DIG-CIR,Cooking Circulation,Pressure Transmitter,B,FALSE,TRUE,FALSE,TRUE,FALSE,249,433,,,FALSE,R7,7,Defect,CLOSED_UNCONFIRMED_WITHOUT_ORDER
N0000685,WO0000409,PLT-RU-CAU-SLK,TT-CAU-SLK-01,2024-09-08,3,Process Alarm,Causticizing - Control Room,Process / Control Monitoring,Intermittent signal dropout at stable process conditions.,INTERMITTENT_SIGNAL,INTERMITTENT_SIGNAL,Automation,,CAU-AUTOMATION,Closed,2024-09-11,PM02,Completed,2025-01-06,2025-01-08,2025-01-06,2025-01-08,4,WORK_COMPLETED,Corrective scope executed and checked.,Instrument replacement,Instrument replacement performed; post-work functional check within tolerance.,TRUE,7.02,5699.18,,Recovery & Utilities,Causticizing,SYS-RU-CAU-SLK,Slaking,Temperature Transmitter,B,TRUE,FALSE,FALSE,FALSE,FALSE,517,433,3,122,FALSE,R7,7,Defect,COMPLETED_CORRECTIVE_ACTION
N0000686,WO0000410,PLT-RU-RB-SMT,AG-RB-SMT-01,2024-09-09,3,Operator Report,Recovery Boiler - Operations,,Mechanism travel is uneven with elevated resistance.,MECHANICAL_BINDING,MECHANICAL_BINDING,Mechanical,,RB-MECHANICAL,Closed,2024-09-13,PM02,Completed,2024-11-04,2024-11-04,2024-11-04,2024-11-04,3,WORK_COMPLETED,Corrective scope executed and checked.,Adjustment,Adjustment performed; post-work functional check within tolerance.,TRUE,5.20,1859.13,,Recovery & Utilities,Recovery Boiler,SYS-RU-RB-SMT,Smelt Handling,Agitator,B,TRUE,FALSE,FALSE,FALSE,FALSE,,432,4,56,FALSE,R7,7,Defect,COMPLETED_CORRECTIVE_ACTION
N0000687,WO0000411,PLT-FL-BLE-TWR,M-BLE-TWR-01,2024-09-09,3,Condition Monitoring,Bleaching - Condition Monitoring,Predictive Route,Insulation test trending below reference.,INSULATION_DEGRADATION,INSULATION_DEGRADATION,Condition Monitoring,,BLE-CONDITION_MONITORING,Closed,2024-09-10,PM02,Completed,2024-10-02,2024-10-02,2024-10-02,2024-10-02,0,WORK_COMPLETED,Corrective scope executed and checked.,Component replacement,Component replacement performed; post-work functional check within tolerance.,TRUE,28.63,27573.48,,Fiber Line,Bleaching,SYS-FL-BLE-TWR,Bleaching Towers,Motor,B,TRUE,FALSE,FALSE,FALSE,FALSE,,432,1,23,FALSE,R7,7,Defect,COMPLETED_CORRECTIVE_ACTION
N0000688,WO0000412,PLT-FL-DRY-PRS,ROLL-DRY-PRS-01,2024-09-09,3,Planned Inspection,Drying - Inspection,Planned Inspection,Rotating assembly shows dominant once-per-revolution vibration.,IMBALANCE,IMBALANCE,Mechanical,Lubrication,DRY-LUBRICATION,Closed,2024-09-10,PM02,Completed,2024-11-07,2024-11-08,2024-11-07,2024-11-08,1,WORK_COMPLETED,Corrective scope executed and checked.,Adjustment,Adjustment performed; post-work functional check within tolerance.,TRUE,9.43,4669.54,,Fiber Line,Drying,SYS-FL-DRY-PRS,Press Section,Press Roll,A,TRUE,FALSE,FALSE,FALSE,FALSE,351,432,1,60,FALSE,R5,5,Defect,COMPLETED_CORRECTIVE_ACTION
N0000689,,PLT-FL-BLE-DOS,M-BLE-DOS-01,2024-09-11,3,Planned Inspection,Bleaching - Inspection,Planned Inspection,Motor bearing vibration above baseline.,MOTOR_BEARING_VIBRATION,MOTOR_BEARING_VIBRATION,Electrical,,BLE-ELECTRICAL,Closed,,,,,,,,,NO_ACTION_REQUIRED,Notification dispositioned without corrective scope.,Inspection only,Field inspection completed; no corrective maintenance performed.,TRUE,0.89,165.66,,Fiber Line,Bleaching,SYS-FL-BLE-DOS,Chemical Dosing,Motor,C,FALSE,TRUE,TRUE,FALSE,FALSE,395,430,,,FALSE,R9,9,Defect,CLOSED_CONFIRMED_WITHOUT_ORDER
N0000690,WO0000413,PLT-RU-RB-FWS,M-RB-FWS-01,2024-09-12,3,Maintenance Sensory Route,Recovery Boiler - Maintenance Route A,Sensory Route,Localized heating at electrical connection.,TERMINAL_HEATING,TERMINAL_HEATING,Electrical,,RB-ELECTRICAL,Closed,2024-09-17,PM02,Completed,2024-12-18,2024-12-18,2024-12-18,2024-12-18,4,WORK_COMPLETED,Corrective scope executed and checked.,Tightening,Tightening performed; post-work functional check within tolerance.,TRUE,5.51,1348.95,,Recovery & Utilities,Recovery Boiler,SYS-RU-RB-FWS,Feedwater System,Motor,A,TRUE,FALSE,FALSE,FALSE,FALSE,,429,5,97,FALSE,R5,5,Defect,COMPLETED_CORRECTIVE_ACTION
N0000691,,PLT-FL-DIG-CHP,M-DIG-CHP-01,2024-09-13,3,Maintenance Sensory Route,Digester - Maintenance Route A,Sensory Route,Oil condition test indicates degraded lubricant.,OIL_DEGRADATION,OIL_DEGRADATION,Lubrication,,DIG-LUBRICATION,Closed,,,,,,,,,NO_DEFECT_FOUND,Inspection could not confirm the reported abnormality.,Inspection only,Field inspection completed; no corrective maintenance performed.,FALSE,0.46,111.04,,Fiber Line,Digester,SYS-FL-DIG-CHP,Chip Feeding,Motor,A,FALSE,TRUE,FALSE,TRUE,FALSE,402,428,,,FALSE,R5,5,Defect,CLOSED_UNCONFIRMED_WITHOUT_ORDER
N0000692,WO0000414,PLT-FL-DIG-DIS,XV-DIG-DIS-01,2024-09-17,2,Maintenance Sensory Route,Digester - Maintenance Route A,Sensory Route,Valve travel sticks during small command changes.,VALVE_STICTION,VALVE_STICTION,Valves,,DIG-VALVES,Closed,2024-09-19,PM02,Cancelled,2024-10-19,2024-10-20,,,1,CANCELLED,Order cancelled after scope review; no execution recorded.,,,TRUE,1.95,356.42,,Fiber Line,Digester,SYS-FL-DIG-DIS,Digester Discharge,On/Off Valve,A,TRUE,FALSE,FALSE,FALSE,TRUE,170,424,2,,FALSE,R2,2,Defect almost failure,CANCELLED
N0000693,,PLT-RU-EVA-BLF,FT-EVA-BLF-01,2024-09-20,1,Maintenance Sensory Route,Evaporation - Maintenance Route A,Sensory Route,Intermittent signal dropout at stable process conditions.,INTERMITTENT_SIGNAL,INTERMITTENT_SIGNAL,Instrumentation,,EVA-INSTRUMENTATION,Closed,,,,,,,,,OPERATING_CONDITION,Observed response is within the current operating envelope.,Inspection only,Field inspection completed; no corrective maintenance performed.,FALSE,0.82,174.43,,Recovery & Utilities,Evaporation,SYS-RU-EVA-BLF,Black Liquor Feed,Flow Transmitter,B,FALSE,TRUE,FALSE,TRUE,FALSE,,421,,,FALSE,R3,3,Fault,CLOSED_UNCONFIRMED_WITHOUT_ORDER
N0000694,,PLT-FL-BLE-TWR,LT-BLE-TWR-01,2024-09-20,3,Planned Inspection,Bleaching - Inspection,Planned Inspection,Control sequence response differs from approved logic.,CONTROL_SEQUENCE_DEVIATION,CONTROL_SEQUENCE_DEVIATION,Automation,Instrumentation,BLE-INSTRUMENTATION,Closed,,,,,,,,,NO_DEFECT_FOUND,Inspection could not confirm the reported abnormality.,Inspection only,Field inspection completed; no corrective maintenance performed.,FALSE,1.58,270.54,,Fiber Line,Bleaching,SYS-FL-BLE-TWR,Bleaching Towers,Level Transmitter,B,FALSE,TRUE,FALSE,TRUE,FALSE,,421,,,FALSE,R7,7,Defect,CLOSED_UNCONFIRMED_WITHOUT_ORDER
N0000695,WO0000415,PLT-RU-CAU-LMH,FV-CAU-LMH-01,2024-09-21,3,Process Alarm,Causticizing - Control Room,Process / Control Monitoring,Valve feedback differs from demanded position.,POSITIONER_DEVIATION,POSITIONER_DEVIATION,Valves,,CAU-VALVES,Closed,2024-09-25,PM02,Completed,2024-12-29,2024-12-30,2024-12-29,2024-12-30,4,MONITOR_CONDITION,Condition recorded; continue observation without corrective work.,Inspection only,Inspected and recorded readings; no component correction performed.,TRUE,1.10,242.80,,Recovery & Utilities,Causticizing,SYS-RU-CAU-LMH,Lime Mud Handling,Control Valve,B,TRUE,FALSE,FALSE,FALSE,FALSE,361,420,4,100,FALSE,R7,7,Defect,MONITOR_CONDITION
N0000696,,PLT-RU-UTL-CWT,M-UTL-CWT-01,2024-09-21,3,Process Alarm,Utilities - Control Room,Process / Control Monitoring,Motor bearing vibration above baseline.,MOTOR_BEARING_VIBRATION,MOTOR_BEARING_VIBRATION,Electrical,,UTL-ELECTRICAL,Closed,,,,,,,,,OPERATING_CONDITION,Observed response is within the current operating envelope.,Inspection only,Field inspection completed; no corrective maintenance performed.,FALSE,1.58,262.87,,Recovery & Utilities,Utilities,SYS-RU-UTL-CWT,Cooling Water,Motor,A,FALSE,TRUE,FALSE,TRUE,FALSE,,420,,,FALSE,R5,5,Defect,CLOSED_UNCONFIRMED_WITHOUT_ORDER
N0000697,WO0000416,PLT-RU-UTL-CWT,P-UTL-CWT-01,2024-09-25,2,Condition Monitoring,Utilities - Condition Monitoring,Predictive Route,Crackling noise and unstable suction pressure.,CAVITATION,CAVITATION,Mechanical,,UTL-MECHANICAL,Closed,2024-09-27,PM02,Completed,2024-10-02,2024-10-02,2024-10-02,2024-10-02,0,WORK_COMPLETED,Corrective scope executed and checked.,Cleaning,Cleaning performed; post-work functional check within tolerance.,TRUE,7.46,1977.04,,Recovery & Utilities,Utilities,SYS-RU-UTL-CWT,Cooling Water,Pump,A,TRUE,FALSE,FALSE,FALSE,FALSE,565,416,2,7,FALSE,R2,2,Defect almost failure,COMPLETED_CORRECTIVE_ACTION
N0000698,WO0000417,PLT-RU-RB-AIR,M-RB-AIR-01,2024-09-26,3,Planned Inspection,Recovery Boiler - Inspection,Planned Inspection,Localized heating at electrical connection.,TERMINAL_HEATING,TERMINAL_HEATING,Electrical,,RB-ELECTRICAL,Closed,2024-09-29,PM02,Completed,2024-11-10,2024-11-10,2024-11-10,2024-11-10,2,WORK_COMPLETED,Corrective scope executed and checked.,Tightening,Tightening performed; post-work functional check within tolerance.,TRUE,4.17,1022.44,,Recovery & Utilities,Recovery Boiler,SYS-RU-RB-AIR,Combustion Air,Motor,A,TRUE,FALSE,FALSE,FALSE,FALSE,346,415,3,45,FALSE,R5,5,Defect,COMPLETED_CORRECTIVE_ACTION
N0000699,WO0000418,PLT-FL-WSH-KNR,M-WSH-KNR-01,2024-09-26,2,Planned Inspection,Washing & Screening - Inspection,Planned Inspection,Insulation test trending below reference.,INSULATION_DEGRADATION,INSULATION_DEGRADATION,Electrical,,WSH-ELECTRICAL,Closed,2024-09-29,PM02,Cancelled,2024-10-15,2024-10-17,,,1,CANCELLED,Order cancelled after scope review; no execution recorded.,,,TRUE,0.64,165.19,,Fiber Line,Washing & Screening,SYS-FL-WSH-KNR,Knot Removal,Motor,B,TRUE,FALSE,FALSE,FALSE,FALSE,,415,3,,FALSE,R4,4,Defect almost failure,CANCELLED
N0000700,,PLT-FL-WSH-SCR,SCR-WSH-SCR-01,2024-09-26,3,Process Alarm,Washing & Screening - Control Room,Process / Control Monitoring,Process differential pressure above normal operating range.,PROCESS_RESTRICTION,PROCESS_RESTRICTION,Mechanical,,WSH-MECHANICAL,Closed,,,,,,,,,NO_ACTION_REQUIRED,Notification dispositioned without corrective scope.,Inspection only,Field inspection completed; no corrective maintenance performed.,TRUE,0.38,142.58,,Fiber Line,Washing & Screening,SYS-FL-WSH-SCR,Screening,Screen,B,FALSE,TRUE,TRUE,FALSE,FALSE,217,415,,,FALSE,R7,7,Defect,CLOSED_CONFIRMED_WITHOUT_ORDER
N0000701,,PLT-RU-CAU-REA,FV-CAU-REA-01,2024-09-27,2,Operator Route,Causticizing - Operations,Sensory Route,Actuator supply pressure decays while held.,ACTUATOR_LEAKAGE,ACTUATOR_LEAKAGE,Valves,,CAU-VALVES,Closed,,,,,,,,,MONITOR_CONDITION,Condition recorded; continue observation without corrective work.,Inspection only,Field inspection completed; no corrective maintenance performed.,TRUE,1.94,379.58,,Recovery & Utilities,Causticizing,SYS-RU-CAU-REA,Causticizing Reactors,Control Valve,B,FALSE,TRUE,TRUE,FALSE,FALSE,373,414,,,FALSE,R4,4,Defect almost failure,CLOSED_CONFIRMED_WITHOUT_ORDER
N0000702,,PLT-RU-UTL-PWT,P-UTL-PWT-01,2024-09-27,3,Maintenance Sensory Route,Utilities - Maintenance Route A,Sensory Route,Crackling noise and unstable suction pressure.,CAVITATION,CAVITATION,Mechanical,,UTL-MECHANICAL,Closed,,,,,,,,,NO_ACTION_REQUIRED,Notification dispositioned without corrective scope.,Inspection only,Field inspection completed; no corrective maintenance performed.,FALSE,0.72,162.35,,Recovery & Utilities,Utilities,SYS-RU-UTL-PWT,Process Water,Pump,B,FALSE,TRUE,FALSE,TRUE,FALSE,,414,,,FALSE,R7,7,Defect,CLOSED_UNCONFIRMED_WITHOUT_ORDER
N0000703,WO0000419,PLT-RU-UTL-AIR,DRY-UTL-AIR-01,2024-09-28,2,Operator Route,Utilities - Operations,Sensory Route,Mechanism travel is uneven with elevated resistance.,MECHANICAL_BINDING,MECHANICAL_BINDING,Mechanical,Instrumentation,UTL-INSTRUMENTATION,Closed,2024-09-28,PM02,Completed,2024-10-09,2024-10-10,2024-10-09,2024-10-10,0,WORK_COMPLETED,Corrective scope executed and checked.,Adjustment,Adjustment performed; post-work functional check within tolerance.,TRUE,6.71,2400.23,,Recovery & Utilities,Utilities,SYS-RU-UTL-AIR,Compressed Air,Air Dryer,B,TRUE,FALSE,FALSE,FALSE,TRUE,149,413,0,12,FALSE,R4,4,Defect almost failure,COMPLETED_CORRECTIVE_ACTION
N0000704,WO0000420,PLT-RU-UTL-AIR,M-UTL-AIR-01,2024-09-28,3,Maintenance Sensory Route,Utilities - Maintenance Route A,Sensory Route,Motor bearing vibration above baseline.,MOTOR_BEARING_VIBRATION,MOTOR_BEARING_VIBRATION,Electrical,,UTL-ELECTRICAL,Closed,2024-10-03,PM02,Completed,2024-11-09,2024-11-11,2024-11-09,2024-11-11,0,WORK_COMPLETED,Corrective scope executed and checked.,Bearing replacement,Bearing replacement performed; post-work functional check within tolerance.,TRUE,15.13,9759.51,,Recovery & Utilities,Utilities,SYS-RU-UTL-AIR,Compressed Air,Motor,A,TRUE,FALSE,FALSE,FALSE,FALSE,553,413,5,44,FALSE,R5,5,Defect,COMPLETED_CORRECTIVE_ACTION
N0000705,WO0000421,PLT-RU-RB-FWS,P-RB-FWS-01,2024-09-28,3,Process Alarm,Recovery Boiler - Control Room,Process / Control Monitoring,Bearing temperature trending above baseline.,BEARING_TEMPERATURE,BEARING_TEMPERATURE,Mechanical,,RB-MECHANICAL,Closed,2024-09-28,PM02,Completed,2024-10-26,2024-10-28,2024-10-26,2024-10-28,1,WORK_COMPLETED,Corrective scope executed and checked.,Bearing replacement,Bearing replacement performed; post-work functional check within tolerance.,TRUE,17.93,12849.14,,Recovery & Utilities,Recovery Boiler,SYS-RU-RB-FWS,Feedwater System,Pump,A,TRUE,FALSE,FALSE,FALSE,FALSE,368,413,0,30,FALSE,R5,5,Defect,COMPLETED_CORRECTIVE_ACTION
N0000706,WO0000422,PLT-FL-BLE-TWR,LT-BLE-TWR-01,2024-10-05,3,Operator Route,Bleaching - Operations,Sensory Route,Indicated value drifts from independent reference.,SIGNAL_DRIFT,SIGNAL_DRIFT,Instrumentation,,BLE-INSTRUMENTATION,Closed,2024-10-07,PM02,Completed,2024-11-22,2024-11-23,2024-11-22,2024-11-23,1,WORK_COMPLETED,Corrective scope executed and checked.,Calibration,Calibration performed; post-work functional check within tolerance.,TRUE,5.78,1703.97,,Fiber Line,Bleaching,SYS-FL-BLE-TWR,Bleaching Towers,Level Transmitter,B,TRUE,FALSE,FALSE,FALSE,FALSE,,406,2,49,FALSE,R7,7,Defect,COMPLETED_CORRECTIVE_ACTION
N0000707,,PLT-RU-EVA-CIR,PT-EVA-CIR-01,2024-10-06,2,Planned Inspection,Evaporation - Inspection,Planned Inspection,Measured output outside calibration tolerance.,CALIBRATION_DEVIATION,CALIBRATION_DEVIATION,Instrumentation,,EVA-INSTRUMENTATION,Closed,,,,,,,,,NO_ACTION_REQUIRED,Notification dispositioned without corrective scope.,Inspection only,Field inspection completed; no corrective maintenance performed.,TRUE,1.48,279.29,,Recovery & Utilities,Evaporation,SYS-RU-EVA-CIR,Evaporator Circulation,Pressure Transmitter,C,FALSE,TRUE,TRUE,FALSE,FALSE,,405,,,FALSE,R8,8,Defect almost failure,CLOSED_CONFIRMED_WITHOUT_ORDER
N0000708,WO0000423,PLT-RU-LIM-BRN,BRN-LIM-BRN-01,2024-10-07,1,Operator Report,Lime Kiln - Operations,,Control sequence response differs from approved logic.,CONTROL_SEQUENCE_DEVIATION,CONTROL_SEQUENCE_DEVIATION,Automation,,LIM-AUTOMATION,Closed,2024-10-09,CM01,Completed,2024-10-22,2024-10-22,2024-10-22,2024-10-22,1,WORK_COMPLETED,Corrective scope executed and checked.,Control logic correction,Control logic correction performed; post-work functional check within tolerance.,TRUE,10.22,3013.50,,Recovery & Utilities,Lime Kiln,SYS-RU-LIM-BRN,Burner System,Burner,B,TRUE,FALSE,FALSE,FALSE,FALSE,,404,2,15,FALSE,R3,3,Fault,COMPLETED_CORRECTIVE_ACTION
N0000709,,PLT-RU-LIM-BRN,FT-LIM-BRN-01,2024-10-07,2,Planned Inspection,Lime Kiln - Inspection,Planned Inspection,Indicated value drifts from independent reference.,SIGNAL_DRIFT,SIGNAL_DRIFT,Instrumentation,,LIM-INSTRUMENTATION,Closed,,,,,,,,,NO_ACTION_REQUIRED,Notification dispositioned without corrective scope.,Inspection only,Field inspection completed; no corrective maintenance performed.,TRUE,0.80,196.28,,Recovery & Utilities,Lime Kiln,SYS-RU-LIM-BRN,Burner System,Flow Transmitter,B,FALSE,TRUE,TRUE,FALSE,FALSE,522,404,,,FALSE,R4,4,Defect almost failure,CLOSED_CONFIRMED_WITHOUT_ORDER
N0000710,,PLT-RU-CAU-WLC,M-CAU-WLC-01,2024-10-08,1,Condition Monitoring,Causticizing - Condition Monitoring,Predictive Route,Oil condition test indicates degraded lubricant.,OIL_DEGRADATION,OIL_DEGRADATION,Lubrication,,CAU-LUBRICATION,Closed,,,,,,,,,NO_DEFECT_FOUND,Inspection could not confirm the reported abnormality.,Inspection only,Field inspection completed; no corrective maintenance performed.,FALSE,0.84,164.62,,Recovery & Utilities,Causticizing,SYS-RU-CAU-WLC,White Liquor Clarification,Motor,A,FALSE,TRUE,FALSE,TRUE,FALSE,,403,,,FALSE,R1,1,Fault,CLOSED_UNCONFIRMED_WITHOUT_ORDER
N0000711,WO0000424,PLT-FL-DRY-LUB,PT-DRY-LUB-01,2024-10-08,3,Maintenance Sensory Route,Drying - Maintenance Route A,Sensory Route,Pressure response delayed during process change.,IMPULSE_LINE_RESTRICTION,IMPULSE_LINE_RESTRICTION,Instrumentation,,DRY-INSTRUMENTATION,Closed,2024-10-11,PM02,Completed,2024-12-29,2024-12-31,2024-12-29,2024-12-31,3,WORK_COMPLETED,Corrective scope executed and checked.,Cleaning,Cleaning performed; post-work functional check within tolerance.,TRUE,4.81,1275.68,,Fiber Line,Drying,SYS-FL-DRY-LUB,Lubrication System,Pressure Transmitter,B,TRUE,FALSE,FALSE,FALSE,FALSE,,403,3,84,FALSE,R7,7,Defect,COMPLETED_CORRECTIVE_ACTION
N0000712,WO0000425,PLT-FL-WSH-BSW,DRV-WSH-BSW-01,2024-10-09,3,Condition Monitoring,Washing & Screening - Condition Monitoring,Predictive Route,Mechanism travel is uneven with elevated resistance.,MECHANICAL_BINDING,MECHANICAL_BINDING,Condition Monitoring,,WSH-CONDITION_MONITORING,Closed,2024-10-10,PM02,Completed,2025-01-06,2025-01-07,2025-01-06,2025-01-07,3,WORK_COMPLETED,Corrective scope executed and checked.,Adjustment,Adjustment performed; post-work functional check within tolerance.,TRUE,9.25,3307.09,,Fiber Line,Washing & Screening,SYS-FL-WSH-BSW,Brownstock Washing,Drive,B,TRUE,FALSE,FALSE,FALSE,FALSE,242,402,1,90,FALSE,R7,7,Defect,COMPLETED_CORRECTIVE_ACTION
N0000713,WO0000426,PLT-FL-DIG-CHP,ZS-DIG-CHP-01,2024-10-09,1,Breakdown / Corrective,Digester - Operations,,Intermittent signal dropout at stable process conditions.,INTERMITTENT_SIGNAL,INTERMITTENT_SIGNAL,Automation,,DIG-AUTOMATION,Closed,2024-10-12,CM01,Completed,2024-10-14,2024-10-14,2024-10-14,2024-10-14,0,WORK_COMPLETED,Corrective scope executed and checked.,Instrument replacement,Instrument replacement performed; post-work functional check within tolerance.,TRUE,5.67,4604.50,,Fiber Line,Digester,SYS-FL-DIG-CHP,Chip Feeding,Position Switch,B,TRUE,FALSE,FALSE,FALSE,TRUE,141,402,3,5,FALSE,R3,3,Fault,COMPLETED_CORRECTIVE_ACTION
N0000714,,PLT-RU-CAU-GLH,FV-CAU-GLH-01,2024-10-10,3,Operator Route,Causticizing - Operations,Sensory Route,Visible leakage at valve packing.,EXTERNAL_LEAKAGE,EXTERNAL_LEAKAGE,Instrumentation,,CAU-INSTRUMENTATION,Closed,,,,,,,,,NO_ACTION_REQUIRED,Notification dispositioned without corrective scope.,Inspection only,Field inspection completed; no corrective maintenance performed.,TRUE,1.96,325.18,,Recovery & Utilities,Causticizing,SYS-RU-CAU-GLH,Green Liquor Handling,Control Valve,B,FALSE,TRUE,TRUE,FALSE,FALSE,,401,,,FALSE,R7,7,Defect,CLOSED_CONFIRMED_WITHOUT_ORDER
N0000715,,PLT-FL-DIG-CIR,FV-DIG-CIR-01,2024-10-10,2,Operator Route,Digester - Operations,Sensory Route,Valve feedback differs from demanded position.,POSITIONER_DEVIATION,POSITIONER_DEVIATION,Valves,,DIG-VALVES,Closed,,,,,,,,,NO_DEFECT_FOUND,Inspection could not confirm the reported abnormality.,Inspection only,Field inspection completed; no corrective maintenance performed.,FALSE,1.73,343.18,,Fiber Line,Digester,SYS-FL-DIG-CIR,Cooking Circulation,Control Valve,A,FALSE,TRUE,FALSE,TRUE,FALSE,,401,,,FALSE,R2,2,Defect almost failure,CLOSED_UNCONFIRMED_WITHOUT_ORDER
N0000716,WO0000427,PLT-RU-LIM-LMF,M-LIM-LMF-01,2024-10-10,2,Condition Monitoring,Lime Kiln - Condition Monitoring,Predictive Route,Motor temperature rising at normal load.,MOTOR_OVERHEATING,MOTOR_OVERHEATING,Electrical,,LIM-ELECTRICAL,Closed,2024-10-12,PM02,Completed,2024-10-23,2024-10-25,2024-10-23,2024-10-25,0,WORK_COMPLETED,Corrective scope executed and checked.,Cleaning,Cleaning performed; post-work functional check within tolerance.,TRUE,5.18,1529.07,,Recovery & Utilities,Lime Kiln,SYS-RU-LIM-LMF,Lime Mud Feed,Motor,B,TRUE,FALSE,FALSE,FALSE,FALSE,,401,2,15,FALSE,R4,4,Defect almost failure,COMPLETED_CORRECTIVE_ACTION
N0000717,,PLT-RU-LIM-LMF,FV-LIM-LMF-01,2024-10-11,3,Operator Route,Lime Kiln - Operations,Sensory Route,Visible leakage at valve packing.,EXTERNAL_LEAKAGE,EXTERNAL_LEAKAGE,Valves,,LIM-VALVES,Closed,,,,,,,,,NO_ACTION_REQUIRED,Notification dispositioned without corrective scope.,Inspection only,Field inspection completed; no corrective maintenance performed.,TRUE,1.21,244.45,,Recovery & Utilities,Lime Kiln,SYS-RU-LIM-LMF,Lime Mud Feed,Control Valve,B,FALSE,TRUE,TRUE,FALSE,FALSE,,400,,,FALSE,R7,7,Defect,CLOSED_CONFIRMED_WITHOUT_ORDER
N0000718,WO0000428,PLT-RU-LIM-IDF,M-LIM-IDF-01,2024-10-11,1,Planned Inspection,Lime Kiln - Inspection,Planned Inspection,Motor temperature rising at normal load.,MOTOR_OVERHEATING,MOTOR_OVERHEATING,Condition Monitoring,Electrical,LIM-ELECTRICAL,Closed,2024-10-11,CM01,Completed,2024-10-26,2024-10-28,2024-10-26,2024-10-28,1,MONITOR_CONDITION,Condition recorded; continue observation without corrective work.,Inspection only,Inspected and recorded readings; no component correction performed.,TRUE,0.56,120.12,,Recovery & Utilities,Lime Kiln,SYS-RU-LIM-IDF,Induced Draft,Motor,A,TRUE,FALSE,FALSE,FALSE,FALSE,,400,0,17,FALSE,R1,1,Fault,MONITOR_CONDITION
N0000719,WO0000429,PLT-RU-RB-AIR,DV-RB-AIR-01,2024-10-12,2,Operator Route,Recovery Boiler - Operations,Sensory Route,Control sequence response differs from approved logic.,CONTROL_SEQUENCE_DEVIATION,CONTROL_SEQUENCE_DEVIATION,Automation,,RB-AUTOMATION,Closed,2024-10-12,PM02,Completed,2024-11-17,2024-11-19,2024-11-17,2024-11-19,2,WORK_COMPLETED,Corrective scope executed and checked.,Control logic correction,Control logic correction performed; post-work functional check within tolerance.,TRUE,7.84,2313.54,,Recovery & Utilities,Recovery Boiler,SYS-RU-RB-AIR,Combustion Air,Damper,A,TRUE,FALSE,FALSE,FALSE,FALSE,441,399,0,38,FALSE,R2,2,Defect almost failure,COMPLETED_CORRECTIVE_ACTION
N0000720,WO0000430,PLT-FL-BLE-STW,M-BLE-STW-01,2024-10-13,3,Planned Inspection,Bleaching - Inspection,Planned Inspection,Motor bearing vibration above baseline.,MOTOR_BEARING_VIBRATION,MOTOR_BEARING_VIBRATION,Condition Monitoring,,BLE-CONDITION_MONITORING,Closed,2024-10-16,PM02,Cancelled,2024-12-01,2024-12-01,,,2,CANCELLED,Order cancelled after scope review; no execution recorded.,,,TRUE,1.82,304.82,,Fiber Line,Bleaching,SYS-FL-BLE-STW,Stage Washing,Motor,B,TRUE,FALSE,FALSE,FALSE,FALSE,,398,3,,FALSE,R7,7,Defect,CANCELLED
N0000721,,PLT-RU-LIM-BRN,BRN-LIM-BRN-01,2024-10-14,3,Operator Report,Lime Kiln - Operations,,Process differential pressure above normal operating range.,PROCESS_RESTRICTION,PROCESS_RESTRICTION,Mechanical,,LIM-MECHANICAL,Closed,,,,,,,,,MONITOR_CONDITION,Condition recorded; continue observation without corrective work.,Inspection only,Field inspection completed; no corrective maintenance performed.,TRUE,1.96,363.97,,Recovery & Utilities,Lime Kiln,SYS-RU-LIM-BRN,Burner System,Burner,B,FALSE,TRUE,TRUE,FALSE,TRUE,152,397,,,FALSE,R7,7,Defect,CLOSED_CONFIRMED_WITHOUT_ORDER
N0000722,WO0000431,PLT-RU-RB-STM,PT-RB-STM-01,2024-10-14,1,Operator Route,Recovery Boiler - Operations,Sensory Route,Measured output outside calibration tolerance.,CALIBRATION_DEVIATION,CALIBRATION_DEVIATION,Instrumentation,,RB-INSTRUMENTATION,Closed,2024-10-15,CM01,Completed,2024-10-18,2024-10-19,2024-10-18,2024-10-19,0,WORK_COMPLETED,Corrective scope executed and checked.,Calibration,Calibration performed; post-work functional check within tolerance.,TRUE,4.88,1440.79,,Recovery & Utilities,Recovery Boiler,SYS-RU-RB-STM,Steam / Pressure Control,Pressure Transmitter,A,TRUE,FALSE,FALSE,FALSE,FALSE,444,397,1,5,FALSE,R1,1,Fault,COMPLETED_CORRECTIVE_ACTION
N0000723,WO0000432,PLT-FL-DRY-FOR,DRV-DRY-FOR-01,2024-10-15,2,Planned Inspection,Drying - Inspection,Planned Inspection,Bearing temperature trending above baseline.,BEARING_TEMPERATURE,BEARING_TEMPERATURE,Condition Monitoring,,DRY-CONDITION_MONITORING,Closed,2024-10-15,PM02,Completed,2024-10-30,2024-10-30,2024-10-30,2024-10-30,1,WORK_COMPLETED,Corrective scope executed and checked.,Bearing replacement,Bearing replacement performed; post-work functional check within tolerance.,TRUE,9.73,6973.02,,Fiber Line,Drying,SYS-FL-DRY-FOR,Forming Section,Drive,A,TRUE,FALSE,FALSE,FALSE,FALSE,,396,0,15,FALSE,R2,2,Defect almost failure,COMPLETED_CORRECTIVE_ACTION
N0000724,WO0000433,PLT-RU-UTL-AIR,CMP-UTL-AIR-01,2024-10-16,1,Operator Report,Utilities - Operations,,Bearing temperature trending above baseline.,BEARING_TEMPERATURE,BEARING_TEMPERATURE,Mechanical,,UTL-MECHANICAL,Closed,2024-10-21,CM01,Completed,2024-11-04,2024-11-04,2024-11-04,2024-11-04,1,WORK_COMPLETED,Corrective scope executed and checked.,Bearing replacement,Bearing replacement performed; post-work functional check within tolerance.,TRUE,19.64,14069.91,,Recovery & Utilities,Utilities,SYS-RU-UTL-AIR,Compressed Air,Compressor,A,TRUE,FALSE,FALSE,FALSE,FALSE,482,395,5,19,FALSE,R1,1,Fault,COMPLETED_CORRECTIVE_ACTION
N0000725,WO0000434,PLT-RU-UTL-AIR,CMP-UTL-AIR-01,2024-10-18,2,Planned Inspection,Utilities - Inspection,Planned Inspection,Mechanism travel is uneven with elevated resistance.,MECHANICAL_BINDING,MECHANICAL_BINDING,Mechanical,,UTL-MECHANICAL,Closed,2024-10-21,PM02,Completed,2024-11-12,2024-11-13,2024-11-12,2024-11-13,1,WORK_COMPLETED,Corrective scope executed and checked.,Adjustment,Adjustment performed; post-work functional check within tolerance.,TRUE,11.24,4018.04,,Recovery & Utilities,Utilities,SYS-RU-UTL-AIR,Compressed Air,Compressor,A,TRUE,FALSE,FALSE,FALSE,FALSE,609,393,3,26,FALSE,R2,2,Defect almost failure,COMPLETED_CORRECTIVE_ACTION
N0000726,,PLT-RU-LIM-LMF,FT-LIM-LMF-01,2024-10-18,3,Operator Report,Lime Kiln - Operations,,Measured output outside calibration tolerance.,CALIBRATION_DEVIATION,CALIBRATION_DEVIATION,Instrumentation,,LIM-INSTRUMENTATION,Closed,,,,,,,,,NO_ACTION_REQUIRED,Notification dispositioned without corrective scope.,Inspection only,Field inspection completed; no corrective maintenance performed.,FALSE,0.78,210.25,,Recovery & Utilities,Lime Kiln,SYS-RU-LIM-LMF,Lime Mud Feed,Flow Transmitter,B,FALSE,TRUE,FALSE,TRUE,FALSE,216,393,,,FALSE,R7,7,Defect,CLOSED_UNCONFIRMED_WITHOUT_ORDER
N0000727,,PLT-RU-UTL-PWT,FT-UTL-PWT-01,2024-10-18,2,Operator Route,Utilities - Operations,Sensory Route,Intermittent signal dropout at stable process conditions.,INTERMITTENT_SIGNAL,INTERMITTENT_SIGNAL,Instrumentation,,UTL-INSTRUMENTATION,Closed,,,,,,,,,MONITOR_CONDITION,Condition recorded; continue observation without corrective work.,Inspection only,Field inspection completed; no corrective maintenance performed.,TRUE,0.86,189.89,,Recovery & Utilities,Utilities,SYS-RU-UTL-PWT,Process Water,Flow Transmitter,B,FALSE,TRUE,TRUE,FALSE,FALSE,,393,,,FALSE,R4,4,Defect almost failure,CLOSED_CONFIRMED_WITHOUT_ORDER
N0000728,,PLT-RU-LIM-DRV,DRV-LIM-DRV-01,2024-10-19,3,Maintenance Sensory Route,Lime Kiln - Maintenance Route A,Sensory Route,Rotating assembly shows dominant once-per-revolution vibration.,IMBALANCE,IMBALANCE,Mechanical,,LIM-MECHANICAL,Closed,,,,,,,,,NO_ACTION_REQUIRED,Notification dispositioned without corrective scope.,Inspection only,Field inspection completed; no corrective maintenance performed.,FALSE,0.75,202.32,,Recovery & Utilities,Lime Kiln,SYS-RU-LIM-DRV,Kiln Drive,Drive,A,FALSE,TRUE,FALSE,TRUE,FALSE,416,392,,,FALSE,R5,5,Defect,CLOSED_UNCONFIRMED_WITHOUT_ORDER
N0000729,WO0000435,PLT-FL-DIG-BLC,PT-DIG-BLC-01,2024-10-19,3,Maintenance Sensory Route,Digester - Maintenance Route A,Sensory Route,Indicated value drifts from independent reference.,SIGNAL_DRIFT,SIGNAL_DRIFT,Instrumentation,Automation,DIG-AUTOMATION,Closed,2024-10-20,PM02,Completed,2024-11-29,2024-12-01,2024-11-29,2024-12-01,1,WORK_COMPLETED,Corrective scope executed and checked.,Calibration,Calibration performed; post-work functional check within tolerance.,TRUE,5.61,1655.73,,Fiber Line,Digester,SYS-FL-DIG-BLC,Blow / Pressure Control,Pressure Transmitter,A,TRUE,FALSE,FALSE,FALSE,FALSE,539,392,1,43,FALSE,R5,5,Defect,COMPLETED_CORRECTIVE_ACTION
N0000730,,PLT-FL-WSH-FIL,FV-WSH-FIL-01,2024-10-20,3,Operator Route,Washing & Screening - Operations,Sensory Route,Actuator supply pressure decays while held.,ACTUATOR_LEAKAGE,ACTUATOR_LEAKAGE,Valves,,WSH-VALVES,Closed,,,,,,,,,NO_ACTION_REQUIRED,Notification dispositioned without corrective scope.,Inspection only,Field inspection completed; no corrective maintenance performed.,TRUE,1.74,331.27,,Fiber Line,Washing & Screening,SYS-FL-WSH-FIL,Filtrate System,Control Valve,C,FALSE,TRUE,TRUE,FALSE,FALSE,343,391,,,FALSE,R9,9,Defect,CLOSED_CONFIRMED_WITHOUT_ORDER
N0000731,WO0000436,PLT-FL-DIG-BLC,XV-DIG-BLC-01,2024-10-20,2,Process Alarm,Digester - Control Room,Process / Control Monitoring,Visible leakage at valve packing.,EXTERNAL_LEAKAGE,EXTERNAL_LEAKAGE,Instrumentation,,DIG-INSTRUMENTATION,Closed,2024-10-21,PM02,Completed,2024-12-03,2024-12-04,2024-12-03,2024-12-04,2,MONITOR_CONDITION,Condition recorded; continue observation without corrective work.,Inspection only,Inspected and recorded readings; no component correction performed.,TRUE,1.04,205.68,,Fiber Line,Digester,SYS-FL-DIG-BLC,Blow / Pressure Control,On/Off Valve,A,TRUE,FALSE,FALSE,FALSE,FALSE,,391,1,45,FALSE,R2,2,Defect almost failure,MONITOR_CONDITION
N0000732,WO0000437,PLT-RU-CAU-LMH,M-CAU-LMH-01,2024-10-21,3,Planned Inspection,Causticizing - Inspection,Planned Inspection,Localized heating at electrical connection.,TERMINAL_HEATING,TERMINAL_HEATING,Electrical,,CAU-ELECTRICAL,Closed,2024-10-23,PM02,Completed,2025-01-01,2025-01-03,2025-01-01,2025-01-03,3,WORK_COMPLETED,Corrective scope executed and checked.,Tightening,Tightening performed; post-work functional check within tolerance.,TRUE,5.60,1372.64,,Recovery & Utilities,Causticizing,SYS-RU-CAU-LMH,Lime Mud Handling,Motor,B,TRUE,FALSE,FALSE,FALSE,TRUE,177,390,2,74,FALSE,R7,7,Defect,COMPLETED_CORRECTIVE_ACTION
N0000733,WO0000438,PLT-RU-EVA-CIR,P-EVA-CIR-01,2024-10-21,2,Operator Route,Evaporation - Operations,Sensory Route,Elevated vibration at pump bearing housing.,PUMP_BEARING_VIBRATION,PUMP_BEARING_VIBRATION,Mechanical,,EVA-MECHANICAL,Closed,2024-10-21,PM02,Completed,2024-11-17,2024-11-17,2024-11-17,2024-11-17,2,WORK_COMPLETED,Corrective scope executed and checked.,Bearing replacement,Bearing replacement performed; post-work functional check within tolerance.,TRUE,22.13,15658.82,,Recovery & Utilities,Evaporation,SYS-RU-EVA-CIR,Evaporator Circulation,Pump,B,TRUE,FALSE,FALSE,FALSE,FALSE,445,390,0,27,FALSE,R4,4,Defect almost failure,COMPLETED_CORRECTIVE_ACTION
N0000734,,PLT-FL-DRY-PRS,PT-DRY-PRS-01,2024-10-22,3,Operator Route,Drying - Operations,Sensory Route,Pressure response delayed during process change.,IMPULSE_LINE_RESTRICTION,IMPULSE_LINE_RESTRICTION,Instrumentation,,DRY-INSTRUMENTATION,Closed,,,,,,,,,NO_ACTION_REQUIRED,Notification dispositioned without corrective scope.,Inspection only,Field inspection completed; no corrective maintenance performed.,TRUE,1.54,293.42,,Fiber Line,Drying,SYS-FL-DRY-PRS,Press Section,Pressure Transmitter,B,FALSE,TRUE,TRUE,FALSE,FALSE,,389,,,FALSE,R7,7,Defect,CLOSED_CONFIRMED_WITHOUT_ORDER
N0000735,WO0000439,PLT-FL-BLE-CHM,AG-BLE-CHM-01,2024-10-23,3,Operator Route,Bleaching - Operations,Sensory Route,Mechanism travel is uneven with elevated resistance.,MECHANICAL_BINDING,MECHANICAL_BINDING,Mechanical,,BLE-MECHANICAL,Closed,2024-10-24,PM02,Completed,2025-01-05,2025-01-06,2025-01-05,2025-01-06,3,WORK_COMPLETED,Corrective scope executed and checked.,Adjustment,Adjustment performed; post-work functional check within tolerance.,TRUE,11.49,4107.70,,Fiber Line,Bleaching,SYS-FL-BLE-CHM,Chemical Mixing,Agitator,B,TRUE,FALSE,FALSE,FALSE,FALSE,606,388,1,75,FALSE,R7,7,Defect,COMPLETED_CORRECTIVE_ACTION
N0000736,WO0000440,PLT-RU-UTL-ELD,CB-UTL-ELD-01,2024-10-24,3,Operator Route,Utilities - Operations,Sensory Route,Insulation test trending below reference.,INSULATION_DEGRADATION,INSULATION_DEGRADATION,Electrical,,UTL-ELECTRICAL,Closed,2024-10-24,PM02,Completed,2024-11-25,2024-11-26,2024-11-25,2024-11-26,1,WORK_COMPLETED,Corrective scope executed and checked.,Component replacement,Component replacement performed; post-work functional check within tolerance.,TRUE,19.28,18568.70,,Recovery & Utilities,Utilities,SYS-RU-UTL-ELD,Electrical Distribution,Circuit Breaker,A,TRUE,FALSE,FALSE,FALSE,FALSE,,387,0,33,FALSE,R5,5,Defect,COMPLETED_CORRECTIVE_ACTION
N0000737,WO0000441,PLT-RU-CAU-SLK,M-CAU-SLK-01,2024-10-25,3,Process Alarm,Causticizing - Control Room,Process / Control Monitoring,Oil condition test indicates degraded lubricant.,OIL_DEGRADATION,OIL_DEGRADATION,Lubrication,,CAU-LUBRICATION,Closed,2024-10-29,PM02,Cancelled,2024-12-11,2024-12-12,,,1,CANCELLED,Order cancelled after scope review; no execution recorded.,,,TRUE,1.17,211.46,,Recovery & Utilities,Causticizing,SYS-RU-CAU-SLK,Slaking,Motor,A,TRUE,FALSE,FALSE,FALSE,FALSE,,386,4,,FALSE,R5,5,Defect,CANCELLED
N0000738,WO0000442,PLT-RU-RB-SMT,P-RB-SMT-01,2024-10-25,1,Breakdown / Corrective,Recovery Boiler - Operations,,Elevated vibration at pump bearing housing.,PUMP_BEARING_VIBRATION,PUMP_BEARING_VIBRATION,Mechanical,,RB-MECHANICAL,Closed,2024-10-25,CM01,Completed,2024-12-07,2024-12-07,2024-12-07,2024-12-07,3,WORK_COMPLETED,Corrective scope executed and checked.,Bearing replacement,Bearing replacement performed; post-work functional check within tolerance.,TRUE,15.26,10797.43,,Recovery & Utilities,Recovery Boiler,SYS-RU-RB-SMT,Smelt Handling,Pump,B,TRUE,FALSE,FALSE,FALSE,FALSE,,386,0,43,FALSE,R3,3,Fault,COMPLETED_CORRECTIVE_ACTION
N0000739,,PLT-RU-CAU-SLK,TT-CAU-SLK-01,2024-10-25,3,Planned Inspection,Causticizing - Inspection,Planned Inspection,Measured output outside calibration tolerance.,CALIBRATION_DEVIATION,CALIBRATION_DEVIATION,Instrumentation,,CAU-INSTRUMENTATION,Closed,,,,,,,,,MONITOR_CONDITION,Condition recorded; continue observation without corrective work.,Inspection only,Field inspection completed; no corrective maintenance performed.,TRUE,0.57,178.57,,Recovery & Utilities,Causticizing,SYS-RU-CAU-SLK,Slaking,Temperature Transmitter,B,FALSE,TRUE,TRUE,FALSE,FALSE,192,386,,,FALSE,R7,7,Defect,CLOSED_CONFIRMED_WITHOUT_ORDER
N0000740,WO0000443,PLT-FL-DIG-BLC,PSHH-DIG-BLC-01,2024-10-26,1,Planned Inspection,Digester - Inspection,Planned Inspection,Control sequence response differs from approved logic.,CONTROL_SEQUENCE_DEVIATION,CONTROL_SEQUENCE_DEVIATION,Automation,,DIG-AUTOMATION,Closed,2024-10-26,CM01,Completed,2024-12-04,2024-12-04,2024-12-04,2024-12-04,3,WORK_COMPLETED,Corrective scope executed and checked.,Control logic correction,Control logic correction performed; post-work functional check within tolerance.,TRUE,9.46,2790.15,,Fiber Line,Digester,SYS-FL-DIG-BLC,Blow / Pressure Control,Pressure Switch,A,TRUE,FALSE,FALSE,FALSE,FALSE,,385,0,39,FALSE,R1,1,Fault,COMPLETED_CORRECTIVE_ACTION
N0000741,WO0000444,PLT-FL-DRY-PRS,PT-DRY-PRS-01,2024-10-27,2,Operator Report,Drying - Operations,,Intermittent signal dropout at stable process conditions.,INTERMITTENT_SIGNAL,INTERMITTENT_SIGNAL,Instrumentation,,DRY-INSTRUMENTATION,Closed,2024-10-28,PM02,Completed,2024-11-08,2024-11-10,2024-11-08,2024-11-10,0,WORK_COMPLETED,Corrective scope executed and checked.,Instrument replacement,Instrument replacement performed; post-work functional check within tolerance.,TRUE,6.03,4896.03,,Fiber Line,Drying,SYS-FL-DRY-PRS,Press Section,Pressure Transmitter,B,TRUE,FALSE,FALSE,FALSE,FALSE,,384,1,14,FALSE,R4,4,Defect almost failure,COMPLETED_CORRECTIVE_ACTION
N0000742,,PLT-FL-BLE-DOS,FV-BLE-DOS-01,2024-10-29,2,Operator Route,Bleaching - Operations,Sensory Route,Visible leakage at valve packing.,EXTERNAL_LEAKAGE,EXTERNAL_LEAKAGE,Valves,,BLE-VALVES,Closed,,,,,,,,,NO_ACTION_REQUIRED,Notification dispositioned without corrective scope.,Inspection only,Field inspection completed; no corrective maintenance performed.,TRUE,1.29,281.40,,Fiber Line,Bleaching,SYS-FL-BLE-DOS,Chemical Dosing,Control Valve,B,FALSE,TRUE,TRUE,FALSE,FALSE,,382,,,FALSE,R4,4,Defect almost failure,CLOSED_CONFIRMED_WITHOUT_ORDER
N0000743,WO0000445,PLT-RU-CAU-SLK,M-CAU-SLK-01,2024-10-29,1,Breakdown / Corrective,Causticizing - Operations,,Motor bearing vibration above baseline.,MOTOR_BEARING_VIBRATION,MOTOR_BEARING_VIBRATION,Electrical,,CAU-ELECTRICAL,Closed,2024-10-29,CM01,Completed,2024-11-01,2024-11-01,2024-11-01,2024-11-01,0,WORK_COMPLETED,Corrective scope executed and checked.,Bearing replacement,Bearing replacement performed; post-work functional check within tolerance.,TRUE,18.89,12183.16,,Recovery & Utilities,Causticizing,SYS-RU-CAU-SLK,Slaking,Motor,A,TRUE,FALSE,FALSE,FALSE,FALSE,,382,0,3,FALSE,R1,1,Fault,COMPLETED_CORRECTIVE_ACTION
N0000744,WO0000446,PLT-FL-WSH-KNR,XV-WSH-KNR-01,2024-10-29,3,Process Alarm,Washing & Screening - Control Room,Process / Control Monitoring,Visible leakage at valve packing.,EXTERNAL_LEAKAGE,EXTERNAL_LEAKAGE,Valves,Instrumentation,WSH-INSTRUMENTATION,Closed,2024-10-29,PM02,Completed,2024-12-01,2024-12-02,2024-12-01,2024-12-02,0,MONITOR_CONDITION,Condition recorded; continue observation without corrective work.,Inspection only,Inspected and recorded readings; no component correction performed.,TRUE,1.28,256.73,,Fiber Line,Washing & Screening,SYS-FL-WSH-KNR,Knot Removal,On/Off Valve,C,TRUE,FALSE,FALSE,FALSE,FALSE,292,382,0,34,FALSE,R9,9,Defect,MONITOR_CONDITION
N0000745,,PLT-FL-DRY-LUB,PT-DRY-LUB-01,2024-11-03,2,Planned Inspection,Drying - Inspection,Planned Inspection,Indicated value drifts from independent reference.,SIGNAL_DRIFT,SIGNAL_DRIFT,Instrumentation,,DRY-INSTRUMENTATION,Closed,,,,,,,,,MONITOR_CONDITION,Condition recorded; continue observation without corrective work.,Inspection only,Field inspection completed; no corrective maintenance performed.,TRUE,1.27,225.39,,Fiber Line,Drying,SYS-FL-DRY-LUB,Lubrication System,Pressure Transmitter,B,FALSE,TRUE,TRUE,FALSE,FALSE,565,377,,,FALSE,R4,4,Defect almost failure,CLOSED_CONFIRMED_WITHOUT_ORDER
N0000746,WO0000447,PLT-FL-WSH-FIL,LT-WSH-FIL-01,2024-11-04,2,Planned Inspection,Washing & Screening - Inspection,Planned Inspection,Indicated value drifts from independent reference.,SIGNAL_DRIFT,SIGNAL_DRIFT,Instrumentation,,WSH-INSTRUMENTATION,Closed,2024-11-05,PM02,Completed,2024-12-12,2024-12-14,2024-12-12,2024-12-14,3,WORK_COMPLETED,Corrective scope executed and checked.,Calibration,Calibration performed; post-work functional check within tolerance.,TRUE,3.63,1070.80,,Fiber Line,Washing & Screening,SYS-FL-WSH-FIL,Filtrate System,Level Transmitter,C,TRUE,FALSE,FALSE,FALSE,TRUE,66,376,1,40,FALSE,R8,8,Defect almost failure,COMPLETED_CORRECTIVE_ACTION
N0000747,WO0000448,PLT-FL-DRY-LUB,M-DRY-LUB-01,2024-11-05,3,Planned Inspection,Drying - Inspection,Planned Inspection,Localized heating at electrical connection.,TERMINAL_HEATING,TERMINAL_HEATING,Electrical,,DRY-ELECTRICAL,Closed,2024-11-05,PM02,Completed,2025-02-26,2025-02-27,2025-02-26,2025-02-27,5,WORK_COMPLETED,Corrective scope executed and checked.,Tightening,Tightening performed; post-work functional check within tolerance.,TRUE,4.52,1106.41,,Fiber Line,Drying,SYS-FL-DRY-LUB,Lubrication System,Motor,C,TRUE,FALSE,FALSE,FALSE,FALSE,552,375,0,114,FALSE,R9,9,Defect,COMPLETED_CORRECTIVE_ACTION
N0000748,WO0000449,PLT-RU-CAU-GLC,M-CAU-GLC-01,2024-11-06,2,Planned Inspection,Causticizing - Inspection,Planned Inspection,Motor bearing vibration above baseline.,MOTOR_BEARING_VIBRATION,MOTOR_BEARING_VIBRATION,Condition Monitoring,Electrical,CAU-ELECTRICAL,Closed,2024-11-07,PM02,Completed,2024-12-16,2024-12-16,2024-12-16,2024-12-16,2,WORK_COMPLETED,Corrective scope executed and checked.,Bearing replacement,Bearing replacement performed; post-work functional check within tolerance.,TRUE,11.80,7610.32,,Recovery & Utilities,Causticizing,SYS-RU-CAU-GLC,Green Liquor Clarification,Motor,B,TRUE,FALSE,FALSE,FALSE,FALSE,,374,1,40,FALSE,R4,4,Defect almost failure,COMPLETED_CORRECTIVE_ACTION
N0000749,WO0000450,PLT-FL-DIG-DIS,P-DIG-DIS-01,2024-11-06,2,Operator Route,Digester - Operations,Sensory Route,Oil sample shows elevated contamination.,OIL_CONTAMINATION,OIL_CONTAMINATION,Lubrication,,DIG-LUBRICATION,Closed,2024-11-10,PM02,Completed,2024-12-02,2024-12-03,2024-12-02,2024-12-03,1,WORK_COMPLETED,Corrective scope executed and checked.,Lubrication,Lubrication performed; post-work functional check within tolerance.,TRUE,7.22,3694.37,,Fiber Line,Digester,SYS-FL-DIG-DIS,Digester Discharge,Pump,A,TRUE,FALSE,FALSE,FALSE,FALSE,,374,4,27,FALSE,R2,2,Defect almost failure,COMPLETED_CORRECTIVE_ACTION
N0000750,WO0000451,PLT-FL-DRY-LUB,LU-DRY-LUB-01,2024-11-07,3,Operator Route,Drying - Operations,Sensory Route,Oil sample shows elevated contamination.,OIL_CONTAMINATION,OIL_CONTAMINATION,Lubrication,,DRY-LUBRICATION,Closed,2024-11-12,PM02,Completed,2024-12-06,2024-12-07,2024-12-06,2024-12-07,1,WORK_COMPLETED,Corrective scope executed and checked.,Lubrication,Lubrication performed; post-work functional check within tolerance.,TRUE,5.34,2734.45,,Fiber Line,Drying,SYS-FL-DRY-LUB,Lubrication System,Lubrication Unit,A,TRUE,FALSE,FALSE,FALSE,FALSE,,373,5,30,FALSE,R5,5,Defect,COMPLETED_CORRECTIVE_ACTION
N0000751,WO0000452,PLT-RU-CAU-LMH,M-CAU-LMH-01,2024-11-07,2,Operator Route,Causticizing - Operations,Sensory Route,Insulation test trending below reference.,INSULATION_DEGRADATION,INSULATION_DEGRADATION,Electrical,,CAU-ELECTRICAL,Closed,2024-11-08,PM02,Completed,2024-11-26,2024-11-27,2024-11-26,2024-11-27,1,WORK_COMPLETED,Corrective scope executed and checked.,Component replacement,Component replacement performed; post-work functional check within tolerance.,TRUE,32.68,31474.11,,Recovery & Utilities,Causticizing,SYS-RU-CAU-LMH,Lime Mud Handling,Motor,B,TRUE,FALSE,FALSE,FALSE,FALSE,,373,1,20,FALSE,R4,4,Defect almost failure,COMPLETED_CORRECTIVE_ACTION
N0000752,WO0000453,PLT-RU-EVA-VAC,PT-EVA-VAC-01,2024-11-07,3,Operator Route,Evaporation - Operations,Sensory Route,Indicated value drifts from independent reference.,SIGNAL_DRIFT,SIGNAL_DRIFT,Instrumentation,Automation,EVA-AUTOMATION,Closed,2024-11-09,PM02,Completed,2024-12-28,2024-12-30,2024-12-28,2024-12-30,5,WORK_COMPLETED,Corrective scope executed and checked.,Calibration,Calibration performed; post-work functional check within tolerance.,TRUE,3.73,1100.02,,Recovery & Utilities,Evaporation,SYS-RU-EVA-VAC,Vacuum System,Pressure Transmitter,B,TRUE,FALSE,FALSE,FALSE,FALSE,430,373,2,53,FALSE,R7,7,Defect,COMPLETED_CORRECTIVE_ACTION
N0000753,WO0000454,PLT-RU-CAU-LMH,P-CAU-LMH-01,2024-11-09,3,Condition Monitoring,Causticizing - Condition Monitoring,Predictive Route,Elevated vibration at pump bearing housing.,PUMP_BEARING_VIBRATION,PUMP_BEARING_VIBRATION,Mechanical,,CAU-MECHANICAL,Closed,2024-11-13,PM02,Completed,2024-12-09,2024-12-11,2024-12-09,2024-12-11,1,WORK_COMPLETED,Corrective scope executed and checked.,Bearing replacement,Bearing replacement performed; post-work functional check within tolerance.,TRUE,19.97,14132.25,,Recovery & Utilities,Causticizing,SYS-RU-CAU-LMH,Lime Mud Handling,Pump,B,TRUE,FALSE,FALSE,FALSE,FALSE,182,371,4,32,FALSE,R7,7,Defect,COMPLETED_CORRECTIVE_ACTION
N0000754,WO0000455,PLT-RU-UTL-ELD,TR-UTL-ELD-01,2024-11-11,3,Condition Monitoring,Utilities - Condition Monitoring,Predictive Route,Control sequence response differs from approved logic.,CONTROL_SEQUENCE_DEVIATION,CONTROL_SEQUENCE_DEVIATION,Condition Monitoring,,UTL-CONDITION_MONITORING,Closed,2024-11-11,PM02,Completed,2025-01-02,2025-01-02,2025-01-02,2025-01-02,2,WORK_COMPLETED,Corrective scope executed and checked.,Control logic correction,Control logic correction performed; post-work functional check within tolerance.,TRUE,10.40,3068.01,,Recovery & Utilities,Utilities,SYS-RU-UTL-ELD,Electrical Distribution,Transformer,A,TRUE,FALSE,FALSE,FALSE,TRUE,75,369,0,52,FALSE,R5,5,Defect,COMPLETED_CORRECTIVE_ACTION
N0000755,,PLT-RU-CAU-LMH,P-CAU-LMH-01,2024-11-12,3,Maintenance Sensory Route,Causticizing - Maintenance Route A,Sensory Route,Crackling noise and unstable suction pressure.,CAVITATION,CAVITATION,Condition Monitoring,,CAU-CONDITION_MONITORING,Closed,,,,,,,,,MONITOR_CONDITION,Condition recorded; continue observation without corrective work.,Inspection only,Field inspection completed; no corrective maintenance performed.,TRUE,0.38,135.29,,Recovery & Utilities,Causticizing,SYS-RU-CAU-LMH,Lime Mud Handling,Pump,B,FALSE,TRUE,TRUE,FALSE,FALSE,,368,,,FALSE,R7,7,Defect,CLOSED_CONFIRMED_WITHOUT_ORDER
N0000756,WO0000456,PLT-RU-LIM-BRN,FT-LIM-BRN-01,2024-11-13,3,Operator Route,Lime Kiln - Operations,Sensory Route,Measured output outside calibration tolerance.,CALIBRATION_DEVIATION,CALIBRATION_DEVIATION,Instrumentation,,LIM-INSTRUMENTATION,Closed,2024-11-13,PM02,Completed,2024-12-25,2024-12-26,2024-12-25,2024-12-26,1,WORK_COMPLETED,Corrective scope executed and checked.,Calibration,Calibration performed; post-work functional check within tolerance.,TRUE,2.90,854.03,,Recovery & Utilities,Lime Kiln,SYS-RU-LIM-BRN,Burner System,Flow Transmitter,B,TRUE,FALSE,FALSE,FALSE,FALSE,,367,0,43,FALSE,R7,7,Defect,COMPLETED_CORRECTIVE_ACTION
N0000757,WO0000457,PLT-FL-DIG-CIR,FV-DIG-CIR-01,2024-11-13,2,Process Alarm,Digester - Control Room,Process / Control Monitoring,Actuator supply pressure decays while held.,ACTUATOR_LEAKAGE,ACTUATOR_LEAKAGE,Valves,,DIG-VALVES,Closed,2024-11-15,PM02,Completed,2024-12-18,2024-12-20,2024-12-18,2024-12-20,3,WORK_COMPLETED,Corrective scope executed and checked.,Seal replacement,Seal replacement performed; post-work functional check within tolerance.,TRUE,9.47,5515.76,,Fiber Line,Digester,SYS-FL-DIG-CIR,Cooking Circulation,Control Valve,A,TRUE,FALSE,FALSE,FALSE,FALSE,389,367,2,37,FALSE,R2,2,Defect almost failure,COMPLETED_CORRECTIVE_ACTION
N0000758,WO0000458,PLT-FL-WSH-SCR,M-WSH-SCR-01,2024-11-14,3,Condition Monitoring,Washing & Screening - Condition Monitoring,Predictive Route,Insulation test trending below reference.,INSULATION_DEGRADATION,INSULATION_DEGRADATION,Condition Monitoring,,WSH-CONDITION_MONITORING,Closed,2024-11-16,PM02,Completed,2024-12-29,2024-12-30,2024-12-29,2024-12-30,1,WORK_COMPLETED,Corrective scope executed and checked.,Component replacement,Component replacement performed; post-work functional check within tolerance.,TRUE,21.11,20336.52,,Fiber Line,Washing & Screening,SYS-FL-WSH-SCR,Screening,Motor,B,TRUE,FALSE,FALSE,FALSE,FALSE,,366,2,46,FALSE,R7,7,Defect,COMPLETED_CORRECTIVE_ACTION
N0000759,,PLT-FL-DIG-BLC,PT-DIG-BLC-01,2024-11-14,2,Maintenance Sensory Route,Digester - Maintenance Route A,Sensory Route,Intermittent signal dropout at stable process conditions.,INTERMITTENT_SIGNAL,INTERMITTENT_SIGNAL,Instrumentation,Automation,DIG-AUTOMATION,Closed,,,,,,,,,NO_DEFECT_FOUND,Inspection could not confirm the reported abnormality.,Inspection only,Field inspection completed; no corrective maintenance performed.,FALSE,1.11,209.55,,Fiber Line,Digester,SYS-FL-DIG-BLC,Blow / Pressure Control,Pressure Transmitter,A,FALSE,TRUE,FALSE,TRUE,FALSE,234,366,,,FALSE,R2,2,Defect almost failure,CLOSED_UNCONFIRMED_WITHOUT_ORDER
N0000760,WO0000459,PLT-FL-WSH-SCR,DPIT-WSH-SCR-01,2024-11-15,3,Operator Route,Washing & Screening - Operations,Sensory Route,Measured output outside calibration tolerance.,CALIBRATION_DEVIATION,CALIBRATION_DEVIATION,Instrumentation,,WSH-INSTRUMENTATION,Closed,2024-11-15,PM02,Completed,2024-12-01,2024-12-01,2024-12-01,2024-12-01,0,WORK_COMPLETED,Corrective scope executed and checked.,Calibration,Calibration performed; post-work functional check within tolerance.,TRUE,5.88,1735.86,,Fiber Line,Washing & Screening,SYS-FL-WSH-SCR,Screening,Differential Pressure Transmitter,C,TRUE,FALSE,FALSE,FALSE,FALSE,607,365,0,16,FALSE,R9,9,Defect,COMPLETED_CORRECTIVE_ACTION
N0000761,WO0000460,PLT-RU-CAU-GLH,P-CAU-GLH-01,2024-12-01,3,Condition Monitoring,Causticizing - Condition Monitoring,Predictive Route,Delivered flow below expected operating range.,LOW_FLOW,LOW_FLOW,Mechanical,,CAU-MECHANICAL,Closed,2024-12-05,PM02,Completed,2025-02-06,2025-02-08,2025-02-06,2025-02-08,2,WORK_COMPLETED,Corrective scope executed and checked.,Cleaning,Cleaning performed; post-work functional check within tolerance.,TRUE,9.59,2830.05,,Recovery & Utilities,Causticizing,SYS-RU-CAU-GLH,Green Liquor Handling,Pump,B,TRUE,FALSE,FALSE,FALSE,FALSE,,349,4,69,FALSE,R7,7,Defect,COMPLETED_CORRECTIVE_ACTION
N0000762,WO0000461,PLT-FL-WSH-BSW,M-WSH-BSW-01,2024-12-02,3,Condition Monitoring,Washing & Screening - Condition Monitoring,Predictive Route,Insulation test trending below reference.,INSULATION_DEGRADATION,INSULATION_DEGRADATION,Electrical,,WSH-ELECTRICAL,Closed,2024-12-07,PM02,Completed,2025-01-22,2025-01-23,2025-01-22,2025-01-23,1,WORK_COMPLETED,Corrective scope executed and checked.,Component replacement,Component replacement performed; post-work functional check within tolerance.,TRUE,19.68,18958.93,,Fiber Line,Washing & Screening,SYS-FL-WSH-BSW,Brownstock Washing,Motor,B,TRUE,FALSE,FALSE,FALSE,FALSE,266,348,5,52,FALSE,R7,7,Defect,COMPLETED_CORRECTIVE_ACTION
N0000763,WO0000462,PLT-RU-UTL-ELD,MCC-UTL-ELD-01,2024-12-02,3,Process Alarm,Utilities - Control Room,Process / Control Monitoring,Localized heating at electrical connection.,TERMINAL_HEATING,TERMINAL_HEATING,Electrical,,UTL-ELECTRICAL,Closed,2024-12-02,PM02,Cancelled,2025-01-11,2025-01-11,,,1,CANCELLED,Order cancelled after scope review; no execution recorded.,,,TRUE,1.51,316.12,,Recovery & Utilities,Utilities,SYS-RU-UTL-ELD,Electrical Distribution,Motor Control Center,A,TRUE,FALSE,FALSE,FALSE,FALSE,312,348,0,,FALSE,R5,5,Defect,CANCELLED
N0000764,,PLT-FL-DIG-DIS,P-DIG-DIS-01,2024-12-02,3,Condition Monitoring,Digester - Condition Monitoring,Predictive Route,Bearing temperature trending above baseline.,BEARING_TEMPERATURE,BEARING_TEMPERATURE,Mechanical,,DIG-MECHANICAL,Closed,,,,,,,,,NO_ACTION_REQUIRED,Notification dispositioned without corrective scope.,Inspection only,Field inspection completed; no corrective maintenance performed.,FALSE,1.42,279.55,,Fiber Line,Digester,SYS-FL-DIG-DIS,Digester Discharge,Pump,A,FALSE,TRUE,FALSE,TRUE,FALSE,227,348,,,FALSE,R5,5,Defect,CLOSED_UNCONFIRMED_WITHOUT_ORDER
N0000765,WO0000463,PLT-RU-RB-FWS,P-RB-FWS-01,2024-12-03,2,Planned Inspection,Recovery Boiler - Inspection,Planned Inspection,Leakage at shaft seal.,SEAL_LEAKAGE,SEAL_LEAKAGE,Mechanical,,RB-MECHANICAL,Closed,2024-12-06,PM02,Completed,2024-12-22,2024-12-23,2024-12-22,2024-12-23,0,WORK_COMPLETED,Corrective scope executed and checked.,Seal replacement,Seal replacement performed; post-work functional check within tolerance.,TRUE,12.81,9545.45,,Recovery & Utilities,Recovery Boiler,SYS-RU-RB-FWS,Feedwater System,Pump,A,TRUE,FALSE,FALSE,FALSE,FALSE,,347,3,20,FALSE,R2,2,Defect almost failure,COMPLETED_CORRECTIVE_ACTION
N0000766,WO0000464,PLT-FL-DRY-SHT,M-DRY-SHT-01,2024-12-04,3,Process Alarm,Drying - Control Room,Process / Control Monitoring,Motor bearing vibration above baseline.,MOTOR_BEARING_VIBRATION,MOTOR_BEARING_VIBRATION,Electrical,,DRY-ELECTRICAL,Closed,2024-12-06,PM02,Cancelled,2025-01-13,2025-01-14,,,0,CANCELLED,Order cancelled after scope review; no execution recorded.,,,TRUE,1.01,192.21,,Fiber Line,Drying,SYS-FL-DRY-SHT,Sheet Handling / Cutter,Motor,B,TRUE,FALSE,FALSE,FALSE,FALSE,,346,2,,FALSE,R7,7,Defect,CANCELLED
N0000767,WO0000465,PLT-RU-EVA-CIR,P-EVA-CIR-01,2024-12-04,2,Operator Route,Evaporation - Operations,Sensory Route,Crackling noise and unstable suction pressure.,CAVITATION,CAVITATION,Mechanical,,EVA-MECHANICAL,Closed,2024-12-08,PM02,Completed,2024-12-26,2024-12-28,2024-12-26,2024-12-28,0,WORK_COMPLETED,Corrective scope executed and checked.,Cleaning,Cleaning performed; post-work functional check within tolerance.,TRUE,3.57,945.15,,Recovery & Utilities,Evaporation,SYS-RU-EVA-CIR,Evaporator Circulation,Pump,B,TRUE,FALSE,FALSE,FALSE,FALSE,,346,4,24,FALSE,R4,4,Defect almost failure,COMPLETED_CORRECTIVE_ACTION
N0000768,,PLT-FL-DIG-IMP,FT-DIG-IMP-01,2024-12-05,2,Planned Inspection,Digester - Inspection,Planned Inspection,Measured output outside calibration tolerance.,CALIBRATION_DEVIATION,CALIBRATION_DEVIATION,Instrumentation,,DIG-INSTRUMENTATION,Closed,,,,,,,,,NO_DEFECT_FOUND,Inspection could not confirm the reported abnormality.,Inspection only,Field inspection completed; no corrective maintenance performed.,FALSE,0.66,148.40,,Fiber Line,Digester,SYS-FL-DIG-IMP,Impregnation,Flow Transmitter,B,FALSE,TRUE,FALSE,TRUE,FALSE,,345,,,FALSE,R4,4,Defect almost failure,CLOSED_UNCONFIRMED_WITHOUT_ORDER
N0000769,WO0000466,PLT-RU-CAU-SLK,M-CAU-SLK-01,2024-12-05,2,Condition Monitoring,Causticizing - Condition Monitoring,Predictive Route,Localized heating at electrical connection.,TERMINAL_HEATING,TERMINAL_HEATING,Electrical,,CAU-ELECTRICAL,Closed,2024-12-05,PM02,Completed,2024-12-25,2024-12-25,2024-12-25,2024-12-25,1,WORK_COMPLETED,Corrective scope executed and checked.,Tightening,Tightening performed; post-work functional check within tolerance.,TRUE,4.58,1121.24,,Recovery & Utilities,Causticizing,SYS-RU-CAU-SLK,Slaking,Motor,A,TRUE,FALSE,FALSE,FALSE,FALSE,607,345,0,20,FALSE,R2,2,Defect almost failure,COMPLETED_CORRECTIVE_ACTION
N0000770,WO0000467,PLT-RU-UTL-CWT,M-UTL-CWT-01,2024-12-06,1,Maintenance Sensory Route,Utilities - Maintenance Route A,Sensory Route,Oil sample shows elevated contamination.,OIL_CONTAMINATION,OIL_CONTAMINATION,Lubrication,,UTL-LUBRICATION,Closed,2024-12-10,CM01,Completed,2024-12-13,2024-12-15,2024-12-13,2024-12-15,0,WORK_COMPLETED,Corrective scope executed and checked.,Lubrication,Lubrication performed; post-work functional check within tolerance.,TRUE,7.21,3689.34,,Recovery & Utilities,Utilities,SYS-RU-UTL-CWT,Cooling Water,Motor,A,TRUE,FALSE,FALSE,FALSE,FALSE,447,344,4,9,FALSE,R1,1,Fault,COMPLETED_CORRECTIVE_ACTION
N0000771,WO0000468,PLT-FL-DRY-PRS,DRV-DRY-PRS-01,2024-12-09,3,Condition Monitoring,Drying - Condition Monitoring,Predictive Route,Insulation test trending below reference.,INSULATION_DEGRADATION,INSULATION_DEGRADATION,Condition Monitoring,,DRY-CONDITION_MONITORING,Closed,2024-12-09,PM02,Completed,2025-02-07,2025-02-09,2025-02-07,2025-02-09,1,WORK_COMPLETED,Corrective scope executed and checked.,Component replacement,Component replacement performed; post-work functional check within tolerance.,TRUE,27.24,26235.97,,Fiber Line,Drying,SYS-FL-DRY-PRS,Press Section,Drive,A,TRUE,FALSE,FALSE,FALSE,FALSE,279,341,0,62,FALSE,R5,5,Defect,COMPLETED_CORRECTIVE_ACTION
N0000772,WO0000469,PLT-FL-DRY-PMF,FT-DRY-PMF-01,2024-12-09,1,Process Alarm,Drying - Control Room,Process / Control Monitoring,Indicated value drifts from independent reference.,SIGNAL_DRIFT,SIGNAL_DRIFT,Instrumentation,,DRY-INSTRUMENTATION,Closed,2024-12-10,CM01,Completed,2024-12-26,2024-12-28,2024-12-26,2024-12-28,1,NO_DEFECT_FOUND,Inspection could not confirm the reported abnormality.,Inspection only,Inspected and recorded readings; no component correction performed.,FALSE,1.77,329.87,,Fiber Line,Drying,SYS-FL-DRY-PMF,Pulp Machine Feed,Flow Transmitter,B,TRUE,FALSE,FALSE,FALSE,FALSE,,341,1,19,FALSE,R3,3,Fault,OTHER_CLOSED
N0000773,WO0000470,PLT-RU-RB-SMT,AG-RB-SMT-01,2024-12-10,2,Process Alarm,Recovery Boiler - Control Room,Process / Control Monitoring,Bearing temperature trending above baseline.,BEARING_TEMPERATURE,BEARING_TEMPERATURE,Condition Monitoring,,RB-CONDITION_MONITORING,Closed,2024-12-11,PM02,Completed,2025-01-29,2025-01-29,2025-01-29,2025-01-29,2,WORK_COMPLETED,Corrective scope executed and checked.,Bearing replacement,Bearing replacement performed; post-work functional check within tolerance.,TRUE,12.52,8970.56,,Recovery & Utilities,Recovery Boiler,SYS-RU-RB-SMT,Smelt Handling,Agitator,B,TRUE,FALSE,FALSE,FALSE,FALSE,,340,1,50,FALSE,R4,4,Defect almost failure,COMPLETED_CORRECTIVE_ACTION
N0000774,WO0000471,PLT-FL-WSH-FIL,P-WSH-FIL-01,2024-12-12,3,Process Alarm,Washing & Screening - Control Room,Process / Control Monitoring,Leakage at shaft seal.,SEAL_LEAKAGE,SEAL_LEAKAGE,Condition Monitoring,Lubrication,WSH-LUBRICATION,Closed,2024-12-12,PM02,Completed,2025-02-06,2025-02-08,2025-02-06,2025-02-08,1,WORK_COMPLETED,Corrective scope executed and checked.,Seal replacement,Seal replacement performed; post-work functional check within tolerance.,TRUE,7.66,5703.48,,Fiber Line,Washing & Screening,SYS-FL-WSH-FIL,Filtrate System,Pump,B,TRUE,FALSE,FALSE,FALSE,FALSE,,338,0,58,FALSE,R7,7,Defect,COMPLETED_CORRECTIVE_ACTION
N0000775,WO0000472,PLT-RU-UTL-STM,PV-UTL-STM-01,2024-12-12,1,Planned Inspection,Utilities - Inspection,Planned Inspection,Valve travel sticks during small command changes.,VALVE_STICTION,VALVE_STICTION,Valves,,UTL-VALVES,Closed,2024-12-17,CM01,Completed,2024-12-28,2024-12-30,2024-12-28,2024-12-30,1,MONITOR_CONDITION,Condition recorded; continue observation without corrective work.,Inspection only,Inspected and recorded readings; no component correction performed.,TRUE,0.86,175.06,,Recovery & Utilities,Utilities,SYS-RU-UTL-STM,Steam Distribution,Control Valve,A,TRUE,FALSE,FALSE,FALSE,TRUE,98,338,5,18,FALSE,R1,1,Fault,MONITOR_CONDITION
N0000776,,PLT-RU-CAU-GLH,FV-CAU-GLH-01,2024-12-13,3,Maintenance Sensory Route,Causticizing - Maintenance Route A,Sensory Route,Actuator supply pressure decays while held.,ACTUATOR_LEAKAGE,ACTUATOR_LEAKAGE,Instrumentation,,CAU-INSTRUMENTATION,Closed,,,,,,,,,OPERATING_CONDITION,Observed response is within the current operating envelope.,Inspection only,Field inspection completed; no corrective maintenance performed.,FALSE,0.56,164.51,,Recovery & Utilities,Causticizing,SYS-RU-CAU-GLH,Green Liquor Handling,Control Valve,B,FALSE,TRUE,FALSE,TRUE,FALSE,712,337,,,FALSE,R7,7,Defect,CLOSED_UNCONFIRMED_WITHOUT_ORDER
N0000777,WO0000473,PLT-RU-LIM-LMF,M-LIM-LMF-01,2024-12-13,3,Maintenance Sensory Route,Lime Kiln - Maintenance Route A,Sensory Route,Insulation test trending below reference.,INSULATION_DEGRADATION,INSULATION_DEGRADATION,Condition Monitoring,,LIM-CONDITION_MONITORING,Closed,2024-12-17,PM02,Completed,2025-01-12,2025-01-12,2025-01-12,2025-01-12,0,WORK_COMPLETED,Corrective scope executed and checked.,Component replacement,Component replacement performed; post-work functional check within tolerance.,TRUE,20.07,19328.31,,Recovery & Utilities,Lime Kiln,SYS-RU-LIM-LMF,Lime Mud Feed,Motor,B,TRUE,FALSE,FALSE,FALSE,FALSE,636,337,4,30,FALSE,R7,7,Defect,COMPLETED_CORRECTIVE_ACTION
N0000778,,PLT-RU-LIM-LMF,FV-LIM-LMF-01,2024-12-14,3,Process Alarm,Lime Kiln - Control Room,Process / Control Monitoring,Valve travel sticks during small command changes.,VALVE_STICTION,VALVE_STICTION,Valves,Instrumentation,LIM-INSTRUMENTATION,Closed,,,,,,,,,NO_ACTION_REQUIRED,Notification dispositioned without corrective scope.,Inspection only,Field inspection completed; no corrective maintenance performed.,FALSE,1.48,272.80,,Recovery & Utilities,Lime Kiln,SYS-RU-LIM-LMF,Lime Mud Feed,Control Valve,B,FALSE,TRUE,FALSE,TRUE,TRUE,120,336,,,FALSE,R7,7,Defect,CLOSED_UNCONFIRMED_WITHOUT_ORDER
N0000779,WO0000474,PLT-FL-DRY-PMF,P-DRY-PMF-01,2024-12-15,1,Breakdown / Corrective,Drying - Operations,,Lubricant level below normal mark.,LOW_LUBE_LEVEL,LOW_LUBE_LEVEL,Lubrication,,DRY-LUBRICATION,Closed,2024-12-19,CM01,Completed,2024-12-20,2024-12-20,2024-12-20,2024-12-20,0,WORK_COMPLETED,Corrective scope executed and checked.,Lubrication,Lubrication performed; post-work functional check within tolerance.,TRUE,1.92,951.55,,Fiber Line,Drying,SYS-FL-DRY-PMF,Pulp Machine Feed,Pump,A,TRUE,FALSE,FALSE,FALSE,FALSE,,335,4,5,FALSE,R1,1,Fault,COMPLETED_CORRECTIVE_ACTION
N0000780,WO0000475,PLT-RU-RB-AIR,M-RB-AIR-01,2024-12-16,3,Operator Report,Recovery Boiler - Operations,,Oil sample shows elevated contamination.,OIL_CONTAMINATION,OIL_CONTAMINATION,Lubrication,,RB-LUBRICATION,Closed,2024-12-21,PM02,Completed,2025-01-31,2025-01-31,2025-01-31,2025-01-31,1,WORK_COMPLETED,Corrective scope executed and checked.,Lubrication,Lubrication performed; post-work functional check within tolerance.,TRUE,7.00,3580.29,,Recovery & Utilities,Recovery Boiler,SYS-RU-RB-AIR,Combustion Air,Motor,A,TRUE,FALSE,FALSE,FALSE,FALSE,,334,5,46,FALSE,R5,5,Defect,COMPLETED_CORRECTIVE_ACTION
N0000781,,PLT-FL-BLE-DOS,FT-BLE-DOS-01,2024-12-18,2,Operator Route,Bleaching - Operations,Sensory Route,Measured output outside calibration tolerance.,CALIBRATION_DEVIATION,CALIBRATION_DEVIATION,Instrumentation,,BLE-INSTRUMENTATION,Closed,,,,,,,,,NO_ACTION_REQUIRED,Notification dispositioned without corrective scope.,Inspection only,Field inspection completed; no corrective maintenance performed.,TRUE,1.27,224.39,,Fiber Line,Bleaching,SYS-FL-BLE-DOS,Chemical Dosing,Flow Transmitter,B,FALSE,TRUE,TRUE,FALSE,FALSE,295,332,,,FALSE,R4,4,Defect almost failure,CLOSED_CONFIRMED_WITHOUT_ORDER
N0000782,WO0000476,PLT-FL-BLE-TWR,LT-BLE-TWR-01,2024-12-19,3,Planned Inspection,Bleaching - Inspection,Planned Inspection,Intermittent signal dropout at stable process conditions.,INTERMITTENT_SIGNAL,INTERMITTENT_SIGNAL,Automation,,BLE-AUTOMATION,Closed,2024-12-19,PM02,Completed,2025-01-25,2025-01-25,2025-01-25,2025-01-25,3,WORK_COMPLETED,Corrective scope executed and checked.,Instrument replacement,Instrument replacement performed; post-work functional check within tolerance.,TRUE,6.02,4885.94,,Fiber Line,Bleaching,SYS-FL-BLE-TWR,Bleaching Towers,Level Transmitter,B,TRUE,FALSE,FALSE,FALSE,TRUE,144,331,0,37,FALSE,R7,7,Defect,COMPLETED_CORRECTIVE_ACTION
N0000783,WO0000477,PLT-RU-EVA-VAC,PT-EVA-VAC-01,2024-12-19,2,Operator Report,Evaporation - Operations,,Intermittent signal dropout at stable process conditions.,INTERMITTENT_SIGNAL,INTERMITTENT_SIGNAL,Instrumentation,Automation,EVA-AUTOMATION,Closed,2024-12-24,PM02,Completed,2025-01-01,2025-01-02,2025-01-01,2025-01-02,0,WORK_COMPLETED,Corrective scope executed and checked.,Instrument replacement,Instrument replacement performed; post-work functional check within tolerance.,TRUE,4.87,3956.77,,Recovery & Utilities,Evaporation,SYS-RU-EVA-VAC,Vacuum System,Pressure Transmitter,B,TRUE,FALSE,FALSE,FALSE,FALSE,245,331,5,14,FALSE,R4,4,Defect almost failure,COMPLETED_CORRECTIVE_ACTION
N0000784,WO0000478,PLT-FL-BLE-CHM,M-BLE-CHM-01,2024-12-20,3,Planned Inspection,Bleaching - Inspection,Planned Inspection,Localized heating at electrical connection.,TERMINAL_HEATING,TERMINAL_HEATING,Electrical,,BLE-ELECTRICAL,Closed,2024-12-20,PM02,Completed,2025-01-15,2025-01-17,2025-01-15,2025-01-17,1,WORK_COMPLETED,Corrective scope executed and checked.,Tightening,Tightening performed; post-work functional check within tolerance.,TRUE,3.13,766.70,,Fiber Line,Bleaching,SYS-FL-BLE-CHM,Chemical Mixing,Motor,B,TRUE,FALSE,FALSE,FALSE,FALSE,,330,0,28,FALSE,R7,7,Defect,COMPLETED_CORRECTIVE_ACTION
N0000785,WO0000479,PLT-RU-EVA-BLF,FT-EVA-BLF-01,2024-12-21,3,Maintenance Sensory Route,Evaporation - Maintenance Route A,Sensory Route,Indicated value drifts from independent reference.,SIGNAL_DRIFT,SIGNAL_DRIFT,Instrumentation,,EVA-INSTRUMENTATION,Closed,2024-12-24,PM02,Completed,2025-01-19,2025-01-21,2025-01-19,2025-01-21,0,WORK_COMPLETED,Corrective scope executed and checked.,Calibration,Calibration performed; post-work functional check within tolerance.,TRUE,5.17,1525.25,,Recovery & Utilities,Evaporation,SYS-RU-EVA-BLF,Black Liquor Feed,Flow Transmitter,B,TRUE,FALSE,FALSE,FALSE,FALSE,465,329,3,31,FALSE,R7,7,Defect,COMPLETED_CORRECTIVE_ACTION
N0000786,WO0000480,PLT-RU-CAU-WLC,AG-CAU-WLC-01,2024-12-23,3,Condition Monitoring,Causticizing - Condition Monitoring,Predictive Route,Bearing temperature trending above baseline.,BEARING_TEMPERATURE,BEARING_TEMPERATURE,Condition Monitoring,,CAU-CONDITION_MONITORING,Closed,2024-12-28,PM02,Cancelled,2025-01-15,2025-01-17,,,0,CANCELLED,Order cancelled after scope review; no execution recorded.,,,TRUE,1.04,185.72,,Recovery & Utilities,Causticizing,SYS-RU-CAU-WLC,White Liquor Clarification,Agitator,B,TRUE,FALSE,FALSE,FALSE,FALSE,492,327,5,,FALSE,R7,7,Defect,CANCELLED
N0000787,WO0000481,PLT-FL-DRY-FOR,PT-DRY-FOR-01,2024-12-23,2,Process Alarm,Drying - Control Room,Process / Control Monitoring,Intermittent signal dropout at stable process conditions.,INTERMITTENT_SIGNAL,INTERMITTENT_SIGNAL,Instrumentation,,DRY-INSTRUMENTATION,Closed,2024-12-26,PM02,Completed,2025-01-24,2025-01-25,2025-01-24,2025-01-25,1,WORK_COMPLETED,Corrective scope executed and checked.,Instrument replacement,Instrument replacement performed; post-work functional check within tolerance.,TRUE,7.63,6193.46,,Fiber Line,Drying,SYS-FL-DRY-FOR,Forming Section,Pressure Transmitter,C,TRUE,FALSE,FALSE,FALSE,FALSE,278,327,3,33,FALSE,R8,8,Defect almost failure,COMPLETED_CORRECTIVE_ACTION
N0000788,,PLT-FL-DIG-CHP,XV-DIG-CHP-01,2024-12-23,3,Process Alarm,Digester - Control Room,Process / Control Monitoring,Visible leakage at valve packing.,EXTERNAL_LEAKAGE,EXTERNAL_LEAKAGE,Instrumentation,,DIG-INSTRUMENTATION,Closed,,,,,,,,,NO_ACTION_REQUIRED,Notification dispositioned without corrective scope.,Inspection only,Field inspection completed; no corrective maintenance performed.,FALSE,0.79,202.17,,Fiber Line,Digester,SYS-FL-DIG-CHP,Chip Feeding,On/Off Valve,B,FALSE,TRUE,FALSE,TRUE,FALSE,277,327,,,FALSE,R7,7,Defect,CLOSED_UNCONFIRMED_WITHOUT_ORDER
N0000789,,PLT-FL-BLE-TWR,M-BLE-TWR-01,2024-12-24,3,Condition Monitoring,Bleaching - Condition Monitoring,Predictive Route,Motor bearing vibration above baseline.,MOTOR_BEARING_VIBRATION,MOTOR_BEARING_VIBRATION,Condition Monitoring,,BLE-CONDITION_MONITORING,Closed,,,,,,,,,NO_ACTION_REQUIRED,Notification dispositioned without corrective scope.,Inspection only,Field inspection completed; no corrective maintenance performed.,TRUE,1.15,235.02,,Fiber Line,Bleaching,SYS-FL-BLE-TWR,Bleaching Towers,Motor,B,FALSE,TRUE,TRUE,FALSE,FALSE,609,326,,,FALSE,R7,7,Defect,CLOSED_CONFIRMED_WITHOUT_ORDER
N0000790,,PLT-FL-DRY-FOR,P-DRY-FOR-01,2024-12-24,3,Condition Monitoring,Drying - Condition Monitoring,Predictive Route,Leakage at shaft seal.,SEAL_LEAKAGE,SEAL_LEAKAGE,Mechanical,,DRY-MECHANICAL,Closed,,,,,,,,,NO_ACTION_REQUIRED,Notification dispositioned without corrective scope.,Inspection only,Field inspection completed; no corrective maintenance performed.,FALSE,1.99,341.64,,Fiber Line,Drying,SYS-FL-DRY-FOR,Forming Section,Pump,B,FALSE,TRUE,FALSE,TRUE,FALSE,666,326,,,FALSE,R7,7,Defect,CLOSED_UNCONFIRMED_WITHOUT_ORDER
N0000791,,PLT-FL-DRY-FOR,P-DRY-FOR-01,2024-12-27,3,Planned Inspection,Drying - Inspection,Planned Inspection,Bearing temperature trending above baseline.,BEARING_TEMPERATURE,BEARING_TEMPERATURE,Mechanical,,DRY-MECHANICAL,Closed,,,,,,,,,NO_ACTION_REQUIRED,Notification dispositioned without corrective scope.,Inspection only,Field inspection completed; no corrective maintenance performed.,FALSE,1.10,193.97,,Fiber Line,Drying,SYS-FL-DRY-FOR,Forming Section,Pump,B,FALSE,TRUE,FALSE,TRUE,FALSE,,323,,,FALSE,R7,7,Defect,CLOSED_UNCONFIRMED_WITHOUT_ORDER
N0000792,WO0000482,PLT-FL-WSH-FIL,FV-WSH-FIL-01,2024-12-28,3,Planned Inspection,Washing & Screening - Inspection,Planned Inspection,Visible leakage at valve packing.,EXTERNAL_LEAKAGE,EXTERNAL_LEAKAGE,Valves,,WSH-VALVES,Closed,2025-01-01,PM02,Completed,2025-02-11,2025-02-12,2025-02-11,2025-02-12,0,WORK_COMPLETED,Corrective scope executed and checked.,Seal replacement,Seal replacement performed; post-work functional check within tolerance.,TRUE,4.32,2281.29,,Fiber Line,Washing & Screening,SYS-FL-WSH-FIL,Filtrate System,Control Valve,C,TRUE,FALSE,FALSE,FALSE,FALSE,572,322,4,46,FALSE,R9,9,Defect,COMPLETED_CORRECTIVE_ACTION
N0000793,,PLT-RU-UTL-STM,PV-UTL-STM-01,2024-12-28,2,Planned Inspection,Utilities - Inspection,Planned Inspection,Actuator supply pressure decays while held.,ACTUATOR_LEAKAGE,ACTUATOR_LEAKAGE,Instrumentation,Valves,UTL-VALVES,Closed,,,,,,,,,OPERATING_CONDITION,Observed response is within the current operating envelope.,Inspection only,Field inspection completed; no corrective maintenance performed.,FALSE,1.23,254.11,,Recovery & Utilities,Utilities,SYS-RU-UTL-STM,Steam Distribution,Control Valve,A,FALSE,TRUE,FALSE,TRUE,FALSE,,322,,,FALSE,R2,2,Defect almost failure,CLOSED_UNCONFIRMED_WITHOUT_ORDER
N0000794,,PLT-RU-UTL-AIR,PT-UTL-AIR-01,2024-12-29,3,Maintenance Sensory Route,Utilities - Maintenance Route A,Sensory Route,Measured output outside calibration tolerance.,CALIBRATION_DEVIATION,CALIBRATION_DEVIATION,Instrumentation,,UTL-INSTRUMENTATION,Closed,,,,,,,,,MONITOR_CONDITION,Condition recorded; continue observation without corrective work.,Inspection only,Field inspection completed; no corrective maintenance performed.,TRUE,1.98,340.16,,Recovery & Utilities,Utilities,SYS-RU-UTL-AIR,Compressed Air,Pressure Transmitter,A,FALSE,TRUE,TRUE,FALSE,FALSE,,321,,,FALSE,R5,5,Defect,CLOSED_CONFIRMED_WITHOUT_ORDER
N0000795,,PLT-FL-DRY-DRS,TT-DRY-DRS-01,2024-12-30,3,Maintenance Sensory Route,Drying - Maintenance Route A,Sensory Route,Intermittent signal dropout at stable process conditions.,INTERMITTENT_SIGNAL,INTERMITTENT_SIGNAL,Instrumentation,,DRY-INSTRUMENTATION,Closed,,,,,,,,,NO_ACTION_REQUIRED,Notification dispositioned without corrective scope.,Inspection only,Field inspection completed; no corrective maintenance performed.,TRUE,1.46,249.71,,Fiber Line,Drying,SYS-FL-DRY-DRS,Dryer Section,Temperature Transmitter,B,FALSE,TRUE,TRUE,FALSE,TRUE,174,320,,,FALSE,R7,7,Defect,CLOSED_CONFIRMED_WITHOUT_ORDER
N0000796,WO0000483,PLT-FL-BLE-CHM,FT-BLE-CHM-01,2024-12-31,3,Planned Inspection,Bleaching - Inspection,Planned Inspection,Measured output outside calibration tolerance.,CALIBRATION_DEVIATION,CALIBRATION_DEVIATION,Instrumentation,,BLE-INSTRUMENTATION,Closed,2025-01-01,PM02,Completed,2025-03-26,2025-03-27,2025-03-26,2025-03-27,4,WORK_COMPLETED,Corrective scope executed and checked.,Calibration,Calibration performed; post-work functional check within tolerance.,TRUE,4.99,1470.88,,Fiber Line,Bleaching,SYS-FL-BLE-CHM,Chemical Mixing,Flow Transmitter,B,TRUE,FALSE,FALSE,FALSE,FALSE,683,319,1,86,FALSE,R7,7,Defect,COMPLETED_CORRECTIVE_ACTION
N0000797,,PLT-RU-CAU-WLC,FV-CAU-WLC-01,2024-12-31,3,Operator Report,Causticizing - Operations,,Valve travel sticks during small command changes.,VALVE_STICTION,VALVE_STICTION,Valves,,CAU-VALVES,Closed,,,,,,,,,NO_ACTION_REQUIRED,Notification dispositioned without corrective scope.,Inspection only,Field inspection completed; no corrective maintenance performed.,TRUE,0.47,110.32,,Recovery & Utilities,Causticizing,SYS-RU-CAU-WLC,White Liquor Clarification,Control Valve,A,FALSE,TRUE,TRUE,FALSE,TRUE,136,319,,,FALSE,R5,5,Defect,CLOSED_CONFIRMED_WITHOUT_ORDER
N0000798,WO0000484,PLT-FL-DRY-HYD,HPU-DRY-HYD-01,2024-12-31,3,Operator Report,Drying - Operations,,Hydraulic header pressure oscillates under steady demand.,HYD_PRESS_INSTABILITY,HYD_PRESS_INSTABILITY,Hydraulics,,DRY-HYDRAULICS,Closed,2024-12-31,PM02,Completed,2025-03-14,2025-03-14,2025-03-14,2025-03-14,2,MONITOR_CONDITION,Condition recorded; continue observation without corrective work.,Inspection only,Inspected and recorded readings; no component correction performed.,TRUE,1.45,249.62,,Fiber Line,Drying,SYS-FL-DRY-HYD,Hydraulic System,Hydraulic Power Unit,A,TRUE,FALSE,FALSE,FALSE,TRUE,136,319,0,73,FALSE,R5,5,Defect,MONITOR_CONDITION
N0000799,WO0000485,PLT-FL-DIG-CIR,P-DIG-CIR-01,2024-12-31,3,Operator Report,Digester - Operations,,Elevated vibration at pump bearing housing.,PUMP_BEARING_VIBRATION,PUMP_BEARING_VIBRATION,Mechanical,,DIG-MECHANICAL,Closed,2025-01-01,PM02,Completed,2025-02-11,2025-02-13,2025-02-11,2025-02-13,2,MONITOR_CONDITION,Condition recorded; continue observation without corrective work.,Inspection only,Inspected and recorded readings; no component correction performed.,TRUE,0.97,179.86,,Fiber Line,Digester,SYS-FL-DIG-CIR,Cooking Circulation,Pump,A,TRUE,FALSE,FALSE,FALSE,TRUE,136,319,1,44,FALSE,R5,5,Defect,MONITOR_CONDITION
N0000800,,PLT-FL-BLE-CHM,AG-BLE-CHM-01,2025-01-01,3,Operator Route,Bleaching - Operations,Sensory Route,Rotating assembly shows dominant once-per-revolution vibration.,IMBALANCE,IMBALANCE,Mechanical,,BLE-MECHANICAL,Closed,,,,,,,,,OPERATING_CONDITION,Observed response is within the current operating envelope.,Inspection only,Field inspection completed; no corrective maintenance performed.,FALSE,0.93,215.46,,Fiber Line,Bleaching,SYS-FL-BLE-CHM,Chemical Mixing,Agitator,B,FALSE,TRUE,FALSE,TRUE,FALSE,321,318,,,FALSE,R7,7,Defect,CLOSED_UNCONFIRMED_WITHOUT_ORDER
N0000801,WO0000486,PLT-FL-BLE-DOS,M-BLE-DOS-01,2025-01-03,2,Operator Report,Bleaching - Operations,,Motor bearing vibration above baseline.,MOTOR_BEARING_VIBRATION,MOTOR_BEARING_VIBRATION,Electrical,,BLE-ELECTRICAL,Closed,2025-01-07,PM02,Completed,2025-02-12,2025-02-12,2025-02-12,2025-02-12,2,WORK_COMPLETED,Corrective scope executed and checked.,Bearing replacement,Bearing replacement performed; post-work functional check within tolerance.,TRUE,15.20,9804.11,,Fiber Line,Bleaching,SYS-FL-BLE-DOS,Chemical Dosing,Motor,C,TRUE,FALSE,FALSE,FALSE,TRUE,114,316,4,40,FALSE,R8,8,Defect almost failure,COMPLETED_CORRECTIVE_ACTION
N0000802,WO0000487,PLT-FL-DIG-CHP,CNV-DIG-CHP-01,2025-01-04,3,Planned Inspection,Digester - Inspection,Planned Inspection,Mechanism travel is uneven with elevated resistance.,MECHANICAL_BINDING,MECHANICAL_BINDING,Mechanical,,DIG-MECHANICAL,Closed,2025-01-04,PM02,Completed,2025-05-03,2025-05-03,2025-05-03,2025-05-03,5,WORK_COMPLETED,Corrective scope executed and checked.,Adjustment,Adjustment performed; post-work functional check within tolerance.,TRUE,7.82,2794.31,,Fiber Line,Digester,SYS-FL-DIG-CHP,Chip Feeding,Conveyor,A,TRUE,FALSE,FALSE,FALSE,TRUE,137,315,0,119,FALSE,R5,5,Defect,COMPLETED_CORRECTIVE_ACTION
N0000803,,PLT-RU-RB-BLF,FT-RB-BLF-01,2025-01-05,3,Operator Report,Recovery Boiler - Operations,,Intermittent signal dropout at stable process conditions.,INTERMITTENT_SIGNAL,INTERMITTENT_SIGNAL,Instrumentation,,RB-INSTRUMENTATION,Closed,,,,,,,,,NO_ACTION_REQUIRED,Notification dispositioned without corrective scope.,Inspection only,Field inspection completed; no corrective maintenance performed.,FALSE,0.53,144.54,,Recovery & Utilities,Recovery Boiler,SYS-RU-RB-BLF,Black Liquor Firing,Flow Transmitter,A,FALSE,TRUE,FALSE,TRUE,FALSE,229,314,,,FALSE,R5,5,Defect,CLOSED_UNCONFIRMED_WITHOUT_ORDER
N0000804,WO0000488,PLT-FL-DRY-DRS,M-DRY-DRS-01,2025-01-05,3,Condition Monitoring,Drying - Condition Monitoring,Predictive Route,Localized heating at electrical connection.,TERMINAL_HEATING,TERMINAL_HEATING,Electrical,,DRY-ELECTRICAL,Closed,2025-01-05,PM02,Completed,2025-01-17,2025-01-19,2025-01-17,2025-01-19,0,WORK_COMPLETED,Corrective scope executed and checked.,Tightening,Tightening performed; post-work functional check within tolerance.,TRUE,5.90,1446.21,,Fiber Line,Drying,SYS-FL-DRY-DRS,Dryer Section,Motor,A,TRUE,FALSE,FALSE,FALSE,FALSE,242,314,0,14,FALSE,R5,5,Defect,COMPLETED_CORRECTIVE_ACTION
N0000805,,PLT-FL-DIG-CIR,TT-DIG-CIR-01,2025-01-05,3,Process Alarm,Digester - Control Room,Process / Control Monitoring,Intermittent signal dropout at stable process conditions.,INTERMITTENT_SIGNAL,INTERMITTENT_SIGNAL,Instrumentation,,DIG-INSTRUMENTATION,Closed,,,,,,,,,NO_ACTION_REQUIRED,Notification dispositioned without corrective scope.,Inspection only,Field inspection completed; no corrective maintenance performed.,TRUE,0.88,165.07,,Fiber Line,Digester,SYS-FL-DIG-CIR,Cooking Circulation,Temperature Transmitter,B,FALSE,TRUE,TRUE,FALSE,FALSE,234,314,,,FALSE,R7,7,Defect,CLOSED_CONFIRMED_WITHOUT_ORDER
N0000806,WO0000489,PLT-FL-DRY-DRS,FAN-DRY-DRS-01,2025-01-06,2,Maintenance Sensory Route,Drying - Maintenance Route A,Sensory Route,Fan bearing vibration trending above baseline.,FAN_BEARING_VIBRATION,FAN_BEARING_VIBRATION,Mechanical,,DRY-MECHANICAL,Closed,2025-01-09,PM02,Completed,2025-02-16,2025-02-18,2025-02-16,2025-02-18,2,WORK_COMPLETED,Corrective scope executed and checked.,Bearing replacement,Bearing replacement performed; post-work functional check within tolerance.,TRUE,19.70,15658.70,,Fiber Line,Drying,SYS-FL-DRY-DRS,Dryer Section,Fan,A,TRUE,FALSE,FALSE,FALSE,FALSE,632,313,3,43,FALSE,R2,2,Defect almost failure,COMPLETED_CORRECTIVE_ACTION
N0000807,,PLT-FL-BLE-CHM,FT-BLE-CHM-01,2025-01-06,3,Operator Route,Bleaching - Operations,Sensory Route,Control sequence response differs from approved logic.,CONTROL_SEQUENCE_DEVIATION,CONTROL_SEQUENCE_DEVIATION,Automation,,BLE-AUTOMATION,Closed,,,,,,,,,MONITOR_CONDITION,Condition recorded; continue observation without corrective work.,Inspection only,Field inspection completed; no corrective maintenance performed.,TRUE,1.18,261.03,,Fiber Line,Bleaching,SYS-FL-BLE-CHM,Chemical Mixing,Flow Transmitter,B,FALSE,TRUE,TRUE,FALSE,FALSE,,313,,,FALSE,R7,7,Defect,CLOSED_CONFIRMED_WITHOUT_ORDER
N0000808,WO0000490,PLT-RU-CAU-WLC,FT-CAU-WLC-01,2025-01-06,3,Process Alarm,Causticizing - Control Room,Process / Control Monitoring,Measured output outside calibration tolerance.,CALIBRATION_DEVIATION,CALIBRATION_DEVIATION,Instrumentation,,CAU-INSTRUMENTATION,Closed,2025-01-09,PM02,Completed,2025-03-05,2025-03-06,2025-03-05,2025-03-06,2,WORK_COMPLETED,Corrective scope executed and checked.,Calibration,Calibration performed; post-work functional check within tolerance.,TRUE,3.09,910.70,,Recovery & Utilities,Causticizing,SYS-RU-CAU-WLC,White Liquor Clarification,Flow Transmitter,B,TRUE,FALSE,FALSE,FALSE,FALSE,459,313,3,59,FALSE,R7,7,Defect,COMPLETED_CORRECTIVE_ACTION
N0000809,WO0000491,PLT-RU-UTL-STM,TT-UTL-STM-01,2025-01-06,3,Maintenance Sensory Route,Utilities - Maintenance Route A,Sensory Route,Control sequence response differs from approved logic.,CONTROL_SEQUENCE_DEVIATION,CONTROL_SEQUENCE_DEVIATION,Automation,,UTL-AUTOMATION,Closed,2025-01-07,PM02,Completed,2025-02-15,2025-02-15,2025-02-15,2025-02-15,2,WORK_COMPLETED,Corrective scope executed and checked.,Control logic correction,Control logic correction performed; post-work functional check within tolerance.,TRUE,7.81,2302.78,,Recovery & Utilities,Utilities,SYS-RU-UTL-STM,Steam Distribution,Temperature Transmitter,B,TRUE,FALSE,FALSE,FALSE,FALSE,692,313,1,40,FALSE,R7,7,Defect,COMPLETED_CORRECTIVE_ACTION
N0000810,WO0000492,PLT-FL-DRY-HYD,M-DRY-HYD-01,2025-01-07,2,Operator Route,Drying - Operations,Sensory Route,Insulation test trending below reference.,INSULATION_DEGRADATION,INSULATION_DEGRADATION,Electrical,,DRY-ELECTRICAL,Closed,2025-01-07,PM02,Completed,2025-01-10,2025-01-10,2025-01-10,2025-01-10,0,WORK_COMPLETED,Corrective scope executed and checked.,Component replacement,Component replacement performed; post-work functional check within tolerance.,TRUE,15.32,14754.73,,Fiber Line,Drying,SYS-FL-DRY-HYD,Hydraulic System,Motor,B,TRUE,FALSE,FALSE,FALSE,FALSE,,312,0,3,FALSE,R4,4,Defect almost failure,COMPLETED_CORRECTIVE_ACTION
N0000811,,PLT-RU-RB-BLF,M-RB-BLF-01,2025-01-07,3,Operator Report,Recovery Boiler - Operations,,Lubricant level below normal mark.,LOW_LUBE_LEVEL,LOW_LUBE_LEVEL,Lubrication,,RB-LUBRICATION,Closed,,,,,,,,,NO_DEFECT_FOUND,Inspection could not confirm the reported abnormality.,Inspection only,Field inspection completed; no corrective maintenance performed.,FALSE,1.11,247.36,,Recovery & Utilities,Recovery Boiler,SYS-RU-RB-BLF,Black Liquor Firing,Motor,A,FALSE,TRUE,FALSE,TRUE,FALSE,233,312,,,FALSE,R5,5,Defect,CLOSED_UNCONFIRMED_WITHOUT_ORDER
N0000812,WO0000493,PLT-FL-DRY-PMF,FT-DRY-PMF-01,2025-01-08,3,Planned Inspection,Drying - Inspection,Planned Inspection,Control sequence response differs from approved logic.,CONTROL_SEQUENCE_DEVIATION,CONTROL_SEQUENCE_DEVIATION,Automation,Instrumentation,DRY-INSTRUMENTATION,Closed,2025-01-09,PM02,Completed,2025-02-10,2025-02-12,2025-02-10,2025-02-12,0,WORK_COMPLETED,Corrective scope executed and checked.,Control logic correction,Control logic correction performed; post-work functional check within tolerance.,TRUE,5.95,1755.53,,Fiber Line,Drying,SYS-FL-DRY-PMF,Pulp Machine Feed,Flow Transmitter,B,TRUE,FALSE,FALSE,FALSE,FALSE,,311,1,35,FALSE,R7,7,Defect,COMPLETED_CORRECTIVE_ACTION
N0000813,,PLT-FL-DRY-SHT,M-DRY-SHT-01,2025-01-10,2,Operator Route,Drying - Operations,Sensory Route,Insulation test trending below reference.,INSULATION_DEGRADATION,INSULATION_DEGRADATION,Electrical,,DRY-ELECTRICAL,Closed,,,,,,,,,NO_ACTION_REQUIRED,Notification dispositioned without corrective scope.,Inspection only,Field inspection completed; no corrective maintenance performed.,FALSE,0.67,166.49,,Fiber Line,Drying,SYS-FL-DRY-SHT,Sheet Handling / Cutter,Motor,B,FALSE,TRUE,FALSE,TRUE,FALSE,619,309,,,FALSE,R4,4,Defect almost failure,CLOSED_UNCONFIRMED_WITHOUT_ORDER
N0000814,,PLT-FL-DRY-PMF,FT-DRY-PMF-01,2025-01-12,3,Process Alarm,Drying - Control Room,Process / Control Monitoring,Intermittent signal dropout at stable process conditions.,INTERMITTENT_SIGNAL,INTERMITTENT_SIGNAL,Instrumentation,,DRY-INSTRUMENTATION,Closed,,,,,,,,,NO_ACTION_REQUIRED,Notification dispositioned without corrective scope.,Inspection only,Field inspection completed; no corrective maintenance performed.,FALSE,0.97,224.80,,Fiber Line,Drying,SYS-FL-DRY-PMF,Pulp Machine Feed,Flow Transmitter,B,FALSE,TRUE,FALSE,TRUE,FALSE,,307,,,FALSE,R7,7,Defect,CLOSED_UNCONFIRMED_WITHOUT_ORDER
N0000815,,PLT-RU-CAU-WLC,AG-CAU-WLC-01,2025-01-13,3,Condition Monitoring,Causticizing - Condition Monitoring,Predictive Route,Mechanism travel is uneven with elevated resistance.,MECHANICAL_BINDING,MECHANICAL_BINDING,Mechanical,,CAU-MECHANICAL,Closed,,,,,,,,,MONITOR_CONDITION,Condition recorded; continue observation without corrective work.,Inspection only,Field inspection completed; no corrective maintenance performed.,TRUE,1.41,281.41,,Recovery & Utilities,Causticizing,SYS-RU-CAU-WLC,White Liquor Clarification,Agitator,B,FALSE,TRUE,TRUE,FALSE,FALSE,295,306,,,FALSE,R7,7,Defect,CLOSED_CONFIRMED_WITHOUT_ORDER
N0000816,,PLT-FL-BLE-CHM,P-BLE-CHM-01,2025-01-13,2,Process Alarm,Bleaching - Control Room,Process / Control Monitoring,Leakage at shaft seal.,SEAL_LEAKAGE,SEAL_LEAKAGE,Mechanical,,BLE-MECHANICAL,Closed,,,,,,,,,NO_ACTION_REQUIRED,Notification dispositioned without corrective scope.,Inspection only,Field inspection completed; no corrective maintenance performed.,TRUE,0.55,118.99,,Fiber Line,Bleaching,SYS-FL-BLE-CHM,Chemical Mixing,Pump,B,FALSE,TRUE,TRUE,FALSE,FALSE,610,306,,,FALSE,R4,4,Defect almost failure,CLOSED_CONFIRMED_WITHOUT_ORDER
N0000817,,PLT-FL-DIG-CHP,M-DIG-CHP-01,2025-01-14,3,Process Alarm,Digester - Control Room,Process / Control Monitoring,Motor temperature rising at normal load.,MOTOR_OVERHEATING,MOTOR_OVERHEATING,Electrical,,DIG-ELECTRICAL,Closed,,,,,,,,,NO_ACTION_REQUIRED,Notification dispositioned without corrective scope.,Inspection only,Field inspection completed; no corrective maintenance performed.,TRUE,1.20,217.55,,Fiber Line,Digester,SYS-FL-DIG-CHP,Chip Feeding,Motor,A,FALSE,TRUE,TRUE,FALSE,FALSE,268,305,,,FALSE,R5,5,Defect,CLOSED_CONFIRMED_WITHOUT_ORDER
N0000818,,PLT-RU-CAU-WLC,P-CAU-WLC-01,2025-01-14,3,Operator Route,Causticizing - Operations,Sensory Route,Crackling noise and unstable suction pressure.,CAVITATION,CAVITATION,Mechanical,,CAU-MECHANICAL,Closed,,,,,,,,,MONITOR_CONDITION,Condition recorded; continue observation without corrective work.,Inspection only,Field inspection completed; no corrective maintenance performed.,TRUE,1.77,318.11,,Recovery & Utilities,Causticizing,SYS-RU-CAU-WLC,White Liquor Clarification,Pump,A,FALSE,TRUE,TRUE,FALSE,FALSE,352,305,,,FALSE,R5,5,Defect,CLOSED_CONFIRMED_WITHOUT_ORDER
N0000819,,PLT-FL-DRY-FOR,PT-DRY-FOR-01,2025-01-14,2,Operator Route,Drying - Operations,Sensory Route,Pressure response delayed during process change.,IMPULSE_LINE_RESTRICTION,IMPULSE_LINE_RESTRICTION,Instrumentation,,DRY-INSTRUMENTATION,Closed,,,,,,,,,NO_ACTION_REQUIRED,Notification dispositioned without corrective scope.,Inspection only,Field inspection completed; no corrective maintenance performed.,TRUE,1.84,352.41,,Fiber Line,Drying,SYS-FL-DRY-FOR,Forming Section,Pressure Transmitter,C,FALSE,TRUE,TRUE,FALSE,FALSE,,305,,,FALSE,R8,8,Defect almost failure,CLOSED_CONFIRMED_WITHOUT_ORDER
N0000820,WO0000494,PLT-RU-UTL-AIR,PT-UTL-AIR-01,2025-01-14,3,Process Alarm,Utilities - Control Room,Process / Control Monitoring,Pressure response delayed during process change.,IMPULSE_LINE_RESTRICTION,IMPULSE_LINE_RESTRICTION,Instrumentation,,UTL-INSTRUMENTATION,Closed,2025-01-18,PM02,Completed,2025-03-06,2025-03-08,2025-03-06,2025-03-08,2,WORK_COMPLETED,Corrective scope executed and checked.,Cleaning,Cleaning performed; post-work functional check within tolerance.,TRUE,6.20,1643.63,,Recovery & Utilities,Utilities,SYS-RU-UTL-AIR,Compressed Air,Pressure Transmitter,A,TRUE,FALSE,FALSE,FALSE,FALSE,557,305,4,53,FALSE,R5,5,Defect,COMPLETED_CORRECTIVE_ACTION
N0000821,WO0000495,PLT-FL-DRY-PRS,ROLL-DRY-PRS-01,2025-01-14,2,Condition Monitoring,Drying - Condition Monitoring,Predictive Route,Bearing temperature trending above baseline.,BEARING_TEMPERATURE,BEARING_TEMPERATURE,Condition Monitoring,,DRY-CONDITION_MONITORING,Closed,2025-01-14,PM02,Completed,2025-02-25,2025-02-27,2025-02-25,2025-02-27,2,WORK_COMPLETED,Corrective scope executed and checked.,Bearing replacement,Bearing replacement performed; post-work functional check within tolerance.,TRUE,18.11,12974.29,,Fiber Line,Drying,SYS-FL-DRY-PRS,Press Section,Press Roll,A,TRUE,FALSE,FALSE,FALSE,FALSE,237,305,0,44,FALSE,R2,2,Defect almost failure,COMPLETED_CORRECTIVE_ACTION
N0000822,,PLT-FL-BLE-STW,P-BLE-STW-01,2025-01-15,3,Maintenance Sensory Route,Bleaching - Maintenance Route A,Sensory Route,Elevated vibration at pump bearing housing.,PUMP_BEARING_VIBRATION,PUMP_BEARING_VIBRATION,Mechanical,,BLE-MECHANICAL,Closed,,,,,,,,,MONITOR_CONDITION,Condition recorded; continue observation without corrective work.,Inspection only,Field inspection completed; no corrective maintenance performed.,TRUE,1.08,228.17,,Fiber Line,Bleaching,SYS-FL-BLE-STW,Stage Washing,Pump,B,FALSE,TRUE,TRUE,FALSE,FALSE,567,304,,,FALSE,R7,7,Defect,CLOSED_CONFIRMED_WITHOUT_ORDER
N0000823,WO0000496,PLT-RU-CAU-LMH,P-CAU-LMH-01,2025-01-15,2,Condition Monitoring,Causticizing - Condition Monitoring,Predictive Route,Delivered flow below expected operating range.,LOW_FLOW,LOW_FLOW,Mechanical,,CAU-MECHANICAL,Closed,2025-01-16,PM02,Completed,2025-05-04,2025-05-05,2025-05-04,2025-05-05,6,WORK_COMPLETED,Corrective scope executed and checked.,Cleaning,Cleaning performed; post-work functional check within tolerance.,TRUE,5.20,1534.10,,Recovery & Utilities,Causticizing,SYS-RU-CAU-LMH,Lime Mud Handling,Pump,B,TRUE,FALSE,FALSE,FALSE,FALSE,,304,1,110,FALSE,R4,4,Defect almost failure,COMPLETED_CORRECTIVE_ACTION
N0000824,,PLT-FL-DRY-DRS,TT-DRY-DRS-01,2025-01-15,3,Maintenance Sensory Route,Drying - Maintenance Route A,Sensory Route,Measured output outside calibration tolerance.,CALIBRATION_DEVIATION,CALIBRATION_DEVIATION,Instrumentation,Automation,DRY-AUTOMATION,Closed,,,,,,,,,NO_DEFECT_FOUND,Inspection could not confirm the reported abnormality.,Inspection only,Field inspection completed; no corrective maintenance performed.,FALSE,1.12,242.68,,Fiber Line,Drying,SYS-FL-DRY-DRS,Dryer Section,Temperature Transmitter,B,FALSE,TRUE,FALSE,TRUE,FALSE,392,304,,,FALSE,R7,7,Defect,CLOSED_UNCONFIRMED_WITHOUT_ORDER
N0000825,WO0000497,PLT-RU-UTL-CWT,M-UTL-CWT-01,2025-01-20,3,Condition Monitoring,Utilities - Condition Monitoring,Predictive Route,Insulation test trending below reference.,INSULATION_DEGRADATION,INSULATION_DEGRADATION,Electrical,,UTL-ELECTRICAL,Closed,2025-01-21,PM02,Completed,2025-03-03,2025-03-03,2025-03-03,2025-03-03,2,WORK_COMPLETED,Corrective scope executed and checked.,Component replacement,Component replacement performed; post-work functional check within tolerance.,TRUE,19.20,18493.98,,Recovery & Utilities,Utilities,SYS-RU-UTL-CWT,Cooling Water,Motor,A,TRUE,FALSE,FALSE,FALSE,FALSE,,299,1,42,FALSE,R5,5,Defect,COMPLETED_CORRECTIVE_ACTION
N0000826,WO0000498,PLT-RU-UTL-ELD,MCC-UTL-ELD-01,2025-01-20,3,Maintenance Sensory Route,Utilities - Maintenance Route A,Sensory Route,Insulation test trending below reference.,INSULATION_DEGRADATION,INSULATION_DEGRADATION,Electrical,,UTL-ELECTRICAL,Closed,2025-01-24,PM02,Completed,2025-02-24,2025-02-24,2025-02-24,2025-02-24,1,WORK_COMPLETED,Corrective scope executed and checked.,Component replacement,Component replacement performed; post-work functional check within tolerance.,TRUE,26.69,25704.22,,Recovery & Utilities,Utilities,SYS-RU-UTL-ELD,Electrical Distribution,Motor Control Center,A,TRUE,FALSE,FALSE,FALSE,FALSE,279,299,4,35,FALSE,R5,5,Defect,COMPLETED_CORRECTIVE_ACTION
N0000827,WO0000499,PLT-FL-DIG-CIR,M-DIG-CIR-01,2025-01-21,1,Breakdown / Corrective,Digester - Operations,,Insulation test trending below reference.,INSULATION_DEGRADATION,INSULATION_DEGRADATION,Condition Monitoring,,DIG-CONDITION_MONITORING,Closed,2025-01-25,CM01,Completed,2025-01-26,2025-01-27,2025-01-26,2025-01-27,0,WORK_COMPLETED,Corrective scope executed and checked.,Component replacement,Component replacement performed; post-work functional check within tolerance.,TRUE,14.39,13863.68,,Fiber Line,Digester,SYS-FL-DIG-CIR,Cooking Circulation,Motor,A,TRUE,FALSE,FALSE,FALSE,FALSE,382,298,4,6,FALSE,R1,1,Fault,COMPLETED_CORRECTIVE_ACTION
N0000828,,PLT-FL-WSH-FIL,M-WSH-FIL-01,2025-01-21,3,Maintenance Sensory Route,Washing & Screening - Maintenance Route A,Sensory Route,Motor bearing vibration above baseline.,MOTOR_BEARING_VIBRATION,MOTOR_BEARING_VIBRATION,Electrical,,WSH-ELECTRICAL,Closed,,,,,,,,,NO_DEFECT_FOUND,Inspection could not confirm the reported abnormality.,Inspection only,Field inspection completed; no corrective maintenance performed.,FALSE,0.57,117.64,,Fiber Line,Washing & Screening,SYS-FL-WSH-FIL,Filtrate System,Motor,B,FALSE,TRUE,FALSE,TRUE,FALSE,279,298,,,FALSE,R7,7,Defect,CLOSED_UNCONFIRMED_WITHOUT_ORDER
N0000829,WO0000500,PLT-RU-EVA-BLF,P-EVA-BLF-01,2025-01-21,3,Planned Inspection,Evaporation - Inspection,Planned Inspection,Delivered flow below expected operating range.,LOW_FLOW,LOW_FLOW,Mechanical,,EVA-MECHANICAL,Closed,2025-01-25,PM02,Completed,2025-02-27,2025-03-01,2025-02-27,2025-03-01,1,WORK_COMPLETED,Corrective scope executed and checked.,Cleaning,Cleaning performed; post-work functional check within tolerance.,TRUE,5.77,1701.00,,Recovery & Utilities,Evaporation,SYS-RU-EVA-BLF,Black Liquor Feed,Pump,B,TRUE,FALSE,FALSE,FALSE,FALSE,,298,4,39,FALSE,R7,7,Defect,COMPLETED_CORRECTIVE_ACTION
N0000830,WO0000501,PLT-RU-EVA-BLF,M-EVA-BLF-01,2025-01-22,3,Condition Monitoring,Evaporation - Condition Monitoring,Predictive Route,Localized heating at electrical connection.,TERMINAL_HEATING,TERMINAL_HEATING,Electrical,,EVA-ELECTRICAL,Closed,2025-01-24,PM02,Completed,2025-03-20,2025-03-21,2025-03-20,2025-03-21,1,WORK_COMPLETED,Corrective scope executed and checked.,Tightening,Tightening performed; post-work functional check within tolerance.,TRUE,2.99,733.55,,Recovery & Utilities,Evaporation,SYS-RU-EVA-BLF,Black Liquor Feed,Motor,B,TRUE,FALSE,FALSE,FALSE,FALSE,714,297,2,58,FALSE,R7,7,Defect,COMPLETED_CORRECTIVE_ACTION
N0000831,,PLT-FL-DIG-IMP,P-DIG-IMP-01,2025-01-22,3,Condition Monitoring,Digester - Condition Monitoring,Predictive Route,Delivered flow below expected operating range.,LOW_FLOW,LOW_FLOW,Mechanical,,DIG-MECHANICAL,Closed,,,,,,,,,NO_ACTION_REQUIRED,Notification dispositioned without corrective scope.,Inspection only,Field inspection completed; no corrective maintenance performed.,TRUE,0.78,170.63,,Fiber Line,Digester,SYS-FL-DIG-IMP,Impregnation,Pump,A,FALSE,TRUE,TRUE,FALSE,FALSE,587,297,,,FALSE,R5,5,Defect,CLOSED_CONFIRMED_WITHOUT_ORDER
N0000832,WO0000502,PLT-FL-DRY-DRS,FAN-DRY-DRS-01,2025-01-23,3,Condition Monitoring,Drying - Condition Monitoring,Predictive Route,Rotating assembly shows dominant once-per-revolution vibration.,IMBALANCE,IMBALANCE,Mechanical,,DRY-MECHANICAL,Closed,2025-01-24,PM02,Completed,2025-03-11,2025-03-11,2025-03-11,2025-03-11,1,WORK_COMPLETED,Corrective scope executed and checked.,Adjustment,Adjustment performed; post-work functional check within tolerance.,TRUE,8.53,4224.68,,Fiber Line,Drying,SYS-FL-DRY-DRS,Dryer Section,Fan,A,TRUE,FALSE,FALSE,FALSE,FALSE,668,296,1,47,FALSE,R5,5,Defect,COMPLETED_CORRECTIVE_ACTION
N0000833,WO0000503,PLT-RU-CAU-GLH,P-CAU-GLH-01,2025-01-23,3,Maintenance Sensory Route,Causticizing - Maintenance Route A,Sensory Route,Crackling noise and unstable suction pressure.,CAVITATION,CAVITATION,Mechanical,,CAU-MECHANICAL,Closed,2025-01-24,PM02,Completed,2025-04-20,2025-04-20,2025-04-20,2025-04-20,5,WORK_COMPLETED,Corrective scope executed and checked.,Cleaning,Cleaning performed; post-work functional check within tolerance.,TRUE,6.70,1774.54,,Recovery & Utilities,Causticizing,SYS-RU-CAU-GLH,Green Liquor Handling,Pump,B,TRUE,FALSE,FALSE,FALSE,FALSE,534,296,1,87,FALSE,R7,7,Defect,COMPLETED_CORRECTIVE_ACTION
N0000834,WO0000504,PLT-RU-EVA-CIR,PT-EVA-CIR-01,2025-01-23,2,Operator Report,Evaporation - Operations,,Pressure response delayed during process change.,IMPULSE_LINE_RESTRICTION,IMPULSE_LINE_RESTRICTION,Instrumentation,,EVA-INSTRUMENTATION,Closed,2025-01-23,PM02,Completed,2025-02-08,2025-02-08,2025-02-08,2025-02-08,0,WORK_COMPLETED,Corrective scope executed and checked.,Cleaning,Cleaning performed; post-work functional check within tolerance.,TRUE,6.11,1618.00,,Recovery & Utilities,Evaporation,SYS-RU-EVA-CIR,Evaporator Circulation,Pressure Transmitter,C,TRUE,FALSE,FALSE,FALSE,FALSE,,296,0,16,FALSE,R8,8,Defect almost failure,COMPLETED_CORRECTIVE_ACTION
N0000835,WO0000505,PLT-RU-LIM-BRN,BRN-LIM-BRN-01,2025-01-24,3,Operator Route,Lime Kiln - Operations,Sensory Route,Mechanism travel is uneven with elevated resistance.,MECHANICAL_BINDING,MECHANICAL_BINDING,Instrumentation,,LIM-INSTRUMENTATION,Closed,2025-01-25,PM02,Completed,2025-02-24,2025-02-26,2025-02-24,2025-02-26,0,WORK_COMPLETED,Corrective scope executed and checked.,Adjustment,Adjustment performed; post-work functional check within tolerance.,TRUE,5.26,1881.57,,Recovery & Utilities,Lime Kiln,SYS-RU-LIM-BRN,Burner System,Burner,B,TRUE,FALSE,FALSE,FALSE,FALSE,714,295,1,33,FALSE,R7,7,Defect,COMPLETED_CORRECTIVE_ACTION
N0000836,WO0000506,PLT-RU-UTL-BFW,FV-UTL-BFW-01,2025-01-24,3,Planned Inspection,Utilities - Inspection,Planned Inspection,Visible leakage at valve packing.,EXTERNAL_LEAKAGE,EXTERNAL_LEAKAGE,Valves,Instrumentation,UTL-INSTRUMENTATION,Closed,2025-01-27,PM02,Completed,2025-02-24,2025-02-24,2025-02-24,2025-02-24,1,WORK_COMPLETED,Corrective scope executed and checked.,Seal replacement,Seal replacement performed; post-work functional check within tolerance.,TRUE,4.38,2315.34,,Recovery & Utilities,Utilities,SYS-RU-UTL-BFW,Boiler Feedwater,Control Valve,A,TRUE,FALSE,FALSE,FALSE,FALSE,304,295,3,31,FALSE,R5,5,Defect,COMPLETED_CORRECTIVE_ACTION
N0000837,,PLT-FL-WSH-SCR,SCR-WSH-SCR-01,2025-01-25,3,Maintenance Sensory Route,Washing & Screening - Maintenance Route A,Sensory Route,Mechanism travel is uneven with elevated resistance.,MECHANICAL_BINDING,MECHANICAL_BINDING,Mechanical,,WSH-MECHANICAL,Closed,,,,,,,,,OPERATING_CONDITION,Observed response is within the current operating envelope.,Inspection only,Field inspection completed; no corrective maintenance performed.,FALSE,0.97,214.78,,Fiber Line,Washing & Screening,SYS-FL-WSH-SCR,Screening,Screen,B,FALSE,TRUE,FALSE,TRUE,FALSE,699,294,,,FALSE,R7,7,Defect,CLOSED_UNCONFIRMED_WITHOUT_ORDER
N0000838,WO0000507,PLT-RU-RB-BLF,M-RB-BLF-01,2025-01-26,3,Planned Inspection,Recovery Boiler - Inspection,Planned Inspection,Motor temperature rising at normal load.,MOTOR_OVERHEATING,MOTOR_OVERHEATING,Electrical,,RB-ELECTRICAL,Closed,2025-01-31,PM02,Completed,2025-04-07,2025-04-08,2025-04-07,2025-04-08,3,NO_DEFECT_FOUND,Inspection could not confirm the reported abnormality.,Inspection only,Inspected and recorded readings; no component correction performed.,FALSE,0.88,188.31,,Recovery & Utilities,Recovery Boiler,SYS-RU-RB-BLF,Black Liquor Firing,Motor,A,TRUE,FALSE,FALSE,FALSE,FALSE,610,293,5,72,FALSE,R5,5,Defect,OTHER_CLOSED
N0000839,WO0000508,PLT-RU-RB-SMT,LT-RB-SMT-01,2025-01-28,2,Maintenance Sensory Route,Recovery Boiler - Maintenance Route A,Sensory Route,Intermittent signal dropout at stable process conditions.,INTERMITTENT_SIGNAL,INTERMITTENT_SIGNAL,Automation,,RB-AUTOMATION,Closed,2025-01-29,PM02,Completed,2025-04-04,2025-04-04,2025-04-04,2025-04-04,3,WORK_COMPLETED,Corrective scope executed and checked.,Instrument replacement,Instrument replacement performed; post-work functional check within tolerance.,TRUE,7.37,5978.19,,Recovery & Utilities,Recovery Boiler,SYS-RU-RB-SMT,Smelt Handling,Level Transmitter,B,TRUE,FALSE,FALSE,FALSE,FALSE,,291,1,66,FALSE,R4,4,Defect almost failure,COMPLETED_CORRECTIVE_ACTION
N0000840,WO0000509,PLT-FL-DIG-CHP,M-DIG-CHP-01,2025-01-28,2,Condition Monitoring,Digester - Condition Monitoring,Predictive Route,Oil sample shows elevated contamination.,OIL_CONTAMINATION,OIL_CONTAMINATION,Lubrication,Electrical,DIG-ELECTRICAL,Closed,2025-01-29,PM02,Completed,2025-02-21,2025-02-21,2025-02-21,2025-02-21,1,WORK_COMPLETED,Corrective scope executed and checked.,Lubrication,Lubrication performed; post-work functional check within tolerance.,TRUE,6.78,3466.69,,Fiber Line,Digester,SYS-FL-DIG-CHP,Chip Feeding,Motor,A,TRUE,FALSE,FALSE,FALSE,FALSE,,291,1,24,FALSE,R2,2,Defect almost failure,COMPLETED_CORRECTIVE_ACTION
N0000841,WO0000510,PLT-RU-EVA-VAC,M-EVA-VAC-01,2025-01-30,3,Operator Route,Evaporation - Operations,Sensory Route,Localized heating at electrical connection.,TERMINAL_HEATING,TERMINAL_HEATING,Condition Monitoring,,EVA-CONDITION_MONITORING,Closed,2025-01-30,PM02,Completed,2025-03-10,2025-03-12,2025-03-10,2025-03-12,1,WORK_COMPLETED,Corrective scope executed and checked.,Tightening,Tightening performed; post-work functional check within tolerance.,TRUE,2.77,678.79,,Recovery & Utilities,Evaporation,SYS-RU-EVA-VAC,Vacuum System,Motor,B,TRUE,FALSE,FALSE,FALSE,FALSE,328,289,0,41,FALSE,R7,7,Defect,COMPLETED_CORRECTIVE_ACTION
N0000842,WO0000511,PLT-FL-DIG-DIS,XV-DIG-DIS-01,2025-01-30,2,Maintenance Sensory Route,Digester - Maintenance Route A,Sensory Route,Valve travel sticks during small command changes.,VALVE_STICTION,VALVE_STICTION,Valves,Instrumentation,DIG-INSTRUMENTATION,Closed,2025-01-31,PM02,Completed,2025-02-07,2025-02-07,2025-02-07,2025-02-07,0,WORK_COMPLETED,Corrective scope executed and checked.,Valve overhaul,Valve overhaul performed; post-work functional check within tolerance.,TRUE,19.57,15882.90,,Fiber Line,Digester,SYS-FL-DIG-DIS,Digester Discharge,On/Off Valve,A,TRUE,FALSE,FALSE,FALSE,TRUE,135,289,1,8,FALSE,R2,2,Defect almost failure,COMPLETED_CORRECTIVE_ACTION
N0000843,,PLT-FL-BLE-TWR,PV-BLE-TWR-01,2025-02-01,3,Maintenance Sensory Route,Bleaching - Maintenance Route A,Sensory Route,Valve travel sticks during small command changes.,VALVE_STICTION,VALVE_STICTION,Valves,,BLE-VALVES,Closed,,,,,,,,,MONITOR_CONDITION,Condition recorded; continue observation without corrective work.,Inspection only,Field inspection completed; no corrective maintenance performed.,TRUE,0.34,127.46,,Fiber Line,Bleaching,SYS-FL-BLE-TWR,Bleaching Towers,Control Valve,B,FALSE,TRUE,TRUE,FALSE,FALSE,551,287,,,FALSE,R7,7,Defect,CLOSED_CONFIRMED_WITHOUT_ORDER
N0000844,,PLT-RU-UTL-AIR,DRY-UTL-AIR-01,2025-02-02,3,Planned Inspection,Utilities - Inspection,Planned Inspection,Mechanism travel is uneven with elevated resistance.,MECHANICAL_BINDING,MECHANICAL_BINDING,Mechanical,,UTL-MECHANICAL,Closed,,,,,,,,,NO_DEFECT_FOUND,Inspection could not confirm the reported abnormality.,Inspection only,Field inspection completed; no corrective maintenance performed.,FALSE,0.98,236.98,,Recovery & Utilities,Utilities,SYS-RU-UTL-AIR,Compressed Air,Air Dryer,B,FALSE,TRUE,FALSE,TRUE,TRUE,127,286,,,FALSE,R7,7,Defect,CLOSED_UNCONFIRMED_WITHOUT_ORDER
N0000845,WO0000512,PLT-RU-EVA-BLF,M-EVA-BLF-01,2025-02-03,1,Planned Inspection,Evaporation - Inspection,Planned Inspection,Motor bearing vibration above baseline.,MOTOR_BEARING_VIBRATION,MOTOR_BEARING_VIBRATION,Condition Monitoring,,EVA-CONDITION_MONITORING,Closed,2025-02-06,CM01,Completed,2025-02-08,2025-02-08,2025-02-08,2025-02-08,0,WORK_COMPLETED,Corrective scope executed and checked.,Bearing replacement,Bearing replacement performed; post-work functional check within tolerance.,TRUE,17.63,11372.82,,Recovery & Utilities,Evaporation,SYS-RU-EVA-BLF,Black Liquor Feed,Motor,B,TRUE,FALSE,FALSE,FALSE,FALSE,,285,3,5,FALSE,R3,3,Fault,COMPLETED_CORRECTIVE_ACTION
N0000846,WO0000513,PLT-RU-UTL-STM,PV-UTL-STM-01,2025-02-03,3,Process Alarm,Utilities - Control Room,Process / Control Monitoring,Visible leakage at valve packing.,EXTERNAL_LEAKAGE,EXTERNAL_LEAKAGE,Instrumentation,,UTL-INSTRUMENTATION,Closed,2025-02-03,PM02,Completed,2025-03-03,2025-03-03,2025-03-03,2025-03-03,2,WORK_COMPLETED,Corrective scope executed and checked.,Seal replacement,Seal replacement performed; post-work functional check within tolerance.,TRUE,7.90,4174.12,,Recovery & Utilities,Utilities,SYS-RU-UTL-STM,Steam Distribution,Control Valve,A,TRUE,FALSE,FALSE,FALSE,FALSE,524,285,0,28,FALSE,R5,5,Defect,COMPLETED_CORRECTIVE_ACTION
N0000847,WO0000514,PLT-FL-DRY-PMF,FV-DRY-PMF-01,2025-02-04,3,Operator Route,Drying - Operations,Sensory Route,Valve travel sticks during small command changes.,VALVE_STICTION,VALVE_STICTION,Valves,,DRY-VALVES,Closed,2025-02-05,PM02,Cancelled,2025-03-08,2025-03-09,,,1,CANCELLED,Order cancelled after scope review; no execution recorded.,,,TRUE,0.68,197.61,,Fiber Line,Drying,SYS-FL-DRY-PMF,Pulp Machine Feed,Control Valve,A,TRUE,FALSE,FALSE,FALSE,FALSE,240,284,1,,FALSE,R5,5,Defect,CANCELLED
N0000848,WO0000515,PLT-FL-DIG-DIS,LT-DIG-DIS-01,2025-02-04,1,Planned Inspection,Digester - Inspection,Planned Inspection,Intermittent signal dropout at stable process conditions.,INTERMITTENT_SIGNAL,INTERMITTENT_SIGNAL,Instrumentation,,DIG-INSTRUMENTATION,Closed,2025-02-08,CM01,Completed,2025-02-28,2025-03-02,2025-02-28,2025-03-02,1,WORK_COMPLETED,Corrective scope executed and checked.,Instrument replacement,Instrument replacement performed; post-work functional check within tolerance.,TRUE,7.40,6003.28,,Fiber Line,Digester,SYS-FL-DIG-DIS,Digester Discharge,Level Transmitter,B,TRUE,FALSE,FALSE,FALSE,TRUE,156,284,4,26,FALSE,R3,3,Fault,COMPLETED_CORRECTIVE_ACTION
N0000849,WO0000516,PLT-FL-DRY-PRS,HY-DRY-PRS-01,2025-02-05,3,Maintenance Sensory Route,Drying - Maintenance Route A,Sensory Route,Hydraulic pressure decays with no external leak.,HYD_INTERNAL_LEAKAGE,HYD_INTERNAL_LEAKAGE,Hydraulics,,DRY-HYDRAULICS,Closed,2025-02-06,PM02,Completed,2025-02-19,2025-02-19,2025-02-19,2025-02-19,0,WORK_COMPLETED,Corrective scope executed and checked.,Seal replacement,Seal replacement performed; post-work functional check within tolerance.,TRUE,17.04,9569.39,,Fiber Line,Drying,SYS-FL-DRY-PRS,Press Section,Hydraulic Actuator,A,TRUE,FALSE,FALSE,FALSE,TRUE,163,283,1,14,FALSE,R5,5,Defect,COMPLETED_CORRECTIVE_ACTION
N0000850,,PLT-FL-WSH-FIL,LT-WSH-FIL-01,2025-02-06,3,Maintenance Sensory Route,Washing & Screening - Maintenance Route A,Sensory Route,Intermittent signal dropout at stable process conditions.,INTERMITTENT_SIGNAL,INTERMITTENT_SIGNAL,Instrumentation,Automation,WSH-AUTOMATION,Closed,,,,,,,,,NO_DEFECT_FOUND,Inspection could not confirm the reported abnormality.,Inspection only,Field inspection completed; no corrective maintenance performed.,FALSE,1.34,276.17,,Fiber Line,Washing & Screening,SYS-FL-WSH-FIL,Filtrate System,Level Transmitter,C,FALSE,TRUE,FALSE,TRUE,TRUE,154,282,,,FALSE,R9,9,Defect,CLOSED_UNCONFIRMED_WITHOUT_ORDER
N0000851,,PLT-FL-WSH-SCR,M-WSH-SCR-01,2025-02-06,3,Maintenance Sensory Route,Washing & Screening - Maintenance Route A,Sensory Route,Localized heating at electrical connection.,TERMINAL_HEATING,TERMINAL_HEATING,Electrical,,WSH-ELECTRICAL,Closed,,,,,,,,,NO_DEFECT_FOUND,Inspection could not confirm the reported abnormality.,Inspection only,Field inspection completed; no corrective maintenance performed.,FALSE,1.93,375.58,,Fiber Line,Washing & Screening,SYS-FL-WSH-SCR,Screening,Motor,B,FALSE,TRUE,FALSE,TRUE,FALSE,536,282,,,FALSE,R7,7,Defect,CLOSED_UNCONFIRMED_WITHOUT_ORDER
N0000852,WO0000517,PLT-RU-RB-FWS,P-RB-FWS-01,2025-02-06,2,Condition Monitoring,Recovery Boiler - Condition Monitoring,Predictive Route,Delivered flow below expected operating range.,LOW_FLOW,LOW_FLOW,Mechanical,,RB-MECHANICAL,Closed,2025-02-10,PM02,Completed,2025-04-05,2025-04-07,2025-04-05,2025-04-07,3,WORK_COMPLETED,Corrective scope executed and checked.,Cleaning,Cleaning performed; post-work functional check within tolerance.,TRUE,9.59,2830.03,,Recovery & Utilities,Recovery Boiler,SYS-RU-RB-FWS,Feedwater System,Pump,A,TRUE,FALSE,FALSE,FALSE,FALSE,247,282,4,60,FALSE,R2,2,Defect almost failure,COMPLETED_CORRECTIVE_ACTION
N0000853,WO0000518,PLT-FL-WSH-BSW,M-WSH-BSW-01,2025-02-07,3,Operator Route,Washing & Screening - Operations,Sensory Route,Motor bearing vibration above baseline.,MOTOR_BEARING_VIBRATION,MOTOR_BEARING_VIBRATION,Electrical,,WSH-ELECTRICAL,Closed,2025-02-09,PM02,Completed,2025-04-24,2025-04-24,2025-04-24,2025-04-24,2,WORK_COMPLETED,Corrective scope executed and checked.,Bearing replacement,Bearing replacement performed; post-work functional check within tolerance.,TRUE,18.76,12099.48,,Fiber Line,Washing & Screening,SYS-FL-WSH-BSW,Brownstock Washing,Motor,B,TRUE,FALSE,FALSE,FALSE,FALSE,711,281,2,76,FALSE,R7,7,Defect,COMPLETED_CORRECTIVE_ACTION
N0000854,,PLT-FL-WSH-SCR,P-WSH-SCR-01,2025-02-07,3,Maintenance Sensory Route,Washing & Screening - Maintenance Route A,Sensory Route,Leakage at shaft seal.,SEAL_LEAKAGE,SEAL_LEAKAGE,Mechanical,Lubrication,WSH-LUBRICATION,Closed,,,,,,,,,OPERATING_CONDITION,Observed response is within the current operating envelope.,Inspection only,Field inspection completed; no corrective maintenance performed.,FALSE,1.07,193.70,,Fiber Line,Washing & Screening,SYS-FL-WSH-SCR,Screening,Pump,B,FALSE,TRUE,FALSE,TRUE,FALSE,367,281,,,FALSE,R7,7,Defect,CLOSED_UNCONFIRMED_WITHOUT_ORDER
N0000855,,PLT-RU-RB-FWS,PT-RB-FWS-01,2025-02-07,3,Planned Inspection,Recovery Boiler - Inspection,Planned Inspection,Measured output outside calibration tolerance.,CALIBRATION_DEVIATION,CALIBRATION_DEVIATION,Instrumentation,,RB-INSTRUMENTATION,Closed,,,,,,,,,MONITOR_CONDITION,Condition recorded; continue observation without corrective work.,Inspection only,Field inspection completed; no corrective maintenance performed.,TRUE,1.33,277.10,,Recovery & Utilities,Recovery Boiler,SYS-RU-RB-FWS,Feedwater System,Pressure Transmitter,A,FALSE,TRUE,TRUE,FALSE,FALSE,,281,,,FALSE,R5,5,Defect,CLOSED_CONFIRMED_WITHOUT_ORDER
N0000856,,PLT-RU-RB-SMT,LT-RB-SMT-01,2025-02-10,2,Process Alarm,Recovery Boiler - Control Room,Process / Control Monitoring,Indicated value drifts from independent reference.,SIGNAL_DRIFT,SIGNAL_DRIFT,Instrumentation,,RB-INSTRUMENTATION,Closed,,,,,,,,,NO_ACTION_REQUIRED,Notification dispositioned without corrective scope.,Inspection only,Field inspection completed; no corrective maintenance performed.,TRUE,0.56,146.36,,Recovery & Utilities,Recovery Boiler,SYS-RU-RB-SMT,Smelt Handling,Level Transmitter,B,FALSE,TRUE,TRUE,FALSE,FALSE,241,278,,,FALSE,R4,4,Defect almost failure,CLOSED_CONFIRMED_WITHOUT_ORDER
N0000857,,PLT-FL-WSH-BSW,M-WSH-BSW-01,2025-02-10,3,Maintenance Sensory Route,Washing & Screening - Maintenance Route A,Sensory Route,Localized heating at electrical connection.,TERMINAL_HEATING,TERMINAL_HEATING,Electrical,,WSH-ELECTRICAL,Closed,,,,,,,,,OPERATING_CONDITION,Observed response is within the current operating envelope.,Inspection only,Field inspection completed; no corrective maintenance performed.,FALSE,1.26,217.88,,Fiber Line,Washing & Screening,SYS-FL-WSH-BSW,Brownstock Washing,Motor,B,FALSE,TRUE,FALSE,TRUE,FALSE,372,278,,,FALSE,R7,7,Defect,CLOSED_UNCONFIRMED_WITHOUT_ORDER
N0000858,WO0000519,PLT-RU-EVA-CIR,P-EVA-CIR-01,2025-02-11,3,Operator Route,Evaporation - Operations,Sensory Route,Leakage at shaft seal.,SEAL_LEAKAGE,SEAL_LEAKAGE,Condition Monitoring,Lubrication,EVA-LUBRICATION,Closed,2025-02-14,PM02,Cancelled,2025-03-30,2025-03-30,,,0,CANCELLED,Order cancelled after scope review; no execution recorded.,,,TRUE,0.65,155.28,,Recovery & Utilities,Evaporation,SYS-RU-EVA-CIR,Evaporator Circulation,Pump,B,TRUE,FALSE,FALSE,FALSE,FALSE,,277,3,,FALSE,R7,7,Defect,CANCELLED
N0000859,WO0000520,PLT-RU-UTL-CWT,M-UTL-CWT-01,2025-02-12,3,Maintenance Sensory Route,Utilities - Maintenance Route A,Sensory Route,Motor bearing vibration above baseline.,MOTOR_BEARING_VIBRATION,MOTOR_BEARING_VIBRATION,Electrical,,UTL-ELECTRICAL,Closed,2025-02-12,PM02,Completed,2025-03-30,2025-03-31,2025-03-30,2025-03-31,1,WORK_COMPLETED,Corrective scope executed and checked.,Bearing replacement,Bearing replacement performed; post-work functional check within tolerance.,TRUE,15.18,9791.94,,Recovery & Utilities,Utilities,SYS-RU-UTL-CWT,Cooling Water,Motor,A,TRUE,FALSE,FALSE,FALSE,TRUE,144,276,0,47,FALSE,R5,5,Defect,COMPLETED_CORRECTIVE_ACTION
N0000860,WO0000521,PLT-FL-WSH-KNR,M-WSH-KNR-01,2025-02-12,3,Operator Report,Washing & Screening - Operations,,Insulation test trending below reference.,INSULATION_DEGRADATION,INSULATION_DEGRADATION,Electrical,,WSH-ELECTRICAL,Closed,2025-02-17,PM02,Cancelled,2025-03-19,2025-03-20,,,0,CANCELLED,Order cancelled after scope review; no execution recorded.,,,TRUE,0.44,160.71,,Fiber Line,Washing & Screening,SYS-FL-WSH-KNR,Knot Removal,Motor,B,TRUE,FALSE,FALSE,FALSE,TRUE,139,276,5,,FALSE,R7,7,Defect,CANCELLED
N0000861,WO0000522,PLT-FL-DRY-LUB,P-DRY-LUB-01,2025-02-12,3,Condition Monitoring,Drying - Condition Monitoring,Predictive Route,Oil sample shows elevated contamination.,OIL_CONTAMINATION,OIL_CONTAMINATION,Lubrication,,DRY-LUBRICATION,Closed,2025-02-16,PM02,Completed,2025-03-10,2025-03-12,2025-03-10,2025-03-12,0,WORK_COMPLETED,Corrective scope executed and checked.,Lubrication,Lubrication performed; post-work functional check within tolerance.,TRUE,4.25,2174.64,,Fiber Line,Drying,SYS-FL-DRY-LUB,Lubrication System,Lubrication Pump,B,TRUE,FALSE,FALSE,FALSE,FALSE,480,276,4,28,FALSE,R7,7,Defect,COMPLETED_CORRECTIVE_ACTION
N0000862,WO0000523,PLT-FL-DIG-CHP,ZS-DIG-CHP-01,2025-02-12,3,Operator Route,Digester - Operations,Sensory Route,Intermittent signal dropout at stable process conditions.,INTERMITTENT_SIGNAL,INTERMITTENT_SIGNAL,Automation,,DIG-AUTOMATION,Closed,2025-02-13,PM02,Completed,2025-03-13,2025-03-15,2025-03-13,2025-03-15,0,MONITOR_CONDITION,Condition recorded; continue observation without corrective work.,Inspection only,Inspected and recorded readings; no component correction performed.,TRUE,0.80,181.34,,Fiber Line,Digester,SYS-FL-DIG-CHP,Chip Feeding,Position Switch,B,TRUE,FALSE,FALSE,FALSE,TRUE,126,276,1,31,FALSE,R7,7,Defect,MONITOR_CONDITION
N0000863,,PLT-RU-EVA-BLF,FV-EVA-BLF-01,2025-02-15,3,Planned Inspection,Evaporation - Inspection,Planned Inspection,Actuator supply pressure decays while held.,ACTUATOR_LEAKAGE,ACTUATOR_LEAKAGE,Valves,,EVA-VALVES,Closed,,,,,,,,,NO_ACTION_REQUIRED,Notification dispositioned without corrective scope.,Inspection only,Field inspection completed; no corrective maintenance performed.,TRUE,1.73,343.08,,Recovery & Utilities,Evaporation,SYS-RU-EVA-BLF,Black Liquor Feed,Control Valve,B,FALSE,TRUE,TRUE,FALSE,FALSE,,273,,,FALSE,R7,7,Defect,CLOSED_CONFIRMED_WITHOUT_ORDER
N0000864,WO0000524,PLT-RU-CAU-WLC,M-CAU-WLC-01,2025-02-15,2,Operator Report,Causticizing - Operations,,Motor temperature rising at normal load.,MOTOR_OVERHEATING,MOTOR_OVERHEATING,Electrical,,CAU-ELECTRICAL,Closed,2025-02-16,PM02,Completed,2025-05-29,2025-05-29,2025-05-29,2025-05-29,5,WORK_COMPLETED,Corrective scope executed and checked.,Cleaning,Cleaning performed; post-work functional check within tolerance.,TRUE,5.90,1740.35,,Recovery & Utilities,Causticizing,SYS-RU-CAU-WLC,White Liquor Clarification,Motor,A,TRUE,FALSE,FALSE,FALSE,FALSE,299,273,1,103,FALSE,R2,2,Defect almost failure,COMPLETED_CORRECTIVE_ACTION
N0000865,WO0000525,PLT-FL-DRY-DRS,PV-DRY-DRS-01,2025-02-15,2,Operator Report,Drying - Operations,,Valve travel sticks during small command changes.,VALVE_STICTION,VALVE_STICTION,Valves,,DRY-VALVES,Closed,2025-02-20,PM02,Completed,2025-03-18,2025-03-19,2025-03-18,2025-03-19,1,WORK_COMPLETED,Corrective scope executed and checked.,Valve overhaul,Valve overhaul performed; post-work functional check within tolerance.,TRUE,18.79,15251.63,,Fiber Line,Drying,SYS-FL-DRY-DRS,Dryer Section,Control Valve,A,TRUE,FALSE,FALSE,FALSE,FALSE,,273,5,32,FALSE,R2,2,Defect almost failure,COMPLETED_CORRECTIVE_ACTION
N0000866,,PLT-FL-WSH-BSW,FV-WSH-BSW-01,2025-02-16,3,Maintenance Sensory Route,Washing & Screening - Maintenance Route A,Sensory Route,Visible leakage at valve packing.,EXTERNAL_LEAKAGE,EXTERNAL_LEAKAGE,Valves,,WSH-VALVES,Closed,,,,,,,,,OPERATING_CONDITION,Observed response is within the current operating envelope.,Inspection only,Field inspection completed; no corrective maintenance performed.,FALSE,1.60,298.30,,Fiber Line,Washing & Screening,SYS-FL-WSH-BSW,Brownstock Washing,Control Valve,B,FALSE,TRUE,FALSE,TRUE,FALSE,,272,,,FALSE,R7,7,Defect,CLOSED_UNCONFIRMED_WITHOUT_ORDER
N0000867,,PLT-FL-WSH-FIL,FV-WSH-FIL-01,2025-02-16,3,Maintenance Sensory Route,Washing & Screening - Maintenance Route A,Sensory Route,Valve feedback differs from demanded position.,POSITIONER_DEVIATION,POSITIONER_DEVIATION,Valves,,WSH-VALVES,Closed,,,,,,,,,OPERATING_CONDITION,Observed response is within the current operating envelope.,Inspection only,Field inspection completed; no corrective maintenance performed.,FALSE,0.53,130.21,,Fiber Line,Washing & Screening,SYS-FL-WSH-FIL,Filtrate System,Control Valve,C,FALSE,TRUE,FALSE,TRUE,FALSE,394,272,,,FALSE,R9,9,Defect,CLOSED_UNCONFIRMED_WITHOUT_ORDER
N0000868,WO0000526,PLT-RU-RB-SMT,M-RB-SMT-01,2025-02-16,3,Planned Inspection,Recovery Boiler - Inspection,Planned Inspection,Motor temperature rising at normal load.,MOTOR_OVERHEATING,MOTOR_OVERHEATING,Electrical,,RB-ELECTRICAL,Closed,2025-02-20,PM02,Completed,2025-03-19,2025-03-20,2025-03-19,2025-03-20,0,WORK_COMPLETED,Corrective scope executed and checked.,Cleaning,Cleaning performed; post-work functional check within tolerance.,TRUE,5.41,1597.21,,Recovery & Utilities,Recovery Boiler,SYS-RU-RB-SMT,Smelt Handling,Motor,B,TRUE,FALSE,FALSE,FALSE,FALSE,493,272,4,32,FALSE,R7,7,Defect,COMPLETED_CORRECTIVE_ACTION
N0000869,,PLT-RU-EVA-BLF,FT-EVA-BLF-01,2025-02-18,2,Process Alarm,Evaporation - Control Room,Process / Control Monitoring,Intermittent signal dropout at stable process conditions.,INTERMITTENT_SIGNAL,INTERMITTENT_SIGNAL,Automation,,EVA-AUTOMATION,Closed,,,,,,,,,NO_DEFECT_FOUND,Inspection could not confirm the reported abnormality.,Inspection only,Field inspection completed; no corrective maintenance performed.,FALSE,1.08,254.35,,Recovery & Utilities,Evaporation,SYS-RU-EVA-BLF,Black Liquor Feed,Flow Transmitter,B,FALSE,TRUE,FALSE,TRUE,TRUE,151,270,,,FALSE,R4,4,Defect almost failure,CLOSED_UNCONFIRMED_WITHOUT_ORDER
N0000870,,PLT-FL-WSH-FIL,P-WSH-FIL-01,2025-02-18,3,Maintenance Sensory Route,Washing & Screening - Maintenance Route A,Sensory Route,Elevated vibration at pump bearing housing.,PUMP_BEARING_VIBRATION,PUMP_BEARING_VIBRATION,Mechanical,,WSH-MECHANICAL,Closed,,,,,,,,,NO_DEFECT_FOUND,Inspection could not confirm the reported abnormality.,Inspection only,Field inspection completed; no corrective maintenance performed.,FALSE,0.66,171.26,,Fiber Line,Washing & Screening,SYS-FL-WSH-FIL,Filtrate System,Pump,B,FALSE,TRUE,FALSE,TRUE,FALSE,381,270,,,FALSE,R7,7,Defect,CLOSED_UNCONFIRMED_WITHOUT_ORDER
N0000871,,PLT-FL-WSH-KNR,SCR-WSH-KNR-01,2025-02-18,3,Maintenance Sensory Route,Washing & Screening - Maintenance Route A,Sensory Route,Mechanism travel is uneven with elevated resistance.,MECHANICAL_BINDING,MECHANICAL_BINDING,Mechanical,,WSH-MECHANICAL,Closed,,,,,,,,,OPERATING_CONDITION,Observed response is within the current operating envelope.,Inspection only,Field inspection completed; no corrective maintenance performed.,FALSE,0.98,179.27,,Fiber Line,Washing & Screening,SYS-FL-WSH-KNR,Knot Removal,Separator,B,FALSE,TRUE,FALSE,TRUE,FALSE,218,270,,,FALSE,R7,7,Defect,CLOSED_UNCONFIRMED_WITHOUT_ORDER
N0000872,WO0000527,PLT-FL-WSH-KNR,SCR-WSH-KNR-01,2025-02-20,2,Maintenance Sensory Route,Washing & Screening - Maintenance Route A,Sensory Route,Process differential pressure above normal operating range.,PROCESS_RESTRICTION,PROCESS_RESTRICTION,Mechanical,,WSH-MECHANICAL,Closed,2025-02-24,PM02,Completed,2025-03-21,2025-03-23,2025-03-21,2025-03-23,1,WORK_COMPLETED,Corrective scope executed and checked.,Cleaning,Cleaning performed; post-work functional check within tolerance.,TRUE,12.41,3909.08,,Fiber Line,Washing & Screening,SYS-FL-WSH-KNR,Knot Removal,Separator,B,TRUE,FALSE,FALSE,FALSE,FALSE,223,268,4,31,FALSE,R4,4,Defect almost failure,COMPLETED_CORRECTIVE_ACTION
N0000873,WO0000528,PLT-RU-UTL-STM,TT-UTL-STM-01,2025-02-20,1,Operator Route,Utilities - Operations,Sensory Route,Intermittent signal dropout at stable process conditions.,INTERMITTENT_SIGNAL,INTERMITTENT_SIGNAL,Automation,,UTL-AUTOMATION,Closed,2025-02-24,CM01,Completed,2025-03-12,2025-03-14,2025-03-12,2025-03-14,1,WORK_COMPLETED,Corrective scope executed and checked.,Instrument replacement,Instrument replacement performed; post-work functional check within tolerance.,TRUE,7.23,5870.64,,Recovery & Utilities,Utilities,SYS-RU-UTL-STM,Steam Distribution,Temperature Transmitter,B,TRUE,FALSE,FALSE,FALSE,FALSE,261,268,4,22,FALSE,R3,3,Fault,COMPLETED_CORRECTIVE_ACTION
N0000874,WO0000529,PLT-RU-LIM-LMF,FT-LIM-LMF-01,2025-02-21,3,Operator Route,Lime Kiln - Operations,Sensory Route,Measured output outside calibration tolerance.,CALIBRATION_DEVIATION,CALIBRATION_DEVIATION,Instrumentation,,LIM-INSTRUMENTATION,Closed,2025-02-23,PM02,Completed,2025-05-26,2025-05-27,2025-05-26,2025-05-27,3,WORK_COMPLETED,Corrective scope executed and checked.,Calibration,Calibration performed; post-work functional check within tolerance.,TRUE,4.09,1206.01,,Recovery & Utilities,Lime Kiln,SYS-RU-LIM-LMF,Lime Mud Feed,Flow Transmitter,B,TRUE,FALSE,FALSE,FALSE,TRUE,126,267,2,95,FALSE,R7,7,Defect,COMPLETED_CORRECTIVE_ACTION
N0000875,WO0000530,PLT-FL-WSH-SCR,M-WSH-SCR-01,2025-02-21,3,Process Alarm,Washing & Screening - Control Room,Process / Control Monitoring,Motor bearing vibration above baseline.,MOTOR_BEARING_VIBRATION,MOTOR_BEARING_VIBRATION,Electrical,,WSH-ELECTRICAL,Closed,2025-02-23,PM02,Completed,2025-04-09,2025-04-11,2025-04-09,2025-04-11,0,WORK_COMPLETED,Corrective scope executed and checked.,Bearing replacement,Bearing replacement performed; post-work functional check within tolerance.,TRUE,13.77,8879.93,,Fiber Line,Washing & Screening,SYS-FL-WSH-SCR,Screening,Motor,B,TRUE,FALSE,FALSE,FALSE,FALSE,391,267,2,49,FALSE,R7,7,Defect,COMPLETED_CORRECTIVE_ACTION
N0000876,,PLT-FL-WSH-BSW,P-WSH-BSW-01,2025-02-22,3,Maintenance Sensory Route,Washing & Screening - Maintenance Route A,Sensory Route,Crackling noise and unstable suction pressure.,CAVITATION,CAVITATION,Mechanical,,WSH-MECHANICAL,Closed,,,,,,,,,NO_DEFECT_FOUND,Inspection could not confirm the reported abnormality.,Inspection only,Field inspection completed; no corrective maintenance performed.,FALSE,0.59,135.65,,Fiber Line,Washing & Screening,SYS-FL-WSH-BSW,Brownstock Washing,Pump,B,FALSE,TRUE,FALSE,TRUE,FALSE,734,266,,,FALSE,R7,7,Defect,CLOSED_UNCONFIRMED_WITHOUT_ORDER
N0000877,,PLT-RU-UTL-BFW,PT-UTL-BFW-01,2025-02-22,3,Maintenance Sensory Route,Utilities - Maintenance Route A,Sensory Route,Intermittent signal dropout at stable process conditions.,INTERMITTENT_SIGNAL,INTERMITTENT_SIGNAL,Instrumentation,,UTL-INSTRUMENTATION,Closed,,,,,,,,,NO_ACTION_REQUIRED,Notification dispositioned without corrective scope.,Inspection only,Field inspection completed; no corrective maintenance performed.,FALSE,0.70,193.98,,Recovery & Utilities,Utilities,SYS-RU-UTL-BFW,Boiler Feedwater,Pressure Transmitter,A,FALSE,TRUE,FALSE,TRUE,FALSE,365,266,,,FALSE,R5,5,Defect,CLOSED_UNCONFIRMED_WITHOUT_ORDER
N0000878,,PLT-FL-WSH-SCR,DPIT-WSH-SCR-01,2025-02-23,3,Maintenance Sensory Route,Washing & Screening - Maintenance Route A,Sensory Route,Indicated value drifts from independent reference.,SIGNAL_DRIFT,SIGNAL_DRIFT,Instrumentation,,WSH-INSTRUMENTATION,Closed,,,,,,,,,OPERATING_CONDITION,Observed response is within the current operating envelope.,Inspection only,Field inspection completed; no corrective maintenance performed.,FALSE,1.93,320.12,,Fiber Line,Washing & Screening,SYS-FL-WSH-SCR,Screening,Differential Pressure Transmitter,C,FALSE,TRUE,FALSE,TRUE,FALSE,383,265,,,FALSE,R9,9,Defect,CLOSED_UNCONFIRMED_WITHOUT_ORDER
N0000879,,PLT-FL-WSH-BSW,DRV-WSH-BSW-01,2025-02-23,3,Maintenance Sensory Route,Washing & Screening - Maintenance Route A,Sensory Route,Bearing temperature trending above baseline.,BEARING_TEMPERATURE,BEARING_TEMPERATURE,Mechanical,,WSH-MECHANICAL,Closed,,,,,,,,,NO_DEFECT_FOUND,Inspection could not confirm the reported abnormality.,Inspection only,Field inspection completed; no corrective maintenance performed.,FALSE,0.50,143.08,,Fiber Line,Washing & Screening,SYS-FL-WSH-BSW,Brownstock Washing,Drive,B,FALSE,TRUE,FALSE,TRUE,FALSE,732,265,,,FALSE,R7,7,Defect,CLOSED_UNCONFIRMED_WITHOUT_ORDER
N0000880,,PLT-FL-WSH-KNR,M-WSH-KNR-01,2025-02-23,3,Maintenance Sensory Route,Washing & Screening - Maintenance Route A,Sensory Route,Localized heating at electrical connection.,TERMINAL_HEATING,TERMINAL_HEATING,Electrical,,WSH-ELECTRICAL,Closed,,,,,,,,,NO_DEFECT_FOUND,Inspection could not confirm the reported abnormality.,Inspection only,Field inspection completed; no corrective maintenance performed.,FALSE,0.81,174.68,,Fiber Line,Washing & Screening,SYS-FL-WSH-KNR,Knot Removal,Motor,B,FALSE,TRUE,FALSE,TRUE,FALSE,380,265,,,FALSE,R7,7,Defect,CLOSED_UNCONFIRMED_WITHOUT_ORDER
N0000881,WO0000531,PLT-FL-DIG-BLC,PSHH-DIG-BLC-01,2025-02-23,3,Operator Report,Digester - Operations,,Measured output outside calibration tolerance.,CALIBRATION_DEVIATION,CALIBRATION_DEVIATION,Instrumentation,,DIG-INSTRUMENTATION,Closed,2025-02-28,PM02,Completed,2025-04-08,2025-04-09,2025-04-08,2025-04-09,2,WORK_COMPLETED,Corrective scope executed and checked.,Calibration,Calibration performed; post-work functional check within tolerance.,TRUE,4.31,1271.61,,Fiber Line,Digester,SYS-FL-DIG-BLC,Blow / Pressure Control,Pressure Switch,A,TRUE,FALSE,FALSE,FALSE,FALSE,241,265,5,45,FALSE,R5,5,Defect,COMPLETED_CORRECTIVE_ACTION
N0000882,,PLT-FL-WSH-KNR,XV-WSH-KNR-01,2025-02-23,3,Maintenance Sensory Route,Washing & Screening - Maintenance Route A,Sensory Route,Actuator supply pressure decays while held.,ACTUATOR_LEAKAGE,ACTUATOR_LEAKAGE,Valves,Instrumentation,WSH-INSTRUMENTATION,Closed,,,,,,,,,NO_DEFECT_FOUND,Inspection could not confirm the reported abnormality.,Inspection only,Field inspection completed; no corrective maintenance performed.,FALSE,1.44,284.92,,Fiber Line,Washing & Screening,SYS-FL-WSH-KNR,Knot Removal,On/Off Valve,C,FALSE,TRUE,FALSE,TRUE,FALSE,401,265,,,FALSE,R9,9,Defect,CLOSED_UNCONFIRMED_WITHOUT_ORDER
N0000883,WO0000532,PLT-FL-BLE-DOS,FT-BLE-DOS-01,2025-02-24,3,Process Alarm,Bleaching - Control Room,Process / Control Monitoring,Intermittent signal dropout at stable process conditions.,INTERMITTENT_SIGNAL,INTERMITTENT_SIGNAL,Instrumentation,,BLE-INSTRUMENTATION,Closed,2025-03-01,PM02,Completed,2025-04-08,2025-04-09,2025-04-08,2025-04-09,1,WORK_COMPLETED,Corrective scope executed and checked.,Instrument replacement,Instrument replacement performed; post-work functional check within tolerance.,TRUE,6.22,5045.12,,Fiber Line,Bleaching,SYS-FL-BLE-DOS,Chemical Dosing,Flow Transmitter,B,TRUE,FALSE,FALSE,FALSE,FALSE,,264,5,44,FALSE,R7,7,Defect,COMPLETED_CORRECTIVE_ACTION
N0000884,WO0000533,PLT-RU-LIM-DRV,DRV-LIM-DRV-01,2025-02-25,3,Process Alarm,Lime Kiln - Control Room,Process / Control Monitoring,Oil sample shows elevated contamination.,OIL_CONTAMINATION,OIL_CONTAMINATION,Lubrication,,LIM-LUBRICATION,Closed,2025-02-27,PM02,Completed,2025-03-18,2025-03-20,2025-03-18,2025-03-20,0,MONITOR_CONDITION,Condition recorded; continue observation without corrective work.,Inspection only,Inspected and recorded readings; no component correction performed.,TRUE,1.93,321.52,,Recovery & Utilities,Lime Kiln,SYS-RU-LIM-DRV,Kiln Drive,Drive,A,TRUE,FALSE,FALSE,FALSE,FALSE,,263,2,23,FALSE,R5,5,Defect,MONITOR_CONDITION
N0000885,,PLT-FL-DIG-IMP,FV-DIG-IMP-01,2025-02-25,3,Planned Inspection,Digester - Inspection,Planned Inspection,Valve feedback differs from demanded position.,POSITIONER_DEVIATION,POSITIONER_DEVIATION,Valves,,DIG-VALVES,Closed,,,,,,,,,NO_ACTION_REQUIRED,Notification dispositioned without corrective scope.,Inspection only,Field inspection completed; no corrective maintenance performed.,TRUE,0.57,117.22,,Fiber Line,Digester,SYS-FL-DIG-IMP,Impregnation,Control Valve,A,FALSE,TRUE,TRUE,FALSE,FALSE,,263,,,FALSE,R5,5,Defect,CLOSED_CONFIRMED_WITHOUT_ORDER
N0000886,WO0000534,PLT-FL-BLE-DOS,M-BLE-DOS-01,2025-02-25,3,Planned Inspection,Bleaching - Inspection,Planned Inspection,Motor temperature rising at normal load.,MOTOR_OVERHEATING,MOTOR_OVERHEATING,Condition Monitoring,,BLE-CONDITION_MONITORING,Closed,2025-02-27,PM02,Completed,2025-04-26,2025-04-27,2025-04-26,2025-04-27,4,WORK_COMPLETED,Corrective scope executed and checked.,Cleaning,Cleaning performed; post-work functional check within tolerance.,TRUE,6.60,1948.07,,Fiber Line,Bleaching,SYS-FL-BLE-DOS,Chemical Dosing,Motor,C,TRUE,FALSE,FALSE,FALSE,FALSE,,263,2,61,FALSE,R9,9,Defect,COMPLETED_CORRECTIVE_ACTION
N0000887,WO0000535,PLT-FL-BLE-DOS,M-BLE-DOS-01,2025-02-25,2,Maintenance Sensory Route,Bleaching - Maintenance Route A,Sensory Route,Localized heating at electrical connection.,TERMINAL_HEATING,TERMINAL_HEATING,Electrical,,BLE-ELECTRICAL,Closed,2025-03-01,PM02,Completed,2025-03-11,2025-03-11,2025-03-11,2025-03-11,0,WORK_COMPLETED,Corrective scope executed and checked.,Tightening,Tightening performed; post-work functional check within tolerance.,TRUE,5.28,1294.36,,Fiber Line,Bleaching,SYS-FL-BLE-DOS,Chemical Dosing,Motor,C,TRUE,FALSE,FALSE,FALSE,FALSE,574,263,4,14,FALSE,R8,8,Defect almost failure,COMPLETED_CORRECTIVE_ACTION
N0000888,WO0000536,PLT-FL-DRY-SHT,M-DRY-SHT-01,2025-02-26,2,Maintenance Sensory Route,Drying - Maintenance Route A,Sensory Route,Motor temperature rising at normal load.,MOTOR_OVERHEATING,MOTOR_OVERHEATING,Electrical,,DRY-ELECTRICAL,Closed,2025-02-27,PM02,Completed,2025-03-06,2025-03-07,2025-03-06,2025-03-07,0,WORK_COMPLETED,Corrective scope executed and checked.,Cleaning,Cleaning performed; post-work functional check within tolerance.,TRUE,8.32,2454.34,,Fiber Line,Drying,SYS-FL-DRY-SHT,Sheet Handling / Cutter,Motor,B,TRUE,FALSE,FALSE,FALSE,FALSE,,262,1,9,FALSE,R4,4,Defect almost failure,COMPLETED_CORRECTIVE_ACTION
N0000889,WO0000537,PLT-RU-CAU-LMH,P-CAU-LMH-01,2025-02-27,3,Maintenance Sensory Route,Causticizing - Maintenance Route A,Sensory Route,Leakage at shaft seal.,SEAL_LEAKAGE,SEAL_LEAKAGE,Mechanical,,CAU-MECHANICAL,Closed,2025-03-01,PM02,Completed,2025-04-24,2025-04-24,2025-04-24,2025-04-24,2,WORK_COMPLETED,Corrective scope executed and checked.,Seal replacement,Seal replacement performed; post-work functional check within tolerance.,TRUE,7.73,5756.43,,Recovery & Utilities,Causticizing,SYS-RU-CAU-LMH,Lime Mud Handling,Pump,B,TRUE,FALSE,FALSE,FALSE,FALSE,,261,2,56,FALSE,R7,7,Defect,COMPLETED_CORRECTIVE_ACTION
N0000890,WO0000538,PLT-FL-DIG-IMP,FT-DIG-IMP-01,2025-02-28,2,Planned Inspection,Digester - Inspection,Planned Inspection,Indicated value drifts from independent reference.,SIGNAL_DRIFT,SIGNAL_DRIFT,Instrumentation,,DIG-INSTRUMENTATION,Closed,2025-03-01,PM02,Completed,2025-03-14,2025-03-14,2025-03-14,2025-03-14,0,WORK_COMPLETED,Corrective scope executed and checked.,Calibration,Calibration performed; post-work functional check within tolerance.,TRUE,5.51,1625.49,,Fiber Line,Digester,SYS-FL-DIG-IMP,Impregnation,Flow Transmitter,B,TRUE,FALSE,FALSE,FALSE,FALSE,,260,1,14,FALSE,R4,4,Defect almost failure,COMPLETED_CORRECTIVE_ACTION
N0000891,,PLT-RU-CAU-GLH,M-CAU-GLH-01,2025-02-28,2,Maintenance Sensory Route,Causticizing - Maintenance Route A,Sensory Route,Motor bearing vibration above baseline.,MOTOR_BEARING_VIBRATION,MOTOR_BEARING_VIBRATION,Condition Monitoring,,CAU-CONDITION_MONITORING,Closed,,,,,,,,,NO_ACTION_REQUIRED,Notification dispositioned without corrective scope.,Inspection only,Field inspection completed; no corrective maintenance performed.,TRUE,1.22,238.56,,Recovery & Utilities,Causticizing,SYS-RU-CAU-GLH,Green Liquor Handling,Motor,B,FALSE,TRUE,TRUE,FALSE,FALSE,646,260,,,FALSE,R4,4,Defect almost failure,CLOSED_CONFIRMED_WITHOUT_ORDER
N0000892,,PLT-FL-WSH-FIL,P-WSH-FIL-01,2025-02-28,3,Condition Monitoring,Washing & Screening - Condition Monitoring,Predictive Route,Oil sample shows elevated contamination.,OIL_CONTAMINATION,OIL_CONTAMINATION,Lubrication,,WSH-LUBRICATION,Closed,,,,,,,,,NO_DEFECT_FOUND,Inspection could not confirm the reported abnormality.,Inspection only,Field inspection completed; no corrective maintenance performed.,FALSE,0.44,136.94,,Fiber Line,Washing & Screening,SYS-FL-WSH-FIL,Filtrate System,Pump,B,FALSE,TRUE,FALSE,TRUE,FALSE,,260,,,FALSE,R7,7,Defect,CLOSED_UNCONFIRMED_WITHOUT_ORDER
N0000893,WO0000539,PLT-RU-RB-BLF,FT-RB-BLF-01,2025-03-01,3,Maintenance Sensory Route,Recovery Boiler - Maintenance Route A,Sensory Route,Indicated value drifts from independent reference.,SIGNAL_DRIFT,SIGNAL_DRIFT,Instrumentation,Automation,RB-AUTOMATION,Closed,2025-03-03,PM02,Completed,2025-04-08,2025-04-09,2025-04-08,2025-04-09,1,WORK_COMPLETED,Corrective scope executed and checked.,Calibration,Calibration performed; post-work functional check within tolerance.,TRUE,5.10,1503.73,,Recovery & Utilities,Recovery Boiler,SYS-RU-RB-BLF,Black Liquor Firing,Flow Transmitter,A,TRUE,FALSE,FALSE,FALSE,FALSE,274,259,2,39,FALSE,R5,5,Defect,COMPLETED_CORRECTIVE_ACTION
N0000894,WO0000540,PLT-RU-UTL-AIR,M-UTL-AIR-01,2025-03-01,2,Condition Monitoring,Utilities - Condition Monitoring,Predictive Route,Lubricant level below normal mark.,LOW_LUBE_LEVEL,LOW_LUBE_LEVEL,Lubrication,,UTL-LUBRICATION,Closed,2025-03-06,PM02,Completed,2025-04-08,2025-04-10,2025-04-08,2025-04-10,1,WORK_COMPLETED,Corrective scope executed and checked.,Lubrication,Lubrication performed; post-work functional check within tolerance.,TRUE,2.60,1286.41,,Recovery & Utilities,Utilities,SYS-RU-UTL-AIR,Compressed Air,Motor,A,TRUE,FALSE,FALSE,FALSE,FALSE,276,259,5,40,FALSE,R2,2,Defect almost failure,COMPLETED_CORRECTIVE_ACTION
N0000895,WO0000541,PLT-FL-BLE-TWR,M-BLE-TWR-01,2025-03-02,2,Operator Report,Bleaching - Operations,,Motor temperature rising at normal load.,MOTOR_OVERHEATING,MOTOR_OVERHEATING,Condition Monitoring,,BLE-CONDITION_MONITORING,Closed,2025-03-06,PM02,Completed,2025-04-13,2025-04-13,2025-04-13,2025-04-13,2,WORK_COMPLETED,Corrective scope executed and checked.,Cleaning,Cleaning performed; post-work functional check within tolerance.,TRUE,8.52,2513.05,,Fiber Line,Bleaching,SYS-FL-BLE-TWR,Bleaching Towers,Motor,B,TRUE,FALSE,FALSE,FALSE,FALSE,295,258,4,42,FALSE,R4,4,Defect almost failure,COMPLETED_CORRECTIVE_ACTION
N0000896,WO0000542,PLT-RU-UTL-CWT,FV-UTL-CWT-01,2025-03-04,3,Maintenance Sensory Route,Utilities - Maintenance Route A,Sensory Route,Visible leakage at valve packing.,EXTERNAL_LEAKAGE,EXTERNAL_LEAKAGE,Valves,,UTL-VALVES,Closed,2025-03-04,PM02,Completed,2025-05-07,2025-05-08,2025-05-07,2025-05-08,2,MONITOR_CONDITION,Condition recorded; continue observation without corrective work.,Inspection only,Inspected and recorded readings; no component correction performed.,TRUE,1.80,311.70,,Recovery & Utilities,Utilities,SYS-RU-UTL-CWT,Cooling Water,Control Valve,B,TRUE,FALSE,FALSE,FALSE,FALSE,407,256,0,65,FALSE,R7,7,Defect,MONITOR_CONDITION
N0000897,WO0000543,PLT-RU-LIM-BRN,FT-LIM-BRN-01,2025-03-05,3,Maintenance Sensory Route,Lime Kiln - Maintenance Route A,Sensory Route,Intermittent signal dropout at stable process conditions.,INTERMITTENT_SIGNAL,INTERMITTENT_SIGNAL,Instrumentation,,LIM-INSTRUMENTATION,Closed,2025-03-06,PM02,Completed,2025-04-17,2025-04-17,2025-04-17,2025-04-17,1,WORK_COMPLETED,Corrective scope executed and checked.,Instrument replacement,Instrument replacement performed; post-work functional check within tolerance.,TRUE,4.76,3865.43,,Recovery & Utilities,Lime Kiln,SYS-RU-LIM-BRN,Burner System,Flow Transmitter,B,TRUE,FALSE,FALSE,FALSE,FALSE,228,255,1,43,FALSE,R7,7,Defect,COMPLETED_CORRECTIVE_ACTION
N0000898,WO0000544,PLT-FL-WSH-SCR,P-WSH-SCR-01,2025-03-05,2,Maintenance Sensory Route,Washing & Screening - Maintenance Route A,Sensory Route,Elevated vibration at pump bearing housing.,PUMP_BEARING_VIBRATION,PUMP_BEARING_VIBRATION,Mechanical,,WSH-MECHANICAL,Closed,2025-03-07,PM02,Completed,2025-03-23,2025-03-24,2025-03-23,2025-03-24,1,WORK_COMPLETED,Corrective scope executed and checked.,Bearing replacement,Bearing replacement performed; post-work functional check within tolerance.,TRUE,20.02,14166.68,,Fiber Line,Washing & Screening,SYS-FL-WSH-SCR,Screening,Pump,B,TRUE,FALSE,FALSE,FALSE,FALSE,,255,2,19,FALSE,R4,4,Defect almost failure,COMPLETED_CORRECTIVE_ACTION
N0000899,WO0000545,PLT-RU-RB-BLF,FV-RB-BLF-01,2025-03-06,2,Operator Route,Recovery Boiler - Operations,Sensory Route,Visible leakage at valve packing.,EXTERNAL_LEAKAGE,EXTERNAL_LEAKAGE,Valves,,RB-VALVES,Closed,2025-03-08,PM02,Completed,2025-03-16,2025-03-17,2025-03-16,2025-03-17,0,WORK_COMPLETED,Corrective scope executed and checked.,Seal replacement,Seal replacement performed; post-work functional check within tolerance.,TRUE,8.27,4368.20,,Recovery & Utilities,Recovery Boiler,SYS-RU-RB-BLF,Black Liquor Firing,Control Valve,A,TRUE,FALSE,FALSE,FALSE,FALSE,529,254,2,11,FALSE,R2,2,Defect almost failure,COMPLETED_CORRECTIVE_ACTION
N0000900,,PLT-RU-RB-FWS,FV-RB-FWS-01,2025-03-06,3,Planned Inspection,Recovery Boiler - Inspection,Planned Inspection,Valve feedback differs from demanded position.,POSITIONER_DEVIATION,POSITIONER_DEVIATION,Valves,,RB-VALVES,Closed,,,,,,,,,OPERATING_CONDITION,Observed response is within the current operating envelope.,Inspection only,Field inspection completed; no corrective maintenance performed.,FALSE,0.51,171.85,,Recovery & Utilities,Recovery Boiler,SYS-RU-RB-FWS,Feedwater System,Control Valve,A,FALSE,TRUE,FALSE,TRUE,FALSE,,254,,,FALSE,R5,5,Defect,CLOSED_UNCONFIRMED_WITHOUT_ORDER
N0000901,WO0000546,PLT-RU-CAU-GLC,M-CAU-GLC-01,2025-03-07,2,Maintenance Sensory Route,Causticizing - Maintenance Route A,Sensory Route,Motor temperature rising at normal load.,MOTOR_OVERHEATING,MOTOR_OVERHEATING,Electrical,,CAU-ELECTRICAL,Closed,2025-03-12,PM02,Completed,2025-04-29,2025-04-30,2025-04-29,2025-04-30,4,WORK_COMPLETED,Corrective scope executed and checked.,Cleaning,Cleaning performed; post-work functional check within tolerance.,TRUE,7.43,2192.34,,Recovery & Utilities,Causticizing,SYS-RU-CAU-GLC,Green Liquor Clarification,Motor,B,TRUE,FALSE,FALSE,FALSE,FALSE,498,253,5,54,FALSE,R4,4,Defect almost failure,COMPLETED_CORRECTIVE_ACTION
N0000902,WO0000547,PLT-FL-DRY-HYD,P-DRY-HYD-01,2025-03-07,2,Condition Monitoring,Drying - Condition Monitoring,Predictive Route,Hydraulic pressure decays with no external leak.,HYD_INTERNAL_LEAKAGE,HYD_INTERNAL_LEAKAGE,Hydraulics,,DRY-HYDRAULICS,Closed,2025-03-10,PM02,Completed,2025-04-16,2025-04-18,2025-04-16,2025-04-18,2,MONITOR_CONDITION,Condition recorded; continue observation without corrective work.,Inspection only,Inspected and recorded readings; no component correction performed.,TRUE,0.87,199.88,,Fiber Line,Drying,SYS-FL-DRY-HYD,Hydraulic System,Hydraulic Pump,A,TRUE,FALSE,FALSE,FALSE,FALSE,458,253,3,42,FALSE,R2,2,Defect almost failure,MONITOR_CONDITION
N0000903,,PLT-RU-EVA-CIR,PT-EVA-CIR-01,2025-03-08,1,Operator Route,Evaporation - Operations,Sensory Route,Intermittent signal dropout at stable process conditions.,INTERMITTENT_SIGNAL,INTERMITTENT_SIGNAL,Instrumentation,,EVA-INSTRUMENTATION,Closed,,,,,,,,,NO_ACTION_REQUIRED,Notification dispositioned without corrective scope.,Inspection only,Field inspection completed; no corrective maintenance performed.,TRUE,1.16,260.63,,Recovery & Utilities,Evaporation,SYS-RU-EVA-CIR,Evaporator Circulation,Pressure Transmitter,C,FALSE,TRUE,TRUE,FALSE,FALSE,732,252,,,FALSE,R6,6,Fault,CLOSED_CONFIRMED_WITHOUT_ORDER
N0000904,WO0000548,PLT-RU-UTL-PWT,FV-UTL-PWT-01,2025-03-09,3,Maintenance Sensory Route,Utilities - Maintenance Route A,Sensory Route,Valve feedback differs from demanded position.,POSITIONER_DEVIATION,POSITIONER_DEVIATION,Valves,,UTL-VALVES,Closed,2025-03-09,PM02,Completed,2025-04-05,2025-04-05,2025-04-05,2025-04-05,0,WORK_COMPLETED,Corrective scope executed and checked.,Calibration,Calibration performed; post-work functional check within tolerance.,TRUE,4.63,1480.03,,Recovery & Utilities,Utilities,SYS-RU-UTL-PWT,Process Water,Control Valve,B,TRUE,FALSE,FALSE,FALSE,FALSE,,251,0,27,FALSE,R7,7,Defect,COMPLETED_CORRECTIVE_ACTION
N0000905,,PLT-FL-DIG-BLC,PV-DIG-BLC-01,2025-03-09,3,Maintenance Sensory Route,Digester - Maintenance Route A,Sensory Route,Visible leakage at valve packing.,EXTERNAL_LEAKAGE,EXTERNAL_LEAKAGE,Valves,,DIG-VALVES,Closed,,,,,,,,,MONITOR_CONDITION,Condition recorded; continue observation without corrective work.,Inspection only,Field inspection completed; no corrective maintenance performed.,TRUE,0.55,164.30,,Fiber Line,Digester,SYS-FL-DIG-BLC,Blow / Pressure Control,Control Valve,A,FALSE,TRUE,TRUE,FALSE,FALSE,652,251,,,FALSE,R5,5,Defect,CLOSED_CONFIRMED_WITHOUT_ORDER
N0000906,,PLT-FL-BLE-DOS,FT-BLE-DOS-01,2025-03-10,3,Planned Inspection,Bleaching - Inspection,Planned Inspection,Indicated value drifts from independent reference.,SIGNAL_DRIFT,SIGNAL_DRIFT,Instrumentation,,BLE-INSTRUMENTATION,Closed,,,,,,,,,NO_DEFECT_FOUND,Inspection could not confirm the reported abnormality.,Inspection only,Field inspection completed; no corrective maintenance performed.,FALSE,1.71,282.97,,Fiber Line,Bleaching,SYS-FL-BLE-DOS,Chemical Dosing,Flow Transmitter,B,FALSE,TRUE,FALSE,TRUE,FALSE,,250,,,FALSE,R7,7,Defect,CLOSED_UNCONFIRMED_WITHOUT_ORDER
N0000907,,PLT-RU-UTL-PWT,FT-UTL-PWT-01,2025-03-10,3,Process Alarm,Utilities - Control Room,Process / Control Monitoring,Intermittent signal dropout at stable process conditions.,INTERMITTENT_SIGNAL,INTERMITTENT_SIGNAL,Instrumentation,,UTL-INSTRUMENTATION,Closed,,,,,,,,,NO_ACTION_REQUIRED,Notification dispositioned without corrective scope.,Inspection only,Field inspection completed; no corrective maintenance performed.,TRUE,0.37,103.52,,Recovery & Utilities,Utilities,SYS-RU-UTL-PWT,Process Water,Flow Transmitter,B,FALSE,TRUE,TRUE,FALSE,TRUE,143,250,,,FALSE,R7,7,Defect,CLOSED_CONFIRMED_WITHOUT_ORDER
N0000908,WO0000549,PLT-FL-BLE-CHM,P-BLE-CHM-01,2025-03-10,3,Maintenance Sensory Route,Bleaching - Maintenance Route A,Sensory Route,Leakage at shaft seal.,SEAL_LEAKAGE,SEAL_LEAKAGE,Mechanical,,BLE-MECHANICAL,Closed,2025-03-15,PM02,Completed,2025-04-25,2025-04-26,2025-04-25,2025-04-26,0,WORK_COMPLETED,Corrective scope executed and checked.,Seal replacement,Seal replacement performed; post-work functional check within tolerance.,TRUE,10.28,7658.17,,Fiber Line,Bleaching,SYS-FL-BLE-CHM,Chemical Mixing,Pump,B,TRUE,FALSE,FALSE,FALSE,TRUE,56,250,5,47,FALSE,R7,7,Defect,COMPLETED_CORRECTIVE_ACTION
N0000909,,PLT-RU-RB-FWS,M-RB-FWS-01,2025-03-11,2,Condition Monitoring,Recovery Boiler - Condition Monitoring,Predictive Route,Motor temperature rising at normal load.,MOTOR_OVERHEATING,MOTOR_OVERHEATING,Condition Monitoring,,RB-CONDITION_MONITORING,Closed,,,,,,,,,NO_ACTION_REQUIRED,Notification dispositioned without corrective scope.,Inspection only,Field inspection completed; no corrective maintenance performed.,FALSE,1.08,197.65,,Recovery & Utilities,Recovery Boiler,SYS-RU-RB-FWS,Feedwater System,Motor,A,FALSE,TRUE,FALSE,TRUE,FALSE,,249,,,FALSE,R2,2,Defect almost failure,CLOSED_UNCONFIRMED_WITHOUT_ORDER
N0000910,WO0000550,PLT-RU-CAU-WLC,AG-CAU-WLC-01,2025-03-14,3,Process Alarm,Causticizing - Control Room,Process / Control Monitoring,Rotating assembly shows dominant once-per-revolution vibration.,IMBALANCE,IMBALANCE,Condition Monitoring,,CAU-CONDITION_MONITORING,Closed,2025-03-14,PM02,Completed,2025-05-20,2025-05-20,2025-05-20,2025-05-20,3,WORK_COMPLETED,Corrective scope executed and checked.,Adjustment,Adjustment performed; post-work functional check within tolerance.,TRUE,14.82,7337.30,,Recovery & Utilities,Causticizing,SYS-RU-CAU-WLC,White Liquor Clarification,Agitator,B,TRUE,FALSE,FALSE,FALSE,FALSE,497,246,0,67,FALSE,R7,7,Defect,COMPLETED_CORRECTIVE_ACTION
N0000911,,PLT-FL-BLE-STW,FV-BLE-STW-01,2025-03-15,2,Process Alarm,Bleaching - Control Room,Process / Control Monitoring,Valve feedback differs from demanded position.,POSITIONER_DEVIATION,POSITIONER_DEVIATION,Valves,,BLE-VALVES,Closed,,,,,,,,,NO_ACTION_REQUIRED,Notification dispositioned without corrective scope.,Inspection only,Field inspection completed; no corrective maintenance performed.,TRUE,0.69,198.46,,Fiber Line,Bleaching,SYS-FL-BLE-STW,Stage Washing,Control Valve,B,FALSE,TRUE,TRUE,FALSE,FALSE,462,245,,,FALSE,R4,4,Defect almost failure,CLOSED_CONFIRMED_WITHOUT_ORDER
N0000912,,PLT-RU-LIM-BRN,FV-LIM-BRN-01,2025-03-15,1,Operator Route,Lime Kiln - Operations,Sensory Route,Valve travel sticks during small command changes.,VALVE_STICTION,VALVE_STICTION,Valves,,LIM-VALVES,Closed,,,,,,,,,OPERATING_CONDITION,Observed response is within the current operating envelope.,Inspection only,Field inspection completed; no corrective maintenance performed.,FALSE,1.11,194.95,,Recovery & Utilities,Lime Kiln,SYS-RU-LIM-BRN,Burner System,Control Valve,B,FALSE,TRUE,FALSE,TRUE,FALSE,,245,,,FALSE,R3,3,Fault,CLOSED_UNCONFIRMED_WITHOUT_ORDER
N0000913,WO0000551,PLT-RU-RB-SMT,P-RB-SMT-01,2025-03-15,3,Condition Monitoring,Recovery Boiler - Condition Monitoring,Predictive Route,Leakage at shaft seal.,SEAL_LEAKAGE,SEAL_LEAKAGE,Mechanical,,RB-MECHANICAL,Closed,2025-03-16,PM02,Completed,2025-05-02,2025-05-04,2025-05-02,2025-05-04,1,WORK_COMPLETED,Corrective scope executed and checked.,Seal replacement,Seal replacement performed; post-work functional check within tolerance.,TRUE,6.89,5133.12,,Recovery & Utilities,Recovery Boiler,SYS-RU-RB-SMT,Smelt Handling,Pump,B,TRUE,FALSE,FALSE,FALSE,FALSE,,245,1,50,FALSE,R7,7,Defect,COMPLETED_CORRECTIVE_ACTION
N0000914,WO0000552,PLT-RU-CAU-REA,FV-CAU-REA-01,2025-03-16,3,Planned Inspection,Causticizing - Inspection,Planned Inspection,Actuator supply pressure decays while held.,ACTUATOR_LEAKAGE,ACTUATOR_LEAKAGE,Valves,,CAU-VALVES,Closed,2025-03-19,PM02,Completed,2025-04-27,2025-04-29,2025-04-27,2025-04-29,2,MONITOR_CONDITION,Condition recorded; continue observation without corrective work.,Inspection only,Inspected and recorded readings; no component correction performed.,TRUE,0.49,157.41,,Recovery & Utilities,Causticizing,SYS-RU-CAU-REA,Causticizing Reactors,Control Valve,B,TRUE,FALSE,FALSE,FALSE,TRUE,170,244,3,44,FALSE,R7,7,Defect,MONITOR_CONDITION
N0000915,WO0000553,PLT-RU-RB-SMT,LT-RB-SMT-01,2025-03-16,2,Maintenance Sensory Route,Recovery Boiler - Maintenance Route A,Sensory Route,Measured output outside calibration tolerance.,CALIBRATION_DEVIATION,CALIBRATION_DEVIATION,Instrumentation,,RB-INSTRUMENTATION,Closed,2025-03-18,PM02,Completed,2025-04-12,2025-04-12,2025-04-12,2025-04-12,1,WORK_COMPLETED,Corrective scope executed and checked.,Calibration,Calibration performed; post-work functional check within tolerance.,TRUE,2.81,829.00,,Recovery & Utilities,Recovery Boiler,SYS-RU-RB-SMT,Smelt Handling,Level Transmitter,B,TRUE,FALSE,FALSE,FALSE,FALSE,,244,2,27,FALSE,R4,4,Defect almost failure,COMPLETED_CORRECTIVE_ACTION
N0000916,,PLT-RU-RB-STM,TT-RB-STM-01,2025-03-16,3,Maintenance Sensory Route,Recovery Boiler - Maintenance Route A,Sensory Route,Indicated value drifts from independent reference.,SIGNAL_DRIFT,SIGNAL_DRIFT,Instrumentation,,RB-INSTRUMENTATION,Closed,,,,,,,,,MONITOR_CONDITION,Condition recorded; continue observation without corrective work.,Inspection only,Field inspection completed; no corrective maintenance performed.,TRUE,1.30,224.70,,Recovery & Utilities,Recovery Boiler,SYS-RU-RB-STM,Steam / Pressure Control,Temperature Transmitter,B,FALSE,TRUE,TRUE,FALSE,FALSE,279,244,,,FALSE,R7,7,Defect,CLOSED_CONFIRMED_WITHOUT_ORDER
N0000917,WO0000554,PLT-RU-CAU-SLK,FV-CAU-SLK-01,2025-03-17,3,Maintenance Sensory Route,Causticizing - Maintenance Route A,Sensory Route,Visible leakage at valve packing.,EXTERNAL_LEAKAGE,EXTERNAL_LEAKAGE,Instrumentation,,CAU-INSTRUMENTATION,Closed,2025-03-22,PM02,Completed,2025-05-24,2025-05-24,2025-05-24,2025-05-24,3,WORK_COMPLETED,Corrective scope executed and checked.,Seal replacement,Seal replacement performed; post-work functional check within tolerance.,TRUE,8.75,4624.63,,Recovery & Utilities,Causticizing,SYS-RU-CAU-SLK,Slaking,Control Valve,B,TRUE,FALSE,FALSE,FALSE,FALSE,674,243,5,68,FALSE,R7,7,Defect,COMPLETED_CORRECTIVE_ACTION
N0000918,WO0000555,PLT-RU-RB-SBL,XV-RB-SBL-01,2025-03-17,2,Process Alarm,Recovery Boiler - Control Room,Process / Control Monitoring,Valve travel sticks during small command changes.,VALVE_STICTION,VALVE_STICTION,Instrumentation,,RB-INSTRUMENTATION,Closed,2025-03-22,PM02,Cancelled,2025-03-26,2025-03-26,,,0,CANCELLED,Order cancelled after scope review; no execution recorded.,,,TRUE,1.03,247.64,,Recovery & Utilities,Recovery Boiler,SYS-RU-RB-SBL,Sootblowing,On/Off Valve,B,TRUE,FALSE,FALSE,FALSE,FALSE,,243,5,,FALSE,R4,4,Defect almost failure,CANCELLED
N0000919,,PLT-RU-UTL-ELD,CB-UTL-ELD-01,2025-03-19,3,Operator Report,Utilities - Operations,,Control sequence response differs from approved logic.,CONTROL_SEQUENCE_DEVIATION,CONTROL_SEQUENCE_DEVIATION,Automation,,UTL-AUTOMATION,Closed,,,,,,,,,NO_ACTION_REQUIRED,Notification dispositioned without corrective scope.,Inspection only,Field inspection completed; no corrective maintenance performed.,TRUE,1.31,226.33,,Recovery & Utilities,Utilities,SYS-RU-UTL-ELD,Electrical Distribution,Circuit Breaker,A,FALSE,TRUE,TRUE,FALSE,FALSE,289,241,,,FALSE,R5,5,Defect,CLOSED_CONFIRMED_WITHOUT_ORDER
N0000920,WO0000556,PLT-FL-DIG-CHP,M-DIG-CHP-01,2025-03-20,3,Operator Route,Digester - Operations,Sensory Route,Motor bearing vibration above baseline.,MOTOR_BEARING_VIBRATION,MOTOR_BEARING_VIBRATION,Electrical,Lubrication,DIG-LUBRICATION,Closed,2025-03-23,PM02,Completed,2025-04-27,2025-04-29,2025-04-27,2025-04-29,2,WORK_COMPLETED,Corrective scope executed and checked.,Bearing replacement,Bearing replacement performed; post-work functional check within tolerance.,TRUE,13.86,8942.58,,Fiber Line,Digester,SYS-FL-DIG-CHP,Chip Feeding,Motor,A,TRUE,FALSE,FALSE,FALSE,FALSE,361,240,3,40,FALSE,R5,5,Defect,COMPLETED_CORRECTIVE_ACTION
N0000921,,PLT-FL-WSH-FIL,P-WSH-FIL-01,2025-03-20,3,Operator Report,Washing & Screening - Operations,,Crackling noise and unstable suction pressure.,CAVITATION,CAVITATION,Mechanical,,WSH-MECHANICAL,Closed,,,,,,,,,OPERATING_CONDITION,Observed response is within the current operating envelope.,Inspection only,Field inspection completed; no corrective maintenance performed.,FALSE,0.56,173.18,,Fiber Line,Washing & Screening,SYS-FL-WSH-FIL,Filtrate System,Pump,B,FALSE,TRUE,FALSE,TRUE,FALSE,,240,,,FALSE,R7,7,Defect,CLOSED_UNCONFIRMED_WITHOUT_ORDER
N0000922,WO0000557,PLT-RU-RB-STM,PT-RB-STM-01,2025-03-21,3,Operator Route,Recovery Boiler - Operations,Sensory Route,Measured output outside calibration tolerance.,CALIBRATION_DEVIATION,CALIBRATION_DEVIATION,Instrumentation,,RB-INSTRUMENTATION,Closed,2025-03-25,PM02,Completed,2025-05-14,2025-05-16,2025-05-14,2025-05-16,1,WORK_COMPLETED,Corrective scope executed and checked.,Calibration,Calibration performed; post-work functional check within tolerance.,TRUE,4.00,1180.14,,Recovery & Utilities,Recovery Boiler,SYS-RU-RB-STM,Steam / Pressure Control,Pressure Transmitter,A,TRUE,FALSE,FALSE,FALSE,TRUE,158,239,4,56,FALSE,R5,5,Defect,COMPLETED_CORRECTIVE_ACTION
N0000923,,PLT-FL-DRY-SHT,ENC-DRY-SHT-01,2025-03-23,3,Operator Route,Drying - Operations,Sensory Route,Intermittent signal dropout at stable process conditions.,INTERMITTENT_SIGNAL,INTERMITTENT_SIGNAL,Instrumentation,,DRY-INSTRUMENTATION,Closed,,,,,,,,,MONITOR_CONDITION,Condition recorded; continue observation without corrective work.,Inspection only,Field inspection completed; no corrective maintenance performed.,TRUE,0.41,99.86,,Fiber Line,Drying,SYS-FL-DRY-SHT,Sheet Handling / Cutter,Encoder,B,FALSE,TRUE,TRUE,FALSE,FALSE,252,237,,,FALSE,R7,7,Defect,CLOSED_CONFIRMED_WITHOUT_ORDER
N0000924,WO0000558,PLT-FL-DRY-LUB,PT-DRY-LUB-01,2025-03-23,2,Planned Inspection,Drying - Inspection,Planned Inspection,Intermittent signal dropout at stable process conditions.,INTERMITTENT_SIGNAL,INTERMITTENT_SIGNAL,Instrumentation,,DRY-INSTRUMENTATION,Closed,2025-03-28,PM02,Completed,2025-04-13,2025-04-14,2025-04-13,2025-04-14,1,WORK_COMPLETED,Corrective scope executed and checked.,Instrument replacement,Instrument replacement performed; post-work functional check within tolerance.,TRUE,5.71,4635.80,,Fiber Line,Drying,SYS-FL-DRY-LUB,Lubrication System,Pressure Transmitter,B,TRUE,FALSE,FALSE,FALSE,FALSE,,237,5,22,FALSE,R4,4,Defect almost failure,COMPLETED_CORRECTIVE_ACTION
N0000925,WO0000559,PLT-RU-RB-STM,PV-RB-STM-01,2025-03-23,2,Maintenance Sensory Route,Recovery Boiler - Maintenance Route A,Sensory Route,Actuator supply pressure decays while held.,ACTUATOR_LEAKAGE,ACTUATOR_LEAKAGE,Valves,,RB-VALVES,Closed,2025-03-28,PM02,Completed,2025-04-07,2025-04-07,2025-04-07,2025-04-07,0,WORK_COMPLETED,Corrective scope executed and checked.,Seal replacement,Seal replacement performed; post-work functional check within tolerance.,TRUE,9.69,5643.09,,Recovery & Utilities,Recovery Boiler,SYS-RU-RB-STM,Steam / Pressure Control,Control Valve,A,TRUE,FALSE,FALSE,FALSE,FALSE,355,237,5,15,FALSE,R2,2,Defect almost failure,COMPLETED_CORRECTIVE_ACTION
N0000926,,PLT-RU-RB-SBL,ZS-RB-SBL-01,2025-03-26,2,Planned Inspection,Recovery Boiler - Inspection,Planned Inspection,Measured output outside calibration tolerance.,CALIBRATION_DEVIATION,CALIBRATION_DEVIATION,Instrumentation,,RB-INSTRUMENTATION,Closed,,,,,,,,,NO_DEFECT_FOUND,Inspection could not confirm the reported abnormality.,Inspection only,Field inspection completed; no corrective maintenance performed.,FALSE,0.46,162.07,,Recovery & Utilities,Recovery Boiler,SYS-RU-RB-SBL,Sootblowing,Position Switch,C,FALSE,TRUE,FALSE,TRUE,FALSE,,234,,,FALSE,R8,8,Defect almost failure,CLOSED_UNCONFIRMED_WITHOUT_ORDER
N0000927,,PLT-RU-RB-AIR,FT-RB-AIR-01,2025-03-27,3,Operator Route,Recovery Boiler - Operations,Sensory Route,Intermittent signal dropout at stable process conditions.,INTERMITTENT_SIGNAL,INTERMITTENT_SIGNAL,Instrumentation,Automation,RB-AUTOMATION,Closed,,,,,,,,,NO_ACTION_REQUIRED,Notification dispositioned without corrective scope.,Inspection only,Field inspection completed; no corrective maintenance performed.,TRUE,1.26,279.97,,Recovery & Utilities,Recovery Boiler,SYS-RU-RB-AIR,Combustion Air,Flow Transmitter,B,FALSE,TRUE,TRUE,FALSE,FALSE,471,233,,,FALSE,R7,7,Defect,CLOSED_CONFIRMED_WITHOUT_ORDER
N0000928,,PLT-RU-RB-STM,PT-RB-STM-01,2025-03-29,2,Maintenance Sensory Route,Recovery Boiler - Maintenance Route A,Sensory Route,Intermittent signal dropout at stable process conditions.,INTERMITTENT_SIGNAL,INTERMITTENT_SIGNAL,Instrumentation,,RB-INSTRUMENTATION,Closed,,,,,,,,,NO_DEFECT_FOUND,Inspection could not confirm the reported abnormality.,Inspection only,Field inspection completed; no corrective maintenance performed.,FALSE,0.71,181.50,,Recovery & Utilities,Recovery Boiler,SYS-RU-RB-STM,Steam / Pressure Control,Pressure Transmitter,A,FALSE,TRUE,FALSE,TRUE,FALSE,263,231,,,FALSE,R2,2,Defect almost failure,CLOSED_UNCONFIRMED_WITHOUT_ORDER
N0000929,WO0000560,PLT-FL-DIG-IMP,M-DIG-IMP-01,2025-03-30,2,Condition Monitoring,Digester - Condition Monitoring,Predictive Route,Oil sample shows elevated contamination.,OIL_CONTAMINATION,OIL_CONTAMINATION,Lubrication,,DIG-LUBRICATION,Closed,2025-03-31,PM02,Completed,2025-04-11,2025-04-11,2025-04-11,2025-04-11,0,WORK_COMPLETED,Corrective scope executed and checked.,Lubrication,Lubrication performed; post-work functional check within tolerance.,TRUE,6.35,3250.82,,Fiber Line,Digester,SYS-FL-DIG-IMP,Impregnation,Motor,A,TRUE,FALSE,FALSE,FALSE,FALSE,,230,1,12,FALSE,R2,2,Defect almost failure,COMPLETED_CORRECTIVE_ACTION
N0000930,,PLT-RU-CAU-WLC,FV-CAU-WLC-01,2025-03-31,2,Planned Inspection,Causticizing - Inspection,Planned Inspection,Valve travel sticks during small command changes.,VALVE_STICTION,VALVE_STICTION,Valves,,CAU-VALVES,Closed,,,,,,,,,NO_ACTION_REQUIRED,Notification dispositioned without corrective scope.,Inspection only,Field inspection completed; no corrective maintenance performed.,TRUE,1.36,272.81,,Recovery & Utilities,Causticizing,SYS-RU-CAU-WLC,White Liquor Clarification,Control Valve,A,FALSE,TRUE,TRUE,FALSE,TRUE,90,229,,,FALSE,R2,2,Defect almost failure,CLOSED_CONFIRMED_WITHOUT_ORDER
N0000931,WO0000561,PLT-RU-UTL-BFW,FV-UTL-BFW-01,2025-03-31,2,Planned Inspection,Utilities - Inspection,Planned Inspection,Valve feedback differs from demanded position.,POSITIONER_DEVIATION,POSITIONER_DEVIATION,Valves,,UTL-VALVES,Closed,2025-04-02,PM02,Completed,2025-06-03,2025-06-05,2025-06-03,2025-06-05,3,WORK_COMPLETED,Corrective scope executed and checked.,Calibration,Calibration performed; post-work functional check within tolerance.,TRUE,5.56,1779.68,,Recovery & Utilities,Utilities,SYS-RU-UTL-BFW,Boiler Feedwater,Control Valve,A,TRUE,FALSE,FALSE,FALSE,FALSE,803,229,2,66,FALSE,R2,2,Defect almost failure,COMPLETED_CORRECTIVE_ACTION
N0000932,WO0000562,PLT-FL-DRY-HYD,HPU-DRY-HYD-01,2025-03-31,2,Planned Inspection,Drying - Inspection,Planned Inspection,Hydraulic header pressure oscillates under steady demand.,HYD_PRESS_INSTABILITY,HYD_PRESS_INSTABILITY,Instrumentation,Hydraulics,DRY-HYDRAULICS,Closed,2025-04-01,PM02,Completed,2025-05-01,2025-05-01,2025-05-01,2025-05-01,2,MONITOR_CONDITION,Condition recorded; continue observation without corrective work.,Inspection only,Inspected and recorded readings; no component correction performed.,TRUE,0.87,158.92,,Fiber Line,Drying,SYS-FL-DRY-HYD,Hydraulic System,Hydraulic Power Unit,A,TRUE,FALSE,FALSE,FALSE,TRUE,90,229,1,31,FALSE,R2,2,Defect almost failure,MONITOR_CONDITION
N0000933,WO0000563,PLT-RU-CAU-REA,LT-CAU-REA-01,2025-03-31,1,Process Alarm,Causticizing - Control Room,Process / Control Monitoring,Intermittent signal dropout at stable process conditions.,INTERMITTENT_SIGNAL,INTERMITTENT_SIGNAL,Instrumentation,,CAU-INSTRUMENTATION,Closed,2025-03-31,CM01,Completed,2025-04-02,2025-04-03,2025-04-02,2025-04-03,0,WORK_COMPLETED,Corrective scope executed and checked.,Instrument replacement,Instrument replacement performed; post-work functional check within tolerance.,TRUE,4.05,3283.27,,Recovery & Utilities,Causticizing,SYS-RU-CAU-REA,Causticizing Reactors,Level Transmitter,B,TRUE,FALSE,FALSE,FALSE,FALSE,267,229,0,3,FALSE,R3,3,Fault,COMPLETED_CORRECTIVE_ACTION
N0000934,WO0000564,PLT-FL-DIG-CIR,P-DIG-CIR-01,2025-03-31,2,Planned Inspection,Digester - Inspection,Planned Inspection,Elevated vibration at pump bearing housing.,PUMP_BEARING_VIBRATION,PUMP_BEARING_VIBRATION,Mechanical,,DIG-MECHANICAL,Closed,2025-04-04,PM02,Completed,2025-05-10,2025-05-12,2025-05-10,2025-05-12,2,MONITOR_CONDITION,Condition recorded; continue observation without corrective work.,Inspection only,Inspected and recorded readings; no component correction performed.,TRUE,1.61,282.76,,Fiber Line,Digester,SYS-FL-DIG-CIR,Cooking Circulation,Pump,A,TRUE,FALSE,FALSE,FALSE,TRUE,90,229,4,42,FALSE,R2,2,Defect almost failure,MONITOR_CONDITION
N0000935,WO0000565,PLT-RU-RB-SMT,P-RB-SMT-01,2025-03-31,3,Operator Route,Recovery Boiler - Operations,Sensory Route,Delivered flow below expected operating range.,LOW_FLOW,LOW_FLOW,Mechanical,,RB-MECHANICAL,Closed,2025-04-04,PM02,Completed,2025-04-23,2025-04-25,2025-04-23,2025-04-25,0,WORK_COMPLETED,Corrective scope executed and checked.,Cleaning,Cleaning performed; post-work functional check within tolerance.,TRUE,11.12,3280.62,,Recovery & Utilities,Recovery Boiler,SYS-RU-RB-SMT,Smelt Handling,Pump,B,TRUE,FALSE,FALSE,FALSE,FALSE,,229,4,25,FALSE,R7,7,Defect,COMPLETED_CORRECTIVE_ACTION
N0000936,,PLT-FL-DIG-IMP,FV-DIG-IMP-01,2025-04-01,3,Maintenance Sensory Route,Digester - Maintenance Route A,Sensory Route,Visible leakage at valve packing.,EXTERNAL_LEAKAGE,EXTERNAL_LEAKAGE,Valves,,DIG-VALVES,Closed,,,,,,,,,NO_ACTION_REQUIRED,Notification dispositioned without corrective scope.,Inspection only,Field inspection completed; no corrective maintenance performed.,FALSE,1.01,197.70,,Fiber Line,Digester,SYS-FL-DIG-IMP,Impregnation,Control Valve,A,FALSE,TRUE,FALSE,TRUE,FALSE,376,228,,,FALSE,R5,5,Defect,CLOSED_UNCONFIRMED_WITHOUT_ORDER
N0000937,WO0000566,PLT-RU-CAU-GLH,M-CAU-GLH-01,2025-04-01,3,Maintenance Sensory Route,Causticizing - Maintenance Route A,Sensory Route,Localized heating at electrical connection.,TERMINAL_HEATING,TERMINAL_HEATING,Electrical,,CAU-ELECTRICAL,Closed,2025-04-06,PM02,Completed,2025-05-15,2025-05-17,2025-05-15,2025-05-17,1,WORK_COMPLETED,Corrective scope executed and checked.,Tightening,Tightening performed; post-work functional check within tolerance.,TRUE,3.41,835.37,,Recovery & Utilities,Causticizing,SYS-RU-CAU-GLH,Green Liquor Handling,Motor,B,TRUE,FALSE,FALSE,FALSE,FALSE,,228,5,46,FALSE,R7,7,Defect,COMPLETED_CORRECTIVE_ACTION
N0000938,WO0000567,PLT-RU-RB-BLF,P-RB-BLF-01,2025-04-01,1,Planned Inspection,Recovery Boiler - Inspection,Planned Inspection,Leakage at shaft seal.,SEAL_LEAKAGE,SEAL_LEAKAGE,Mechanical,,RB-MECHANICAL,Closed,2025-04-01,CM01,Completed,2025-04-13,2025-04-14,2025-04-13,2025-04-14,1,WORK_COMPLETED,Corrective scope executed and checked.,Seal replacement,Seal replacement performed; post-work functional check within tolerance.,TRUE,12.00,8936.77,,Recovery & Utilities,Recovery Boiler,SYS-RU-RB-BLF,Black Liquor Firing,Pump,A,TRUE,FALSE,FALSE,FALSE,FALSE,,228,0,13,FALSE,R1,1,Fault,COMPLETED_CORRECTIVE_ACTION
N0000939,WO0000568,PLT-FL-DRY-FOR,PT-DRY-FOR-01,2025-04-03,3,Process Alarm,Drying - Control Room,Process / Control Monitoring,Control sequence response differs from approved logic.,CONTROL_SEQUENCE_DEVIATION,CONTROL_SEQUENCE_DEVIATION,Automation,,DRY-AUTOMATION,Closed,2025-04-08,PM02,Completed,2025-05-05,2025-05-07,2025-05-05,2025-05-07,0,WORK_COMPLETED,Corrective scope executed and checked.,Control logic correction,Control logic correction performed; post-work functional check within tolerance.,TRUE,7.14,2106.34,,Fiber Line,Drying,SYS-FL-DRY-FOR,Forming Section,Pressure Transmitter,C,TRUE,FALSE,FALSE,FALSE,FALSE,,226,5,34,FALSE,R9,9,Defect,COMPLETED_CORRECTIVE_ACTION
N0000940,WO0000569,PLT-RU-RB-SBL,ZS-RB-SBL-01,2025-04-05,3,Operator Route,Recovery Boiler - Operations,Sensory Route,Control sequence response differs from approved logic.,CONTROL_SEQUENCE_DEVIATION,CONTROL_SEQUENCE_DEVIATION,Automation,,RB-AUTOMATION,Closed,2025-04-09,PM02,Completed,2025-05-10,2025-05-11,2025-05-10,2025-05-11,0,WORK_COMPLETED,Corrective scope executed and checked.,Control logic correction,Control logic correction performed; post-work functional check within tolerance.,TRUE,8.75,2580.34,,Recovery & Utilities,Recovery Boiler,SYS-RU-RB-SBL,Sootblowing,Position Switch,C,TRUE,FALSE,FALSE,FALSE,FALSE,,224,4,36,FALSE,R9,9,Defect,COMPLETED_CORRECTIVE_ACTION
N0000941,WO0000570,PLT-FL-DIG-IMP,P-DIG-IMP-01,2025-04-06,2,Operator Route,Digester - Operations,Sensory Route,Oil sample shows elevated contamination.,OIL_CONTAMINATION,OIL_CONTAMINATION,Lubrication,,DIG-LUBRICATION,Closed,2025-04-07,PM02,Completed,2025-04-14,2025-04-15,2025-04-14,2025-04-15,0,WORK_COMPLETED,Corrective scope executed and checked.,Lubrication,Lubrication performed; post-work functional check within tolerance.,TRUE,8.13,4160.77,,Fiber Line,Digester,SYS-FL-DIG-IMP,Impregnation,Pump,A,TRUE,FALSE,FALSE,FALSE,FALSE,,223,1,9,FALSE,R2,2,Defect almost failure,COMPLETED_CORRECTIVE_ACTION
N0000942,WO0000571,PLT-FL-BLE-STW,P-BLE-STW-01,2025-04-07,3,Condition Monitoring,Bleaching - Condition Monitoring,Predictive Route,Elevated vibration at pump bearing housing.,PUMP_BEARING_VIBRATION,PUMP_BEARING_VIBRATION,Mechanical,,BLE-MECHANICAL,Closed,2025-04-09,PM02,Completed,2025-06-07,2025-06-07,2025-06-07,2025-06-07,3,WORK_COMPLETED,Corrective scope executed and checked.,Bearing replacement,Bearing replacement performed; post-work functional check within tolerance.,TRUE,17.08,12082.14,,Fiber Line,Bleaching,SYS-FL-BLE-STW,Stage Washing,Pump,B,TRUE,FALSE,FALSE,FALSE,TRUE,82,222,2,61,FALSE,R7,7,Defect,COMPLETED_CORRECTIVE_ACTION
N0000943,,PLT-FL-BLE-DOS,FT-BLE-DOS-01,2025-04-08,3,Process Alarm,Bleaching - Control Room,Process / Control Monitoring,Measured output outside calibration tolerance.,CALIBRATION_DEVIATION,CALIBRATION_DEVIATION,Instrumentation,,BLE-INSTRUMENTATION,Closed,,,,,,,,,MONITOR_CONDITION,Condition recorded; continue observation without corrective work.,Inspection only,Field inspection completed; no corrective maintenance performed.,TRUE,1.15,238.84,,Fiber Line,Bleaching,SYS-FL-BLE-DOS,Chemical Dosing,Flow Transmitter,B,FALSE,TRUE,TRUE,FALSE,TRUE,111,221,,,FALSE,R7,7,Defect,CLOSED_CONFIRMED_WITHOUT_ORDER
N0000944,WO0000572,PLT-RU-EVA-BLF,FV-EVA-BLF-01,2025-04-08,1,Maintenance Sensory Route,Evaporation - Maintenance Route A,Sensory Route,Actuator supply pressure decays while held.,ACTUATOR_LEAKAGE,ACTUATOR_LEAKAGE,Valves,,EVA-VALVES,Closed,2025-04-08,CM01,Completed,2025-04-27,2025-04-27,2025-04-27,2025-04-27,1,MONITOR_CONDITION,Condition recorded; continue observation without corrective work.,Inspection only,Inspected and recorded readings; no component correction performed.,TRUE,0.81,151.37,,Recovery & Utilities,Evaporation,SYS-RU-EVA-BLF,Black Liquor Feed,Control Valve,B,TRUE,FALSE,FALSE,FALSE,TRUE,52,221,0,19,FALSE,R3,3,Fault,MONITOR_CONDITION
N0000945,WO0000573,PLT-RU-CAU-WLC,M-CAU-WLC-01,2025-04-08,3,Planned Inspection,Causticizing - Inspection,Planned Inspection,Localized heating at electrical connection.,TERMINAL_HEATING,TERMINAL_HEATING,Electrical,,CAU-ELECTRICAL,Closed,2025-04-10,PM02,Completed,2025-05-12,2025-05-12,2025-05-12,2025-05-12,2,WORK_COMPLETED,Corrective scope executed and checked.,Tightening,Tightening performed; post-work functional check within tolerance.,TRUE,4.79,1172.88,,Recovery & Utilities,Causticizing,SYS-RU-CAU-WLC,White Liquor Clarification,Motor,A,TRUE,FALSE,FALSE,FALSE,FALSE,807,221,2,34,FALSE,R5,5,Defect,COMPLETED_CORRECTIVE_ACTION
N0000946,WO0000574,PLT-FL-DIG-DIS,M-DIG-DIS-01,2025-04-08,2,Operator Route,Digester - Operations,Sensory Route,Motor bearing vibration above baseline.,MOTOR_BEARING_VIBRATION,MOTOR_BEARING_VIBRATION,Electrical,,DIG-ELECTRICAL,Closed,2025-04-08,PM02,Completed,2025-05-10,2025-05-10,2025-05-10,2025-05-10,1,WORK_COMPLETED,Corrective scope executed and checked.,Bearing replacement,Bearing replacement performed; post-work functional check within tolerance.,TRUE,17.21,11101.69,,Fiber Line,Digester,SYS-FL-DIG-DIS,Digester Discharge,Motor,A,TRUE,FALSE,FALSE,FALSE,FALSE,319,221,0,32,FALSE,R2,2,Defect almost failure,COMPLETED_CORRECTIVE_ACTION
N0000947,WO0000575,PLT-FL-DIG-CIR,M-DIG-CIR-01,2025-04-10,2,Planned Inspection,Digester - Inspection,Planned Inspection,Oil condition test indicates degraded lubricant.,OIL_DEGRADATION,OIL_DEGRADATION,Lubrication,,DIG-LUBRICATION,Closed,2025-04-10,PM02,Completed,2025-04-15,2025-04-16,2025-04-15,2025-04-16,0,WORK_COMPLETED,Corrective scope executed and checked.,Lubrication,Lubrication performed; post-work functional check within tolerance.,TRUE,7.02,3942.94,,Fiber Line,Digester,SYS-FL-DIG-CIR,Cooking Circulation,Motor,A,TRUE,FALSE,FALSE,FALSE,FALSE,744,219,0,6,FALSE,R2,2,Defect almost failure,COMPLETED_CORRECTIVE_ACTION
N0000948,WO0000576,PLT-RU-UTL-STM,PT-UTL-STM-01,2025-04-10,3,Operator Route,Utilities - Operations,Sensory Route,Pressure response delayed during process change.,IMPULSE_LINE_RESTRICTION,IMPULSE_LINE_RESTRICTION,Instrumentation,,UTL-INSTRUMENTATION,Closed,2025-04-11,PM02,Completed,2025-06-05,2025-06-05,2025-06-05,2025-06-05,1,WORK_COMPLETED,Corrective scope executed and checked.,Cleaning,Cleaning performed; post-work functional check within tolerance.,TRUE,3.25,861.98,,Recovery & Utilities,Utilities,SYS-RU-UTL-STM,Steam Distribution,Pressure Transmitter,A,TRUE,FALSE,FALSE,FALSE,FALSE,630,219,1,56,FALSE,R5,5,Defect,COMPLETED_CORRECTIVE_ACTION
N0000949,WO0000577,PLT-RU-EVA-CIR,M-EVA-CIR-01,2025-04-11,3,Condition Monitoring,Evaporation - Condition Monitoring,Predictive Route,Localized heating at electrical connection.,TERMINAL_HEATING,TERMINAL_HEATING,Condition Monitoring,,EVA-CONDITION_MONITORING,Closed,2025-04-14,PM02,Completed,2025-05-22,2025-05-22,2025-05-22,2025-05-22,1,MONITOR_CONDITION,Condition recorded; continue observation without corrective work.,Inspection only,Inspected and recorded readings; no component correction performed.,TRUE,0.63,130.69,,Recovery & Utilities,Evaporation,SYS-RU-EVA-CIR,Evaporator Circulation,Motor,B,TRUE,FALSE,FALSE,FALSE,FALSE,556,218,3,41,FALSE,R7,7,Defect,MONITOR_CONDITION
N0000950,WO0000578,PLT-RU-EVA-VAC,M-EVA-VAC-01,2025-04-11,1,Breakdown / Corrective,Evaporation - Operations,,Insulation test trending below reference.,INSULATION_DEGRADATION,INSULATION_DEGRADATION,Electrical,,EVA-ELECTRICAL,Closed,2025-04-12,CM01,Cancelled,2025-04-14,2025-04-14,,,0,CANCELLED,Order cancelled after scope review; no execution recorded.,,,TRUE,0.61,156.31,,Recovery & Utilities,Evaporation,SYS-RU-EVA-VAC,Vacuum System,Motor,B,TRUE,FALSE,FALSE,FALSE,FALSE,478,218,1,,FALSE,R3,3,Fault,CANCELLED
N0000951,WO0000579,PLT-RU-RB-BLF,M-RB-BLF-01,2025-04-11,2,Condition Monitoring,Recovery Boiler - Condition Monitoring,Predictive Route,Localized heating at electrical connection.,TERMINAL_HEATING,TERMINAL_HEATING,Electrical,,RB-ELECTRICAL,Closed,2025-04-15,PM02,Completed,2025-05-30,2025-06-01,2025-05-30,2025-06-01,2,WORK_COMPLETED,Corrective scope executed and checked.,Tightening,Tightening performed; post-work functional check within tolerance.,TRUE,5.29,1295.15,,Recovery & Utilities,Recovery Boiler,SYS-RU-RB-BLF,Black Liquor Firing,Motor,A,TRUE,FALSE,FALSE,FALSE,FALSE,,218,4,51,FALSE,R2,2,Defect almost failure,COMPLETED_CORRECTIVE_ACTION
N0000952,WO0000580,PLT-FL-DRY-PRS,ROLL-DRY-PRS-01,2025-04-11,3,Condition Monitoring,Drying - Condition Monitoring,Predictive Route,Mechanism travel is uneven with elevated resistance.,MECHANICAL_BINDING,MECHANICAL_BINDING,Mechanical,,DRY-MECHANICAL,Closed,2025-04-13,PM02,Completed,2025-07-28,2025-07-28,2025-07-28,2025-07-28,4,WORK_COMPLETED,Corrective scope executed and checked.,Adjustment,Adjustment performed; post-work functional check within tolerance.,TRUE,5.35,1914.02,,Fiber Line,Drying,SYS-FL-DRY-PRS,Press Section,Press Roll,A,TRUE,FALSE,FALSE,FALSE,FALSE,418,218,2,108,FALSE,R5,5,Defect,COMPLETED_CORRECTIVE_ACTION
N0000953,,PLT-RU-RB-SBL,XV-RB-SBL-01,2025-04-11,3,Planned Inspection,Recovery Boiler - Inspection,Planned Inspection,Visible leakage at valve packing.,EXTERNAL_LEAKAGE,EXTERNAL_LEAKAGE,Valves,,RB-VALVES,Closed,,,,,,,,,MONITOR_CONDITION,Condition recorded; continue observation without corrective work.,Inspection only,Field inspection completed; no corrective maintenance performed.,TRUE,1.36,254.31,,Recovery & Utilities,Recovery Boiler,SYS-RU-RB-SBL,Sootblowing,On/Off Valve,B,FALSE,TRUE,TRUE,FALSE,FALSE,414,218,,,FALSE,R7,7,Defect,CLOSED_CONFIRMED_WITHOUT_ORDER
N0000954,WO0000581,PLT-FL-BLE-STW,M-BLE-STW-01,2025-04-12,3,Maintenance Sensory Route,Bleaching - Maintenance Route A,Sensory Route,Localized heating at electrical connection.,TERMINAL_HEATING,TERMINAL_HEATING,Condition Monitoring,,BLE-CONDITION_MONITORING,Closed,2025-04-13,PM02,Completed,2025-06-02,2025-06-02,2025-06-02,2025-06-02,1,WORK_COMPLETED,Corrective scope executed and checked.,Tightening,Tightening performed; post-work functional check within tolerance.,TRUE,4.49,1099.30,,Fiber Line,Bleaching,SYS-FL-BLE-STW,Stage Washing,Motor,B,TRUE,FALSE,FALSE,FALSE,FALSE,,217,1,51,FALSE,R7,7,Defect,COMPLETED_CORRECTIVE_ACTION
N0000955,WO0000582,PLT-RU-EVA-CON,M-EVA-CON-01,2025-04-12,3,Operator Route,Evaporation - Operations,Sensory Route,Motor temperature rising at normal load.,MOTOR_OVERHEATING,MOTOR_OVERHEATING,Electrical,,EVA-ELECTRICAL,Closed,2025-04-13,PM02,Completed,2025-06-03,2025-06-04,2025-06-03,2025-06-04,2,WORK_COMPLETED,Corrective scope executed and checked.,Cleaning,Cleaning performed; post-work functional check within tolerance.,TRUE,6.64,1958.64,,Recovery & Utilities,Evaporation,SYS-RU-EVA-CON,Condensate System,Motor,B,TRUE,FALSE,FALSE,FALSE,FALSE,452,217,1,53,FALSE,R7,7,Defect,COMPLETED_CORRECTIVE_ACTION
N0000956,WO0000583,PLT-FL-DRY-DRS,M-DRY-DRS-01,2025-04-14,1,Operator Report,Drying - Operations,,Oil sample shows elevated contamination.,OIL_CONTAMINATION,OIL_CONTAMINATION,Lubrication,,DRY-LUBRICATION,Closed,2025-04-18,CM01,Completed,2025-04-18,2025-04-19,2025-04-18,2025-04-19,0,WORK_COMPLETED,Corrective scope executed and checked.,Lubrication,Lubrication performed; post-work functional check within tolerance.,TRUE,7.33,3751.92,,Fiber Line,Drying,SYS-FL-DRY-DRS,Dryer Section,Motor,A,TRUE,FALSE,FALSE,FALSE,FALSE,,215,4,5,FALSE,R1,1,Fault,COMPLETED_CORRECTIVE_ACTION
N0000957,WO0000584,PLT-FL-BLE-CHM,P-BLE-CHM-01,2025-04-14,2,Operator Report,Bleaching - Operations,,Crackling noise and unstable suction pressure.,CAVITATION,CAVITATION,Condition Monitoring,Mechanical,BLE-MECHANICAL,Closed,2025-04-18,PM02,Completed,2025-06-02,2025-06-04,2025-06-02,2025-06-04,2,WORK_COMPLETED,Corrective scope executed and checked.,Cleaning,Cleaning performed; post-work functional check within tolerance.,TRUE,3.46,916.95,,Fiber Line,Bleaching,SYS-FL-BLE-CHM,Chemical Mixing,Pump,B,TRUE,FALSE,FALSE,FALSE,FALSE,,215,4,51,FALSE,R4,4,Defect almost failure,COMPLETED_CORRECTIVE_ACTION
N0000958,WO0000585,PLT-FL-BLE-CHM,M-BLE-CHM-01,2025-04-15,3,Condition Monitoring,Bleaching - Condition Monitoring,Predictive Route,Insulation test trending below reference.,INSULATION_DEGRADATION,INSULATION_DEGRADATION,Condition Monitoring,,BLE-CONDITION_MONITORING,Closed,2025-04-15,PM02,Completed,2025-08-05,2025-08-06,2025-08-05,2025-08-06,6,MONITOR_CONDITION,Condition recorded; continue observation without corrective work.,Inspection only,Inspected and recorded readings; no component correction performed.,TRUE,1.95,322.46,,Fiber Line,Bleaching,SYS-FL-BLE-CHM,Chemical Mixing,Motor,B,TRUE,FALSE,FALSE,FALSE,FALSE,377,214,0,113,FALSE,R7,7,Defect,MONITOR_CONDITION
N0000959,,PLT-RU-RB-SBL,SBL-RB-SBL-01,2025-04-15,3,Maintenance Sensory Route,Recovery Boiler - Maintenance Route A,Sensory Route,Mechanism travel is uneven with elevated resistance.,MECHANICAL_BINDING,MECHANICAL_BINDING,Instrumentation,,RB-INSTRUMENTATION,Closed,,,,,,,,,MONITOR_CONDITION,Condition recorded; continue observation without corrective work.,Inspection only,Field inspection completed; no corrective maintenance performed.,TRUE,1.20,235.28,,Recovery & Utilities,Recovery Boiler,SYS-RU-RB-SBL,Sootblowing,Sootblower,B,FALSE,TRUE,TRUE,FALSE,FALSE,355,214,,,FALSE,R7,7,Defect,CLOSED_CONFIRMED_WITHOUT_ORDER
N0000960,WO0000586,PLT-FL-WSH-SCR,DPIT-WSH-SCR-01,2025-04-17,2,Operator Route,Washing & Screening - Operations,Sensory Route,Intermittent signal dropout at stable process conditions.,INTERMITTENT_SIGNAL,INTERMITTENT_SIGNAL,Instrumentation,,WSH-INSTRUMENTATION,Closed,2025-04-22,PM02,Completed,2025-04-26,2025-04-28,2025-04-26,2025-04-28,0,WORK_COMPLETED,Corrective scope executed and checked.,Instrument replacement,Instrument replacement performed; post-work functional check within tolerance.,TRUE,5.35,4345.64,,Fiber Line,Washing & Screening,SYS-FL-WSH-SCR,Screening,Differential Pressure Transmitter,C,TRUE,FALSE,FALSE,FALSE,FALSE,363,212,5,11,FALSE,R8,8,Defect almost failure,COMPLETED_CORRECTIVE_ACTION
N0000961,WO0000587,PLT-RU-RB-AIR,DV-RB-AIR-01,2025-04-17,2,Operator Report,Recovery Boiler - Operations,,Process differential pressure above normal operating range.,PROCESS_RESTRICTION,PROCESS_RESTRICTION,Mechanical,,RB-MECHANICAL,Closed,2025-04-18,PM02,Cancelled,2025-04-24,2025-04-24,,,0,CANCELLED,Order cancelled after scope review; no execution recorded.,,,TRUE,1.40,250.99,,Recovery & Utilities,Recovery Boiler,SYS-RU-RB-AIR,Combustion Air,Damper,A,TRUE,FALSE,FALSE,FALSE,FALSE,,212,1,,FALSE,R2,2,Defect almost failure,CANCELLED
N0000962,WO0000588,PLT-FL-BLE-CHM,M-BLE-CHM-01,2025-04-17,1,Breakdown / Corrective,Bleaching - Operations,,Motor bearing vibration above baseline.,MOTOR_BEARING_VIBRATION,MOTOR_BEARING_VIBRATION,Condition Monitoring,,BLE-CONDITION_MONITORING,Closed,2025-04-21,CM01,Completed,2025-04-22,2025-04-23,2025-04-22,2025-04-23,0,WORK_COMPLETED,Corrective scope executed and checked.,Bearing replacement,Bearing replacement performed; post-work functional check within tolerance.,TRUE,9.34,6026.99,,Fiber Line,Bleaching,SYS-FL-BLE-CHM,Chemical Mixing,Motor,B,TRUE,FALSE,FALSE,FALSE,FALSE,723,212,4,6,FALSE,R3,3,Fault,COMPLETED_CORRECTIVE_ACTION
N0000963,WO0000589,PLT-FL-DIG-CHP,M-DIG-CHP-01,2025-04-18,1,Breakdown / Corrective,Digester - Operations,,Insulation test trending below reference.,INSULATION_DEGRADATION,INSULATION_DEGRADATION,Electrical,,DIG-ELECTRICAL,Closed,2025-04-19,CM01,Completed,2025-05-14,2025-05-14,2025-05-14,2025-05-14,2,MONITOR_CONDITION,Condition recorded; continue observation without corrective work.,Inspection only,Inspected and recorded readings; no component correction performed.,TRUE,1.81,348.76,,Fiber Line,Digester,SYS-FL-DIG-CHP,Chip Feeding,Motor,A,TRUE,FALSE,FALSE,FALSE,FALSE,,211,1,26,FALSE,R1,1,Fault,MONITOR_CONDITION
N0000964,WO0000590,PLT-RU-EVA-VAC,VAC-EVA-VAC-01,2025-04-19,3,Maintenance Sensory Route,Evaporation - Maintenance Route A,Sensory Route,Mechanism travel is uneven with elevated resistance.,MECHANICAL_BINDING,MECHANICAL_BINDING,Mechanical,,EVA-MECHANICAL,Closed,2025-04-19,PM02,Completed,2025-05-09,2025-05-10,2025-05-09,2025-05-10,0,WORK_COMPLETED,Corrective scope executed and checked.,Adjustment,Adjustment performed; post-work functional check within tolerance.,TRUE,7.21,2578.09,,Recovery & Utilities,Evaporation,SYS-RU-EVA-VAC,Vacuum System,Vacuum System,B,TRUE,FALSE,FALSE,FALSE,FALSE,263,210,0,21,FALSE,R7,7,Defect,COMPLETED_CORRECTIVE_ACTION
N0000965,WO0000591,PLT-RU-CAU-REA,M-CAU-REA-01,2025-04-24,2,Condition Monitoring,Causticizing - Condition Monitoring,Predictive Route,Motor bearing vibration above baseline.,MOTOR_BEARING_VIBRATION,MOTOR_BEARING_VIBRATION,Electrical,,CAU-ELECTRICAL,Closed,2025-04-26,PM02,Completed,2025-05-04,2025-05-04,2025-05-04,2025-05-04,0,WORK_COMPLETED,Corrective scope executed and checked.,Bearing replacement,Bearing replacement performed; post-work functional check within tolerance.,TRUE,14.97,9654.28,,Recovery & Utilities,Causticizing,SYS-RU-CAU-REA,Causticizing Reactors,Motor,B,TRUE,FALSE,FALSE,FALSE,FALSE,382,205,2,10,FALSE,R4,4,Defect almost failure,COMPLETED_CORRECTIVE_ACTION
N0000966,WO0000592,PLT-RU-LIM-LMF,P-LIM-LMF-01,2025-04-24,3,Operator Route,Lime Kiln - Operations,Sensory Route,Leakage at shaft seal.,SEAL_LEAKAGE,SEAL_LEAKAGE,Mechanical,,LIM-MECHANICAL,Closed,2025-04-29,PM02,Completed,2025-06-12,2025-06-13,2025-06-12,2025-06-13,0,WORK_COMPLETED,Corrective scope executed and checked.,Seal replacement,Seal replacement performed; post-work functional check within tolerance.,TRUE,11.24,8373.66,,Recovery & Utilities,Lime Kiln,SYS-RU-LIM-LMF,Lime Mud Feed,Pump,B,TRUE,FALSE,FALSE,FALSE,FALSE,,205,5,50,FALSE,R7,7,Defect,COMPLETED_CORRECTIVE_ACTION
N0000967,,PLT-RU-LIM-BRN,BRN-LIM-BRN-01,2025-04-25,3,Process Alarm,Lime Kiln - Control Room,Process / Control Monitoring,Intermittent signal dropout at stable process conditions.,INTERMITTENT_SIGNAL,INTERMITTENT_SIGNAL,Automation,,LIM-AUTOMATION,Closed,,,,,,,,,OPERATING_CONDITION,Observed response is within the current operating envelope.,Inspection only,Field inspection completed; no corrective maintenance performed.,FALSE,0.75,150.58,,Recovery & Utilities,Lime Kiln,SYS-RU-LIM-BRN,Burner System,Burner,B,FALSE,TRUE,FALSE,TRUE,FALSE,,204,,,FALSE,R7,7,Defect,CLOSED_UNCONFIRMED_WITHOUT_ORDER
N0000968,,PLT-RU-CAU-LMH,FV-CAU-LMH-01,2025-04-26,3,Planned Inspection,Causticizing - Inspection,Planned Inspection,Actuator supply pressure decays while held.,ACTUATOR_LEAKAGE,ACTUATOR_LEAKAGE,Instrumentation,,CAU-INSTRUMENTATION,Closed,,,,,,,,,NO_ACTION_REQUIRED,Notification dispositioned without corrective scope.,Inspection only,Field inspection completed; no corrective maintenance performed.,TRUE,1.39,283.19,,Recovery & Utilities,Causticizing,SYS-RU-CAU-LMH,Lime Mud Handling,Control Valve,B,FALSE,TRUE,TRUE,FALSE,FALSE,438,203,,,FALSE,R7,7,Defect,CLOSED_CONFIRMED_WITHOUT_ORDER
N0000969,WO0000593,PLT-FL-DIG-BLC,PSHH-DIG-BLC-01,2025-04-26,1,Operator Report,Digester - Operations,,Control sequence response differs from approved logic.,CONTROL_SEQUENCE_DEVIATION,CONTROL_SEQUENCE_DEVIATION,Automation,Instrumentation,DIG-INSTRUMENTATION,Closed,2025-04-29,CM01,Completed,2025-05-01,2025-05-01,2025-05-01,2025-05-01,0,WORK_COMPLETED,Corrective scope executed and checked.,Control logic correction,Control logic correction performed; post-work functional check within tolerance.,TRUE,8.90,2626.22,,Fiber Line,Digester,SYS-FL-DIG-BLC,Blow / Pressure Control,Pressure Switch,A,TRUE,FALSE,FALSE,FALSE,FALSE,182,203,3,5,FALSE,R1,1,Fault,COMPLETED_CORRECTIVE_ACTION
N0000970,WO0000594,PLT-FL-DRY-HYD,PT-DRY-HYD-01,2025-04-27,3,Process Alarm,Drying - Control Room,Process / Control Monitoring,Intermittent signal dropout at stable process conditions.,INTERMITTENT_SIGNAL,INTERMITTENT_SIGNAL,Instrumentation,,DRY-INSTRUMENTATION,Closed,2025-04-27,PM02,Completed,2025-07-12,2025-07-14,2025-07-12,2025-07-14,3,WORK_COMPLETED,Corrective scope executed and checked.,Instrument replacement,Instrument replacement performed; post-work functional check within tolerance.,TRUE,8.89,7212.51,,Fiber Line,Drying,SYS-FL-DRY-HYD,Hydraulic System,Pressure Transmitter,B,TRUE,FALSE,FALSE,FALSE,FALSE,398,202,0,78,FALSE,R7,7,Defect,COMPLETED_CORRECTIVE_ACTION
N0000971,,PLT-RU-UTL-AIR,PT-UTL-AIR-01,2025-04-27,3,Operator Route,Utilities - Operations,Sensory Route,Measured output outside calibration tolerance.,CALIBRATION_DEVIATION,CALIBRATION_DEVIATION,Instrumentation,,UTL-INSTRUMENTATION,Closed,,,,,,,,,MONITOR_CONDITION,Condition recorded; continue observation without corrective work.,Inspection only,Field inspection completed; no corrective maintenance performed.,TRUE,1.71,342.18,,Recovery & Utilities,Utilities,SYS-RU-UTL-AIR,Compressed Air,Pressure Transmitter,A,FALSE,TRUE,TRUE,FALSE,TRUE,119,202,,,FALSE,R5,5,Defect,CLOSED_CONFIRMED_WITHOUT_ORDER
N0000972,,PLT-FL-WSH-KNR,XV-WSH-KNR-01,2025-04-27,3,Operator Report,Washing & Screening - Operations,,Visible leakage at valve packing.,EXTERNAL_LEAKAGE,EXTERNAL_LEAKAGE,Valves,,WSH-VALVES,Closed,,,,,,,,,MONITOR_CONDITION,Condition recorded; continue observation without corrective work.,Inspection only,Field inspection completed; no corrective maintenance performed.,TRUE,1.63,334.55,,Fiber Line,Washing & Screening,SYS-FL-WSH-KNR,Knot Removal,On/Off Valve,C,FALSE,TRUE,TRUE,FALSE,TRUE,180,202,,,FALSE,R9,9,Defect,CLOSED_CONFIRMED_WITHOUT_ORDER
N0000973,,PLT-RU-EVA-BLF,FT-EVA-BLF-01,2025-04-28,3,Planned Inspection,Evaporation - Inspection,Planned Inspection,Control sequence response differs from approved logic.,CONTROL_SEQUENCE_DEVIATION,CONTROL_SEQUENCE_DEVIATION,Automation,,EVA-AUTOMATION,Closed,,,,,,,,,NO_ACTION_REQUIRED,Notification dispositioned without corrective scope.,Inspection only,Field inspection completed; no corrective maintenance performed.,FALSE,0.33,138.15,,Recovery & Utilities,Evaporation,SYS-RU-EVA-BLF,Black Liquor Feed,Flow Transmitter,B,FALSE,TRUE,FALSE,TRUE,FALSE,,201,,,FALSE,R7,7,Defect,CLOSED_UNCONFIRMED_WITHOUT_ORDER
N0000974,,PLT-RU-EVA-CIR,PV-EVA-CIR-01,2025-04-28,2,Planned Inspection,Evaporation - Inspection,Planned Inspection,Visible leakage at valve packing.,EXTERNAL_LEAKAGE,EXTERNAL_LEAKAGE,Valves,Instrumentation,EVA-INSTRUMENTATION,Closed,,,,,,,,,NO_ACTION_REQUIRED,Notification dispositioned without corrective scope.,Inspection only,Field inspection completed; no corrective maintenance performed.,TRUE,0.42,108.10,,Recovery & Utilities,Evaporation,SYS-RU-EVA-CIR,Evaporator Circulation,Control Valve,B,FALSE,TRUE,TRUE,FALSE,FALSE,427,201,,,FALSE,R4,4,Defect almost failure,CLOSED_CONFIRMED_WITHOUT_ORDER
N0000975,WO0000595,PLT-RU-LIM-IDF,DV-LIM-IDF-01,2025-04-29,1,Operator Route,Lime Kiln - Operations,Sensory Route,Mechanism travel is uneven with elevated resistance.,MECHANICAL_BINDING,MECHANICAL_BINDING,Mechanical,,LIM-MECHANICAL,Closed,2025-05-03,CM01,Completed,2025-05-04,2025-05-05,2025-05-04,2025-05-05,0,WORK_COMPLETED,Corrective scope executed and checked.,Adjustment,Adjustment performed; post-work functional check within tolerance.,TRUE,9.46,3383.22,,Recovery & Utilities,Lime Kiln,SYS-RU-LIM-IDF,Induced Draft,Damper,B,TRUE,FALSE,FALSE,FALSE,FALSE,481,200,4,6,FALSE,R3,3,Fault,COMPLETED_CORRECTIVE_ACTION
N0000976,WO0000596,PLT-RU-UTL-PWT,P-UTL-PWT-01,2025-04-29,3,Planned Inspection,Utilities - Inspection,Planned Inspection,Bearing temperature trending above baseline.,BEARING_TEMPERATURE,BEARING_TEMPERATURE,Mechanical,,UTL-MECHANICAL,Closed,2025-04-29,PM02,Completed,2025-05-30,2025-06-01,2025-05-30,2025-06-01,1,WORK_COMPLETED,Corrective scope executed and checked.,Bearing replacement,Bearing replacement performed; post-work functional check within tolerance.,TRUE,15.74,11273.70,,Recovery & Utilities,Utilities,SYS-RU-UTL-PWT,Process Water,Pump,B,TRUE,FALSE,FALSE,FALSE,FALSE,447,200,0,33,FALSE,R7,7,Defect,COMPLETED_CORRECTIVE_ACTION
N0000977,WO0000597,PLT-FL-DRY-DRS,TT-DRY-DRS-01,2025-04-29,2,Operator Route,Drying - Operations,Sensory Route,Intermittent signal dropout at stable process conditions.,INTERMITTENT_SIGNAL,INTERMITTENT_SIGNAL,Instrumentation,,DRY-INSTRUMENTATION,Closed,2025-05-04,PM02,Completed,2025-06-18,2025-06-19,2025-06-18,2025-06-19,5,MONITOR_CONDITION,Condition recorded; continue observation without corrective work.,Inspection only,Inspected and recorded readings; no component correction performed.,TRUE,0.77,162.86,,Fiber Line,Drying,SYS-FL-DRY-DRS,Dryer Section,Temperature Transmitter,B,TRUE,FALSE,FALSE,FALSE,TRUE,120,200,5,51,FALSE,R4,4,Defect almost failure,MONITOR_CONDITION
N0000978,WO0000598,PLT-RU-UTL-AIR,M-UTL-AIR-01,2025-04-30,3,Operator Report,Utilities - Operations,,Oil condition test indicates degraded lubricant.,OIL_DEGRADATION,OIL_DEGRADATION,Lubrication,,UTL-LUBRICATION,Closed,2025-05-05,PM02,Completed,2025-05-30,2025-05-31,2025-05-30,2025-05-31,1,WORK_COMPLETED,Corrective scope executed and checked.,Lubrication,Lubrication performed; post-work functional check within tolerance.,TRUE,5.95,3342.99,,Recovery & Utilities,Utilities,SYS-RU-UTL-AIR,Compressed Air,Motor,A,TRUE,FALSE,FALSE,FALSE,FALSE,,199,5,31,FALSE,R5,5,Defect,COMPLETED_CORRECTIVE_ACTION
N0000979,,PLT-RU-UTL-STM,PV-UTL-STM-01,2025-04-30,2,Maintenance Sensory Route,Utilities - Maintenance Route A,Sensory Route,Valve feedback differs from demanded position.,POSITIONER_DEVIATION,POSITIONER_DEVIATION,Instrumentation,,UTL-INSTRUMENTATION,Closed,,,,,,,,,NO_ACTION_REQUIRED,Notification dispositioned without corrective scope.,Inspection only,Field inspection completed; no corrective maintenance performed.,FALSE,0.91,208.76,,Recovery & Utilities,Utilities,SYS-RU-UTL-STM,Steam Distribution,Control Valve,A,FALSE,TRUE,FALSE,TRUE,FALSE,404,199,,,FALSE,R2,2,Defect almost failure,CLOSED_UNCONFIRMED_WITHOUT_ORDER
N0000980,,PLT-FL-DRY-PMF,FT-DRY-PMF-01,2025-05-01,3,Operator Report,Drying - Operations,,Indicated value drifts from independent reference.,SIGNAL_DRIFT,SIGNAL_DRIFT,Instrumentation,,DRY-INSTRUMENTATION,Closed,,,,,,,,,NO_ACTION_REQUIRED,Notification dispositioned without corrective scope.,Inspection only,Field inspection completed; no corrective maintenance performed.,TRUE,1.55,316.26,,Fiber Line,Drying,SYS-FL-DRY-PMF,Pulp Machine Feed,Flow Transmitter,B,FALSE,TRUE,TRUE,FALSE,TRUE,143,198,,,FALSE,R7,7,Defect,CLOSED_CONFIRMED_WITHOUT_ORDER
N0000981,WO0000599,PLT-FL-DIG-DIS,P-DIG-DIS-01,2025-05-03,3,Condition Monitoring,Digester - Condition Monitoring,Predictive Route,Elevated vibration at pump bearing housing.,PUMP_BEARING_VIBRATION,PUMP_BEARING_VIBRATION,Mechanical,,DIG-MECHANICAL,Closed,2025-05-05,PM02,Completed,2025-05-30,2025-06-01,2025-05-30,2025-06-01,0,WORK_COMPLETED,Corrective scope executed and checked.,Bearing replacement,Bearing replacement performed; post-work functional check within tolerance.,TRUE,20.81,14724.07,,Fiber Line,Digester,SYS-FL-DIG-DIS,Digester Discharge,Pump,A,TRUE,FALSE,FALSE,FALSE,FALSE,350,196,2,29,FALSE,R5,5,Defect,COMPLETED_CORRECTIVE_ACTION
N0000982,,PLT-FL-DIG-BLC,XV-DIG-BLC-01,2025-05-03,1,Maintenance Sensory Route,Digester - Maintenance Route A,Sensory Route,Visible leakage at valve packing.,EXTERNAL_LEAKAGE,EXTERNAL_LEAKAGE,Valves,Instrumentation,DIG-INSTRUMENTATION,Closed,,,,,,,,,NO_ACTION_REQUIRED,Notification dispositioned without corrective scope.,Inspection only,Field inspection completed; no corrective maintenance performed.,TRUE,1.32,229.72,,Fiber Line,Digester,SYS-FL-DIG-BLC,Blow / Pressure Control,On/Off Valve,A,FALSE,TRUE,TRUE,FALSE,FALSE,195,196,,,FALSE,R1,1,Fault,CLOSED_CONFIRMED_WITHOUT_ORDER
N0000983,,PLT-FL-WSH-SCR,P-WSH-SCR-01,2025-05-04,3,Condition Monitoring,Washing & Screening - Condition Monitoring,Predictive Route,Crackling noise and unstable suction pressure.,CAVITATION,CAVITATION,Mechanical,,WSH-MECHANICAL,Closed,,,,,,,,,MONITOR_CONDITION,Condition recorded; continue observation without corrective work.,Inspection only,Field inspection completed; no corrective maintenance performed.,TRUE,1.44,282.59,,Fiber Line,Washing & Screening,SYS-FL-WSH-SCR,Screening,Pump,B,FALSE,TRUE,TRUE,FALSE,FALSE,337,195,,,FALSE,R7,7,Defect,CLOSED_CONFIRMED_WITHOUT_ORDER
N0000984,,PLT-RU-LIM-DRV,DRV-LIM-DRV-01,2025-05-06,3,Maintenance Sensory Route,Lime Kiln - Maintenance Route A,Sensory Route,Rotating assembly shows dominant once-per-revolution vibration.,IMBALANCE,IMBALANCE,Mechanical,,LIM-MECHANICAL,Closed,,,,,,,,,OPERATING_CONDITION,Observed response is within the current operating envelope.,Inspection only,Field inspection completed; no corrective maintenance performed.,FALSE,0.99,198.71,,Recovery & Utilities,Lime Kiln,SYS-RU-LIM-DRV,Kiln Drive,Drive,A,FALSE,TRUE,FALSE,TRUE,FALSE,199,193,,,FALSE,R5,5,Defect,CLOSED_UNCONFIRMED_WITHOUT_ORDER
N0000985,,PLT-RU-RB-FWS,FV-RB-FWS-01,2025-05-06,3,Planned Inspection,Recovery Boiler - Inspection,Planned Inspection,Valve travel sticks during small command changes.,VALVE_STICTION,VALVE_STICTION,Valves,,RB-VALVES,Closed,,,,,,,,,MONITOR_CONDITION,Condition recorded; continue observation without corrective work.,Inspection only,Field inspection completed; no corrective maintenance performed.,TRUE,1.61,300.72,,Recovery & Utilities,Recovery Boiler,SYS-RU-RB-FWS,Feedwater System,Control Valve,A,FALSE,TRUE,TRUE,FALSE,FALSE,402,193,,,FALSE,R5,5,Defect,CLOSED_CONFIRMED_WITHOUT_ORDER
N0000986,WO0000600,PLT-RU-CAU-GLC,M-CAU-GLC-01,2025-05-06,3,Condition Monitoring,Causticizing - Condition Monitoring,Predictive Route,Localized heating at electrical connection.,TERMINAL_HEATING,TERMINAL_HEATING,Electrical,,CAU-ELECTRICAL,Closed,2025-05-07,PM02,Completed,2025-06-19,2025-06-19,2025-06-19,2025-06-19,3,WORK_COMPLETED,Corrective scope executed and checked.,Tightening,Tightening performed; post-work functional check within tolerance.,TRUE,2.84,696.05,,Recovery & Utilities,Causticizing,SYS-RU-CAU-GLC,Green Liquor Clarification,Motor,B,TRUE,FALSE,FALSE,FALSE,FALSE,443,193,1,44,FALSE,R7,7,Defect,COMPLETED_CORRECTIVE_ACTION
N0000987,WO0000601,PLT-FL-DIG-DIS,M-DIG-DIS-01,2025-05-06,3,Condition Monitoring,Digester - Condition Monitoring,Predictive Route,Localized heating at electrical connection.,TERMINAL_HEATING,TERMINAL_HEATING,Electrical,,DIG-ELECTRICAL,Closed,2025-05-09,PM02,Completed,2025-06-08,2025-06-09,2025-06-08,2025-06-09,1,WORK_COMPLETED,Corrective scope executed and checked.,Tightening,Tightening performed; post-work functional check within tolerance.,TRUE,4.27,1045.03,,Fiber Line,Digester,SYS-FL-DIG-DIS,Digester Discharge,Motor,A,TRUE,FALSE,FALSE,FALSE,FALSE,752,193,3,34,FALSE,R5,5,Defect,COMPLETED_CORRECTIVE_ACTION
N0000988,WO0000602,PLT-FL-WSH-BSW,P-WSH-BSW-01,2025-05-07,2,Operator Route,Washing & Screening - Operations,Sensory Route,Elevated vibration at pump bearing housing.,PUMP_BEARING_VIBRATION,PUMP_BEARING_VIBRATION,Mechanical,,WSH-MECHANICAL,Closed,2025-05-12,PM02,Completed,2025-05-28,2025-05-29,2025-05-28,2025-05-29,0,WORK_COMPLETED,Corrective scope executed and checked.,Bearing replacement,Bearing replacement performed; post-work functional check within tolerance.,TRUE,22.26,15748.58,,Fiber Line,Washing & Screening,SYS-FL-WSH-BSW,Brownstock Washing,Pump,B,TRUE,FALSE,FALSE,FALSE,FALSE,656,192,5,22,FALSE,R4,4,Defect almost failure,COMPLETED_CORRECTIVE_ACTION
N0000989,,PLT-RU-RB-STM,TT-RB-STM-01,2025-05-08,1,Breakdown / Corrective,Recovery Boiler - Operations,,Intermittent signal dropout at stable process conditions.,INTERMITTENT_SIGNAL,INTERMITTENT_SIGNAL,Instrumentation,,RB-INSTRUMENTATION,Closed,,,,,,,,,NO_ACTION_REQUIRED,Notification dispositioned without corrective scope.,Inspection only,Field inspection completed; no corrective maintenance performed.,TRUE,0.62,174.91,,Recovery & Utilities,Recovery Boiler,SYS-RU-RB-STM,Steam / Pressure Control,Temperature Transmitter,B,FALSE,TRUE,TRUE,FALSE,FALSE,369,191,,,FALSE,R3,3,Fault,CLOSED_CONFIRMED_WITHOUT_ORDER
N0000990,,PLT-RU-LIM-LMF,FV-LIM-LMF-01,2025-05-10,3,Operator Report,Lime Kiln - Operations,,Valve feedback differs from demanded position.,POSITIONER_DEVIATION,POSITIONER_DEVIATION,Valves,,LIM-VALVES,Closed,,,,,,,,,NO_ACTION_REQUIRED,Notification dispositioned without corrective scope.,Inspection only,Field inspection completed; no corrective maintenance performed.,TRUE,1.29,218.88,,Recovery & Utilities,Lime Kiln,SYS-RU-LIM-LMF,Lime Mud Feed,Control Valve,B,FALSE,TRUE,TRUE,FALSE,FALSE,630,189,,,FALSE,R7,7,Defect,CLOSED_CONFIRMED_WITHOUT_ORDER
N0000991,WO0000603,PLT-RU-LIM-LMF,P-LIM-LMF-01,2025-05-10,3,Condition Monitoring,Lime Kiln - Condition Monitoring,Predictive Route,Bearing temperature trending above baseline.,BEARING_TEMPERATURE,BEARING_TEMPERATURE,Mechanical,Lubrication,LIM-LUBRICATION,Closed,2025-05-14,PM02,Completed,2025-06-07,2025-06-07,2025-06-07,2025-06-07,1,WORK_COMPLETED,Corrective scope executed and checked.,Bearing replacement,Bearing replacement performed; post-work functional check within tolerance.,TRUE,10.10,7232.93,,Recovery & Utilities,Lime Kiln,SYS-RU-LIM-LMF,Lime Mud Feed,Pump,B,TRUE,FALSE,FALSE,FALSE,FALSE,,189,4,28,FALSE,R7,7,Defect,COMPLETED_CORRECTIVE_ACTION
N0000992,WO0000604,PLT-FL-WSH-BSW,P-WSH-BSW-01,2025-05-10,3,Condition Monitoring,Washing & Screening - Condition Monitoring,Predictive Route,Lubricant level below normal mark.,LOW_LUBE_LEVEL,LOW_LUBE_LEVEL,Lubrication,,WSH-LUBRICATION,Closed,2025-05-10,PM02,Completed,2025-07-01,2025-07-01,2025-07-01,2025-07-01,4,WORK_COMPLETED,Corrective scope executed and checked.,Lubrication,Lubrication performed; post-work functional check within tolerance.,TRUE,2.90,1437.53,,Fiber Line,Washing & Screening,SYS-FL-WSH-BSW,Brownstock Washing,Pump,B,TRUE,FALSE,FALSE,FALSE,FALSE,770,189,0,52,FALSE,R7,7,Defect,COMPLETED_CORRECTIVE_ACTION
N0000993,WO0000605,PLT-RU-CAU-LMH,LT-CAU-LMH-01,2025-05-13,3,Operator Route,Causticizing - Operations,Sensory Route,Indicated value drifts from independent reference.,SIGNAL_DRIFT,SIGNAL_DRIFT,Instrumentation,,CAU-INSTRUMENTATION,Closed,2025-05-18,PM02,Completed,2025-05-30,2025-05-31,2025-05-30,2025-05-31,0,WORK_COMPLETED,Corrective scope executed and checked.,Calibration,Calibration performed; post-work functional check within tolerance.,TRUE,4.61,1360.18,,Recovery & Utilities,Causticizing,SYS-RU-CAU-LMH,Lime Mud Handling,Level Transmitter,C,TRUE,FALSE,FALSE,FALSE,FALSE,281,186,5,18,FALSE,R9,9,Defect,COMPLETED_CORRECTIVE_ACTION
N0000994,WO0000606,PLT-RU-LIM-IDF,M-LIM-IDF-01,2025-05-13,3,Condition Monitoring,Lime Kiln - Condition Monitoring,Predictive Route,Insulation test trending below reference.,INSULATION_DEGRADATION,INSULATION_DEGRADATION,Electrical,,LIM-ELECTRICAL,Closed,2025-05-16,PM02,Cancelled,2025-06-29,2025-07-01,,,0,CANCELLED,Order cancelled after scope review; no execution recorded.,,,TRUE,0.31,93.04,,Recovery & Utilities,Lime Kiln,SYS-RU-LIM-IDF,Induced Draft,Motor,A,TRUE,FALSE,FALSE,FALSE,FALSE,461,186,3,,FALSE,R5,5,Defect,CANCELLED
N0000995,,PLT-FL-WSH-KNR,XV-WSH-KNR-01,2025-05-13,2,Planned Inspection,Washing & Screening - Inspection,Planned Inspection,Valve travel sticks during small command changes.,VALVE_STICTION,VALVE_STICTION,Valves,,WSH-VALVES,Closed,,,,,,,,,MONITOR_CONDITION,Condition recorded; continue observation without corrective work.,Inspection only,Field inspection completed; no corrective maintenance performed.,TRUE,1.19,256.91,,Fiber Line,Washing & Screening,SYS-FL-WSH-KNR,Knot Removal,On/Off Valve,C,FALSE,TRUE,TRUE,FALSE,FALSE,446,186,,,FALSE,R8,8,Defect almost failure,CLOSED_CONFIRMED_WITHOUT_ORDER
N0000996,WO0000607,PLT-FL-DRY-HYD,M-DRY-HYD-01,2025-05-14,3,Process Alarm,Drying - Control Room,Process / Control Monitoring,Localized heating at electrical connection.,TERMINAL_HEATING,TERMINAL_HEATING,Electrical,,DRY-ELECTRICAL,Closed,2025-05-15,PM02,Completed,2025-06-04,2025-06-04,2025-06-04,2025-06-04,0,WORK_COMPLETED,Corrective scope executed and checked.,Tightening,Tightening performed; post-work functional check within tolerance.,TRUE,5.93,1452.93,,Fiber Line,Drying,SYS-FL-DRY-HYD,Hydraulic System,Motor,B,TRUE,FALSE,FALSE,FALSE,FALSE,,185,1,21,FALSE,R7,7,Defect,COMPLETED_CORRECTIVE_ACTION
N0000997,WO0000608,PLT-RU-CAU-REA,AG-CAU-REA-01,2025-05-15,1,Breakdown / Corrective,Causticizing - Operations,,Mechanism travel is uneven with elevated resistance.,MECHANICAL_BINDING,MECHANICAL_BINDING,Mechanical,,CAU-MECHANICAL,Closed,2025-05-15,CM01,Completed,2025-05-17,2025-05-18,2025-05-17,2025-05-18,0,WORK_COMPLETED,Corrective scope executed and checked.,Adjustment,Adjustment performed; post-work functional check within tolerance.,TRUE,10.54,3767.29,,Recovery & Utilities,Causticizing,SYS-RU-CAU-REA,Causticizing Reactors,Agitator,B,TRUE,FALSE,FALSE,FALSE,FALSE,368,184,0,3,FALSE,R3,3,Fault,COMPLETED_CORRECTIVE_ACTION
N0000998,WO0000609,PLT-RU-RB-AIR,FT-RB-AIR-01,2025-05-16,1,Operator Route,Recovery Boiler - Operations,Sensory Route,Intermittent signal dropout at stable process conditions.,INTERMITTENT_SIGNAL,INTERMITTENT_SIGNAL,Instrumentation,,RB-INSTRUMENTATION,Closed,2025-05-20,CM01,Completed,2025-05-21,2025-05-21,2025-05-21,2025-05-21,0,WORK_COMPLETED,Corrective scope executed and checked.,Instrument replacement,Instrument replacement performed; post-work functional check within tolerance.,TRUE,5.91,4799.57,,Recovery & Utilities,Recovery Boiler,SYS-RU-RB-AIR,Combustion Air,Flow Transmitter,B,TRUE,FALSE,FALSE,FALSE,TRUE,50,183,4,5,FALSE,R3,3,Fault,COMPLETED_CORRECTIVE_ACTION
N0000999,WO0000610,PLT-RU-RB-AIR,M-RB-AIR-01,2025-05-16,3,Planned Inspection,Recovery Boiler - Inspection,Planned Inspection,Motor temperature rising at normal load.,MOTOR_OVERHEATING,MOTOR_OVERHEATING,Electrical,,RB-ELECTRICAL,Closed,2025-05-21,PM02,Completed,2025-06-11,2025-06-13,2025-06-11,2025-06-13,0,WORK_COMPLETED,Corrective scope executed and checked.,Cleaning,Cleaning performed; post-work functional check within tolerance.,TRUE,5.83,1718.69,,Recovery & Utilities,Recovery Boiler,SYS-RU-RB-AIR,Combustion Air,Motor,A,TRUE,FALSE,FALSE,FALSE,FALSE,831,183,5,28,FALSE,R5,5,Defect,COMPLETED_CORRECTIVE_ACTION
N0001000,,PLT-FL-DIG-CIR,TT-DIG-CIR-01,2025-05-17,2,Operator Report,Digester - Operations,,Indicated value drifts from independent reference.,SIGNAL_DRIFT,SIGNAL_DRIFT,Instrumentation,,DIG-INSTRUMENTATION,Closed,,,,,,,,,MONITOR_CONDITION,Condition recorded; continue observation without corrective work.,Inspection only,Field inspection completed; no corrective maintenance performed.,TRUE,0.99,206.43,,Fiber Line,Digester,SYS-FL-DIG-CIR,Cooking Circulation,Temperature Transmitter,B,FALSE,TRUE,TRUE,FALSE,FALSE,474,182,,,FALSE,R4,4,Defect almost failure,CLOSED_CONFIRMED_WITHOUT_ORDER
N0001001,WO0000611,PLT-RU-CAU-REA,AG-CAU-REA-01,2025-05-19,2,Operator Report,Causticizing - Operations,,Oil condition test indicates degraded lubricant.,OIL_DEGRADATION,OIL_DEGRADATION,Lubrication,,CAU-LUBRICATION,Closed,2025-05-24,PM02,Completed,2025-06-05,2025-06-07,2025-06-05,2025-06-07,0,WORK_COMPLETED,Corrective scope executed and checked.,Lubrication,Lubrication performed; post-work functional check within tolerance.,TRUE,7.29,4092.27,,Recovery & Utilities,Causticizing,SYS-RU-CAU-REA,Causticizing Reactors,Agitator,B,TRUE,FALSE,FALSE,FALSE,FALSE,,180,5,19,FALSE,R4,4,Defect almost failure,COMPLETED_CORRECTIVE_ACTION
N0001002,,PLT-RU-RB-FWS,FV-RB-FWS-01,2025-05-19,3,Operator Route,Recovery Boiler - Operations,Sensory Route,Visible leakage at valve packing.,EXTERNAL_LEAKAGE,EXTERNAL_LEAKAGE,Valves,,RB-VALVES,Closed,,,,,,,,,MONITOR_CONDITION,Condition recorded; continue observation without corrective work.,Inspection only,Field inspection completed; no corrective maintenance performed.,TRUE,1.14,265.36,,Recovery & Utilities,Recovery Boiler,SYS-RU-RB-FWS,Feedwater System,Control Valve,A,FALSE,TRUE,TRUE,FALSE,FALSE,608,180,,,FALSE,R5,5,Defect,CLOSED_CONFIRMED_WITHOUT_ORDER
N0001003,WO0000612,PLT-FL-DRY-PRS,HY-DRY-PRS-01,2025-05-19,2,Planned Inspection,Drying - Inspection,Planned Inspection,Hydraulic pressure decays with no external leak.,HYD_INTERNAL_LEAKAGE,HYD_INTERNAL_LEAKAGE,Mechanical,,DRY-MECHANICAL,Closed,2025-05-20,PM02,Completed,2025-05-26,2025-05-26,2025-05-26,2025-05-26,0,WORK_COMPLETED,Corrective scope executed and checked.,Seal replacement,Seal replacement performed; post-work functional check within tolerance.,TRUE,15.52,8716.36,,Fiber Line,Drying,SYS-FL-DRY-PRS,Press Section,Hydraulic Actuator,A,TRUE,FALSE,FALSE,FALSE,TRUE,103,180,1,7,FALSE,R2,2,Defect almost failure,COMPLETED_CORRECTIVE_ACTION
N0001004,,PLT-RU-EVA-CIR,P-EVA-CIR-01,2025-05-20,2,Operator Route,Evaporation - Operations,Sensory Route,Elevated vibration at pump bearing housing.,PUMP_BEARING_VIBRATION,PUMP_BEARING_VIBRATION,Mechanical,,EVA-MECHANICAL,Closed,,,,,,,,,NO_ACTION_REQUIRED,Notification dispositioned without corrective scope.,Inspection only,Field inspection completed; no corrective maintenance performed.,TRUE,0.65,187.04,,Recovery & Utilities,Evaporation,SYS-RU-EVA-CIR,Evaporator Circulation,Pump,B,FALSE,TRUE,TRUE,FALSE,FALSE,211,179,,,FALSE,R4,4,Defect almost failure,CLOSED_CONFIRMED_WITHOUT_ORDER
N0001005,WO0000613,PLT-FL-DRY-DRS,TT-DRY-DRS-01,2025-05-20,3,Operator Route,Drying - Operations,Sensory Route,Measured output outside calibration tolerance.,CALIBRATION_DEVIATION,CALIBRATION_DEVIATION,Instrumentation,Automation,DRY-AUTOMATION,Closed,2025-05-23,PM02,Completed,2025-06-07,2025-06-09,2025-06-07,2025-06-09,0,WORK_COMPLETED,Corrective scope executed and checked.,Calibration,Calibration performed; post-work functional check within tolerance.,TRUE,5.50,1622.17,,Fiber Line,Drying,SYS-FL-DRY-DRS,Dryer Section,Temperature Transmitter,B,TRUE,FALSE,FALSE,FALSE,TRUE,125,179,3,20,FALSE,R7,7,Defect,COMPLETED_CORRECTIVE_ACTION
N0001006,,PLT-RU-EVA-CON,M-EVA-CON-01,2025-05-22,3,Maintenance Sensory Route,Evaporation - Maintenance Route A,Sensory Route,Insulation test trending below reference.,INSULATION_DEGRADATION,INSULATION_DEGRADATION,Condition Monitoring,,EVA-CONDITION_MONITORING,Closed,,,,,,,,,NO_ACTION_REQUIRED,Notification dispositioned without corrective scope.,Inspection only,Field inspection completed; no corrective maintenance performed.,TRUE,0.76,150.75,,Recovery & Utilities,Evaporation,SYS-RU-EVA-CON,Condensate System,Motor,B,FALSE,TRUE,TRUE,FALSE,FALSE,866,177,,,FALSE,R7,7,Defect,CLOSED_CONFIRMED_WITHOUT_ORDER
N0001007,,PLT-RU-CAU-GLC,LT-CAU-GLC-01,2025-05-24,3,Operator Route,Causticizing - Operations,Sensory Route,Intermittent signal dropout at stable process conditions.,INTERMITTENT_SIGNAL,INTERMITTENT_SIGNAL,Instrumentation,Automation,CAU-AUTOMATION,Closed,,,,,,,,,NO_ACTION_REQUIRED,Notification dispositioned without corrective scope.,Inspection only,Field inspection completed; no corrective maintenance performed.,TRUE,0.35,96.54,,Recovery & Utilities,Causticizing,SYS-RU-CAU-GLC,Green Liquor Clarification,Level Transmitter,B,FALSE,TRUE,TRUE,FALSE,FALSE,282,175,,,FALSE,R7,7,Defect,CLOSED_CONFIRMED_WITHOUT_ORDER
N0001008,WO0000614,PLT-RU-RB-FWS,FV-RB-FWS-01,2025-05-26,2,Maintenance Sensory Route,Recovery Boiler - Maintenance Route A,Sensory Route,Actuator supply pressure decays while held.,ACTUATOR_LEAKAGE,ACTUATOR_LEAKAGE,Valves,,RB-VALVES,Closed,2025-05-29,PM02,Completed,2025-06-14,2025-06-14,2025-06-14,2025-06-14,0,MONITOR_CONDITION,Condition recorded; continue observation without corrective work.,Inspection only,Inspected and recorded readings; no component correction performed.,TRUE,0.79,204.12,,Recovery & Utilities,Recovery Boiler,SYS-RU-RB-FWS,Feedwater System,Control Valve,A,TRUE,FALSE,FALSE,FALSE,FALSE,381,173,3,19,FALSE,R2,2,Defect almost failure,MONITOR_CONDITION
N0001009,WO0000615,PLT-FL-DIG-BLC,PV-DIG-BLC-01,2025-05-27,2,Planned Inspection,Digester - Inspection,Planned Inspection,Actuator supply pressure decays while held.,ACTUATOR_LEAKAGE,ACTUATOR_LEAKAGE,Valves,,DIG-VALVES,Closed,2025-06-01,PM02,Completed,2025-06-08,2025-06-10,2025-06-08,2025-06-10,0,WORK_COMPLETED,Corrective scope executed and checked.,Seal replacement,Seal replacement performed; post-work functional check within tolerance.,TRUE,5.22,3041.41,,Fiber Line,Digester,SYS-FL-DIG-BLC,Blow / Pressure Control,Control Valve,A,TRUE,FALSE,FALSE,FALSE,FALSE,490,172,5,14,FALSE,R2,2,Defect almost failure,COMPLETED_CORRECTIVE_ACTION
N0001010,WO0000616,PLT-RU-EVA-BLF,FV-EVA-BLF-01,2025-05-28,3,Process Alarm,Evaporation - Control Room,Process / Control Monitoring,Valve feedback differs from demanded position.,POSITIONER_DEVIATION,POSITIONER_DEVIATION,Valves,Instrumentation,EVA-INSTRUMENTATION,Closed,2025-05-28,PM02,Completed,2025-07-09,2025-07-11,2025-07-09,2025-07-11,0,WORK_COMPLETED,Corrective scope executed and checked.,Calibration,Calibration performed; post-work functional check within tolerance.,TRUE,5.09,1629.80,,Recovery & Utilities,Evaporation,SYS-RU-EVA-BLF,Black Liquor Feed,Control Valve,B,TRUE,FALSE,FALSE,FALSE,FALSE,429,171,0,44,FALSE,R7,7,Defect,COMPLETED_CORRECTIVE_ACTION
N0001011,WO0000617,PLT-RU-CAU-SLK,M-CAU-SLK-01,2025-05-29,3,Operator Route,Causticizing - Operations,Sensory Route,Motor temperature rising at normal load.,MOTOR_OVERHEATING,MOTOR_OVERHEATING,Electrical,,CAU-ELECTRICAL,Closed,2025-06-01,PM02,Completed,2025-06-28,2025-06-28,2025-06-28,2025-06-28,0,WORK_COMPLETED,Corrective scope executed and checked.,Cleaning,Cleaning performed; post-work functional check within tolerance.,TRUE,6.57,1939.20,,Recovery & Utilities,Causticizing,SYS-RU-CAU-SLK,Slaking,Motor,A,TRUE,FALSE,FALSE,FALSE,FALSE,586,170,3,30,FALSE,R5,5,Defect,COMPLETED_CORRECTIVE_ACTION
N0001012,WO0000618,PLT-RU-RB-AIR,M-RB-AIR-01,2025-05-29,3,Operator Route,Recovery Boiler - Operations,Sensory Route,Motor bearing vibration above baseline.,MOTOR_BEARING_VIBRATION,MOTOR_BEARING_VIBRATION,Condition Monitoring,,RB-CONDITION_MONITORING,Closed,2025-05-30,PM02,Completed,2025-06-29,2025-06-30,2025-06-29,2025-06-30,2,WORK_COMPLETED,Corrective scope executed and checked.,Bearing replacement,Bearing replacement performed; post-work functional check within tolerance.,TRUE,13.27,8558.55,,Recovery & Utilities,Recovery Boiler,SYS-RU-RB-AIR,Combustion Air,Motor,A,TRUE,FALSE,FALSE,FALSE,FALSE,,170,1,32,FALSE,R5,5,Defect,COMPLETED_CORRECTIVE_ACTION
N0001013,WO0000619,PLT-FL-DRY-DRS,TT-DRY-DRS-01,2025-05-29,3,Process Alarm,Drying - Control Room,Process / Control Monitoring,Indicated value drifts from independent reference.,SIGNAL_DRIFT,SIGNAL_DRIFT,Instrumentation,,DRY-INSTRUMENTATION,Closed,2025-05-30,PM02,Completed,2025-07-21,2025-07-21,2025-07-21,2025-07-21,2,WORK_COMPLETED,Corrective scope executed and checked.,Calibration,Calibration performed; post-work functional check within tolerance.,TRUE,3.16,931.56,,Fiber Line,Drying,SYS-FL-DRY-DRS,Dryer Section,Temperature Transmitter,B,TRUE,FALSE,FALSE,FALSE,FALSE,470,170,1,53,FALSE,R7,7,Defect,COMPLETED_CORRECTIVE_ACTION
N0001014,,PLT-FL-DRY-SHT,M-DRY-SHT-01,2025-05-30,3,Operator Route,Drying - Operations,Sensory Route,Localized heating at electrical connection.,TERMINAL_HEATING,TERMINAL_HEATING,Condition Monitoring,,DRY-CONDITION_MONITORING,Closed,,,,,,,,,NO_ACTION_REQUIRED,Notification dispositioned without corrective scope.,Inspection only,Field inspection completed; no corrective maintenance performed.,TRUE,1.90,318.73,,Fiber Line,Drying,SYS-FL-DRY-SHT,Sheet Handling / Cutter,Motor,B,FALSE,TRUE,TRUE,FALSE,FALSE,840,169,,,FALSE,R7,7,Defect,CLOSED_CONFIRMED_WITHOUT_ORDER
N0001015,WO0000620,PLT-RU-EVA-VAC,M-EVA-VAC-01,2025-05-30,3,Condition Monitoring,Evaporation - Condition Monitoring,Predictive Route,Insulation test trending below reference.,INSULATION_DEGRADATION,INSULATION_DEGRADATION,Electrical,,EVA-ELECTRICAL,Closed,2025-05-31,PM02,Completed,2025-07-05,2025-07-06,2025-07-05,2025-07-06,1,MONITOR_CONDITION,Condition recorded; continue observation without corrective work.,Inspection only,Inspected and recorded readings; no component correction performed.,TRUE,1.26,270.86,,Recovery & Utilities,Evaporation,SYS-RU-EVA-VAC,Vacuum System,Motor,B,TRUE,FALSE,FALSE,FALSE,TRUE,49,169,1,37,FALSE,R7,7,Defect,MONITOR_CONDITION
N0001016,WO0000621,PLT-RU-RB-BLF,P-RB-BLF-01,2025-05-30,1,Operator Report,Recovery Boiler - Operations,,Oil sample shows elevated contamination.,OIL_CONTAMINATION,OIL_CONTAMINATION,Lubrication,,RB-LUBRICATION,Closed,2025-06-01,CM01,Cancelled,2025-06-02,2025-06-04,,,0,CANCELLED,Order cancelled after scope review; no execution recorded.,,,TRUE,0.71,169.30,,Recovery & Utilities,Recovery Boiler,SYS-RU-RB-BLF,Black Liquor Firing,Pump,A,TRUE,FALSE,FALSE,FALSE,FALSE,434,169,2,,FALSE,R1,1,Fault,CANCELLED
N0001017,WO0000622,PLT-FL-DRY-FOR,DRV-DRY-FOR-01,2025-05-31,3,Maintenance Sensory Route,Drying - Maintenance Route A,Sensory Route,Rotating assembly shows dominant once-per-revolution vibration.,IMBALANCE,IMBALANCE,Mechanical,Electrical,DRY-ELECTRICAL,Closed,2025-06-05,PM02,Completed,2025-07-31,2025-08-02,2025-07-31,2025-08-02,3,WORK_COMPLETED,Corrective scope executed and checked.,Adjustment,Adjustment performed; post-work functional check within tolerance.,TRUE,9.33,4616.45,,Fiber Line,Drying,SYS-FL-DRY-FOR,Forming Section,Drive,A,TRUE,FALSE,FALSE,FALSE,FALSE,424,168,5,63,FALSE,R5,5,Defect,COMPLETED_CORRECTIVE_ACTION
N0001018,WO0000623,PLT-RU-RB-BLF,M-RB-BLF-01,2025-05-31,3,Operator Route,Recovery Boiler - Operations,Sensory Route,Insulation test trending below reference.,INSULATION_DEGRADATION,INSULATION_DEGRADATION,Condition Monitoring,,RB-CONDITION_MONITORING,Closed,2025-06-01,PM02,Completed,2025-07-09,2025-07-10,2025-07-09,2025-07-10,0,WORK_COMPLETED,Corrective scope executed and checked.,Component replacement,Component replacement performed; post-work functional check within tolerance.,TRUE,29.18,28106.52,,Recovery & Utilities,Recovery Boiler,SYS-RU-RB-BLF,Black Liquor Firing,Motor,A,TRUE,FALSE,FALSE,FALSE,FALSE,504,168,1,40,FALSE,R5,5,Defect,COMPLETED_CORRECTIVE_ACTION
N0001019,WO0000624,PLT-RU-UTL-ELD,MCC-UTL-ELD-01,2025-06-01,3,Planned Inspection,Utilities - Inspection,Planned Inspection,Intermittent signal dropout at stable process conditions.,INTERMITTENT_SIGNAL,INTERMITTENT_SIGNAL,Automation,,UTL-AUTOMATION,Closed,2025-06-05,PM02,Completed,2025-06-19,2025-06-20,2025-06-19,2025-06-20,0,NO_DEFECT_FOUND,Inspection could not confirm the reported abnormality.,Inspection only,Inspected and recorded readings; no component correction performed.,FALSE,0.40,139.94,,Recovery & Utilities,Utilities,SYS-RU-UTL-ELD,Electrical Distribution,Motor Control Center,A,TRUE,FALSE,FALSE,FALSE,FALSE,,167,4,19,FALSE,R5,5,Defect,OTHER_CLOSED
N0001020,WO0000625,PLT-RU-CAU-LMH,P-CAU-LMH-01,2025-06-01,3,Operator Route,Causticizing - Operations,Sensory Route,Elevated vibration at pump bearing housing.,PUMP_BEARING_VIBRATION,PUMP_BEARING_VIBRATION,Condition Monitoring,,CAU-CONDITION_MONITORING,Closed,2025-06-04,PM02,Completed,2025-07-05,2025-07-05,2025-07-05,2025-07-05,1,WORK_COMPLETED,Corrective scope executed and checked.,Bearing replacement,Bearing replacement performed; post-work functional check within tolerance.,TRUE,23.55,16664.29,,Recovery & Utilities,Causticizing,SYS-RU-CAU-LMH,Lime Mud Handling,Pump,B,TRUE,FALSE,FALSE,FALSE,FALSE,204,167,3,34,FALSE,R7,7,Defect,COMPLETED_CORRECTIVE_ACTION
N0001021,WO0000626,PLT-RU-CAU-WLC,P-CAU-WLC-01,2025-06-01,3,Process Alarm,Causticizing - Control Room,Process / Control Monitoring,Leakage at shaft seal.,SEAL_LEAKAGE,SEAL_LEAKAGE,Mechanical,,CAU-MECHANICAL,Closed,2025-06-05,PM02,Completed,2025-06-26,2025-06-27,2025-06-26,2025-06-27,0,WORK_COMPLETED,Corrective scope executed and checked.,Seal replacement,Seal replacement performed; post-work functional check within tolerance.,TRUE,7.10,5290.99,,Recovery & Utilities,Causticizing,SYS-RU-CAU-WLC,White Liquor Clarification,Pump,A,TRUE,FALSE,FALSE,FALSE,FALSE,,167,4,26,FALSE,R5,5,Defect,COMPLETED_CORRECTIVE_ACTION
N0001022,WO0000627,PLT-RU-UTL-ELD,TR-UTL-ELD-01,2025-06-01,3,Operator Route,Utilities - Operations,Sensory Route,Insulation test trending below reference.,INSULATION_DEGRADATION,INSULATION_DEGRADATION,Electrical,,UTL-ELECTRICAL,Closed,2025-06-02,PM02,Completed,2025-07-05,2025-07-05,2025-07-05,2025-07-05,1,WORK_COMPLETED,Corrective scope executed and checked.,Component replacement,Component replacement performed; post-work functional check within tolerance.,TRUE,19.32,18604.19,,Recovery & Utilities,Utilities,SYS-RU-UTL-ELD,Electrical Distribution,Transformer,A,TRUE,FALSE,FALSE,FALSE,FALSE,,167,1,34,FALSE,R5,5,Defect,COMPLETED_CORRECTIVE_ACTION
N0001023,WO0000628,PLT-RU-RB-SMT,AG-RB-SMT-01,2025-06-02,2,Maintenance Sensory Route,Recovery Boiler - Maintenance Route A,Sensory Route,Rotating assembly shows dominant once-per-revolution vibration.,IMBALANCE,IMBALANCE,Mechanical,,RB-MECHANICAL,Closed,2025-06-03,PM02,Completed,2025-06-15,2025-06-15,2025-06-15,2025-06-15,0,WORK_COMPLETED,Corrective scope executed and checked.,Adjustment,Adjustment performed; post-work functional check within tolerance.,TRUE,13.34,6602.09,,Recovery & Utilities,Recovery Boiler,SYS-RU-RB-SMT,Smelt Handling,Agitator,B,TRUE,FALSE,FALSE,FALSE,FALSE,353,166,1,13,FALSE,R4,4,Defect almost failure,COMPLETED_CORRECTIVE_ACTION
N0001024,,PLT-FL-DRY-PMF,FT-DRY-PMF-01,2025-06-02,3,Planned Inspection,Drying - Inspection,Planned Inspection,Intermittent signal dropout at stable process conditions.,INTERMITTENT_SIGNAL,INTERMITTENT_SIGNAL,Instrumentation,,DRY-INSTRUMENTATION,Closed,,,,,,,,,NO_ACTION_REQUIRED,Notification dispositioned without corrective scope.,Inspection only,Field inspection completed; no corrective maintenance performed.,FALSE,1.64,291.37,,Fiber Line,Drying,SYS-FL-DRY-PMF,Pulp Machine Feed,Flow Transmitter,B,FALSE,TRUE,FALSE,TRUE,TRUE,141,166,,,FALSE,R7,7,Defect,CLOSED_UNCONFIRMED_WITHOUT_ORDER
N0001025,,PLT-FL-DIG-CHP,XV-DIG-CHP-01,2025-06-02,3,Planned Inspection,Digester - Inspection,Planned Inspection,Visible leakage at valve packing.,EXTERNAL_LEAKAGE,EXTERNAL_LEAKAGE,Instrumentation,Valves,DIG-VALVES,Closed,,,,,,,,,OPERATING_CONDITION,Observed response is within the current operating envelope.,Inspection only,Field inspection completed; no corrective maintenance performed.,FALSE,0.56,137.01,,Fiber Line,Digester,SYS-FL-DIG-CHP,Chip Feeding,On/Off Valve,B,FALSE,TRUE,FALSE,TRUE,TRUE,161,166,,,FALSE,R7,7,Defect,CLOSED_UNCONFIRMED_WITHOUT_ORDER
N0001026,WO0000629,PLT-FL-BLE-TWR,PV-BLE-TWR-01,2025-06-03,2,Planned Inspection,Bleaching - Inspection,Planned Inspection,Visible leakage at valve packing.,EXTERNAL_LEAKAGE,EXTERNAL_LEAKAGE,Instrumentation,,BLE-INSTRUMENTATION,Closed,2025-06-05,PM02,Completed,2025-07-10,2025-07-11,2025-07-10,2025-07-11,2,WORK_COMPLETED,Corrective scope executed and checked.,Seal replacement,Seal replacement performed; post-work functional check within tolerance.,TRUE,5.24,2766.04,,Fiber Line,Bleaching,SYS-FL-BLE-TWR,Bleaching Towers,Control Valve,B,TRUE,FALSE,FALSE,FALSE,FALSE,682,165,2,38,FALSE,R4,4,Defect almost failure,COMPLETED_CORRECTIVE_ACTION
N0001027,WO0000630,PLT-RU-RB-STM,PSHH-RB-STM-01,2025-06-04,3,Operator Route,Recovery Boiler - Operations,Sensory Route,Intermittent signal dropout at stable process conditions.,INTERMITTENT_SIGNAL,INTERMITTENT_SIGNAL,Automation,,RB-AUTOMATION,Closed,2025-06-06,PM02,Completed,2025-07-30,2025-07-31,2025-07-30,2025-07-31,1,WORK_COMPLETED,Corrective scope executed and checked.,Instrument replacement,Instrument replacement performed; post-work functional check within tolerance.,TRUE,6.06,4919.98,,Recovery & Utilities,Recovery Boiler,SYS-RU-RB-STM,Steam / Pressure Control,Pressure Switch,A,TRUE,FALSE,FALSE,FALSE,FALSE,,164,2,57,FALSE,R5,5,Defect,COMPLETED_CORRECTIVE_ACTION
N0001028,WO0000631,PLT-FL-BLE-CHM,P-BLE-CHM-01,2025-06-05,2,Condition Monitoring,Bleaching - Condition Monitoring,Predictive Route,Delivered flow below expected operating range.,LOW_FLOW,LOW_FLOW,Mechanical,,BLE-MECHANICAL,Closed,2025-06-10,PM02,Completed,2025-08-28,2025-08-30,2025-08-28,2025-08-30,5,WORK_COMPLETED,Corrective scope executed and checked.,Cleaning,Cleaning performed; post-work functional check within tolerance.,TRUE,9.13,2693.30,,Fiber Line,Bleaching,SYS-FL-BLE-CHM,Chemical Mixing,Pump,B,TRUE,FALSE,FALSE,FALSE,FALSE,599,163,5,86,FALSE,R4,4,Defect almost failure,COMPLETED_CORRECTIVE_ACTION
N0001029,,PLT-FL-DIG-CHP,XV-DIG-CHP-01,2025-06-05,3,Operator Report,Digester - Operations,,Valve travel sticks during small command changes.,VALVE_STICTION,VALVE_STICTION,Valves,,DIG-VALVES,Closed,,,,,,,,,NO_ACTION_REQUIRED,Notification dispositioned without corrective scope.,Inspection only,Field inspection completed; no corrective maintenance performed.,TRUE,1.18,203.46,,Fiber Line,Digester,SYS-FL-DIG-CHP,Chip Feeding,On/Off Valve,B,FALSE,TRUE,TRUE,FALSE,FALSE,,163,,,FALSE,R7,7,Defect,CLOSED_CONFIRMED_WITHOUT_ORDER
N0001030,WO0000632,PLT-FL-DIG-BLC,PT-DIG-BLC-01,2025-06-07,3,Planned Inspection,Digester - Inspection,Planned Inspection,Intermittent signal dropout at stable process conditions.,INTERMITTENT_SIGNAL,INTERMITTENT_SIGNAL,Instrumentation,,DIG-INSTRUMENTATION,Closed,2025-06-11,PM02,Completed,2025-07-28,2025-07-30,2025-07-28,2025-07-30,2,WORK_COMPLETED,Corrective scope executed and checked.,Instrument replacement,Instrument replacement performed; post-work functional check within tolerance.,TRUE,4.19,3403.38,,Fiber Line,Digester,SYS-FL-DIG-BLC,Blow / Pressure Control,Pressure Transmitter,A,TRUE,FALSE,FALSE,FALSE,FALSE,205,161,4,53,FALSE,R5,5,Defect,COMPLETED_CORRECTIVE_ACTION
N0001031,,PLT-FL-BLE-STW,M-BLE-STW-01,2025-06-11,3,Maintenance Sensory Route,Bleaching - Maintenance Route A,Sensory Route,Motor bearing vibration above baseline.,MOTOR_BEARING_VIBRATION,MOTOR_BEARING_VIBRATION,Condition Monitoring,,BLE-CONDITION_MONITORING,Closed,,,,,,,,,NO_ACTION_REQUIRED,Notification dispositioned without corrective scope.,Inspection only,Field inspection completed; no corrective maintenance performed.,TRUE,0.86,179.37,,Fiber Line,Bleaching,SYS-FL-BLE-STW,Stage Washing,Motor,B,FALSE,TRUE,TRUE,FALSE,FALSE,241,157,,,FALSE,R7,7,Defect,CLOSED_CONFIRMED_WITHOUT_ORDER
N0001032,WO0000633,PLT-FL-BLE-DOS,FV-BLE-DOS-01,2025-06-12,3,Maintenance Sensory Route,Bleaching - Maintenance Route A,Sensory Route,Actuator supply pressure decays while held.,ACTUATOR_LEAKAGE,ACTUATOR_LEAKAGE,Valves,,BLE-VALVES,Closed,2025-06-14,PM02,Completed,2025-08-01,2025-08-01,2025-08-01,2025-08-01,1,MONITOR_CONDITION,Condition recorded; continue observation without corrective work.,Inspection only,Inspected and recorded readings; no component correction performed.,TRUE,0.33,122.90,,Fiber Line,Bleaching,SYS-FL-BLE-DOS,Chemical Dosing,Control Valve,B,TRUE,FALSE,FALSE,FALSE,FALSE,291,156,2,50,FALSE,R7,7,Defect,MONITOR_CONDITION
N0001033,WO0000634,PLT-FL-DIG-DIS,M-DIG-DIS-01,2025-06-13,3,Condition Monitoring,Digester - Condition Monitoring,Predictive Route,Oil condition test indicates degraded lubricant.,OIL_DEGRADATION,OIL_DEGRADATION,Lubrication,,DIG-LUBRICATION,Closed,2025-06-18,PM02,Completed,2025-09-02,2025-09-04,2025-09-02,2025-09-04,4,WORK_COMPLETED,Corrective scope executed and checked.,Lubrication,Lubrication performed; post-work functional check within tolerance.,TRUE,7.97,4478.52,,Fiber Line,Digester,SYS-FL-DIG-DIS,Digester Discharge,Motor,A,TRUE,FALSE,FALSE,FALSE,FALSE,,155,5,83,FALSE,R5,5,Defect,COMPLETED_CORRECTIVE_ACTION
N0001034,WO0000635,PLT-FL-DIG-IMP,M-DIG-IMP-01,2025-06-13,2,Operator Route,Digester - Operations,Sensory Route,Localized heating at electrical connection.,TERMINAL_HEATING,TERMINAL_HEATING,Condition Monitoring,,DIG-CONDITION_MONITORING,Closed,2025-06-15,PM02,Completed,2025-07-10,2025-07-10,2025-07-10,2025-07-10,1,WORK_COMPLETED,Corrective scope executed and checked.,Tightening,Tightening performed; post-work functional check within tolerance.,TRUE,4.61,1129.38,,Fiber Line,Digester,SYS-FL-DIG-IMP,Impregnation,Motor,A,TRUE,FALSE,FALSE,FALSE,FALSE,821,155,2,27,FALSE,R2,2,Defect almost failure,COMPLETED_CORRECTIVE_ACTION
N0001035,,PLT-FL-DIG-CHP,XV-DIG-CHP-01,2025-06-13,3,Planned Inspection,Digester - Inspection,Planned Inspection,Actuator supply pressure decays while held.,ACTUATOR_LEAKAGE,ACTUATOR_LEAKAGE,Valves,,DIG-VALVES,Closed,,,,,,,,,NO_ACTION_REQUIRED,Notification dispositioned without corrective scope.,Inspection only,Field inspection completed; no corrective maintenance performed.,TRUE,1.42,289.28,,Fiber Line,Digester,SYS-FL-DIG-CHP,Chip Feeding,On/Off Valve,B,FALSE,TRUE,TRUE,FALSE,FALSE,443,155,,,FALSE,R7,7,Defect,CLOSED_CONFIRMED_WITHOUT_ORDER
N0001036,WO0000636,PLT-RU-UTL-PWT,FT-UTL-PWT-01,2025-06-14,3,Planned Inspection,Utilities - Inspection,Planned Inspection,Measured output outside calibration tolerance.,CALIBRATION_DEVIATION,CALIBRATION_DEVIATION,Instrumentation,,UTL-INSTRUMENTATION,Closed,2025-06-18,PM02,Completed,2025-08-28,2025-08-29,2025-08-28,2025-08-29,5,WORK_COMPLETED,Corrective scope executed and checked.,Calibration,Calibration performed; post-work functional check within tolerance.,TRUE,3.24,956.47,,Recovery & Utilities,Utilities,SYS-RU-UTL-PWT,Process Water,Flow Transmitter,B,TRUE,FALSE,FALSE,FALSE,FALSE,517,154,4,76,FALSE,R7,7,Defect,COMPLETED_CORRECTIVE_ACTION
N0001037,WO0000637,PLT-FL-DRY-PRS,HY-DRY-PRS-01,2025-06-14,2,Operator Report,Drying - Operations,,Hydraulic header pressure oscillates under steady demand.,HYD_PRESS_INSTABILITY,HYD_PRESS_INSTABILITY,Mechanical,,DRY-MECHANICAL,Closed,2025-06-16,PM02,Completed,2025-07-09,2025-07-09,2025-07-09,2025-07-09,1,WORK_COMPLETED,Corrective scope executed and checked.,Component replacement,Component replacement performed; post-work functional check within tolerance.,TRUE,9.98,8216.05,,Fiber Line,Drying,SYS-FL-DRY-PRS,Press Section,Hydraulic Actuator,A,TRUE,FALSE,FALSE,FALSE,FALSE,532,154,2,25,FALSE,R2,2,Defect almost failure,COMPLETED_CORRECTIVE_ACTION
N0001038,,PLT-RU-RB-SBL,XV-RB-SBL-01,2025-06-15,3,Planned Inspection,Recovery Boiler - Inspection,Planned Inspection,Actuator supply pressure decays while held.,ACTUATOR_LEAKAGE,ACTUATOR_LEAKAGE,Valves,,RB-VALVES,Closed,,,,,,,,,MONITOR_CONDITION,Condition recorded; continue observation without corrective work.,Inspection only,Field inspection completed; no corrective maintenance performed.,TRUE,0.71,136.62,,Recovery & Utilities,Recovery Boiler,SYS-RU-RB-SBL,Sootblowing,On/Off Valve,B,FALSE,TRUE,TRUE,FALSE,FALSE,,153,,,FALSE,R7,7,Defect,CLOSED_CONFIRMED_WITHOUT_ORDER
N0001039,WO0000638,PLT-FL-WSH-FIL,LT-WSH-FIL-01,2025-06-20,1,Breakdown / Corrective,Washing & Screening - Operations,,Intermittent signal dropout at stable process conditions.,INTERMITTENT_SIGNAL,INTERMITTENT_SIGNAL,Instrumentation,,WSH-INSTRUMENTATION,Closed,2025-06-25,CM01,Completed,2025-06-25,2025-06-26,2025-06-25,2025-06-26,0,WORK_COMPLETED,Corrective scope executed and checked.,Instrument replacement,Instrument replacement performed; post-work functional check within tolerance.,TRUE,7.64,6201.08,,Fiber Line,Washing & Screening,SYS-FL-WSH-FIL,Filtrate System,Level Transmitter,C,TRUE,FALSE,FALSE,FALSE,TRUE,134,148,5,6,FALSE,R6,6,Fault,COMPLETED_CORRECTIVE_ACTION
N0001040,WO0000639,PLT-RU-CAU-REA,M-CAU-REA-01,2025-06-21,2,Condition Monitoring,Causticizing - Condition Monitoring,Predictive Route,Localized heating at electrical connection.,TERMINAL_HEATING,TERMINAL_HEATING,Condition Monitoring,,CAU-CONDITION_MONITORING,Closed,2025-06-22,PM02,Completed,2025-07-05,2025-07-07,2025-07-05,2025-07-07,0,WORK_COMPLETED,Corrective scope executed and checked.,Tightening,Tightening performed; post-work functional check within tolerance.,TRUE,4.69,1149.56,,Recovery & Utilities,Causticizing,SYS-RU-CAU-REA,Causticizing Reactors,Motor,B,TRUE,FALSE,FALSE,FALSE,FALSE,,147,1,16,FALSE,R4,4,Defect almost failure,COMPLETED_CORRECTIVE_ACTION
N0001041,WO0000640,PLT-RU-LIM-BRN,BRN-LIM-BRN-01,2025-06-22,3,Maintenance Sensory Route,Lime Kiln - Maintenance Route A,Sensory Route,Process differential pressure above normal operating range.,PROCESS_RESTRICTION,PROCESS_RESTRICTION,Mechanical,,LIM-MECHANICAL,Closed,2025-06-27,PM02,Completed,2025-09-08,2025-09-09,2025-09-08,2025-09-09,3,WORK_COMPLETED,Corrective scope executed and checked.,Cleaning,Cleaning performed; post-work functional check within tolerance.,TRUE,12.28,3867.03,,Recovery & Utilities,Lime Kiln,SYS-RU-LIM-BRN,Burner System,Burner,B,TRUE,FALSE,FALSE,FALSE,FALSE,251,146,5,79,FALSE,R7,7,Defect,COMPLETED_CORRECTIVE_ACTION
N0001042,WO0000641,PLT-FL-DRY-DRS,FAN-DRY-DRS-01,2025-06-23,2,Process Alarm,Drying - Control Room,Process / Control Monitoring,Fan bearing vibration trending above baseline.,FAN_BEARING_VIBRATION,FAN_BEARING_VIBRATION,Mechanical,,DRY-MECHANICAL,Closed,2025-06-24,PM02,Completed,2025-07-18,2025-07-18,2025-07-18,2025-07-18,1,WORK_COMPLETED,Corrective scope executed and checked.,Bearing replacement,Bearing replacement performed; post-work functional check within tolerance.,TRUE,27.69,22012.06,,Fiber Line,Drying,SYS-FL-DRY-DRS,Dryer Section,Fan,A,TRUE,FALSE,FALSE,FALSE,TRUE,168,145,1,25,FALSE,R2,2,Defect almost failure,COMPLETED_CORRECTIVE_ACTION
N0001043,WO0000642,PLT-FL-DRY-FOR,M-DRY-FOR-01,2025-06-26,2,Maintenance Sensory Route,Drying - Maintenance Route A,Sensory Route,Lubricant level below normal mark.,LOW_LUBE_LEVEL,LOW_LUBE_LEVEL,Lubrication,,DRY-LUBRICATION,Closed,2025-06-28,PM02,Completed,2025-07-14,2025-07-16,2025-07-14,2025-07-16,0,WORK_COMPLETED,Corrective scope executed and checked.,Lubrication,Lubrication performed; post-work functional check within tolerance.,TRUE,2.13,1055.39,,Fiber Line,Drying,SYS-FL-DRY-FOR,Forming Section,Motor,A,TRUE,FALSE,FALSE,FALSE,FALSE,,142,2,20,FALSE,R2,2,Defect almost failure,COMPLETED_CORRECTIVE_ACTION
N0001044,WO0000643,PLT-FL-BLE-DOS,FV-BLE-DOS-01,2025-06-28,3,Operator Report,Bleaching - Operations,,Valve feedback differs from demanded position.,POSITIONER_DEVIATION,POSITIONER_DEVIATION,Valves,,BLE-VALVES,Closed,2025-06-28,PM02,Completed,2025-08-06,2025-08-07,2025-08-06,2025-08-07,2,WORK_COMPLETED,Corrective scope executed and checked.,Calibration,Calibration performed; post-work functional check within tolerance.,TRUE,4.72,1510.29,,Fiber Line,Bleaching,SYS-FL-BLE-DOS,Chemical Dosing,Control Valve,B,TRUE,FALSE,FALSE,FALSE,FALSE,485,140,0,40,FALSE,R7,7,Defect,COMPLETED_CORRECTIVE_ACTION
N0001045,WO0000644,PLT-FL-BLE-TWR,LT-BLE-TWR-01,2025-06-28,3,Operator Route,Bleaching - Operations,Sensory Route,Indicated value drifts from independent reference.,SIGNAL_DRIFT,SIGNAL_DRIFT,Instrumentation,,BLE-INSTRUMENTATION,Closed,2025-06-28,PM02,Completed,2025-08-04,2025-08-04,2025-08-04,2025-08-04,2,WORK_COMPLETED,Corrective scope executed and checked.,Calibration,Calibration performed; post-work functional check within tolerance.,TRUE,2.60,767.30,,Fiber Line,Bleaching,SYS-FL-BLE-TWR,Bleaching Towers,Level Transmitter,B,TRUE,FALSE,FALSE,FALSE,FALSE,266,140,0,37,FALSE,R7,7,Defect,COMPLETED_CORRECTIVE_ACTION
N0001046,WO0000645,PLT-RU-UTL-AIR,CMP-UTL-AIR-01,2025-06-29,2,Planned Inspection,Utilities - Inspection,Planned Inspection,Rotating assembly shows dominant once-per-revolution vibration.,IMBALANCE,IMBALANCE,Mechanical,,UTL-MECHANICAL,Closed,2025-07-01,PM02,Completed,2025-07-28,2025-07-30,2025-07-28,2025-07-30,1,WORK_COMPLETED,Corrective scope executed and checked.,Adjustment,Adjustment performed; post-work functional check within tolerance.,TRUE,13.45,6658.02,,Recovery & Utilities,Utilities,SYS-RU-UTL-AIR,Compressed Air,Compressor,A,TRUE,FALSE,FALSE,FALSE,FALSE,,139,2,31,FALSE,R2,2,Defect almost failure,COMPLETED_CORRECTIVE_ACTION
N0001047,WO0000646,PLT-FL-DRY-FOR,P-DRY-FOR-01,2025-06-29,2,Operator Route,Drying - Operations,Sensory Route,Bearing temperature trending above baseline.,BEARING_TEMPERATURE,BEARING_TEMPERATURE,Mechanical,,DRY-MECHANICAL,Closed,2025-06-29,PM02,Completed,2025-07-02,2025-07-02,2025-07-02,2025-07-02,0,WORK_COMPLETED,Corrective scope executed and checked.,Bearing replacement,Bearing replacement performed; post-work functional check within tolerance.,TRUE,19.72,14130.22,,Fiber Line,Drying,SYS-FL-DRY-FOR,Forming Section,Pump,B,TRUE,FALSE,FALSE,FALSE,FALSE,184,139,0,3,FALSE,R4,4,Defect almost failure,COMPLETED_CORRECTIVE_ACTION
N0001048,,PLT-RU-RB-FWS,PT-RB-FWS-01,2025-06-30,2,Operator Report,Recovery Boiler - Operations,,Intermittent signal dropout at stable process conditions.,INTERMITTENT_SIGNAL,INTERMITTENT_SIGNAL,Instrumentation,,RB-INSTRUMENTATION,Closed,,,,,,,,,NO_ACTION_REQUIRED,Notification dispositioned without corrective scope.,Inspection only,Field inspection completed; no corrective maintenance performed.,TRUE,0.67,189.77,,Recovery & Utilities,Recovery Boiler,SYS-RU-RB-FWS,Feedwater System,Pressure Transmitter,A,FALSE,TRUE,TRUE,FALSE,FALSE,573,138,,,FALSE,R2,2,Defect almost failure,CLOSED_CONFIRMED_WITHOUT_ORDER
N0001049,,PLT-RU-EVA-CIR,PV-EVA-CIR-01,2025-06-30,1,Breakdown / Corrective,Evaporation - Operations,,Valve travel sticks during small command changes.,VALVE_STICTION,VALVE_STICTION,Valves,,EVA-VALVES,Closed,,,,,,,,,NO_ACTION_REQUIRED,Notification dispositioned without corrective scope.,Inspection only,Field inspection completed; no corrective maintenance performed.,TRUE,0.54,128.30,,Recovery & Utilities,Evaporation,SYS-RU-EVA-CIR,Evaporator Circulation,Control Valve,B,FALSE,TRUE,TRUE,FALSE,FALSE,853,138,,,FALSE,R3,3,Fault,CLOSED_CONFIRMED_WITHOUT_ORDER
N0001050,,PLT-RU-RB-STM,PV-RB-STM-01,2025-07-01,3,Operator Route,Recovery Boiler - Operations,Sensory Route,Actuator supply pressure decays while held.,ACTUATOR_LEAKAGE,ACTUATOR_LEAKAGE,Instrumentation,Valves,RB-VALVES,Closed,,,,,,,,,NO_ACTION_REQUIRED,Notification dispositioned without corrective scope.,Inspection only,Field inspection completed; no corrective maintenance performed.,TRUE,1.48,300.05,,Recovery & Utilities,Recovery Boiler,SYS-RU-RB-STM,Steam / Pressure Control,Control Valve,A,FALSE,TRUE,TRUE,FALSE,TRUE,100,137,,,FALSE,R5,5,Defect,CLOSED_CONFIRMED_WITHOUT_ORDER
N0001051,,PLT-RU-LIM-DRV,GB-LIM-DRV-01,2025-07-02,2,Operator Route,Lime Kiln - Operations,Sensory Route,Gearbox oil temperature above normal trend.,GEARBOX_OVERHEATING,GEARBOX_OVERHEATING,Mechanical,,LIM-MECHANICAL,Closed,,,,,,,,,OPERATING_CONDITION,Observed response is within the current operating envelope.,Inspection only,Field inspection completed; no corrective maintenance performed.,FALSE,1.40,241.15,,Recovery & Utilities,Lime Kiln,SYS-RU-LIM-DRV,Kiln Drive,Gearbox,A,FALSE,TRUE,FALSE,TRUE,FALSE,616,136,,,FALSE,R2,2,Defect almost failure,CLOSED_UNCONFIRMED_WITHOUT_ORDER
N0001052,WO0000647,PLT-FL-BLE-CHM,AG-BLE-CHM-01,2025-07-03,3,Condition Monitoring,Bleaching - Condition Monitoring,Predictive Route,Bearing temperature trending above baseline.,BEARING_TEMPERATURE,BEARING_TEMPERATURE,Mechanical,,BLE-MECHANICAL,Closed,2025-07-06,PM02,Completed,2025-07-31,2025-08-01,2025-07-31,2025-08-01,0,WORK_COMPLETED,Corrective scope executed and checked.,Bearing replacement,Bearing replacement performed; post-work functional check within tolerance.,TRUE,16.27,11656.81,,Fiber Line,Bleaching,SYS-FL-BLE-CHM,Chemical Mixing,Agitator,B,TRUE,FALSE,FALSE,FALSE,FALSE,770,135,3,29,FALSE,R7,7,Defect,COMPLETED_CORRECTIVE_ACTION
N0001053,WO0000648,PLT-RU-UTL-BFW,M-UTL-BFW-01,2025-07-05,3,Condition Monitoring,Utilities - Condition Monitoring,Predictive Route,Motor bearing vibration above baseline.,MOTOR_BEARING_VIBRATION,MOTOR_BEARING_VIBRATION,Electrical,,UTL-ELECTRICAL,Closed,2025-07-08,PM02,Completed,2025-09-11,2025-09-12,2025-09-11,2025-09-12,3,WORK_COMPLETED,Corrective scope executed and checked.,Bearing replacement,Bearing replacement performed; post-work functional check within tolerance.,TRUE,17.32,11168.83,,Recovery & Utilities,Utilities,SYS-RU-UTL-BFW,Boiler Feedwater,Motor,A,TRUE,FALSE,FALSE,FALSE,FALSE,832,133,3,69,FALSE,R5,5,Defect,COMPLETED_CORRECTIVE_ACTION
N0001054,WO0000649,PLT-RU-UTL-AIR,DRY-UTL-AIR-01,2025-07-06,3,Operator Route,Utilities - Operations,Sensory Route,Process differential pressure above normal operating range.,PROCESS_RESTRICTION,PROCESS_RESTRICTION,Mechanical,,UTL-MECHANICAL,Closed,2025-07-07,PM02,Completed,2025-09-08,2025-09-09,2025-09-08,2025-09-09,3,WORK_COMPLETED,Corrective scope executed and checked.,Cleaning,Cleaning performed; post-work functional check within tolerance.,TRUE,7.53,2371.36,,Recovery & Utilities,Utilities,SYS-RU-UTL-AIR,Compressed Air,Air Dryer,B,TRUE,FALSE,FALSE,FALSE,FALSE,522,132,1,65,FALSE,R7,7,Defect,COMPLETED_CORRECTIVE_ACTION
N0001055,,PLT-FL-DRY-PMF,FT-DRY-PMF-01,2025-07-08,2,Process Alarm,Drying - Control Room,Process / Control Monitoring,Indicated value drifts from independent reference.,SIGNAL_DRIFT,SIGNAL_DRIFT,Instrumentation,,DRY-INSTRUMENTATION,Closed,,,,,,,,,NO_ACTION_REQUIRED,Notification dispositioned without corrective scope.,Inspection only,Field inspection completed; no corrective maintenance performed.,TRUE,1.49,264.08,,Fiber Line,Drying,SYS-FL-DRY-PMF,Pulp Machine Feed,Flow Transmitter,B,FALSE,TRUE,TRUE,FALSE,TRUE,68,130,,,FALSE,R4,4,Defect almost failure,CLOSED_CONFIRMED_WITHOUT_ORDER
N0001056,WO0000650,PLT-RU-RB-SBL,SBL-RB-SBL-01,2025-07-09,2,Operator Route,Recovery Boiler - Operations,Sensory Route,Process differential pressure above normal operating range.,PROCESS_RESTRICTION,PROCESS_RESTRICTION,Mechanical,,RB-MECHANICAL,Closed,2025-07-14,PM02,Completed,2025-08-05,2025-08-05,2025-08-05,2025-08-05,1,WORK_COMPLETED,Corrective scope executed and checked.,Cleaning,Cleaning performed; post-work functional check within tolerance.,TRUE,12.37,3895.27,,Recovery & Utilities,Recovery Boiler,SYS-RU-RB-SBL,Sootblowing,Sootblower,B,TRUE,FALSE,FALSE,FALSE,FALSE,437,129,5,27,FALSE,R4,4,Defect almost failure,COMPLETED_CORRECTIVE_ACTION
N0001057,WO0000651,PLT-RU-LIM-DRV,DRV-LIM-DRV-01,2025-07-11,1,Breakdown / Corrective,Lime Kiln - Operations,,Bearing temperature trending above baseline.,BEARING_TEMPERATURE,BEARING_TEMPERATURE,Mechanical,,LIM-MECHANICAL,Closed,2025-07-14,CM01,Completed,2025-07-27,2025-07-29,2025-07-27,2025-07-29,1,MONITOR_CONDITION,Condition recorded; continue observation without corrective work.,Inspection only,Inspected and recorded readings; no component correction performed.,TRUE,1.30,267.50,,Recovery & Utilities,Lime Kiln,SYS-RU-LIM-DRV,Kiln Drive,Drive,A,TRUE,FALSE,FALSE,FALSE,FALSE,313,127,3,18,FALSE,R1,1,Fault,MONITOR_CONDITION
N0001058,,PLT-RU-CAU-REA,AG-CAU-REA-01,2025-07-13,3,Process Alarm,Causticizing - Control Room,Process / Control Monitoring,Rotating assembly shows dominant once-per-revolution vibration.,IMBALANCE,IMBALANCE,Mechanical,Lubrication,CAU-LUBRICATION,Closed,,,,,,,,,MONITOR_CONDITION,Condition recorded; continue observation without corrective work.,Inspection only,Field inspection completed; no corrective maintenance performed.,TRUE,1.14,240.06,,Recovery & Utilities,Causticizing,SYS-RU-CAU-REA,Causticizing Reactors,Agitator,B,FALSE,TRUE,TRUE,FALSE,FALSE,897,125,,,FALSE,R7,7,Defect,CLOSED_CONFIRMED_WITHOUT_ORDER
N0001059,WO0000652,PLT-FL-DRY-FOR,PT-DRY-FOR-01,2025-07-13,3,Operator Route,Drying - Operations,Sensory Route,Intermittent signal dropout at stable process conditions.,INTERMITTENT_SIGNAL,INTERMITTENT_SIGNAL,Instrumentation,,DRY-INSTRUMENTATION,Closed,2025-07-15,PM02,Completed,2025-08-10,2025-08-12,2025-08-10,2025-08-12,1,WORK_COMPLETED,Corrective scope executed and checked.,Instrument replacement,Instrument replacement performed; post-work functional check within tolerance.,TRUE,4.11,3335.26,,Fiber Line,Drying,SYS-FL-DRY-FOR,Forming Section,Pressure Transmitter,C,TRUE,FALSE,FALSE,FALSE,FALSE,202,125,2,30,FALSE,R9,9,Defect,COMPLETED_CORRECTIVE_ACTION
N0001060,WO0000653,PLT-RU-LIM-IDF,DV-LIM-IDF-01,2025-07-14,2,Operator Route,Lime Kiln - Operations,Sensory Route,Process differential pressure above normal operating range.,PROCESS_RESTRICTION,PROCESS_RESTRICTION,Mechanical,,LIM-MECHANICAL,Closed,2025-07-15,PM02,Completed,2025-08-16,2025-08-16,2025-08-16,2025-08-16,1,WORK_COMPLETED,Corrective scope executed and checked.,Cleaning,Cleaning performed; post-work functional check within tolerance.,TRUE,11.20,3528.02,,Recovery & Utilities,Lime Kiln,SYS-RU-LIM-IDF,Induced Draft,Damper,B,TRUE,FALSE,FALSE,FALSE,FALSE,700,124,1,33,FALSE,R4,4,Defect almost failure,COMPLETED_CORRECTIVE_ACTION
N0001061,WO0000654,PLT-RU-RB-AIR,FT-RB-AIR-01,2025-07-14,3,Operator Report,Recovery Boiler - Operations,,Control sequence response differs from approved logic.,CONTROL_SEQUENCE_DEVIATION,CONTROL_SEQUENCE_DEVIATION,Automation,,RB-AUTOMATION,Closed,2025-07-19,PM02,Completed,2025-09-27,2025-09-27,2025-09-27,2025-09-27,2,WORK_COMPLETED,Corrective scope executed and checked.,Control logic correction,Control logic correction performed; post-work functional check within tolerance.,TRUE,5.60,1651.77,,Recovery & Utilities,Recovery Boiler,SYS-RU-RB-AIR,Combustion Air,Flow Transmitter,B,TRUE,FALSE,FALSE,FALSE,FALSE,791,124,5,75,FALSE,R7,7,Defect,COMPLETED_CORRECTIVE_ACTION
N0001062,,PLT-RU-LIM-BRN,FV-LIM-BRN-01,2025-07-14,2,Operator Report,Lime Kiln - Operations,,Valve travel sticks during small command changes.,VALVE_STICTION,VALVE_STICTION,Valves,,LIM-VALVES,Closed,,,,,,,,,MONITOR_CONDITION,Condition recorded; continue observation without corrective work.,Inspection only,Field inspection completed; no corrective maintenance performed.,TRUE,0.49,105.35,,Recovery & Utilities,Lime Kiln,SYS-RU-LIM-BRN,Burner System,Control Valve,B,FALSE,TRUE,TRUE,FALSE,TRUE,121,124,,,FALSE,R4,4,Defect almost failure,CLOSED_CONFIRMED_WITHOUT_ORDER
N0001063,WO0000655,PLT-FL-DIG-DIS,LT-DIG-DIS-01,2025-07-16,3,Planned Inspection,Digester - Inspection,Planned Inspection,Measured output outside calibration tolerance.,CALIBRATION_DEVIATION,CALIBRATION_DEVIATION,Instrumentation,,DIG-INSTRUMENTATION,Closed,2025-07-19,PM02,Completed,2025-08-02,2025-08-02,2025-08-02,2025-08-02,0,WORK_COMPLETED,Corrective scope executed and checked.,Calibration,Calibration performed; post-work functional check within tolerance.,TRUE,5.07,1494.21,,Fiber Line,Digester,SYS-FL-DIG-DIS,Digester Discharge,Level Transmitter,B,TRUE,FALSE,FALSE,FALSE,FALSE,717,122,3,17,FALSE,R7,7,Defect,COMPLETED_CORRECTIVE_ACTION
N0001064,,PLT-FL-WSH-FIL,FV-WSH-FIL-01,2025-07-18,3,Planned Inspection,Washing & Screening - Inspection,Planned Inspection,Visible leakage at valve packing.,EXTERNAL_LEAKAGE,EXTERNAL_LEAKAGE,Valves,,WSH-VALVES,Closed,,,,,,,,,MONITOR_CONDITION,Condition recorded; continue observation without corrective work.,Inspection only,Field inspection completed; no corrective maintenance performed.,TRUE,0.59,121.77,,Fiber Line,Washing & Screening,SYS-FL-WSH-FIL,Filtrate System,Control Valve,C,FALSE,TRUE,TRUE,FALSE,FALSE,202,120,,,FALSE,R9,9,Defect,CLOSED_CONFIRMED_WITHOUT_ORDER
N0001065,,PLT-FL-BLE-CHM,P-BLE-CHM-01,2025-07-20,3,Condition Monitoring,Bleaching - Condition Monitoring,Predictive Route,Elevated vibration at pump bearing housing.,PUMP_BEARING_VIBRATION,PUMP_BEARING_VIBRATION,Mechanical,,BLE-MECHANICAL,Closed,,,,,,,,,NO_ACTION_REQUIRED,Notification dispositioned without corrective scope.,Inspection only,Field inspection completed; no corrective maintenance performed.,TRUE,1.05,231.20,,Fiber Line,Bleaching,SYS-FL-BLE-CHM,Chemical Mixing,Pump,B,FALSE,TRUE,TRUE,FALSE,FALSE,477,118,,,FALSE,R7,7,Defect,CLOSED_CONFIRMED_WITHOUT_ORDER
N0001066,,PLT-RU-RB-AIR,FT-RB-AIR-01,2025-07-21,3,Operator Report,Recovery Boiler - Operations,,Indicated value drifts from independent reference.,SIGNAL_DRIFT,SIGNAL_DRIFT,Instrumentation,Automation,RB-AUTOMATION,Closed,,,,,,,,,NO_ACTION_REQUIRED,Notification dispositioned without corrective scope.,Inspection only,Field inspection completed; no corrective maintenance performed.,FALSE,1.00,197.84,,Recovery & Utilities,Recovery Boiler,SYS-RU-RB-AIR,Combustion Air,Flow Transmitter,B,FALSE,TRUE,FALSE,TRUE,FALSE,543,117,,,FALSE,R7,7,Defect,CLOSED_UNCONFIRMED_WITHOUT_ORDER
N0001067,,PLT-FL-WSH-KNR,XV-WSH-KNR-01,2025-07-21,3,Planned Inspection,Washing & Screening - Inspection,Planned Inspection,Actuator supply pressure decays while held.,ACTUATOR_LEAKAGE,ACTUATOR_LEAKAGE,Valves,Instrumentation,WSH-INSTRUMENTATION,Closed,,,,,,,,,OPERATING_CONDITION,Observed response is within the current operating envelope.,Inspection only,Field inspection completed; no corrective maintenance performed.,FALSE,1.88,356.86,,Fiber Line,Washing & Screening,SYS-FL-WSH-KNR,Knot Removal,On/Off Valve,C,FALSE,TRUE,FALSE,TRUE,TRUE,148,117,,,FALSE,R9,9,Defect,CLOSED_UNCONFIRMED_WITHOUT_ORDER
N0001068,WO0000656,PLT-RU-CAU-GLC,LT-CAU-GLC-01,2025-07-22,3,Planned Inspection,Causticizing - Inspection,Planned Inspection,Control sequence response differs from approved logic.,CONTROL_SEQUENCE_DEVIATION,CONTROL_SEQUENCE_DEVIATION,Automation,,CAU-AUTOMATION,Closed,2025-07-23,PM02,Completed,2025-08-09,2025-08-10,2025-08-09,2025-08-10,0,WORK_COMPLETED,Corrective scope executed and checked.,Control logic correction,Control logic correction performed; post-work functional check within tolerance.,TRUE,9.75,2876.57,,Recovery & Utilities,Causticizing,SYS-RU-CAU-GLC,Green Liquor Clarification,Level Transmitter,B,TRUE,FALSE,FALSE,FALSE,FALSE,712,116,1,19,FALSE,R7,7,Defect,COMPLETED_CORRECTIVE_ACTION
N0001069,,PLT-RU-CAU-REA,M-CAU-REA-01,2025-07-23,3,Condition Monitoring,Causticizing - Condition Monitoring,Predictive Route,Insulation test trending below reference.,INSULATION_DEGRADATION,INSULATION_DEGRADATION,Electrical,,CAU-ELECTRICAL,Closed,,,,,,,,,MONITOR_CONDITION,Condition recorded; continue observation without corrective work.,Inspection only,Field inspection completed; no corrective maintenance performed.,TRUE,0.91,225.89,,Recovery & Utilities,Causticizing,SYS-RU-CAU-REA,Causticizing Reactors,Motor,B,FALSE,TRUE,TRUE,FALSE,FALSE,829,115,,,FALSE,R7,7,Defect,CLOSED_CONFIRMED_WITHOUT_ORDER
N0001070,,PLT-RU-UTL-PWT,M-UTL-PWT-01,2025-07-26,2,Condition Monitoring,Utilities - Condition Monitoring,Predictive Route,Motor temperature rising at normal load.,MOTOR_OVERHEATING,MOTOR_OVERHEATING,Electrical,,UTL-ELECTRICAL,Closed,,,,,,,,,MONITOR_CONDITION,Condition recorded; continue observation without corrective work.,Inspection only,Field inspection completed; no corrective maintenance performed.,TRUE,0.34,133.00,,Recovery & Utilities,Utilities,SYS-RU-UTL-PWT,Process Water,Motor,B,FALSE,TRUE,TRUE,FALSE,FALSE,720,112,,,FALSE,R4,4,Defect almost failure,CLOSED_CONFIRMED_WITHOUT_ORDER
N0001071,WO0000657,PLT-FL-DRY-LUB,LU-DRY-LUB-01,2025-07-27,2,Planned Inspection,Drying - Inspection,Planned Inspection,Lubricant level below normal mark.,LOW_LUBE_LEVEL,LOW_LUBE_LEVEL,Lubrication,,DRY-LUBRICATION,Closed,2025-08-01,PM02,Completed,2025-08-20,2025-08-21,2025-08-20,2025-08-21,1,WORK_COMPLETED,Corrective scope executed and checked.,Lubrication,Lubrication performed; post-work functional check within tolerance.,TRUE,2.70,1337.31,,Fiber Line,Drying,SYS-FL-DRY-LUB,Lubrication System,Lubrication Unit,A,TRUE,FALSE,FALSE,FALSE,FALSE,558,111,5,25,FALSE,R2,2,Defect almost failure,COMPLETED_CORRECTIVE_ACTION
N0001072,WO0000658,PLT-RU-CAU-GLC,P-CAU-GLC-01,2025-07-30,2,Maintenance Sensory Route,Causticizing - Maintenance Route A,Sensory Route,Elevated vibration at pump bearing housing.,PUMP_BEARING_VIBRATION,PUMP_BEARING_VIBRATION,Mechanical,,CAU-MECHANICAL,Closed,2025-08-01,PM02,Cancelled,2025-08-28,2025-08-29,,,1,CANCELLED,Order cancelled after scope review; no execution recorded.,,,TRUE,1.22,217.08,,Recovery & Utilities,Causticizing,SYS-RU-CAU-GLC,Green Liquor Clarification,Pump,B,TRUE,FALSE,FALSE,FALSE,FALSE,,108,2,,FALSE,R4,4,Defect almost failure,CANCELLED
N0001073,WO0000659,PLT-FL-DRY-HYD,PT-DRY-HYD-01,2025-07-30,3,Planned Inspection,Drying - Inspection,Planned Inspection,Pressure response delayed during process change.,IMPULSE_LINE_RESTRICTION,IMPULSE_LINE_RESTRICTION,Instrumentation,,DRY-INSTRUMENTATION,Closed,2025-08-02,PM02,Completed,2025-09-17,2025-09-17,2025-09-17,2025-09-17,2,WORK_COMPLETED,Corrective scope executed and checked.,Cleaning,Cleaning performed; post-work functional check within tolerance.,TRUE,3.96,1049.81,,Fiber Line,Drying,SYS-FL-DRY-HYD,Hydraulic System,Pressure Transmitter,B,TRUE,FALSE,FALSE,FALSE,FALSE,422,108,3,49,FALSE,R7,7,Defect,COMPLETED_CORRECTIVE_ACTION
N0001074,,PLT-FL-DRY-PRS,PT-DRY-PRS-01,2025-07-31,3,Operator Route,Drying - Operations,Sensory Route,Indicated value drifts from independent reference.,SIGNAL_DRIFT,SIGNAL_DRIFT,Instrumentation,,DRY-INSTRUMENTATION,Closed,,,,,,,,,NO_ACTION_REQUIRED,Notification dispositioned without corrective scope.,Inspection only,Field inspection completed; no corrective maintenance performed.,TRUE,1.51,293.42,,Fiber Line,Drying,SYS-FL-DRY-PRS,Press Section,Pressure Transmitter,B,FALSE,TRUE,TRUE,FALSE,FALSE,465,107,,,FALSE,R7,7,Defect,CLOSED_CONFIRMED_WITHOUT_ORDER
N0001075,,PLT-FL-DIG-BLC,XV-DIG-BLC-01,2025-07-31,2,Planned Inspection,Digester - Inspection,Planned Inspection,Valve travel sticks during small command changes.,VALVE_STICTION,VALVE_STICTION,Valves,,DIG-VALVES,Closed,,,,,,,,,MONITOR_CONDITION,Condition recorded; continue observation without corrective work.,Inspection only,Field inspection completed; no corrective maintenance performed.,TRUE,1.07,241.73,,Fiber Line,Digester,SYS-FL-DIG-BLC,Blow / Pressure Control,On/Off Valve,A,FALSE,TRUE,TRUE,FALSE,FALSE,751,107,,,FALSE,R2,2,Defect almost failure,CLOSED_CONFIRMED_WITHOUT_ORDER
N0001076,,PLT-RU-UTL-BFW,P-UTL-BFW-01,2025-08-01,3,Operator Route,Utilities - Operations,Sensory Route,Delivered flow below expected operating range.,LOW_FLOW,LOW_FLOW,Mechanical,,UTL-MECHANICAL,Closed,,,,,,,,,MONITOR_CONDITION,Condition recorded; continue observation without corrective work.,Inspection only,Field inspection completed; no corrective maintenance performed.,TRUE,1.83,321.75,,Recovery & Utilities,Utilities,SYS-RU-UTL-BFW,Boiler Feedwater,Pump,A,FALSE,TRUE,TRUE,FALSE,FALSE,,106,,,FALSE,R5,5,Defect,CLOSED_CONFIRMED_WITHOUT_ORDER
N0001077,,PLT-FL-DRY-FOR,P-DRY-FOR-01,2025-08-03,3,Maintenance Sensory Route,Drying - Maintenance Route A,Sensory Route,Elevated vibration at pump bearing housing.,PUMP_BEARING_VIBRATION,PUMP_BEARING_VIBRATION,Mechanical,,DRY-MECHANICAL,Closed,,,,,,,,,NO_ACTION_REQUIRED,Notification dispositioned without corrective scope.,Inspection only,Field inspection completed; no corrective maintenance performed.,TRUE,1.92,367.11,,Fiber Line,Drying,SYS-FL-DRY-FOR,Forming Section,Pump,B,FALSE,TRUE,TRUE,FALSE,FALSE,,104,,,FALSE,R7,7,Defect,CLOSED_CONFIRMED_WITHOUT_ORDER
N0001078,,PLT-FL-BLE-TWR,AG-BLE-TWR-01,2025-08-05,3,Planned Inspection,Bleaching - Inspection,Planned Inspection,Bearing temperature trending above baseline.,BEARING_TEMPERATURE,BEARING_TEMPERATURE,Mechanical,Lubrication,BLE-LUBRICATION,Closed,,,,,,,,,MONITOR_CONDITION,Condition recorded; continue observation without corrective work.,Inspection only,Field inspection completed; no corrective maintenance performed.,TRUE,1.39,300.62,,Fiber Line,Bleaching,SYS-FL-BLE-TWR,Bleaching Towers,Agitator,B,FALSE,TRUE,TRUE,FALSE,FALSE,687,102,,,FALSE,R7,7,Defect,CLOSED_CONFIRMED_WITHOUT_ORDER
N0001079,,PLT-RU-RB-SBL,ZS-RB-SBL-01,2025-08-06,3,Planned Inspection,Recovery Boiler - Inspection,Planned Inspection,Intermittent signal dropout at stable process conditions.,INTERMITTENT_SIGNAL,INTERMITTENT_SIGNAL,Instrumentation,Automation,RB-AUTOMATION,Closed,,,,,,,,,MONITOR_CONDITION,Condition recorded; continue observation without corrective work.,Inspection only,Field inspection completed; no corrective maintenance performed.,TRUE,1.39,269.30,,Recovery & Utilities,Recovery Boiler,SYS-RU-RB-SBL,Sootblowing,Position Switch,C,FALSE,TRUE,TRUE,FALSE,FALSE,924,101,,,FALSE,R9,9,Defect,CLOSED_CONFIRMED_WITHOUT_ORDER
N0001080,WO0000660,PLT-RU-UTL-PWT,FT-UTL-PWT-01,2025-08-07,2,Operator Report,Utilities - Operations,,Indicated value drifts from independent reference.,SIGNAL_DRIFT,SIGNAL_DRIFT,Instrumentation,,UTL-INSTRUMENTATION,Closed,2025-08-07,PM02,Completed,2025-09-06,2025-09-06,2025-09-06,2025-09-06,1,WORK_COMPLETED,Corrective scope executed and checked.,Calibration,Calibration performed; post-work functional check within tolerance.,TRUE,3.24,957.06,,Recovery & Utilities,Utilities,SYS-RU-UTL-PWT,Process Water,Flow Transmitter,B,TRUE,FALSE,FALSE,FALSE,FALSE,,100,0,30,FALSE,R4,4,Defect almost failure,COMPLETED_CORRECTIVE_ACTION
N0001081,WO0000661,PLT-RU-RB-BLF,FV-RB-BLF-01,2025-08-08,2,Operator Route,Recovery Boiler - Operations,Sensory Route,Actuator supply pressure decays while held.,ACTUATOR_LEAKAGE,ACTUATOR_LEAKAGE,Valves,Instrumentation,RB-INSTRUMENTATION,Closed,2025-08-12,PM02,Completed,2025-08-29,2025-08-31,2025-08-29,2025-08-31,0,MONITOR_CONDITION,Condition recorded; continue observation without corrective work.,Inspection only,Inspected and recorded readings; no component correction performed.,TRUE,1.39,247.78,,Recovery & Utilities,Recovery Boiler,SYS-RU-RB-BLF,Black Liquor Firing,Control Valve,A,TRUE,FALSE,FALSE,FALSE,FALSE,461,99,4,23,FALSE,R2,2,Defect almost failure,MONITOR_CONDITION
N0001082,WO0000662,PLT-RU-CAU-GLC,P-CAU-GLC-01,2025-08-08,2,Operator Route,Causticizing - Operations,Sensory Route,Crackling noise and unstable suction pressure.,CAVITATION,CAVITATION,Mechanical,,CAU-MECHANICAL,Closed,2025-08-10,PM02,Completed,2025-08-29,2025-08-31,2025-08-29,2025-08-31,1,WORK_COMPLETED,Corrective scope executed and checked.,Cleaning,Cleaning performed; post-work functional check within tolerance.,TRUE,6.45,1709.28,,Recovery & Utilities,Causticizing,SYS-RU-CAU-GLC,Green Liquor Clarification,Pump,B,TRUE,FALSE,FALSE,FALSE,FALSE,441,99,2,23,FALSE,R4,4,Defect almost failure,COMPLETED_CORRECTIVE_ACTION
N0001083,WO0000663,PLT-RU-RB-SBL,XV-RB-SBL-01,2025-08-08,1,Breakdown / Corrective,Recovery Boiler - Operations,,Actuator supply pressure decays while held.,ACTUATOR_LEAKAGE,ACTUATOR_LEAKAGE,Instrumentation,,RB-INSTRUMENTATION,Closed,2025-08-12,CM01,Completed,2025-08-25,2025-08-25,2025-08-25,2025-08-25,1,WORK_COMPLETED,Corrective scope executed and checked.,Seal replacement,Seal replacement performed; post-work functional check within tolerance.,TRUE,5.41,3149.26,,Recovery & Utilities,Recovery Boiler,SYS-RU-RB-SBL,Sootblowing,On/Off Valve,B,TRUE,FALSE,FALSE,FALSE,TRUE,54,99,4,17,FALSE,R3,3,Fault,COMPLETED_CORRECTIVE_ACTION
N0001084,WO0000664,PLT-RU-LIM-LMF,FT-LIM-LMF-01,2025-08-09,3,Operator Report,Lime Kiln - Operations,,Intermittent signal dropout at stable process conditions.,INTERMITTENT_SIGNAL,INTERMITTENT_SIGNAL,Automation,,LIM-AUTOMATION,Closed,2025-08-11,PM02,Completed,2025-10-19,2025-10-19,2025-10-19,2025-10-19,4,WORK_COMPLETED,Corrective scope executed and checked.,Instrument replacement,Instrument replacement performed; post-work functional check within tolerance.,TRUE,8.10,6572.18,,Recovery & Utilities,Lime Kiln,SYS-RU-LIM-LMF,Lime Mud Feed,Flow Transmitter,B,TRUE,FALSE,FALSE,FALSE,FALSE,505,98,2,71,FALSE,R7,7,Defect,COMPLETED_CORRECTIVE_ACTION
N0001085,,PLT-FL-DRY-HYD,P-DRY-HYD-01,2025-08-11,2,Maintenance Sensory Route,Drying - Maintenance Route A,Sensory Route,Hydraulic pressure decays with no external leak.,HYD_INTERNAL_LEAKAGE,HYD_INTERNAL_LEAKAGE,Mechanical,,DRY-MECHANICAL,Closed,,,,,,,,,NO_ACTION_REQUIRED,Notification dispositioned without corrective scope.,Inspection only,Field inspection completed; no corrective maintenance performed.,TRUE,1.71,316.05,,Fiber Line,Drying,SYS-FL-DRY-HYD,Hydraulic System,Hydraulic Pump,A,FALSE,TRUE,TRUE,FALSE,TRUE,157,96,,,FALSE,R2,2,Defect almost failure,CLOSED_CONFIRMED_WITHOUT_ORDER
N0001086,,PLT-RU-RB-STM,PV-RB-STM-01,2025-08-11,3,Operator Route,Recovery Boiler - Operations,Sensory Route,Valve feedback differs from demanded position.,POSITIONER_DEVIATION,POSITIONER_DEVIATION,Valves,,RB-VALVES,Closed,,,,,,,,,NO_ACTION_REQUIRED,Notification dispositioned without corrective scope.,Inspection only,Field inspection completed; no corrective maintenance performed.,TRUE,0.35,112.39,,Recovery & Utilities,Recovery Boiler,SYS-RU-RB-STM,Steam / Pressure Control,Control Valve,A,FALSE,TRUE,TRUE,FALSE,FALSE,438,96,,,FALSE,R5,5,Defect,CLOSED_CONFIRMED_WITHOUT_ORDER
N0001087,WO0000665,PLT-RU-UTL-CWT,M-UTL-CWT-01,2025-08-13,1,Operator Route,Utilities - Operations,Sensory Route,Localized heating at electrical connection.,TERMINAL_HEATING,TERMINAL_HEATING,Electrical,,UTL-ELECTRICAL,Closed,2025-08-13,CM01,Completed,2025-08-16,2025-08-18,2025-08-16,2025-08-18,0,WORK_COMPLETED,Corrective scope executed and checked.,Tightening,Tightening performed; post-work functional check within tolerance.,TRUE,4.02,985.57,,Recovery & Utilities,Utilities,SYS-RU-UTL-CWT,Cooling Water,Motor,A,TRUE,FALSE,FALSE,FALSE,FALSE,,94,0,5,FALSE,R1,1,Fault,COMPLETED_CORRECTIVE_ACTION
N0001088,,PLT-RU-CAU-GLH,P-CAU-GLH-01,2025-08-13,3,Operator Route,Causticizing - Operations,Sensory Route,Oil condition test indicates degraded lubricant.,OIL_DEGRADATION,OIL_DEGRADATION,Lubrication,,CAU-LUBRICATION,Closed,,,,,,,,,NO_ACTION_REQUIRED,Notification dispositioned without corrective scope.,Inspection only,Field inspection completed; no corrective maintenance performed.,TRUE,1.00,185.33,,Recovery & Utilities,Causticizing,SYS-RU-CAU-GLH,Green Liquor Handling,Pump,B,FALSE,TRUE,TRUE,FALSE,FALSE,,94,,,FALSE,R7,7,Defect,CLOSED_CONFIRMED_WITHOUT_ORDER
N0001089,WO0000666,PLT-FL-DIG-IMP,FT-DIG-IMP-01,2025-08-15,1,Maintenance Sensory Route,Digester - Maintenance Route A,Sensory Route,Intermittent signal dropout at stable process conditions.,INTERMITTENT_SIGNAL,INTERMITTENT_SIGNAL,Instrumentation,Automation,DIG-AUTOMATION,Closed,2025-08-15,CM01,Completed,2025-08-18,2025-08-18,2025-08-18,2025-08-18,0,WORK_COMPLETED,Corrective scope executed and checked.,Instrument replacement,Instrument replacement performed; post-work functional check within tolerance.,TRUE,4.16,3373.59,,Fiber Line,Digester,SYS-FL-DIG-IMP,Impregnation,Flow Transmitter,B,TRUE,FALSE,FALSE,FALSE,FALSE,,92,0,3,FALSE,R3,3,Fault,COMPLETED_CORRECTIVE_ACTION
N0001090,,PLT-FL-BLE-STW,FV-BLE-STW-01,2025-08-15,3,Operator Report,Bleaching - Operations,,Visible leakage at valve packing.,EXTERNAL_LEAKAGE,EXTERNAL_LEAKAGE,Valves,Instrumentation,BLE-INSTRUMENTATION,Closed,,,,,,,,,NO_ACTION_REQUIRED,Notification dispositioned without corrective scope.,Inspection only,Field inspection completed; no corrective maintenance performed.,TRUE,1.44,253.84,,Fiber Line,Bleaching,SYS-FL-BLE-STW,Stage Washing,Control Valve,B,FALSE,TRUE,TRUE,FALSE,FALSE,438,92,,,FALSE,R7,7,Defect,CLOSED_CONFIRMED_WITHOUT_ORDER
N0001091,,PLT-RU-RB-FWS,FV-RB-FWS-01,2025-08-15,3,Planned Inspection,Recovery Boiler - Inspection,Planned Inspection,Visible leakage at valve packing.,EXTERNAL_LEAKAGE,EXTERNAL_LEAKAGE,Valves,,RB-VALVES,Closed,,,,,,,,,NO_ACTION_REQUIRED,Notification dispositioned without corrective scope.,Inspection only,Field inspection completed; no corrective maintenance performed.,TRUE,0.49,139.20,,Recovery & Utilities,Recovery Boiler,SYS-RU-RB-FWS,Feedwater System,Control Valve,A,FALSE,TRUE,TRUE,FALSE,TRUE,88,92,,,FALSE,R5,5,Defect,CLOSED_CONFIRMED_WITHOUT_ORDER
N0001092,,PLT-RU-RB-SBL,SBL-RB-SBL-01,2025-08-15,3,Maintenance Sensory Route,Recovery Boiler - Maintenance Route A,Sensory Route,Mechanism travel is uneven with elevated resistance.,MECHANICAL_BINDING,MECHANICAL_BINDING,Mechanical,,RB-MECHANICAL,Closed,,,,,,,,,NO_ACTION_REQUIRED,Notification dispositioned without corrective scope.,Inspection only,Field inspection completed; no corrective maintenance performed.,FALSE,1.10,201.63,,Recovery & Utilities,Recovery Boiler,SYS-RU-RB-SBL,Sootblowing,Sootblower,B,FALSE,TRUE,FALSE,TRUE,TRUE,122,92,,,FALSE,R7,7,Defect,CLOSED_UNCONFIRMED_WITHOUT_ORDER
N0001093,,PLT-RU-RB-SMT,M-RB-SMT-01,2025-08-17,3,Process Alarm,Recovery Boiler - Control Room,Process / Control Monitoring,Motor bearing vibration above baseline.,MOTOR_BEARING_VIBRATION,MOTOR_BEARING_VIBRATION,Electrical,,RB-ELECTRICAL,Closed,,,,,,,,,MONITOR_CONDITION,Condition recorded; continue observation without corrective work.,Inspection only,Field inspection completed; no corrective maintenance performed.,TRUE,1.39,295.36,,Recovery & Utilities,Recovery Boiler,SYS-RU-RB-SMT,Smelt Handling,Motor,B,FALSE,TRUE,TRUE,FALSE,FALSE,559,90,,,FALSE,R7,7,Defect,CLOSED_CONFIRMED_WITHOUT_ORDER
N0001094,WO0000667,PLT-RU-CAU-WLC,FV-CAU-WLC-01,2025-08-18,1,Process Alarm,Causticizing - Control Room,Process / Control Monitoring,Valve travel sticks during small command changes.,VALVE_STICTION,VALVE_STICTION,Valves,,CAU-VALVES,Closed,2025-08-22,CM01,Completed,2025-10-21,2025-10-22,2025-10-21,2025-10-22,4,MONITOR_CONDITION,Condition recorded; continue observation without corrective work.,Inspection only,Inspected and recorded readings; no component correction performed.,TRUE,0.73,204.20,,Recovery & Utilities,Causticizing,SYS-RU-CAU-WLC,White Liquor Clarification,Control Valve,A,TRUE,FALSE,FALSE,FALSE,TRUE,140,89,4,65,FALSE,R1,1,Fault,MONITOR_CONDITION
N0001095,WO0000668,PLT-FL-DRY-HYD,HPU-DRY-HYD-01,2025-08-18,1,Process Alarm,Drying - Control Room,Process / Control Monitoring,Hydraulic header pressure oscillates under steady demand.,HYD_PRESS_INSTABILITY,HYD_PRESS_INSTABILITY,Hydraulics,,DRY-HYDRAULICS,Closed,2025-08-23,CM01,Completed,2025-10-02,2025-10-03,2025-10-02,2025-10-03,4,MONITOR_CONDITION,Condition recorded; continue observation without corrective work.,Inspection only,Inspected and recorded readings; no component correction performed.,TRUE,0.30,94.77,,Fiber Line,Drying,SYS-FL-DRY-HYD,Hydraulic System,Hydraulic Power Unit,A,TRUE,FALSE,FALSE,FALSE,TRUE,140,89,5,46,FALSE,R1,1,Fault,MONITOR_CONDITION
N0001096,WO0000669,PLT-RU-RB-FWS,M-RB-FWS-01,2025-08-18,1,Condition Monitoring,Recovery Boiler - Condition Monitoring,Predictive Route,Motor temperature rising at normal load.,MOTOR_OVERHEATING,MOTOR_OVERHEATING,Electrical,,RB-ELECTRICAL,Closed,2025-08-20,CM01,Completed,2025-08-20,2025-08-21,2025-08-20,2025-08-21,0,WORK_COMPLETED,Corrective scope executed and checked.,Cleaning,Cleaning performed; post-work functional check within tolerance.,TRUE,6.18,1821.81,,Recovery & Utilities,Recovery Boiler,SYS-RU-RB-FWS,Feedwater System,Motor,A,TRUE,FALSE,FALSE,FALSE,TRUE,160,89,2,3,FALSE,R1,1,Fault,COMPLETED_CORRECTIVE_ACTION
N0001097,WO0000670,PLT-FL-DIG-CIR,P-DIG-CIR-01,2025-08-18,1,Process Alarm,Digester - Control Room,Process / Control Monitoring,Elevated vibration at pump bearing housing.,PUMP_BEARING_VIBRATION,PUMP_BEARING_VIBRATION,Mechanical,,DIG-MECHANICAL,Closed,2025-08-23,CM01,Completed,2025-09-23,2025-09-23,2025-09-23,2025-09-23,4,MONITOR_CONDITION,Condition recorded; continue observation without corrective work.,Inspection only,Inspected and recorded readings; no component correction performed.,TRUE,1.88,341.21,,Fiber Line,Digester,SYS-FL-DIG-CIR,Cooking Circulation,Pump,A,TRUE,FALSE,FALSE,FALSE,TRUE,140,89,5,36,FALSE,R1,1,Fault,MONITOR_CONDITION
N0001098,WO0000671,PLT-FL-DRY-PMF,P-DRY-PMF-01,2025-08-21,2,Maintenance Sensory Route,Drying - Maintenance Route A,Sensory Route,Crackling noise and unstable suction pressure.,CAVITATION,CAVITATION,Mechanical,,DRY-MECHANICAL,Closed,2025-08-23,PM02,Completed,2025-10-24,2025-10-24,2025-10-24,2025-10-24,3,WORK_COMPLETED,Corrective scope executed and checked.,Cleaning,Cleaning performed; post-work functional check within tolerance.,TRUE,3.61,956.27,,Fiber Line,Drying,SYS-FL-DRY-PMF,Pulp Machine Feed,Pump,A,TRUE,FALSE,FALSE,FALSE,FALSE,400,86,2,64,FALSE,R2,2,Defect almost failure,COMPLETED_CORRECTIVE_ACTION
N0001099,,PLT-FL-DRY-SHT,ENC-DRY-SHT-01,2025-08-22,3,Maintenance Sensory Route,Drying - Maintenance Route A,Sensory Route,Measured output outside calibration tolerance.,CALIBRATION_DEVIATION,CALIBRATION_DEVIATION,Instrumentation,,DRY-INSTRUMENTATION,Closed,,,,,,,,,NO_ACTION_REQUIRED,Notification dispositioned without corrective scope.,Inspection only,Field inspection completed; no corrective maintenance performed.,TRUE,1.86,359.50,,Fiber Line,Drying,SYS-FL-DRY-SHT,Sheet Handling / Cutter,Encoder,B,FALSE,TRUE,TRUE,FALSE,FALSE,,85,,,FALSE,R7,7,Defect,CLOSED_CONFIRMED_WITHOUT_ORDER
N0001100,WO0000672,PLT-RU-UTL-BFW,PT-UTL-BFW-01,2025-08-23,1,Maintenance Sensory Route,Utilities - Maintenance Route A,Sensory Route,Intermittent signal dropout at stable process conditions.,INTERMITTENT_SIGNAL,INTERMITTENT_SIGNAL,Automation,,UTL-AUTOMATION,Closed,2025-08-23,CM01,Completed,2025-08-23,2025-08-24,2025-08-23,2025-08-24,0,WORK_COMPLETED,Corrective scope executed and checked.,Instrument replacement,Instrument replacement performed; post-work functional check within tolerance.,TRUE,6.74,5471.52,,Recovery & Utilities,Utilities,SYS-RU-UTL-BFW,Boiler Feedwater,Pressure Transmitter,A,TRUE,FALSE,FALSE,FALSE,FALSE,182,84,0,1,FALSE,R1,1,Fault,COMPLETED_CORRECTIVE_ACTION
N0001101,,PLT-FL-DRY-FOR,M-DRY-FOR-01,2025-08-24,2,Operator Report,Drying - Operations,,Motor temperature rising at normal load.,MOTOR_OVERHEATING,MOTOR_OVERHEATING,Electrical,,DRY-ELECTRICAL,Closed,,,,,,,,,NO_DEFECT_FOUND,Inspection could not confirm the reported abnormality.,Inspection only,Field inspection completed; no corrective maintenance performed.,FALSE,1.65,276.42,,Fiber Line,Drying,SYS-FL-DRY-FOR,Forming Section,Motor,A,FALSE,TRUE,FALSE,TRUE,FALSE,498,83,,,FALSE,R2,2,Defect almost failure,CLOSED_UNCONFIRMED_WITHOUT_ORDER
N0001102,,PLT-RU-UTL-STM,PV-UTL-STM-01,2025-08-24,3,Operator Route,Utilities - Operations,Sensory Route,Valve travel sticks during small command changes.,VALVE_STICTION,VALVE_STICTION,Instrumentation,,UTL-INSTRUMENTATION,Closed,,,,,,,,,MONITOR_CONDITION,Condition recorded; continue observation without corrective work.,Inspection only,Field inspection completed; no corrective maintenance performed.,TRUE,1.81,329.80,,Recovery & Utilities,Utilities,SYS-RU-UTL-STM,Steam Distribution,Control Valve,A,FALSE,TRUE,TRUE,FALSE,FALSE,255,83,,,FALSE,R5,5,Defect,CLOSED_CONFIRMED_WITHOUT_ORDER
N0001103,WO0000673,PLT-FL-DRY-PRS,PT-DRY-PRS-01,2025-08-25,3,Planned Inspection,Drying - Inspection,Planned Inspection,Intermittent signal dropout at stable process conditions.,INTERMITTENT_SIGNAL,INTERMITTENT_SIGNAL,Instrumentation,,DRY-INSTRUMENTATION,Closed,2025-08-29,PM02,Completed,2025-10-15,2025-10-15,2025-10-15,2025-10-15,2,WORK_COMPLETED,Corrective scope executed and checked.,Instrument replacement,Instrument replacement performed; post-work functional check within tolerance.,TRUE,7.28,5907.06,,Fiber Line,Drying,SYS-FL-DRY-PRS,Press Section,Pressure Transmitter,B,TRUE,FALSE,FALSE,FALSE,FALSE,302,82,4,51,FALSE,R7,7,Defect,COMPLETED_CORRECTIVE_ACTION
N0001104,WO0000674,PLT-RU-CAU-REA,AG-CAU-REA-01,2025-08-26,3,Condition Monitoring,Causticizing - Condition Monitoring,Predictive Route,Rotating assembly shows dominant once-per-revolution vibration.,IMBALANCE,IMBALANCE,Mechanical,,CAU-MECHANICAL,Closed,2025-08-27,PM02,Completed,2025-10-27,2025-10-29,2025-10-27,2025-10-29,5,WORK_COMPLETED,Corrective scope executed and checked.,Adjustment,Adjustment performed; post-work functional check within tolerance.,TRUE,10.36,5126.15,,Recovery & Utilities,Causticizing,SYS-RU-CAU-REA,Causticizing Reactors,Agitator,B,TRUE,FALSE,FALSE,FALSE,TRUE,44,81,1,64,FALSE,R7,7,Defect,COMPLETED_CORRECTIVE_ACTION
N0001105,,PLT-FL-BLE-TWR,PV-BLE-TWR-01,2025-08-26,1,Maintenance Sensory Route,Bleaching - Maintenance Route A,Sensory Route,Valve travel sticks during small command changes.,VALVE_STICTION,VALVE_STICTION,Instrumentation,Valves,BLE-VALVES,Closed,,,,,,,,,NO_ACTION_REQUIRED,Notification dispositioned without corrective scope.,Inspection only,Field inspection completed; no corrective maintenance performed.,FALSE,1.15,252.68,,Fiber Line,Bleaching,SYS-FL-BLE-TWR,Bleaching Towers,Control Valve,B,FALSE,TRUE,FALSE,TRUE,FALSE,206,81,,,FALSE,R3,3,Fault,CLOSED_UNCONFIRMED_WITHOUT_ORDER
N0001106,WO0000675,PLT-FL-DRY-DRS,TT-DRY-DRS-01,2025-08-27,3,Planned Inspection,Drying - Inspection,Planned Inspection,Intermittent signal dropout at stable process conditions.,INTERMITTENT_SIGNAL,INTERMITTENT_SIGNAL,Automation,,DRY-AUTOMATION,Closed,2025-08-28,PM02,Completed,2025-10-17,2025-10-18,2025-10-17,2025-10-18,1,WORK_COMPLETED,Corrective scope executed and checked.,Instrument replacement,Instrument replacement performed; post-work functional check within tolerance.,TRUE,7.07,5738.89,,Fiber Line,Drying,SYS-FL-DRY-DRS,Dryer Section,Temperature Transmitter,B,TRUE,FALSE,FALSE,FALSE,TRUE,120,80,1,52,FALSE,R7,7,Defect,COMPLETED_CORRECTIVE_ACTION
N0001107,WO0000676,PLT-FL-WSH-FIL,FV-WSH-FIL-01,2025-08-28,3,Planned Inspection,Washing & Screening - Inspection,Planned Inspection,Valve feedback differs from demanded position.,POSITIONER_DEVIATION,POSITIONER_DEVIATION,Valves,,WSH-VALVES,Closed,2025-09-02,PM02,Completed,2025-09-17,2025-09-18,2025-09-17,2025-09-18,0,MONITOR_CONDITION,Condition recorded; continue observation without corrective work.,Inspection only,Inspected and recorded readings; no component correction performed.,TRUE,1.65,299.90,,Fiber Line,Washing & Screening,SYS-FL-WSH-FIL,Filtrate System,Control Valve,C,TRUE,FALSE,FALSE,FALSE,FALSE,193,79,5,21,FALSE,R9,9,Defect,MONITOR_CONDITION
N0001108,WO0000677,PLT-FL-DRY-HYD,P-DRY-HYD-01,2025-08-29,3,Planned Inspection,Drying - Inspection,Planned Inspection,Hydraulic header pressure oscillates under steady demand.,HYD_PRESS_INSTABILITY,HYD_PRESS_INSTABILITY,Condition Monitoring,Mechanical,DRY-MECHANICAL,Closed,2025-09-03,PM02,Completed,2025-10-15,2025-10-16,2025-10-15,2025-10-16,0,WORK_COMPLETED,Corrective scope executed and checked.,Component replacement,Component replacement performed; post-work functional check within tolerance.,TRUE,13.42,11049.34,,Fiber Line,Drying,SYS-FL-DRY-HYD,Hydraulic System,Hydraulic Pump,A,TRUE,FALSE,FALSE,FALSE,FALSE,458,78,5,48,FALSE,R5,5,Defect,COMPLETED_CORRECTIVE_ACTION
N0001109,,PLT-RU-RB-STM,PV-RB-STM-01,2025-08-29,2,Process Alarm,Recovery Boiler - Control Room,Process / Control Monitoring,Valve travel sticks during small command changes.,VALVE_STICTION,VALVE_STICTION,Valves,,RB-VALVES,Closed,,,,,,,,,NO_DEFECT_FOUND,Inspection could not confirm the reported abnormality.,Inspection only,Field inspection completed; no corrective maintenance performed.,FALSE,0.90,171.47,,Recovery & Utilities,Recovery Boiler,SYS-RU-RB-STM,Steam / Pressure Control,Control Valve,A,FALSE,TRUE,FALSE,TRUE,FALSE,447,78,,,FALSE,R2,2,Defect almost failure,CLOSED_UNCONFIRMED_WITHOUT_ORDER
N0001110,WO0000678,PLT-RU-LIM-LMF,FV-LIM-LMF-01,2025-08-30,3,Operator Route,Lime Kiln - Operations,Sensory Route,Visible leakage at valve packing.,EXTERNAL_LEAKAGE,EXTERNAL_LEAKAGE,Valves,,LIM-VALVES,In Progress,2025-09-04,PM02,Scheduled,2025-11-26,2025-11-26,,,3,,,,,TRUE,0.89,189.73,,Recovery & Utilities,Lime Kiln,SYS-RU-LIM-LMF,Lime Mud Feed,Control Valve,B,TRUE,FALSE,FALSE,FALSE,FALSE,323,77,5,,TRUE,R7,7,Defect,ACTIVE_WORK_ORDER
N0001111,WO0000679,PLT-FL-DRY-LUB,PT-DRY-LUB-01,2025-08-30,3,Planned Inspection,Drying - Inspection,Planned Inspection,Control sequence response differs from approved logic.,CONTROL_SEQUENCE_DEVIATION,CONTROL_SEQUENCE_DEVIATION,Automation,,DRY-AUTOMATION,Closed,2025-08-31,PM02,Completed,2025-09-13,2025-09-13,2025-09-13,2025-09-13,0,WORK_COMPLETED,Corrective scope executed and checked.,Control logic correction,Control logic correction performed; post-work functional check within tolerance.,TRUE,6.96,2053.55,,Fiber Line,Drying,SYS-FL-DRY-LUB,Lubrication System,Pressure Transmitter,B,TRUE,FALSE,FALSE,FALSE,FALSE,949,77,1,14,FALSE,R7,7,Defect,COMPLETED_CORRECTIVE_ACTION
N0001112,WO0000680,PLT-FL-DIG-BLC,PV-DIG-BLC-01,2025-08-31,3,Planned Inspection,Digester - Inspection,Planned Inspection,Actuator supply pressure decays while held.,ACTUATOR_LEAKAGE,ACTUATOR_LEAKAGE,Valves,,DIG-VALVES,Closed,2025-09-04,PM02,Completed,2025-11-01,2025-11-03,2025-11-01,2025-11-03,2,MONITOR_CONDITION,Condition recorded; continue observation without corrective work.,Inspection only,Inspected and recorded readings; no component correction performed.,TRUE,1.68,303.69,,Fiber Line,Digester,SYS-FL-DIG-BLC,Blow / Pressure Control,Control Valve,A,TRUE,FALSE,FALSE,FALSE,TRUE,96,76,4,64,FALSE,R5,5,Defect,MONITOR_CONDITION
N0001113,WO0000681,PLT-RU-CAU-LMH,P-CAU-LMH-01,2025-09-06,2,Operator Route,Causticizing - Operations,Sensory Route,Crackling noise and unstable suction pressure.,CAVITATION,CAVITATION,Condition Monitoring,,CAU-CONDITION_MONITORING,Closed,2025-09-09,PM02,Completed,2025-09-19,2025-09-20,2025-09-19,2025-09-20,0,WORK_COMPLETED,Corrective scope executed and checked.,Cleaning,Cleaning performed; post-work functional check within tolerance.,TRUE,4.05,1073.06,,Recovery & Utilities,Causticizing,SYS-RU-CAU-LMH,Lime Mud Handling,Pump,B,TRUE,FALSE,FALSE,FALSE,FALSE,298,70,3,14,FALSE,R4,4,Defect almost failure,COMPLETED_CORRECTIVE_ACTION
N0001114,WO0000682,PLT-RU-CAU-WLC,AG-CAU-WLC-01,2025-09-07,3,Condition Monitoring,Causticizing - Condition Monitoring,Predictive Route,Bearing temperature trending above baseline.,BEARING_TEMPERATURE,BEARING_TEMPERATURE,Mechanical,,CAU-MECHANICAL,Closed,2025-09-12,PM02,Completed,2025-10-12,2025-10-13,2025-10-12,2025-10-13,0,WORK_COMPLETED,Corrective scope executed and checked.,Bearing replacement,Bearing replacement performed; post-work functional check within tolerance.,TRUE,13.80,9884.66,,Recovery & Utilities,Causticizing,SYS-RU-CAU-WLC,White Liquor Clarification,Agitator,B,TRUE,FALSE,FALSE,FALSE,FALSE,258,69,5,36,FALSE,R7,7,Defect,COMPLETED_CORRECTIVE_ACTION
N0001115,WO0000683,PLT-RU-CAU-GLC,P-CAU-GLC-01,2025-09-09,3,Planned Inspection,Causticizing - Inspection,Planned Inspection,Bearing temperature trending above baseline.,BEARING_TEMPERATURE,BEARING_TEMPERATURE,Mechanical,,CAU-MECHANICAL,Closed,2025-09-13,PM02,Completed,2025-10-24,2025-10-26,2025-10-24,2025-10-26,2,MONITOR_CONDITION,Condition recorded; continue observation without corrective work.,Inspection only,Inspected and recorded readings; no component correction performed.,TRUE,1.52,255.54,,Recovery & Utilities,Causticizing,SYS-RU-CAU-GLC,Green Liquor Clarification,Pump,B,TRUE,FALSE,FALSE,FALSE,FALSE,478,67,4,47,FALSE,R7,7,Defect,MONITOR_CONDITION
N0001116,,PLT-FL-DRY-FOR,P-DRY-FOR-01,2025-09-09,3,Condition Monitoring,Drying - Condition Monitoring,Predictive Route,Leakage at shaft seal.,SEAL_LEAKAGE,SEAL_LEAKAGE,Mechanical,,DRY-MECHANICAL,Closed,,,,,,,,,NO_DEFECT_FOUND,Inspection could not confirm the reported abnormality.,Inspection only,Field inspection completed; no corrective maintenance performed.,FALSE,1.46,272.76,,Fiber Line,Drying,SYS-FL-DRY-FOR,Forming Section,Pump,B,FALSE,TRUE,FALSE,TRUE,FALSE,259,67,,,FALSE,R7,7,Defect,CLOSED_UNCONFIRMED_WITHOUT_ORDER
N0001117,WO0000684,PLT-RU-RB-BLF,P-RB-BLF-01,2025-09-09,1,Breakdown / Corrective,Recovery Boiler - Operations,,Crackling noise and unstable suction pressure.,CAVITATION,CAVITATION,Condition Monitoring,,RB-CONDITION_MONITORING,Closed,2025-09-12,CM01,Completed,2025-09-12,2025-09-12,2025-09-12,2025-09-12,0,WORK_COMPLETED,Corrective scope executed and checked.,Cleaning,Cleaning performed; post-work functional check within tolerance.,TRUE,7.00,1854.96,,Recovery & Utilities,Recovery Boiler,SYS-RU-RB-BLF,Black Liquor Firing,Pump,A,TRUE,FALSE,FALSE,FALSE,FALSE,549,67,3,3,FALSE,R1,1,Fault,COMPLETED_CORRECTIVE_ACTION
N0001118,,PLT-RU-RB-FWS,FV-RB-FWS-01,2025-09-10,3,Planned Inspection,Recovery Boiler - Inspection,Planned Inspection,Actuator supply pressure decays while held.,ACTUATOR_LEAKAGE,ACTUATOR_LEAKAGE,Instrumentation,,RB-INSTRUMENTATION,Open,,,,,,,,,,,,,TRUE,0.60,141.29,,Recovery & Utilities,Recovery Boiler,SYS-RU-RB-FWS,Feedwater System,Control Valve,A,FALSE,FALSE,FALSE,FALSE,TRUE,107,66,,,TRUE,R5,5,Defect,OPEN_NOTIFICATION
N0001119,WO0000685,PLT-RU-UTL-BFW,PT-UTL-BFW-01,2025-09-11,2,Planned Inspection,Utilities - Inspection,Planned Inspection,Measured output outside calibration tolerance.,CALIBRATION_DEVIATION,CALIBRATION_DEVIATION,Instrumentation,,UTL-INSTRUMENTATION,In Progress,2025-09-12,PM02,Created,2025-11-16,2025-11-16,,,4,,,,,TRUE,1.89,334.30,,Recovery & Utilities,Utilities,SYS-RU-UTL-BFW,Boiler Feedwater,Pressure Transmitter,A,TRUE,FALSE,FALSE,FALSE,FALSE,380,65,1,,TRUE,R2,2,Defect almost failure,ACTIVE_WORK_ORDER
N0001120,,PLT-RU-EVA-CIR,M-EVA-CIR-01,2025-09-12,3,Operator Route,Evaporation - Operations,Sensory Route,Motor bearing vibration above baseline.,MOTOR_BEARING_VIBRATION,MOTOR_BEARING_VIBRATION,Electrical,,EVA-ELECTRICAL,Closed,,,,,,,,,NO_DEFECT_FOUND,Inspection could not confirm the reported abnormality.,Inspection only,Field inspection completed; no corrective maintenance performed.,FALSE,1.74,300.71,,Recovery & Utilities,Evaporation,SYS-RU-EVA-CIR,Evaporator Circulation,Motor,B,FALSE,TRUE,FALSE,TRUE,FALSE,744,64,,,FALSE,R7,7,Defect,CLOSED_UNCONFIRMED_WITHOUT_ORDER
N0001121,WO0000686,PLT-RU-RB-SMT,P-RB-SMT-01,2025-09-12,1,Operator Route,Recovery Boiler - Operations,Sensory Route,Delivered flow below expected operating range.,LOW_FLOW,LOW_FLOW,Mechanical,,RB-MECHANICAL,Closed,2025-09-16,CM01,Completed,2025-09-25,2025-09-27,2025-09-25,2025-09-27,1,WORK_COMPLETED,Corrective scope executed and checked.,Cleaning,Cleaning performed; post-work functional check within tolerance.,TRUE,9.39,2769.56,,Recovery & Utilities,Recovery Boiler,SYS-RU-RB-SMT,Smelt Handling,Pump,B,TRUE,FALSE,FALSE,FALSE,TRUE,165,64,4,15,FALSE,R3,3,Fault,COMPLETED_CORRECTIVE_ACTION
N0001122,,PLT-FL-WSH-FIL,FV-WSH-FIL-01,2025-09-13,3,Planned Inspection,Washing & Screening - Inspection,Planned Inspection,Visible leakage at valve packing.,EXTERNAL_LEAKAGE,EXTERNAL_LEAKAGE,Valves,,WSH-VALVES,Closed,,,,,,,,,NO_ACTION_REQUIRED,Notification dispositioned without corrective scope.,Inspection only,Field inspection completed; no corrective maintenance performed.,TRUE,0.94,214.62,,Fiber Line,Washing & Screening,SYS-FL-WSH-FIL,Filtrate System,Control Valve,C,FALSE,TRUE,TRUE,FALSE,TRUE,57,63,,,FALSE,R9,9,Defect,CLOSED_CONFIRMED_WITHOUT_ORDER
N0001123,WO0000687,PLT-RU-CAU-SLK,M-CAU-SLK-01,2025-09-13,3,Condition Monitoring,Causticizing - Condition Monitoring,Predictive Route,Motor bearing vibration above baseline.,MOTOR_BEARING_VIBRATION,MOTOR_BEARING_VIBRATION,Electrical,,CAU-ELECTRICAL,Closed,2025-09-13,PM02,Completed,2025-10-28,2025-10-28,2025-10-28,2025-10-28,3,WORK_COMPLETED,Corrective scope executed and checked.,Bearing replacement,Bearing replacement performed; post-work functional check within tolerance.,TRUE,12.39,7994.40,,Recovery & Utilities,Causticizing,SYS-RU-CAU-SLK,Slaking,Motor,A,TRUE,FALSE,FALSE,FALSE,FALSE,319,63,0,45,FALSE,R5,5,Defect,COMPLETED_CORRECTIVE_ACTION
N0001124,,PLT-FL-BLE-DOS,FV-BLE-DOS-01,2025-09-14,3,Maintenance Sensory Route,Bleaching - Maintenance Route A,Sensory Route,Valve travel sticks during small command changes.,VALVE_STICTION,VALVE_STICTION,Instrumentation,,BLE-INSTRUMENTATION,Closed,,,,,,,,,NO_DEFECT_FOUND,Inspection could not confirm the reported abnormality.,Inspection only,Field inspection completed; no corrective maintenance performed.,FALSE,1.85,361.79,,Fiber Line,Bleaching,SYS-FL-BLE-DOS,Chemical Dosing,Control Valve,B,FALSE,TRUE,FALSE,TRUE,FALSE,,62,,,FALSE,R7,7,Defect,CLOSED_UNCONFIRMED_WITHOUT_ORDER
N0001125,WO0000688,PLT-RU-EVA-CON,LT-EVA-CON-01,2025-09-14,3,Planned Inspection,Evaporation - Inspection,Planned Inspection,Measured output outside calibration tolerance.,CALIBRATION_DEVIATION,CALIBRATION_DEVIATION,Instrumentation,,EVA-INSTRUMENTATION,Closed,2025-09-15,PM02,Completed,2025-10-21,2025-10-21,2025-10-21,2025-10-21,1,WORK_COMPLETED,Corrective scope executed and checked.,Calibration,Calibration performed; post-work functional check within tolerance.,TRUE,2.95,870.81,,Recovery & Utilities,Evaporation,SYS-RU-EVA-CON,Condensate System,Level Transmitter,C,TRUE,FALSE,FALSE,FALSE,FALSE,553,62,1,37,FALSE,R9,9,Defect,COMPLETED_CORRECTIVE_ACTION
N0001126,WO0000689,PLT-RU-UTL-AIR,PT-UTL-AIR-01,2025-09-14,3,Maintenance Sensory Route,Utilities - Maintenance Route A,Sensory Route,Measured output outside calibration tolerance.,CALIBRATION_DEVIATION,CALIBRATION_DEVIATION,Instrumentation,,UTL-INSTRUMENTATION,Closed,2025-09-15,PM02,Completed,2025-11-06,2025-11-08,2025-11-06,2025-11-08,1,WORK_COMPLETED,Corrective scope executed and checked.,Calibration,Calibration performed; post-work functional check within tolerance.,TRUE,5.60,1650.58,,Recovery & Utilities,Utilities,SYS-RU-UTL-AIR,Compressed Air,Pressure Transmitter,A,TRUE,FALSE,FALSE,FALSE,TRUE,140,62,1,55,FALSE,R5,5,Defect,COMPLETED_CORRECTIVE_ACTION
N0001127,WO0000690,PLT-FL-DRY-DRS,FAN-DRY-DRS-01,2025-09-16,3,Operator Route,Drying - Operations,Sensory Route,Bearing temperature trending above baseline.,BEARING_TEMPERATURE,BEARING_TEMPERATURE,Mechanical,,DRY-MECHANICAL,Closed,2025-09-21,PM02,Completed,2025-11-08,2025-11-09,2025-11-08,2025-11-09,2,WORK_COMPLETED,Corrective scope executed and checked.,Bearing replacement,Bearing replacement performed; post-work functional check within tolerance.,TRUE,13.57,9719.50,,Fiber Line,Drying,SYS-FL-DRY-DRS,Dryer Section,Fan,A,TRUE,FALSE,FALSE,FALSE,FALSE,482,60,5,54,FALSE,R5,5,Defect,COMPLETED_CORRECTIVE_ACTION
N0001128,WO0000691,PLT-FL-DRY-LUB,M-DRY-LUB-01,2025-09-16,2,Operator Report,Drying - Operations,,Motor bearing vibration above baseline.,MOTOR_BEARING_VIBRATION,MOTOR_BEARING_VIBRATION,Electrical,,DRY-ELECTRICAL,Closed,2025-09-21,PM02,Completed,2025-10-06,2025-10-08,2025-10-06,2025-10-08,0,WORK_COMPLETED,Corrective scope executed and checked.,Bearing replacement,Bearing replacement performed; post-work functional check within tolerance.,TRUE,9.12,5883.16,,Fiber Line,Drying,SYS-FL-DRY-LUB,Lubrication System,Motor,C,TRUE,FALSE,FALSE,FALSE,FALSE,,60,5,22,FALSE,R8,8,Defect almost failure,COMPLETED_CORRECTIVE_ACTION
N0001129,WO0000692,PLT-RU-EVA-BLF,M-EVA-BLF-01,2025-09-16,1,Breakdown / Corrective,Evaporation - Operations,,Motor bearing vibration above baseline.,MOTOR_BEARING_VIBRATION,MOTOR_BEARING_VIBRATION,Electrical,,EVA-ELECTRICAL,Closed,2025-09-17,CM01,Completed,2025-10-04,2025-10-06,2025-10-04,2025-10-06,1,WORK_COMPLETED,Corrective scope executed and checked.,Bearing replacement,Bearing replacement performed; post-work functional check within tolerance.,TRUE,19.50,12576.88,,Recovery & Utilities,Evaporation,SYS-RU-EVA-BLF,Black Liquor Feed,Motor,B,TRUE,FALSE,FALSE,FALSE,FALSE,225,60,1,20,FALSE,R3,3,Fault,COMPLETED_CORRECTIVE_ACTION
N0001130,WO0000693,PLT-RU-CAU-REA,LT-CAU-REA-01,2025-09-17,2,Planned Inspection,Causticizing - Inspection,Planned Inspection,Indicated value drifts from independent reference.,SIGNAL_DRIFT,SIGNAL_DRIFT,Instrumentation,,CAU-INSTRUMENTATION,Closed,2025-09-22,PM02,Completed,2025-10-18,2025-10-18,2025-10-18,2025-10-18,1,WORK_COMPLETED,Corrective scope executed and checked.,Calibration,Calibration performed; post-work functional check within tolerance.,TRUE,3.14,925.98,,Recovery & Utilities,Causticizing,SYS-RU-CAU-REA,Causticizing Reactors,Level Transmitter,B,TRUE,FALSE,FALSE,FALSE,FALSE,560,59,5,31,FALSE,R4,4,Defect almost failure,COMPLETED_CORRECTIVE_ACTION
N0001131,WO0000694,PLT-RU-RB-AIR,DV-RB-AIR-01,2025-09-18,3,Planned Inspection,Recovery Boiler - Inspection,Planned Inspection,Process differential pressure above normal operating range.,PROCESS_RESTRICTION,PROCESS_RESTRICTION,Mechanical,,RB-MECHANICAL,Closed,2025-09-18,PM02,Completed,2025-10-08,2025-10-10,2025-10-08,2025-10-10,0,WORK_COMPLETED,Corrective scope executed and checked.,Cleaning,Cleaning performed; post-work functional check within tolerance.,TRUE,8.68,2735.70,,Recovery & Utilities,Recovery Boiler,SYS-RU-RB-AIR,Combustion Air,Damper,A,TRUE,FALSE,FALSE,FALSE,TRUE,154,58,0,22,FALSE,R5,5,Defect,COMPLETED_CORRECTIVE_ACTION
N0001132,WO0000695,PLT-RU-EVA-BLF,FT-EVA-BLF-01,2025-09-18,3,Process Alarm,Evaporation - Control Room,Process / Control Monitoring,Indicated value drifts from independent reference.,SIGNAL_DRIFT,SIGNAL_DRIFT,Instrumentation,,EVA-INSTRUMENTATION,In Progress,2025-09-20,PM02,Released,2025-12-06,2025-12-06,,,3,,,,,TRUE,1.88,365.61,,Recovery & Utilities,Evaporation,SYS-RU-EVA-BLF,Black Liquor Feed,Flow Transmitter,B,TRUE,FALSE,FALSE,FALSE,FALSE,271,58,2,,TRUE,R7,7,Defect,ACTIVE_WORK_ORDER
N0001133,WO0000696,PLT-RU-RB-SMT,P-RB-SMT-01,2025-09-19,3,Condition Monitoring,Recovery Boiler - Condition Monitoring,Predictive Route,Leakage at shaft seal.,SEAL_LEAKAGE,SEAL_LEAKAGE,Mechanical,,RB-MECHANICAL,Closed,2025-09-21,PM02,Completed,2025-11-11,2025-11-11,2025-11-11,2025-11-11,2,WORK_COMPLETED,Corrective scope executed and checked.,Seal replacement,Seal replacement performed; post-work functional check within tolerance.,TRUE,11.01,8205.81,,Recovery & Utilities,Recovery Boiler,SYS-RU-RB-SMT,Smelt Handling,Pump,B,TRUE,FALSE,FALSE,FALSE,FALSE,188,57,2,53,FALSE,R7,7,Defect,COMPLETED_CORRECTIVE_ACTION
N0001134,WO0000697,PLT-RU-CAU-SLK,SLK-CAU-SLK-01,2025-09-19,3,Condition Monitoring,Causticizing - Condition Monitoring,Predictive Route,Process differential pressure above normal operating range.,PROCESS_RESTRICTION,PROCESS_RESTRICTION,Mechanical,Lubrication,CAU-LUBRICATION,Closed,2025-09-19,PM02,Completed,2025-10-29,2025-10-30,2025-10-29,2025-10-30,2,WORK_COMPLETED,Corrective scope executed and checked.,Cleaning,Cleaning performed; post-work functional check within tolerance.,TRUE,12.55,3952.41,,Recovery & Utilities,Causticizing,SYS-RU-CAU-SLK,Slaking,Slaker,A,TRUE,FALSE,FALSE,FALSE,FALSE,876,57,0,41,FALSE,R5,5,Defect,COMPLETED_CORRECTIVE_ACTION
N0001135,WO0000698,PLT-FL-DIG-CHP,ZS-DIG-CHP-01,2025-09-20,3,Operator Report,Digester - Operations,,Indicated value drifts from independent reference.,SIGNAL_DRIFT,SIGNAL_DRIFT,Instrumentation,,DIG-INSTRUMENTATION,Closed,2025-09-23,PM02,Completed,2025-10-27,2025-10-29,2025-10-27,2025-10-29,0,WORK_COMPLETED,Corrective scope executed and checked.,Calibration,Calibration performed; post-work functional check within tolerance.,TRUE,2.66,783.99,,Fiber Line,Digester,SYS-FL-DIG-CHP,Chip Feeding,Position Switch,B,TRUE,FALSE,FALSE,FALSE,FALSE,702,56,3,39,FALSE,R7,7,Defect,COMPLETED_CORRECTIVE_ACTION
N0001136,,PLT-FL-DIG-IMP,FV-DIG-IMP-01,2025-09-22,3,Maintenance Sensory Route,Digester - Maintenance Route A,Sensory Route,Actuator supply pressure decays while held.,ACTUATOR_LEAKAGE,ACTUATOR_LEAKAGE,Instrumentation,,DIG-INSTRUMENTATION,Closed,,,,,,,,,MONITOR_CONDITION,Condition recorded; continue observation without corrective work.,Inspection only,Field inspection completed; no corrective maintenance performed.,TRUE,1.75,353.10,,Fiber Line,Digester,SYS-FL-DIG-IMP,Impregnation,Control Valve,A,FALSE,TRUE,TRUE,FALSE,FALSE,,54,,,FALSE,R5,5,Defect,CLOSED_CONFIRMED_WITHOUT_ORDER
N0001137,WO0000699,PLT-FL-WSH-KNR,SCR-WSH-KNR-01,2025-09-23,2,Process Alarm,Washing & Screening - Control Room,Process / Control Monitoring,Process differential pressure above normal operating range.,PROCESS_RESTRICTION,PROCESS_RESTRICTION,Mechanical,,WSH-MECHANICAL,Closed,2025-09-25,PM02,Completed,2025-10-08,2025-10-10,2025-10-08,2025-10-10,0,MONITOR_CONDITION,Condition recorded; continue observation without corrective work.,Inspection only,Inspected and recorded readings; no component correction performed.,TRUE,0.72,143.11,,Fiber Line,Washing & Screening,SYS-FL-WSH-KNR,Knot Removal,Separator,B,TRUE,FALSE,FALSE,FALSE,FALSE,215,53,2,17,FALSE,R4,4,Defect almost failure,MONITOR_CONDITION
N0001138,WO0000700,PLT-FL-DRY-HYD,M-DRY-HYD-01,2025-09-24,3,Condition Monitoring,Drying - Condition Monitoring,Predictive Route,Motor bearing vibration above baseline.,MOTOR_BEARING_VIBRATION,MOTOR_BEARING_VIBRATION,Electrical,,DRY-ELECTRICAL,In Progress,2025-09-27,PM02,Released,2025-12-14,2025-12-16,,,3,,,,,TRUE,0.98,206.01,,Fiber Line,Drying,SYS-FL-DRY-HYD,Hydraulic System,Motor,B,TRUE,FALSE,FALSE,FALSE,FALSE,,52,3,,TRUE,R7,7,Defect,ACTIVE_WORK_ORDER
N0001139,WO0000701,PLT-RU-CAU-REA,M-CAU-REA-01,2025-09-26,2,Condition Monitoring,Causticizing - Condition Monitoring,Predictive Route,Motor temperature rising at normal load.,MOTOR_OVERHEATING,MOTOR_OVERHEATING,Condition Monitoring,,CAU-CONDITION_MONITORING,Closed,2025-10-01,PM02,Completed,2025-10-07,2025-10-09,2025-10-07,2025-10-09,0,WORK_COMPLETED,Corrective scope executed and checked.,Cleaning,Cleaning performed; post-work functional check within tolerance.,TRUE,4.38,1293.41,,Recovery & Utilities,Causticizing,SYS-RU-CAU-REA,Causticizing Reactors,Motor,B,TRUE,FALSE,FALSE,FALSE,FALSE,411,50,5,13,FALSE,R4,4,Defect almost failure,COMPLETED_CORRECTIVE_ACTION
N0001140,,PLT-RU-CAU-REA,AG-CAU-REA-01,2025-09-29,3,Process Alarm,Causticizing - Control Room,Process / Control Monitoring,Bearing temperature trending above baseline.,BEARING_TEMPERATURE,BEARING_TEMPERATURE,Mechanical,,CAU-MECHANICAL,Open,,,,,,,,,,,,,TRUE,1.02,203.62,,Recovery & Utilities,Causticizing,SYS-RU-CAU-REA,Causticizing Reactors,Agitator,B,FALSE,FALSE,FALSE,FALSE,FALSE,608,47,,,TRUE,R7,7,Defect,OPEN_NOTIFICATION
N0001141,WO0000702,PLT-FL-WSH-FIL,M-WSH-FIL-01,2025-09-29,1,Condition Monitoring,Washing & Screening - Condition Monitoring,Predictive Route,Localized heating at electrical connection.,TERMINAL_HEATING,TERMINAL_HEATING,Electrical,,WSH-ELECTRICAL,Closed,2025-09-29,CM01,Completed,2025-10-02,2025-10-03,2025-10-02,2025-10-03,0,WORK_COMPLETED,Corrective scope executed and checked.,Tightening,Tightening performed; post-work functional check within tolerance.,TRUE,2.68,655.64,,Fiber Line,Washing & Screening,SYS-FL-WSH-FIL,Filtrate System,Motor,B,TRUE,FALSE,FALSE,FALSE,FALSE,577,47,0,4,FALSE,R3,3,Fault,COMPLETED_CORRECTIVE_ACTION
N0001142,WO0000703,PLT-FL-DIG-BLC,PV-DIG-BLC-01,2025-09-29,2,Operator Route,Digester - Operations,Sensory Route,Visible leakage at valve packing.,EXTERNAL_LEAKAGE,EXTERNAL_LEAKAGE,Valves,,DIG-VALVES,Closed,2025-10-04,PM02,Completed,2025-10-13,2025-10-15,2025-10-13,2025-10-15,0,WORK_COMPLETED,Corrective scope executed and checked.,Seal replacement,Seal replacement performed; post-work functional check within tolerance.,TRUE,5.05,2669.40,,Fiber Line,Digester,SYS-FL-DIG-BLC,Blow / Pressure Control,Control Valve,A,TRUE,FALSE,FALSE,FALSE,FALSE,204,47,5,16,FALSE,R2,2,Defect almost failure,COMPLETED_CORRECTIVE_ACTION
N0001143,WO0000704,PLT-RU-UTL-ELD,CB-UTL-ELD-01,2025-09-30,3,Planned Inspection,Utilities - Inspection,Planned Inspection,Control sequence response differs from approved logic.,CONTROL_SEQUENCE_DEVIATION,CONTROL_SEQUENCE_DEVIATION,Electrical,,UTL-ELECTRICAL,Closed,2025-10-04,PM02,Completed,2025-11-10,2025-11-12,2025-11-10,2025-11-12,1,WORK_COMPLETED,Corrective scope executed and checked.,Control logic correction,Control logic correction performed; post-work functional check within tolerance.,TRUE,5.68,1675.52,,Recovery & Utilities,Utilities,SYS-RU-UTL-ELD,Electrical Distribution,Circuit Breaker,A,TRUE,FALSE,FALSE,FALSE,FALSE,195,46,4,43,FALSE,R5,5,Defect,COMPLETED_CORRECTIVE_ACTION
N0001144,WO0000705,PLT-FL-BLE-DOS,FT-BLE-DOS-01,2025-10-01,2,Planned Inspection,Bleaching - Inspection,Planned Inspection,Control sequence response differs from approved logic.,CONTROL_SEQUENCE_DEVIATION,CONTROL_SEQUENCE_DEVIATION,Automation,,BLE-AUTOMATION,Closed,2025-10-04,PM02,Completed,2025-10-10,2025-10-12,2025-10-10,2025-10-12,0,WORK_COMPLETED,Corrective scope executed and checked.,Control logic correction,Control logic correction performed; post-work functional check within tolerance.,TRUE,6.42,1895.09,,Fiber Line,Bleaching,SYS-FL-BLE-DOS,Chemical Dosing,Flow Transmitter,B,TRUE,FALSE,FALSE,FALSE,FALSE,,45,3,11,FALSE,R4,4,Defect almost failure,COMPLETED_CORRECTIVE_ACTION
N0001145,WO0000706,PLT-RU-CAU-WLC,FV-CAU-WLC-01,2025-10-01,1,Maintenance Sensory Route,Causticizing - Maintenance Route A,Sensory Route,Valve travel sticks during small command changes.,VALVE_STICTION,VALVE_STICTION,Valves,,CAU-VALVES,In Progress,2025-10-02,CM01,Scheduled,2025-12-16,2025-12-17,,,5,,,,,TRUE,0.37,139.06,,Recovery & Utilities,Causticizing,SYS-RU-CAU-WLC,White Liquor Clarification,Control Valve,A,TRUE,FALSE,FALSE,FALSE,TRUE,44,45,1,,TRUE,R1,1,Fault,ACTIVE_WORK_ORDER
N0001146,WO0000707,PLT-FL-DRY-HYD,HPU-DRY-HYD-01,2025-10-01,1,Condition Monitoring,Drying - Condition Monitoring,Predictive Route,Hydraulic header pressure oscillates under steady demand.,HYD_PRESS_INSTABILITY,HYD_PRESS_INSTABILITY,Hydraulics,Electrical,DRY-ELECTRICAL,In Progress,2025-10-03,CM01,Scheduled,2025-11-14,2025-11-16,,,5,,,,,TRUE,1.80,336.71,,Fiber Line,Drying,SYS-FL-DRY-HYD,Hydraulic System,Hydraulic Power Unit,A,TRUE,FALSE,FALSE,FALSE,TRUE,44,45,2,,TRUE,R1,1,Fault,ACTIVE_WORK_ORDER
N0001147,WO0000708,PLT-FL-DIG-CIR,P-DIG-CIR-01,2025-10-01,1,Operator Route,Digester - Operations,Sensory Route,Elevated vibration at pump bearing housing.,PUMP_BEARING_VIBRATION,PUMP_BEARING_VIBRATION,Mechanical,Lubrication,DIG-LUBRICATION,In Progress,2025-10-03,CM01,Scheduled,2025-12-09,2025-12-11,,,5,,,,,TRUE,1.54,265.42,,Fiber Line,Digester,SYS-FL-DIG-CIR,Cooking Circulation,Pump,A,TRUE,FALSE,FALSE,FALSE,TRUE,44,45,2,,TRUE,R1,1,Fault,ACTIVE_WORK_ORDER
N0001148,WO0000709,PLT-FL-BLE-STW,M-BLE-STW-01,2025-10-03,2,Maintenance Sensory Route,Bleaching - Maintenance Route A,Sensory Route,Insulation test trending below reference.,INSULATION_DEGRADATION,INSULATION_DEGRADATION,Electrical,,BLE-ELECTRICAL,In Progress,2025-10-05,PM02,Released,2025-11-28,2025-11-29,,,2,,,,,FALSE,0.65,174.06,,Fiber Line,Bleaching,SYS-FL-BLE-STW,Stage Washing,Motor,B,TRUE,FALSE,FALSE,FALSE,FALSE,427,43,2,,TRUE,R4,4,Defect almost failure,ACTIVE_WORK_ORDER
N0001149,WO0000710,PLT-RU-UTL-AIR,M-UTL-AIR-01,2025-10-05,2,Operator Report,Utilities - Operations,,Motor temperature rising at normal load.,MOTOR_OVERHEATING,MOTOR_OVERHEATING,Electrical,,UTL-ELECTRICAL,Closed,2025-10-06,PM02,Completed,2025-10-14,2025-10-16,2025-10-14,2025-10-16,0,WORK_COMPLETED,Corrective scope executed and checked.,Cleaning,Cleaning performed; post-work functional check within tolerance.,TRUE,4.91,1447.33,,Recovery & Utilities,Utilities,SYS-RU-UTL-AIR,Compressed Air,Motor,A,TRUE,FALSE,FALSE,FALSE,FALSE,408,41,1,11,FALSE,R2,2,Defect almost failure,COMPLETED_CORRECTIVE_ACTION
N0001150,,PLT-FL-DIG-CIR,TT-DIG-CIR-01,2025-10-05,3,Operator Route,Digester - Operations,Sensory Route,Control sequence response differs from approved logic.,CONTROL_SEQUENCE_DEVIATION,CONTROL_SEQUENCE_DEVIATION,Automation,,DIG-AUTOMATION,Closed,,,,,,,,,MONITOR_CONDITION,Condition recorded; continue observation without corrective work.,Inspection only,Field inspection completed; no corrective maintenance performed.,TRUE,1.86,327.69,,Fiber Line,Digester,SYS-FL-DIG-CIR,Cooking Circulation,Temperature Transmitter,B,FALSE,TRUE,TRUE,FALSE,FALSE,513,41,,,FALSE,R7,7,Defect,CLOSED_CONFIRMED_WITHOUT_ORDER
N0001151,WO0000711,PLT-FL-BLE-CHM,M-BLE-CHM-01,2025-10-06,3,Operator Route,Bleaching - Operations,Sensory Route,Motor temperature rising at normal load.,MOTOR_OVERHEATING,MOTOR_OVERHEATING,Electrical,,BLE-ELECTRICAL,In Progress,2025-10-06,PM02,Released,2025-11-24,2025-11-25,,,1,,,,,TRUE,1.82,353.61,,Fiber Line,Bleaching,SYS-FL-BLE-CHM,Chemical Mixing,Motor,B,TRUE,FALSE,FALSE,FALSE,FALSE,831,40,0,,TRUE,R7,7,Defect,ACTIVE_WORK_ORDER
N0001152,WO0000712,PLT-FL-DRY-LUB,P-DRY-LUB-01,2025-10-07,3,Planned Inspection,Drying - Inspection,Planned Inspection,Lubricant level below normal mark.,LOW_LUBE_LEVEL,LOW_LUBE_LEVEL,Lubrication,,DRY-LUBRICATION,In Progress,2025-10-11,PM02,Created,2025-11-22,2025-11-22,,,0,,,,,TRUE,0.67,128.02,,Fiber Line,Drying,SYS-FL-DRY-LUB,Lubrication System,Lubrication Pump,B,TRUE,FALSE,FALSE,FALSE,FALSE,498,39,4,,TRUE,R7,7,Defect,ACTIVE_WORK_ORDER
N0001153,WO0000713,PLT-RU-RB-FWS,P-RB-FWS-01,2025-10-08,2,Condition Monitoring,Recovery Boiler - Condition Monitoring,Predictive Route,Oil sample shows elevated contamination.,OIL_CONTAMINATION,OIL_CONTAMINATION,Lubrication,,RB-LUBRICATION,Closed,2025-10-09,PM02,Completed,2025-10-13,2025-10-15,2025-10-13,2025-10-15,0,WORK_COMPLETED,Corrective scope executed and checked.,Lubrication,Lubrication performed; post-work functional check within tolerance.,TRUE,4.14,2117.89,,Recovery & Utilities,Recovery Boiler,SYS-RU-RB-FWS,Feedwater System,Pump,A,TRUE,FALSE,FALSE,FALSE,FALSE,,38,1,7,FALSE,R2,2,Defect almost failure,COMPLETED_CORRECTIVE_ACTION
N0001154,WO0000714,PLT-FL-DIG-BLC,XV-DIG-BLC-01,2025-10-08,2,Operator Route,Digester - Operations,Sensory Route,Actuator supply pressure decays while held.,ACTUATOR_LEAKAGE,ACTUATOR_LEAKAGE,Valves,,DIG-VALVES,Closed,2025-10-09,PM02,Completed,2025-10-12,2025-10-13,2025-10-12,2025-10-13,0,WORK_COMPLETED,Corrective scope executed and checked.,Seal replacement,Seal replacement performed; post-work functional check within tolerance.,TRUE,6.60,3846.16,,Fiber Line,Digester,SYS-FL-DIG-BLC,Blow / Pressure Control,On/Off Valve,A,TRUE,FALSE,FALSE,FALSE,FALSE,570,38,1,5,FALSE,R2,2,Defect almost failure,COMPLETED_CORRECTIVE_ACTION
N0001155,,PLT-FL-DRY-PMF,FV-DRY-PMF-01,2025-10-09,3,Operator Route,Drying - Operations,Sensory Route,Actuator supply pressure decays while held.,ACTUATOR_LEAKAGE,ACTUATOR_LEAKAGE,Valves,,DRY-VALVES,Open,,,,,,,,,,,,,TRUE,0.64,181.89,,Fiber Line,Drying,SYS-FL-DRY-PMF,Pulp Machine Feed,Control Valve,A,FALSE,FALSE,FALSE,FALSE,FALSE,,37,,,TRUE,R5,5,Defect,OPEN_NOTIFICATION
N0001156,,PLT-RU-UTL-PWT,P-UTL-PWT-01,2025-10-10,3,Maintenance Sensory Route,Utilities - Maintenance Route A,Sensory Route,Elevated vibration at pump bearing housing.,PUMP_BEARING_VIBRATION,PUMP_BEARING_VIBRATION,Mechanical,,UTL-MECHANICAL,Open,,,,,,,,,,,,,FALSE,0.98,176.36,,Recovery & Utilities,Utilities,SYS-RU-UTL-PWT,Process Water,Pump,B,FALSE,FALSE,FALSE,FALSE,FALSE,,36,,,TRUE,R7,7,Defect,OPEN_NOTIFICATION
N0001157,WO0000715,PLT-RU-LIM-IDF,DV-LIM-IDF-01,2025-10-11,2,Planned Inspection,Lime Kiln - Inspection,Planned Inspection,Mechanism travel is uneven with elevated resistance.,MECHANICAL_BINDING,MECHANICAL_BINDING,Mechanical,,LIM-MECHANICAL,Closed,2025-10-15,PM02,Completed,2025-10-25,2025-10-27,2025-10-25,2025-10-27,0,WORK_COMPLETED,Corrective scope executed and checked.,Adjustment,Adjustment performed; post-work functional check within tolerance.,TRUE,7.82,2794.87,,Recovery & Utilities,Lime Kiln,SYS-RU-LIM-IDF,Induced Draft,Damper,B,TRUE,FALSE,FALSE,FALSE,TRUE,165,35,4,16,FALSE,R4,4,Defect almost failure,COMPLETED_CORRECTIVE_ACTION
N0001158,,PLT-FL-DIG-DIS,M-DIG-DIS-01,2025-10-12,2,Planned Inspection,Digester - Inspection,Planned Inspection,Insulation test trending below reference.,INSULATION_DEGRADATION,INSULATION_DEGRADATION,Condition Monitoring,Lubrication,DIG-LUBRICATION,Closed,,,,,,,,,NO_ACTION_REQUIRED,Notification dispositioned without corrective scope.,Inspection only,Field inspection completed; no corrective maintenance performed.,TRUE,1.99,342.03,,Fiber Line,Digester,SYS-FL-DIG-DIS,Digester Discharge,Motor,A,FALSE,TRUE,TRUE,FALSE,FALSE,921,34,,,FALSE,R2,2,Defect almost failure,CLOSED_CONFIRMED_WITHOUT_ORDER
N0001159,,PLT-FL-WSH-FIL,LT-WSH-FIL-01,2025-10-13,3,Planned Inspection,Washing & Screening - Inspection,Planned Inspection,Control sequence response differs from approved logic.,CONTROL_SEQUENCE_DEVIATION,CONTROL_SEQUENCE_DEVIATION,Automation,,WSH-AUTOMATION,Open,,,,,,,,,,,,,FALSE,1.51,274.27,,Fiber Line,Washing & Screening,SYS-FL-WSH-FIL,Filtrate System,Level Transmitter,C,FALSE,FALSE,FALSE,FALSE,FALSE,,33,,,TRUE,R9,9,Defect,OPEN_NOTIFICATION
N0001160,,PLT-FL-DRY-PRS,HY-DRY-PRS-01,2025-10-14,3,Planned Inspection,Drying - Inspection,Planned Inspection,Hydraulic pressure decays with no external leak.,HYD_INTERNAL_LEAKAGE,HYD_INTERNAL_LEAKAGE,Hydraulics,,DRY-HYDRAULICS,Open,,,,,,,,,,,,,FALSE,0.69,130.02,,Fiber Line,Drying,SYS-FL-DRY-PRS,Press Section,Hydraulic Actuator,A,FALSE,FALSE,FALSE,FALSE,TRUE,148,32,,,TRUE,R5,5,Defect,OPEN_NOTIFICATION
N0001161,WO0000716,PLT-FL-DRY-LUB,M-DRY-LUB-01,2025-10-16,2,Process Alarm,Drying - Control Room,Process / Control Monitoring,Motor temperature rising at normal load.,MOTOR_OVERHEATING,MOTOR_OVERHEATING,Electrical,,DRY-ELECTRICAL,Closed,2025-10-20,PM02,Completed,2025-11-12,2025-11-14,2025-11-12,2025-11-14,1,WORK_COMPLETED,Corrective scope executed and checked.,Cleaning,Cleaning performed; post-work functional check within tolerance.,TRUE,4.59,1354.05,,Fiber Line,Drying,SYS-FL-DRY-LUB,Lubrication System,Motor,C,TRUE,FALSE,FALSE,FALSE,FALSE,,30,4,29,FALSE,R8,8,Defect almost failure,COMPLETED_CORRECTIVE_ACTION
N0001162,WO0000717,PLT-FL-DIG-DIS,P-DIG-DIS-01,2025-10-16,3,Condition Monitoring,Digester - Condition Monitoring,Predictive Route,Bearing temperature trending above baseline.,BEARING_TEMPERATURE,BEARING_TEMPERATURE,Mechanical,,DIG-MECHANICAL,In Progress,2025-10-18,PM02,Created,2025-12-08,2025-12-08,,,1,,,,,TRUE,1.02,237.31,,Fiber Line,Digester,SYS-FL-DIG-DIS,Digester Discharge,Pump,A,TRUE,FALSE,FALSE,FALSE,FALSE,318,30,2,,TRUE,R5,5,Defect,ACTIVE_WORK_ORDER
N0001163,WO0000718,PLT-RU-EVA-BLF,FT-EVA-BLF-01,2025-10-17,1,Breakdown / Corrective,Evaporation - Operations,,Intermittent signal dropout at stable process conditions.,INTERMITTENT_SIGNAL,INTERMITTENT_SIGNAL,Automation,,EVA-AUTOMATION,Closed,2025-10-18,CM01,Completed,2025-10-20,2025-10-20,2025-10-20,2025-10-20,0,WORK_COMPLETED,Corrective scope executed and checked.,Instrument replacement,Instrument replacement performed; post-work functional check within tolerance.,TRUE,7.17,5820.93,,Recovery & Utilities,Evaporation,SYS-RU-EVA-BLF,Black Liquor Feed,Flow Transmitter,B,TRUE,FALSE,FALSE,FALSE,FALSE,241,29,1,3,FALSE,R3,3,Fault,COMPLETED_CORRECTIVE_ACTION
N0001164,,PLT-FL-WSH-SCR,P-WSH-SCR-01,2025-10-17,3,Operator Report,Washing & Screening - Operations,,Leakage at shaft seal.,SEAL_LEAKAGE,SEAL_LEAKAGE,Mechanical,,WSH-MECHANICAL,Open,,,,,,,,,,,,,TRUE,0.59,119.65,,Fiber Line,Washing & Screening,SYS-FL-WSH-SCR,Screening,Pump,B,FALSE,FALSE,FALSE,FALSE,FALSE,252,29,,,TRUE,R7,7,Defect,OPEN_NOTIFICATION
N0001165,WO0000719,PLT-FL-BLE-CHM,AG-BLE-CHM-01,2025-10-18,2,Condition Monitoring,Bleaching - Condition Monitoring,Predictive Route,Oil condition test indicates degraded lubricant.,OIL_DEGRADATION,OIL_DEGRADATION,Lubrication,Mechanical,BLE-MECHANICAL,Closed,2025-10-20,PM02,Completed,2025-11-05,2025-11-06,2025-11-05,2025-11-06,0,WORK_COMPLETED,Corrective scope executed and checked.,Lubrication,Lubrication performed; post-work functional check within tolerance.,TRUE,5.30,2977.06,,Fiber Line,Bleaching,SYS-FL-BLE-CHM,Chemical Mixing,Agitator,B,TRUE,FALSE,FALSE,FALSE,FALSE,,28,2,19,FALSE,R4,4,Defect almost failure,COMPLETED_CORRECTIVE_ACTION
N0001166,,PLT-RU-UTL-BFW,M-UTL-BFW-01,2025-10-19,3,Operator Route,Utilities - Operations,Sensory Route,Insulation test trending below reference.,INSULATION_DEGRADATION,INSULATION_DEGRADATION,Electrical,,UTL-ELECTRICAL,Closed,,,,,,,,,NO_DEFECT_FOUND,Inspection could not confirm the reported abnormality.,Inspection only,Field inspection completed; no corrective maintenance performed.,FALSE,1.93,339.61,,Recovery & Utilities,Utilities,SYS-RU-UTL-BFW,Boiler Feedwater,Motor,A,FALSE,TRUE,FALSE,TRUE,FALSE,965,27,,,FALSE,R5,5,Defect,CLOSED_UNCONFIRMED_WITHOUT_ORDER
N0001167,WO0000720,PLT-FL-DRY-LUB,P-DRY-LUB-01,2025-10-19,2,Operator Report,Drying - Operations,,Oil condition test indicates degraded lubricant.,OIL_DEGRADATION,OIL_DEGRADATION,Lubrication,,DRY-LUBRICATION,In Progress,2025-10-20,PM02,Scheduled,2025-11-30,2025-11-30,,,3,,,,,TRUE,1.61,268.42,,Fiber Line,Drying,SYS-FL-DRY-LUB,Lubrication System,Lubrication Pump,B,TRUE,FALSE,FALSE,FALSE,FALSE,440,27,1,,TRUE,R4,4,Defect almost failure,ACTIVE_WORK_ORDER
N0001168,WO0000721,PLT-RU-LIM-IDF,M-LIM-IDF-01,2025-10-20,1,Operator Route,Lime Kiln - Operations,Sensory Route,Motor temperature rising at normal load.,MOTOR_OVERHEATING,MOTOR_OVERHEATING,Electrical,,LIM-ELECTRICAL,Closed,2025-10-21,CM01,Completed,2025-10-23,2025-10-24,2025-10-23,2025-10-24,0,WORK_COMPLETED,Corrective scope executed and checked.,Cleaning,Cleaning performed; post-work functional check within tolerance.,TRUE,8.87,2616.46,,Recovery & Utilities,Lime Kiln,SYS-RU-LIM-IDF,Induced Draft,Motor,A,TRUE,FALSE,FALSE,FALSE,FALSE,374,26,1,4,FALSE,R1,1,Fault,COMPLETED_CORRECTIVE_ACTION
N0001169,WO0000722,PLT-FL-DRY-LUB,M-DRY-LUB-01,2025-10-21,3,Operator Report,Drying - Operations,,Insulation test trending below reference.,INSULATION_DEGRADATION,INSULATION_DEGRADATION,Electrical,,DRY-ELECTRICAL,Closed,2025-10-25,PM02,Completed,2025-11-12,2025-11-14,2025-11-12,2025-11-14,0,NO_DEFECT_FOUND,Inspection could not confirm the reported abnormality.,Inspection only,Inspected and recorded readings; no component correction performed.,FALSE,0.98,222.91,,Fiber Line,Drying,SYS-FL-DRY-LUB,Lubrication System,Motor,C,TRUE,FALSE,FALSE,FALSE,FALSE,422,25,4,24,FALSE,R9,9,Defect,OTHER_CLOSED
N0001170,WO0000723,PLT-RU-RB-STM,PT-RB-STM-01,2025-10-21,2,Process Alarm,Recovery Boiler - Control Room,Process / Control Monitoring,Indicated value drifts from independent reference.,SIGNAL_DRIFT,SIGNAL_DRIFT,Instrumentation,,RB-INSTRUMENTATION,Closed,2025-10-23,PM02,Cancelled,2025-10-26,2025-10-26,,,0,CANCELLED,Order cancelled after scope review; no execution recorded.,,,TRUE,1.73,287.99,,Recovery & Utilities,Recovery Boiler,SYS-RU-RB-STM,Steam / Pressure Control,Pressure Transmitter,A,TRUE,FALSE,FALSE,FALSE,FALSE,588,25,2,,FALSE,R2,2,Defect almost failure,CANCELLED
N0001171,WO0000724,PLT-FL-WSH-SCR,DPIT-WSH-SCR-01,2025-10-22,1,Breakdown / Corrective,Washing & Screening - Operations,,Pressure response delayed during process change.,IMPULSE_LINE_RESTRICTION,IMPULSE_LINE_RESTRICTION,Instrumentation,,WSH-INSTRUMENTATION,Closed,2025-10-26,CM01,Completed,2025-11-07,2025-11-08,2025-11-07,2025-11-08,1,WORK_COMPLETED,Corrective scope executed and checked.,Cleaning,Cleaning performed; post-work functional check within tolerance.,TRUE,6.14,1625.99,,Fiber Line,Washing & Screening,SYS-FL-WSH-SCR,Screening,Differential Pressure Transmitter,C,TRUE,FALSE,FALSE,FALSE,FALSE,762,24,4,17,FALSE,R6,6,Fault,COMPLETED_CORRECTIVE_ACTION
N0001172,WO0000725,PLT-RU-EVA-CON,LT-EVA-CON-01,2025-10-23,3,Planned Inspection,Evaporation - Inspection,Planned Inspection,Indicated value drifts from independent reference.,SIGNAL_DRIFT,SIGNAL_DRIFT,Instrumentation,,EVA-INSTRUMENTATION,In Progress,2025-10-28,PM02,Released,2025-12-05,2025-12-05,,,0,,,,,TRUE,1.97,364.95,,Recovery & Utilities,Evaporation,SYS-RU-EVA-CON,Condensate System,Level Transmitter,C,TRUE,FALSE,FALSE,FALSE,FALSE,,23,5,,TRUE,R9,9,Defect,ACTIVE_WORK_ORDER
N0001173,,PLT-FL-DRY-PMF,M-DRY-PMF-01,2025-10-23,3,Condition Monitoring,Drying - Condition Monitoring,Predictive Route,Insulation test trending below reference.,INSULATION_DEGRADATION,INSULATION_DEGRADATION,Electrical,,DRY-ELECTRICAL,Closed,,,,,,,,,NO_ACTION_REQUIRED,Notification dispositioned without corrective scope.,Inspection only,Field inspection completed; no corrective maintenance performed.,TRUE,1.89,311.43,,Fiber Line,Drying,SYS-FL-DRY-PMF,Pulp Machine Feed,Motor,A,FALSE,TRUE,TRUE,FALSE,FALSE,,23,,,FALSE,R5,5,Defect,CLOSED_CONFIRMED_WITHOUT_ORDER
N0001174,,PLT-RU-EVA-CIR,P-EVA-CIR-01,2025-10-25,3,Maintenance Sensory Route,Evaporation - Maintenance Route A,Sensory Route,Oil condition test indicates degraded lubricant.,OIL_DEGRADATION,OIL_DEGRADATION,Lubrication,,EVA-LUBRICATION,Closed,,,,,,,,,MONITOR_CONDITION,Condition recorded; continue observation without corrective work.,Inspection only,Field inspection completed; no corrective maintenance performed.,TRUE,1.92,334.12,,Recovery & Utilities,Evaporation,SYS-RU-EVA-CIR,Evaporator Circulation,Pump,B,FALSE,TRUE,TRUE,FALSE,FALSE,,21,,,FALSE,R7,7,Defect,CLOSED_CONFIRMED_WITHOUT_ORDER
N0001175,,PLT-FL-WSH-SCR,DPIT-WSH-SCR-01,2025-10-26,3,Operator Route,Washing & Screening - Operations,Sensory Route,Intermittent signal dropout at stable process conditions.,INTERMITTENT_SIGNAL,INTERMITTENT_SIGNAL,Instrumentation,,WSH-INSTRUMENTATION,Open,,,,,,,,,,,,,TRUE,1.50,301.82,,Fiber Line,Washing & Screening,SYS-FL-WSH-SCR,Screening,Differential Pressure Transmitter,C,FALSE,FALSE,FALSE,FALSE,FALSE,192,20,,,TRUE,R9,9,Defect,OPEN_NOTIFICATION
N0001176,WO0000726,PLT-RU-LIM-LMF,FT-LIM-LMF-01,2025-10-28,3,Operator Report,Lime Kiln - Operations,,Indicated value drifts from independent reference.,SIGNAL_DRIFT,SIGNAL_DRIFT,Instrumentation,,LIM-INSTRUMENTATION,Closed,2025-10-31,PM02,Cancelled,2025-12-14,2025-12-14,,,2,CANCELLED,Order cancelled after scope review; no execution recorded.,,,TRUE,0.38,139.18,,Recovery & Utilities,Lime Kiln,SYS-RU-LIM-LMF,Lime Mud Feed,Flow Transmitter,B,TRUE,FALSE,FALSE,FALSE,FALSE,,18,3,,FALSE,R7,7,Defect,CANCELLED
N0001177,WO0000727,PLT-RU-RB-SMT,P-RB-SMT-01,2025-10-28,1,Breakdown / Corrective,Recovery Boiler - Operations,,Bearing temperature trending above baseline.,BEARING_TEMPERATURE,BEARING_TEMPERATURE,Mechanical,,RB-MECHANICAL,Closed,2025-10-31,CM01,Completed,2025-10-31,2025-11-01,2025-10-31,2025-11-01,0,WORK_COMPLETED,Corrective scope executed and checked.,Bearing replacement,Bearing replacement performed; post-work functional check within tolerance.,TRUE,18.82,13486.51,,Recovery & Utilities,Recovery Boiler,SYS-RU-RB-SMT,Smelt Handling,Pump,B,TRUE,FALSE,FALSE,FALSE,FALSE,448,18,3,4,FALSE,R3,3,Fault,COMPLETED_CORRECTIVE_ACTION
N0001178,,PLT-FL-WSH-SCR,DPIT-WSH-SCR-01,2025-10-30,3,Planned Inspection,Washing & Screening - Inspection,Planned Inspection,Measured output outside calibration tolerance.,CALIBRATION_DEVIATION,CALIBRATION_DEVIATION,Instrumentation,,WSH-INSTRUMENTATION,Closed,,,,,,,,,OPERATING_CONDITION,Observed response is within the current operating envelope.,Inspection only,Field inspection completed; no corrective maintenance performed.,FALSE,1.02,228.64,,Fiber Line,Washing & Screening,SYS-FL-WSH-SCR,Screening,Differential Pressure Transmitter,C,FALSE,TRUE,FALSE,TRUE,FALSE,349,16,,,FALSE,R9,9,Defect,CLOSED_UNCONFIRMED_WITHOUT_ORDER
N0001179,,PLT-FL-WSH-SCR,SCR-WSH-SCR-01,2025-10-30,3,Operator Report,Washing & Screening - Operations,,Mechanism travel is uneven with elevated resistance.,MECHANICAL_BINDING,MECHANICAL_BINDING,Mechanical,,WSH-MECHANICAL,Open,,,,,,,,,,,,,FALSE,0.72,179.18,,Fiber Line,Washing & Screening,SYS-FL-WSH-SCR,Screening,Screen,B,FALSE,FALSE,FALSE,FALSE,FALSE,278,16,,,TRUE,R7,7,Defect,OPEN_NOTIFICATION
N0001180,WO0000728,PLT-RU-LIM-DRV,GB-LIM-DRV-01,2025-11-01,3,Operator Route,Lime Kiln - Operations,Sensory Route,Oil condition test indicates degraded lubricant.,OIL_DEGRADATION,OIL_DEGRADATION,Mechanical,,LIM-MECHANICAL,In Progress,2025-11-02,PM02,Released,2025-12-23,2025-12-25,,,1,,,,,TRUE,1.41,272.97,,Recovery & Utilities,Lime Kiln,SYS-RU-LIM-DRV,Kiln Drive,Gearbox,A,TRUE,FALSE,FALSE,FALSE,FALSE,546,14,1,,TRUE,R5,5,Defect,ACTIVE_WORK_ORDER
N0001181,,PLT-RU-CAU-SLK,SLK-CAU-SLK-01,2025-11-01,3,Operator Report,Causticizing - Operations,,Mechanism travel is uneven with elevated resistance.,MECHANICAL_BINDING,MECHANICAL_BINDING,Mechanical,,CAU-MECHANICAL,Closed,,,,,,,,,NO_DEFECT_FOUND,Inspection could not confirm the reported abnormality.,Inspection only,Field inspection completed; no corrective maintenance performed.,FALSE,0.58,151.01,,Recovery & Utilities,Causticizing,SYS-RU-CAU-SLK,Slaking,Slaker,A,FALSE,TRUE,FALSE,TRUE,FALSE,645,14,,,FALSE,R5,5,Defect,CLOSED_UNCONFIRMED_WITHOUT_ORDER
N0001182,WO0000729,PLT-FL-DRY-PRS,DRV-DRY-PRS-01,2025-11-02,3,Condition Monitoring,Drying - Condition Monitoring,Predictive Route,Insulation test trending below reference.,INSULATION_DEGRADATION,INSULATION_DEGRADATION,Condition Monitoring,Electrical,DRY-ELECTRICAL,In Progress,2025-11-04,PM02,Released,2026-01-09,2026-01-09,,,2,,,,,TRUE,1.17,200.60,,Fiber Line,Drying,SYS-FL-DRY-PRS,Press Section,Drive,A,TRUE,FALSE,FALSE,FALSE,FALSE,328,13,2,,TRUE,R5,5,Defect,ACTIVE_WORK_ORDER
N0001183,,PLT-RU-LIM-IDF,FAN-LIM-IDF-01,2025-11-02,3,Planned Inspection,Lime Kiln - Inspection,Planned Inspection,Rotating assembly shows dominant once-per-revolution vibration.,IMBALANCE,IMBALANCE,Mechanical,,LIM-MECHANICAL,Closed,,,,,,,,,MONITOR_CONDITION,Condition recorded; continue observation without corrective work.,Inspection only,Field inspection completed; no corrective maintenance performed.,TRUE,0.59,133.64,,Recovery & Utilities,Lime Kiln,SYS-RU-LIM-IDF,Induced Draft,Fan,A,FALSE,TRUE,TRUE,FALSE,FALSE,,13,,,FALSE,R5,5,Defect,CLOSED_CONFIRMED_WITHOUT_ORDER
N0001184,,PLT-RU-LIM-BRN,FV-LIM-BRN-01,2025-11-04,2,Operator Report,Lime Kiln - Operations,,Visible leakage at valve packing.,EXTERNAL_LEAKAGE,EXTERNAL_LEAKAGE,Valves,,LIM-VALVES,Closed,,,,,,,,,MONITOR_CONDITION,Condition recorded; continue observation without corrective work.,Inspection only,Field inspection completed; no corrective maintenance performed.,TRUE,0.61,180.29,,Recovery & Utilities,Lime Kiln,SYS-RU-LIM-BRN,Burner System,Control Valve,B,FALSE,TRUE,TRUE,FALSE,FALSE,,11,,,FALSE,R4,4,Defect almost failure,CLOSED_CONFIRMED_WITHOUT_ORDER
N0001185,WO0000730,PLT-RU-LIM-LMF,FV-LIM-LMF-01,2025-11-04,3,Operator Route,Lime Kiln - Operations,Sensory Route,Valve feedback differs from demanded position.,POSITIONER_DEVIATION,POSITIONER_DEVIATION,Instrumentation,,LIM-INSTRUMENTATION,In Progress,2025-11-05,PM02,Released,2025-12-20,2025-12-22,,,0,,,,,TRUE,1.95,322.93,,Recovery & Utilities,Lime Kiln,SYS-RU-LIM-LMF,Lime Mud Feed,Control Valve,B,TRUE,FALSE,FALSE,FALSE,TRUE,178,11,1,,TRUE,R7,7,Defect,ACTIVE_WORK_ORDER
N0001186,WO0000731,PLT-FL-DIG-CHP,CNV-DIG-CHP-01,2025-11-05,3,Condition Monitoring,Digester - Condition Monitoring,Predictive Route,Process differential pressure above normal operating range.,PROCESS_RESTRICTION,PROCESS_RESTRICTION,Condition Monitoring,,DIG-CONDITION_MONITORING,In Progress,2025-11-06,PM02,Scheduled,2025-11-30,2025-12-02,,,1,,,,,TRUE,1.10,195.72,,Fiber Line,Digester,SYS-FL-DIG-CHP,Chip Feeding,Conveyor,A,TRUE,FALSE,FALSE,FALSE,FALSE,787,10,1,,TRUE,R5,5,Defect,ACTIVE_WORK_ORDER
N0001187,,PLT-RU-UTL-AIR,PT-UTL-AIR-01,2025-11-05,2,Operator Route,Utilities - Operations,Sensory Route,Intermittent signal dropout at stable process conditions.,INTERMITTENT_SIGNAL,INTERMITTENT_SIGNAL,Instrumentation,,UTL-INSTRUMENTATION,Open,,,,,,,,,,,,,FALSE,1.41,257.51,,Recovery & Utilities,Utilities,SYS-RU-UTL-AIR,Compressed Air,Pressure Transmitter,A,FALSE,FALSE,FALSE,FALSE,FALSE,,10,,,TRUE,R2,2,Defect almost failure,OPEN_NOTIFICATION
N0001188,WO0000732,PLT-RU-CAU-SLK,TT-CAU-SLK-01,2025-11-05,3,Maintenance Sensory Route,Causticizing - Maintenance Route A,Sensory Route,Indicated value drifts from independent reference.,SIGNAL_DRIFT,SIGNAL_DRIFT,Instrumentation,,CAU-INSTRUMENTATION,Closed,2025-11-08,PM02,Cancelled,2025-11-28,2025-11-29,,,0,CANCELLED,Order cancelled after scope review; no execution recorded.,,,TRUE,1.01,217.87,,Recovery & Utilities,Causticizing,SYS-RU-CAU-SLK,Slaking,Temperature Transmitter,B,TRUE,FALSE,FALSE,FALSE,FALSE,,10,3,,FALSE,R7,7,Defect,CANCELLED
N0001189,WO0000733,PLT-RU-CAU-REA,AG-CAU-REA-01,2025-11-07,3,Planned Inspection,Causticizing - Inspection,Planned Inspection,Bearing temperature trending above baseline.,BEARING_TEMPERATURE,BEARING_TEMPERATURE,Condition Monitoring,,CAU-CONDITION_MONITORING,In Progress,2025-11-07,PM02,Released,2026-01-10,2026-01-11,,,3,,,,,TRUE,1.20,257.75,,Recovery & Utilities,Causticizing,SYS-RU-CAU-REA,Causticizing Reactors,Agitator,B,TRUE,FALSE,FALSE,FALSE,TRUE,39,8,0,,TRUE,R7,7,Defect,ACTIVE_WORK_ORDER
N0001190,WO0000734,PLT-RU-UTL-STM,PV-UTL-STM-01,2025-11-07,3,Planned Inspection,Utilities - Inspection,Planned Inspection,Valve feedback differs from demanded position.,POSITIONER_DEVIATION,POSITIONER_DEVIATION,Valves,,UTL-VALVES,In Progress,2025-11-07,PM02,Released,2025-12-08,2025-12-08,,,0,,,,,TRUE,1.87,326.14,,Recovery & Utilities,Utilities,SYS-RU-UTL-STM,Steam Distribution,Control Valve,A,TRUE,FALSE,FALSE,FALSE,FALSE,191,8,0,,TRUE,R5,5,Defect,ACTIVE_WORK_ORDER
N0001191,WO0000735,PLT-RU-UTL-PWT,FT-UTL-PWT-01,2025-11-08,3,Operator Report,Utilities - Operations,,Intermittent signal dropout at stable process conditions.,INTERMITTENT_SIGNAL,INTERMITTENT_SIGNAL,Instrumentation,,UTL-INSTRUMENTATION,In Progress,2025-11-08,PM02,Created,2025-12-16,2025-12-17,,,0,,,,,TRUE,0.73,195.39,,Recovery & Utilities,Utilities,SYS-RU-UTL-PWT,Process Water,Flow Transmitter,B,TRUE,FALSE,FALSE,FALSE,FALSE,243,7,0,,TRUE,R7,7,Defect,ACTIVE_WORK_ORDER
N0001192,,PLT-RU-UTL-AIR,M-UTL-AIR-01,2025-11-08,3,Condition Monitoring,Utilities - Condition Monitoring,Predictive Route,Insulation test trending below reference.,INSULATION_DEGRADATION,INSULATION_DEGRADATION,Condition Monitoring,,UTL-CONDITION_MONITORING,Open,,,,,,,,,,,,,TRUE,0.48,139.52,,Recovery & Utilities,Utilities,SYS-RU-UTL-AIR,Compressed Air,Motor,A,FALSE,FALSE,FALSE,FALSE,FALSE,885,7,,,TRUE,R5,5,Defect,OPEN_NOTIFICATION
N0001193,WO0000736,PLT-RU-UTL-ELD,CB-UTL-ELD-01,2025-11-09,2,Process Alarm,Utilities - Control Room,Process / Control Monitoring,Localized heating at electrical connection.,TERMINAL_HEATING,TERMINAL_HEATING,Electrical,,UTL-ELECTRICAL,In Progress,2025-11-11,PM02,Created,2025-12-13,2025-12-15,,,2,,,,,TRUE,0.57,151.87,,Recovery & Utilities,Utilities,SYS-RU-UTL-ELD,Electrical Distribution,Circuit Breaker,A,TRUE,FALSE,FALSE,FALSE,FALSE,551,6,2,,TRUE,R2,2,Defect almost failure,ACTIVE_WORK_ORDER
N0001194,WO0000737,PLT-FL-WSH-SCR,M-WSH-SCR-01,2025-11-09,3,Condition Monitoring,Washing & Screening - Condition Monitoring,Predictive Route,Motor temperature rising at normal load.,MOTOR_OVERHEATING,MOTOR_OVERHEATING,Condition Monitoring,,WSH-CONDITION_MONITORING,In Progress,2025-11-14,PM02,Created,2026-01-31,2026-01-31,,,2,,,,,TRUE,1.46,248.28,,Fiber Line,Washing & Screening,SYS-FL-WSH-SCR,Screening,Motor,B,TRUE,FALSE,FALSE,FALSE,FALSE,584,6,5,,TRUE,R7,7,Defect,ACTIVE_WORK_ORDER
N0001195,,PLT-RU-CAU-WLC,FV-CAU-WLC-01,2025-11-10,1,Process Alarm,Causticizing - Control Room,Process / Control Monitoring,Valve travel sticks during small command changes.,VALVE_STICTION,VALVE_STICTION,Valves,,CAU-VALVES,Open,,,,,,,,,,,,,TRUE,1.60,328.05,,Recovery & Utilities,Causticizing,SYS-RU-CAU-WLC,White Liquor Clarification,Control Valve,A,FALSE,FALSE,FALSE,FALSE,TRUE,40,5,,,TRUE,R1,1,Fault,OPEN_NOTIFICATION
N0001196,,PLT-FL-DRY-HYD,HPU-DRY-HYD-01,2025-11-10,1,Condition Monitoring,Drying - Condition Monitoring,Predictive Route,Hydraulic header pressure oscillates under steady demand.,HYD_PRESS_INSTABILITY,HYD_PRESS_INSTABILITY,Hydraulics,,DRY-HYDRAULICS,Open,,,,,,,,,,,,,TRUE,0.81,214.57,,Fiber Line,Drying,SYS-FL-DRY-HYD,Hydraulic System,Hydraulic Power Unit,A,FALSE,FALSE,FALSE,FALSE,TRUE,40,5,,,TRUE,R1,1,Fault,OPEN_NOTIFICATION
N0001197,WO0000738,PLT-FL-DRY-DRS,M-DRY-DRS-01,2025-11-10,1,Breakdown / Corrective,Drying - Operations,,Lubricant level below normal mark.,LOW_LUBE_LEVEL,LOW_LUBE_LEVEL,Lubrication,,DRY-LUBRICATION,In Progress,2025-11-15,CM01,Created,2025-11-18,2025-11-18,,,0,,,,,TRUE,1.73,338.59,,Fiber Line,Drying,SYS-FL-DRY-DRS,Dryer Section,Motor,A,TRUE,FALSE,FALSE,FALSE,FALSE,792,5,5,,TRUE,R1,1,Fault,ACTIVE_WORK_ORDER
N0001198,,PLT-FL-DIG-CIR,P-DIG-CIR-01,2025-11-10,1,Operator Route,Digester - Operations,Sensory Route,Elevated vibration at pump bearing housing.,PUMP_BEARING_VIBRATION,PUMP_BEARING_VIBRATION,Mechanical,Lubrication,DIG-LUBRICATION,Open,,,,,,,,,,,,,TRUE,0.63,135.52,,Fiber Line,Digester,SYS-FL-DIG-CIR,Cooking Circulation,Pump,A,FALSE,FALSE,FALSE,FALSE,TRUE,40,5,,,TRUE,R1,1,Fault,OPEN_NOTIFICATION
N0001199,,PLT-FL-WSH-BSW,FV-WSH-BSW-01,2025-11-11,3,Operator Route,Washing & Screening - Operations,Sensory Route,Actuator supply pressure decays while held.,ACTUATOR_LEAKAGE,ACTUATOR_LEAKAGE,Instrumentation,,WSH-INSTRUMENTATION,Closed,,,,,,,,,MONITOR_CONDITION,Condition recorded; continue observation without corrective work.,Inspection only,Field inspection completed; no corrective maintenance performed.,TRUE,1.84,361.65,,Fiber Line,Washing & Screening,SYS-FL-WSH-BSW,Brownstock Washing,Control Valve,B,FALSE,TRUE,TRUE,FALSE,FALSE,,4,,,FALSE,R7,7,Defect,CLOSED_CONFIRMED_WITHOUT_ORDER
N0001200,WO0000739,PLT-FL-DIG-IMP,FT-DIG-IMP-01,2025-11-13,3,Maintenance Sensory Route,Digester - Maintenance Route A,Sensory Route,Measured output outside calibration tolerance.,CALIBRATION_DEVIATION,CALIBRATION_DEVIATION,Instrumentation,,DIG-INSTRUMENTATION,In Progress,2025-11-14,PM02,Created,2025-12-05,2025-12-07,,,0,,,,,TRUE,1.90,328.13,,Fiber Line,Digester,SYS-FL-DIG-IMP,Impregnation,Flow Transmitter,B,TRUE,FALSE,FALSE,FALSE,FALSE,343,2,1,,TRUE,R7,7,Defect,ACTIVE_WORK_ORDER
