notification_id,work_order_id,functional_location,asset_id,notification_date,notification_priority,notification_source,detected_by_team,inspection_route_type,symptom,failure_mode,repeat_failure_code,responsible_discipline,reassigned_discipline,planner_group,notification_status,order_created_date,order_type,order_status,planned_start_date,planned_finish_date,actual_start_date,actual_end_date,replanning_count,closure_code,closure_text,action_type,action_text,defect_confirmed,labor_hours,maintenance_cost,linked_loss_event_id
N0000001,WO0000001,PLT-RU-CAU-GLH,FV-CAU-GLH-01,2023-01-01,3,Planned Inspection,Causticizing - Inspection,Planned Inspection,Actuator supply pressure decays while held.,ACTUATOR_LEAKAGE,ACTUATOR_LEAKAGE,Valves,Instrumentation,CAU-INSTRUMENTATION,Closed,2023-01-05,PM02,Completed,2023-01-19,2023-01-21,2023-01-19,2023-01-21,0,WORK_COMPLETED,Corrective scope executed and checked.,Seal replacement,Seal replacement performed; post-work functional check within tolerance.,TRUE,10.38,6044.22,
N0000002,WO0000002,PLT-RU-EVA-CON,M-EVA-CON-01,2023-01-01,2,Operator Route,Evaporation - Operations,Sensory Route,Localized heating at electrical connection.,TERMINAL_HEATING,TERMINAL_HEATING,Electrical,,EVA-ELECTRICAL,Closed,2023-01-03,PM02,Completed,2023-02-22,2023-02-22,2023-02-22,2023-02-22,2,WORK_COMPLETED,Corrective scope executed and checked.,Tightening,Tightening performed; post-work functional check within tolerance.,TRUE,3.60,883.02,
N0000003,WO0000003,PLT-RU-CAU-SLK,SLK-CAU-SLK-01,2023-01-01,2,Operator Report,Causticizing - Operations,,Mechanism travel is uneven with elevated resistance.,MECHANICAL_BINDING,MECHANICAL_BINDING,Mechanical,Lubrication,CAU-LUBRICATION,Closed,2023-01-02,PM02,Completed,2023-01-20,2023-01-21,2023-01-20,2023-01-21,1,WORK_COMPLETED,Corrective scope executed and checked.,Adjustment,Adjustment performed; post-work functional check within tolerance.,TRUE,6.46,2311.01,
N0000004,WO0000004,PLT-RU-EVA-CIR,PT-EVA-CIR-01,2023-01-03,2,Operator Report,Evaporation - Operations,,Indicated value drifts from independent reference.,SIGNAL_DRIFT,SIGNAL_DRIFT,Instrumentation,,EVA-INSTRUMENTATION,Closed,2023-01-06,PM02,Completed,2023-02-07,2023-02-08,2023-02-07,2023-02-08,2,NO_DEFECT_FOUND,Inspection could not confirm the reported abnormality.,Inspection only,Inspected and recorded readings; no component correction performed.,FALSE,1.47,253.91,
N0000005,WO0000005,PLT-RU-UTL-CWT,PT-UTL-CWT-01,2023-01-03,3,Planned Inspection,Utilities - Inspection,Planned Inspection,Intermittent signal dropout at stable process conditions.,INTERMITTENT_SIGNAL,INTERMITTENT_SIGNAL,Automation,Instrumentation,UTL-INSTRUMENTATION,Closed,2023-01-05,PM02,Completed,2023-02-07,2023-02-09,2023-02-07,2023-02-09,0,WORK_COMPLETED,Corrective scope executed and checked.,Instrument replacement,Instrument replacement performed; post-work functional check within tolerance.,TRUE,4.26,3455.72,
N0000006,WO0000006,PLT-RU-CAU-REA,LT-CAU-REA-01,2023-01-04,3,Planned Inspection,Causticizing - Inspection,Planned Inspection,Measured output outside calibration tolerance.,CALIBRATION_DEVIATION,CALIBRATION_DEVIATION,Instrumentation,Automation,CAU-AUTOMATION,Closed,2023-01-04,PM02,Completed,2023-01-29,2023-01-29,2023-01-29,2023-01-29,0,NO_DEFECT_FOUND,Inspection could not confirm the reported abnormality.,Inspection only,Inspected and recorded readings; no component correction performed.,FALSE,0.69,191.73,
N0000007,WO0000007,PLT-RU-EVA-CIR,P-EVA-CIR-01,2023-01-04,3,Condition Monitoring,Evaporation - Condition Monitoring,Predictive Route,Oil sample shows elevated contamination.,OIL_CONTAMINATION,OIL_CONTAMINATION,Lubrication,,EVA-LUBRICATION,Closed,2023-01-05,PM02,Completed,2023-03-02,2023-03-03,2023-03-02,2023-03-03,1,WORK_COMPLETED,Corrective scope executed and checked.,Lubrication,Lubrication performed; post-work functional check within tolerance.,TRUE,6.06,3101.12,
N0000008,,PLT-RU-UTL-ELD,CB-UTL-ELD-01,2023-01-05,3,Maintenance Sensory Route,Utilities - Maintenance Route A,Sensory Route,Control sequence response differs from approved logic.,CONTROL_SEQUENCE_DEVIATION,CONTROL_SEQUENCE_DEVIATION,Electrical,,UTL-ELECTRICAL,Closed,,,,,,,,,MONITOR_CONDITION,Condition recorded; continue observation without corrective work.,Inspection only,Field inspection completed; no corrective maintenance performed.,TRUE,1.17,262.67,
N0000009,,PLT-FL-DRY-PRS,HY-DRY-PRS-01,2023-01-05,3,Maintenance Sensory Route,Drying - Maintenance Route A,Sensory Route,Hydraulic pressure decays with no external leak.,HYD_INTERNAL_LEAKAGE,HYD_INTERNAL_LEAKAGE,Instrumentation,,DRY-INSTRUMENTATION,Closed,,,,,,,,,NO_ACTION_REQUIRED,Notification dispositioned without corrective scope.,Inspection only,Field inspection completed; no corrective maintenance performed.,TRUE,1.75,354.20,
N0000010,WO0000008,PLT-FL-DIG-DIS,P-DIG-DIS-01,2023-01-05,3,Operator Route,Digester - Operations,Sensory Route,Delivered flow below expected operating range.,LOW_FLOW,LOW_FLOW,Mechanical,,DIG-MECHANICAL,Closed,2023-01-09,PM02,Completed,2023-04-08,2023-04-08,2023-04-08,2023-04-08,5,WORK_COMPLETED,Corrective scope executed and checked.,Cleaning,Cleaning performed; post-work functional check within tolerance.,TRUE,9.02,2660.52,
N0000011,,PLT-FL-DIG-CIR,PT-DIG-CIR-01,2023-01-05,2,Operator Report,Digester - Operations,,Intermittent signal dropout at stable process conditions.,INTERMITTENT_SIGNAL,INTERMITTENT_SIGNAL,Automation,,DIG-AUTOMATION,Closed,,,,,,,,,NO_ACTION_REQUIRED,Notification dispositioned without corrective scope.,Inspection only,Field inspection completed; no corrective maintenance performed.,TRUE,0.85,214.47,
N0000012,,PLT-FL-WSH-SCR,P-WSH-SCR-01,2023-01-06,3,Operator Report,Washing & Screening - Operations,,Crackling noise and unstable suction pressure.,CAVITATION,CAVITATION,Mechanical,,WSH-MECHANICAL,Closed,,,,,,,,,NO_ACTION_REQUIRED,Notification dispositioned without corrective scope.,Inspection only,Field inspection completed; no corrective maintenance performed.,TRUE,0.80,192.77,
N0000013,WO0000009,PLT-RU-EVA-CON,M-EVA-CON-01,2023-01-07,2,Planned Inspection,Evaporation - Inspection,Planned Inspection,Insulation test trending below reference.,INSULATION_DEGRADATION,INSULATION_DEGRADATION,Electrical,,EVA-ELECTRICAL,Closed,2023-01-10,PM02,Completed,2023-01-26,2023-01-28,2023-01-26,2023-01-28,1,WORK_COMPLETED,Corrective scope executed and checked.,Component replacement,Component replacement performed; post-work functional check within tolerance.,TRUE,19.79,19061.30,
N0000014,WO0000010,PLT-RU-RB-STM,TT-RB-STM-01,2023-01-10,3,Operator Route,Recovery Boiler - Operations,Sensory Route,Intermittent signal dropout at stable process conditions.,INTERMITTENT_SIGNAL,INTERMITTENT_SIGNAL,Automation,,RB-AUTOMATION,Closed,2023-01-12,PM02,Completed,2023-04-04,2023-04-04,2023-04-04,2023-04-04,5,WORK_COMPLETED,Corrective scope executed and checked.,Instrument replacement,Instrument replacement performed; post-work functional check within tolerance.,TRUE,5.89,4782.76,
N0000015,,PLT-FL-BLE-STW,FV-BLE-STW-01,2023-01-11,3,Process Alarm,Bleaching - Control Room,Process / Control Monitoring,Visible leakage at valve packing.,EXTERNAL_LEAKAGE,EXTERNAL_LEAKAGE,Instrumentation,,BLE-INSTRUMENTATION,Closed,,,,,,,,,NO_ACTION_REQUIRED,Notification dispositioned without corrective scope.,Inspection only,Field inspection completed; no corrective maintenance performed.,TRUE,1.63,329.27,
N0000016,WO0000011,PLT-RU-UTL-CWT,P-UTL-CWT-01,2023-01-11,3,Maintenance Sensory Route,Utilities - Maintenance Route A,Sensory Route,Bearing temperature trending above baseline.,BEARING_TEMPERATURE,BEARING_TEMPERATURE,Mechanical,Lubrication,UTL-LUBRICATION,Closed,2023-01-15,PM02,Completed,2023-01-30,2023-01-31,2023-01-30,2023-01-31,0,WORK_COMPLETED,Corrective scope executed and checked.,Bearing replacement,Bearing replacement performed; post-work functional check within tolerance.,TRUE,9.91,7100.16,
N0000017,,PLT-RU-UTL-AIR,CMP-UTL-AIR-01,2023-01-12,3,Operator Report,Utilities - Operations,,Bearing temperature trending above baseline.,BEARING_TEMPERATURE,BEARING_TEMPERATURE,Mechanical,,UTL-MECHANICAL,Closed,,,,,,,,,NO_ACTION_REQUIRED,Notification dispositioned without corrective scope.,Inspection only,Field inspection completed; no corrective maintenance performed.,FALSE,1.07,187.35,
N0000018,,PLT-RU-CAU-GLH,FV-CAU-GLH-01,2023-01-13,3,Operator Report,Causticizing - Operations,,Valve feedback differs from demanded position.,POSITIONER_DEVIATION,POSITIONER_DEVIATION,Valves,,CAU-VALVES,Closed,,,,,,,,,NO_ACTION_REQUIRED,Notification dispositioned without corrective scope.,Inspection only,Field inspection completed; no corrective maintenance performed.,TRUE,1.97,336.81,
N0000019,WO0000012,PLT-RU-UTL-AIR,DRY-UTL-AIR-01,2023-01-14,3,Operator Route,Utilities - Operations,Sensory Route,Mechanism travel is uneven with elevated resistance.,MECHANICAL_BINDING,MECHANICAL_BINDING,Mechanical,,UTL-MECHANICAL,Closed,2023-01-14,PM02,Completed,2023-02-11,2023-02-13,2023-02-11,2023-02-13,1,MONITOR_CONDITION,Condition recorded; continue observation without corrective work.,Inspection only,Inspected and recorded readings; no component correction performed.,TRUE,1.74,335.73,
N0000020,,PLT-RU-LIM-IDF,DV-LIM-IDF-01,2023-01-14,3,Operator Route,Lime Kiln - Operations,Sensory Route,Intermittent signal dropout at stable process conditions.,INTERMITTENT_SIGNAL,INTERMITTENT_SIGNAL,Automation,,LIM-AUTOMATION,Closed,,,,,,,,,MONITOR_CONDITION,Condition recorded; continue observation without corrective work.,Inspection only,Field inspection completed; no corrective maintenance performed.,TRUE,0.94,234.61,
N0000021,,PLT-FL-DIG-IMP,P-DIG-IMP-01,2023-01-14,2,Maintenance Sensory Route,Digester - Maintenance Route A,Sensory Route,Leakage at shaft seal.,SEAL_LEAKAGE,SEAL_LEAKAGE,Mechanical,,DIG-MECHANICAL,Closed,,,,,,,,,NO_DEFECT_FOUND,Inspection could not confirm the reported abnormality.,Inspection only,Field inspection completed; no corrective maintenance performed.,FALSE,1.75,293.88,
N0000022,,PLT-FL-DIG-CIR,TT-DIG-CIR-01,2023-01-14,3,Planned Inspection,Digester - Inspection,Planned Inspection,Indicated value drifts from independent reference.,SIGNAL_DRIFT,SIGNAL_DRIFT,Instrumentation,,DIG-INSTRUMENTATION,Closed,,,,,,,,,NO_ACTION_REQUIRED,Notification dispositioned without corrective scope.,Inspection only,Field inspection completed; no corrective maintenance performed.,TRUE,1.44,307.71,
N0000023,,PLT-FL-DRY-DRS,PV-DRY-DRS-01,2023-01-15,2,Process Alarm,Drying - Control Room,Process / Control Monitoring,Valve feedback differs from demanded position.,POSITIONER_DEVIATION,POSITIONER_DEVIATION,Valves,,DRY-VALVES,Closed,,,,,,,,,MONITOR_CONDITION,Condition recorded; continue observation without corrective work.,Inspection only,Field inspection completed; no corrective maintenance performed.,TRUE,0.83,189.26,
N0000024,WO0000013,PLT-RU-EVA-CIR,P-EVA-CIR-01,2023-01-16,3,Maintenance Sensory Route,Evaporation - Maintenance Route A,Sensory Route,Lubricant level below normal mark.,LOW_LUBE_LEVEL,LOW_LUBE_LEVEL,Lubrication,,EVA-LUBRICATION,Closed,2023-01-21,PM02,Completed,2023-03-02,2023-03-02,2023-03-02,2023-03-02,0,WORK_COMPLETED,Corrective scope executed and checked.,Lubrication,Lubrication performed; post-work functional check within tolerance.,TRUE,1.77,873.94,
N0000025,,PLT-FL-DIG-CIR,FV-DIG-CIR-01,2023-01-18,3,Planned Inspection,Digester - Inspection,Planned Inspection,Valve travel sticks during small command changes.,VALVE_STICTION,VALVE_STICTION,Instrumentation,,DIG-INSTRUMENTATION,Closed,,,,,,,,,NO_DEFECT_FOUND,Inspection could not confirm the reported abnormality.,Inspection only,Field inspection completed; no corrective maintenance performed.,FALSE,1.64,310.07,
N0000026,,PLT-RU-UTL-BFW,FV-UTL-BFW-01,2023-01-18,3,Maintenance Sensory Route,Utilities - Maintenance Route A,Sensory Route,Valve feedback differs from demanded position.,POSITIONER_DEVIATION,POSITIONER_DEVIATION,Valves,,UTL-VALVES,Closed,,,,,,,,,NO_ACTION_REQUIRED,Notification dispositioned without corrective scope.,Inspection only,Field inspection completed; no corrective maintenance performed.,FALSE,0.85,204.59,
N0000027,WO0000014,PLT-RU-UTL-BFW,P-UTL-BFW-01,2023-01-20,3,Planned Inspection,Utilities - Inspection,Planned Inspection,Crackling noise and unstable suction pressure.,CAVITATION,CAVITATION,Condition Monitoring,,UTL-CONDITION_MONITORING,Closed,2023-01-22,PM02,Completed,2023-04-01,2023-04-03,2023-04-01,2023-04-03,3,WORK_COMPLETED,Corrective scope executed and checked.,Cleaning,Cleaning performed; post-work functional check within tolerance.,TRUE,4.29,1137.86,
N0000028,WO0000015,PLT-RU-LIM-BRN,FV-LIM-BRN-01,2023-01-21,3,Planned Inspection,Lime Kiln - Inspection,Planned Inspection,Valve feedback differs from demanded position.,POSITIONER_DEVIATION,POSITIONER_DEVIATION,Instrumentation,,LIM-INSTRUMENTATION,Closed,2023-01-22,PM02,Completed,2023-03-17,2023-03-18,2023-03-17,2023-03-18,1,WORK_COMPLETED,Corrective scope executed and checked.,Calibration,Calibration performed; post-work functional check within tolerance.,TRUE,4.33,1387.13,
N0000029,,PLT-RU-UTL-BFW,FV-UTL-BFW-01,2023-01-21,3,Operator Report,Utilities - Operations,,Visible leakage at valve packing.,EXTERNAL_LEAKAGE,EXTERNAL_LEAKAGE,Valves,,UTL-VALVES,Closed,,,,,,,,,NO_ACTION_REQUIRED,Notification dispositioned without corrective scope.,Inspection only,Field inspection completed; no corrective maintenance performed.,FALSE,0.38,118.16,
N0000030,WO0000016,PLT-RU-CAU-WLC,M-CAU-WLC-01,2023-01-22,2,Operator Route,Causticizing - Operations,Sensory Route,Localized heating at electrical connection.,TERMINAL_HEATING,TERMINAL_HEATING,Electrical,,CAU-ELECTRICAL,Closed,2023-01-22,PM02,Completed,2023-02-06,2023-02-07,2023-02-06,2023-02-07,0,WORK_COMPLETED,Corrective scope executed and checked.,Tightening,Tightening performed; post-work functional check within tolerance.,TRUE,4.65,1139.37,
N0000031,,PLT-RU-RB-SMT,M-RB-SMT-01,2023-01-22,3,Planned Inspection,Recovery Boiler - Inspection,Planned Inspection,Insulation test trending below reference.,INSULATION_DEGRADATION,INSULATION_DEGRADATION,Electrical,,RB-ELECTRICAL,Closed,,,,,,,,,OPERATING_CONDITION,Observed response is within the current operating envelope.,Inspection only,Field inspection completed; no corrective maintenance performed.,FALSE,0.64,142.21,
N0000032,,PLT-FL-DIG-CHP,XV-DIG-CHP-01,2023-01-23,2,Maintenance Sensory Route,Digester - Maintenance Route A,Sensory Route,Visible leakage at valve packing.,EXTERNAL_LEAKAGE,EXTERNAL_LEAKAGE,Valves,,DIG-VALVES,Closed,,,,,,,,,NO_ACTION_REQUIRED,Notification dispositioned without corrective scope.,Inspection only,Field inspection completed; no corrective maintenance performed.,TRUE,0.69,175.28,
N0000033,WO0000017,PLT-FL-DRY-LUB,PT-DRY-LUB-01,2023-01-24,3,Process Alarm,Drying - Control Room,Process / Control Monitoring,Control sequence response differs from approved logic.,CONTROL_SEQUENCE_DEVIATION,CONTROL_SEQUENCE_DEVIATION,Automation,,DRY-AUTOMATION,Closed,2023-01-28,PM02,Completed,2023-02-10,2023-02-11,2023-02-10,2023-02-11,0,MONITOR_CONDITION,Condition recorded; continue observation without corrective work.,Inspection only,Inspected and recorded readings; no component correction performed.,TRUE,1.59,296.76,
N0000034,,PLT-RU-CAU-SLK,SLK-CAU-SLK-01,2023-01-24,3,Operator Route,Causticizing - Operations,Sensory Route,Process differential pressure above normal operating range.,PROCESS_RESTRICTION,PROCESS_RESTRICTION,Mechanical,,CAU-MECHANICAL,Closed,,,,,,,,,NO_ACTION_REQUIRED,Notification dispositioned without corrective scope.,Inspection only,Field inspection completed; no corrective maintenance performed.,TRUE,0.65,161.28,
N0000035,WO0000018,PLT-RU-CAU-WLC,FT-CAU-WLC-01,2023-01-25,1,Planned Inspection,Causticizing - Inspection,Planned Inspection,Indicated value drifts from independent reference.,SIGNAL_DRIFT,SIGNAL_DRIFT,Instrumentation,,CAU-INSTRUMENTATION,Closed,2023-01-28,CM01,Completed,2023-01-28,2023-01-28,2023-01-28,2023-01-28,0,MONITOR_CONDITION,Condition recorded; continue observation without corrective work.,Inspection only,Inspected and recorded readings; no component correction performed.,TRUE,0.98,189.21,
N0000036,,PLT-RU-RB-SBL,ZS-RB-SBL-01,2023-01-25,3,Planned Inspection,Recovery Boiler - Inspection,Planned Inspection,Intermittent signal dropout at stable process conditions.,INTERMITTENT_SIGNAL,INTERMITTENT_SIGNAL,Instrumentation,,RB-INSTRUMENTATION,Closed,,,,,,,,,NO_ACTION_REQUIRED,Notification dispositioned without corrective scope.,Inspection only,Field inspection completed; no corrective maintenance performed.,TRUE,1.96,336.48,
N0000037,WO0000019,PLT-FL-WSH-FIL,M-WSH-FIL-01,2023-01-26,3,Maintenance Sensory Route,Washing & Screening - Maintenance Route A,Sensory Route,Motor bearing vibration above baseline.,MOTOR_BEARING_VIBRATION,MOTOR_BEARING_VIBRATION,Electrical,,WSH-ELECTRICAL,Closed,2023-01-27,PM02,Completed,2023-03-02,2023-03-04,2023-03-02,2023-03-04,1,WORK_COMPLETED,Corrective scope executed and checked.,Bearing replacement,Bearing replacement performed; post-work functional check within tolerance.,TRUE,10.00,6452.53,
N0000038,WO0000020,PLT-RU-CAU-REA,AG-CAU-REA-01,2023-01-28,2,Condition Monitoring,Causticizing - Condition Monitoring,Predictive Route,Rotating assembly shows dominant once-per-revolution vibration.,IMBALANCE,IMBALANCE,Condition Monitoring,,CAU-CONDITION_MONITORING,Closed,2023-01-29,PM02,Completed,2023-03-22,2023-03-24,2023-03-22,2023-03-24,2,WORK_COMPLETED,Corrective scope executed and checked.,Adjustment,Adjustment performed; post-work functional check within tolerance.,TRUE,12.00,5940.55,
N0000039,,PLT-FL-BLE-DOS,P-BLE-DOS-01,2023-01-29,3,Operator Report,Bleaching - Operations,,Delivered flow below expected operating range.,LOW_FLOW,LOW_FLOW,Mechanical,,BLE-MECHANICAL,Closed,,,,,,,,,OPERATING_CONDITION,Observed response is within the current operating envelope.,Inspection only,Field inspection completed; no corrective maintenance performed.,FALSE,0.36,107.79,
N0000040,WO0000021,PLT-FL-DRY-DRS,FAN-DRY-DRS-01,2023-01-31,3,Operator Route,Drying - Operations,Sensory Route,Bearing temperature trending above baseline.,BEARING_TEMPERATURE,BEARING_TEMPERATURE,Mechanical,Lubrication,DRY-LUBRICATION,Closed,2023-02-04,PM02,Completed,2023-03-22,2023-03-23,2023-03-22,2023-03-23,2,WORK_COMPLETED,Corrective scope executed and checked.,Bearing replacement,Bearing replacement performed; post-work functional check within tolerance.,TRUE,13.69,9807.06,
N0000041,,PLT-RU-CAU-WLC,FV-CAU-WLC-01,2023-01-31,3,Operator Report,Causticizing - Operations,,Valve travel sticks during small command changes.,VALVE_STICTION,VALVE_STICTION,Valves,,CAU-VALVES,Closed,,,,,,,,,MONITOR_CONDITION,Condition recorded; continue observation without corrective work.,Inspection only,Field inspection completed; no corrective maintenance performed.,TRUE,1.05,241.78,
N0000042,WO0000022,PLT-FL-DRY-HYD,HPU-DRY-HYD-01,2023-01-31,3,Operator Report,Drying - Operations,,Hydraulic header pressure oscillates under steady demand.,HYD_PRESS_INSTABILITY,HYD_PRESS_INSTABILITY,Hydraulics,,DRY-HYDRAULICS,Closed,2023-02-02,PM02,Completed,2023-04-04,2023-04-05,2023-04-04,2023-04-05,2,MONITOR_CONDITION,Condition recorded; continue observation without corrective work.,Inspection only,Inspected and recorded readings; no component correction performed.,TRUE,0.43,128.58,
N0000043,WO0000023,PLT-RU-RB-SMT,M-RB-SMT-01,2023-01-31,3,Operator Route,Recovery Boiler - Operations,Sensory Route,Motor bearing vibration above baseline.,MOTOR_BEARING_VIBRATION,MOTOR_BEARING_VIBRATION,Electrical,,RB-ELECTRICAL,Closed,2023-02-05,PM02,Completed,2023-03-17,2023-03-19,2023-03-17,2023-03-19,2,WORK_COMPLETED,Corrective scope executed and checked.,Bearing replacement,Bearing replacement performed; post-work functional check within tolerance.,TRUE,14.33,9243.75,
N0000044,WO0000024,PLT-FL-DIG-CIR,P-DIG-CIR-01,2023-01-31,3,Operator Report,Digester - Operations,,Elevated vibration at pump bearing housing.,PUMP_BEARING_VIBRATION,PUMP_BEARING_VIBRATION,Mechanical,,DIG-MECHANICAL,Closed,2023-02-01,PM02,Completed,2023-04-05,2023-04-05,2023-04-05,2023-04-05,2,MONITOR_CONDITION,Condition recorded; continue observation without corrective work.,Inspection only,Inspected and recorded readings; no component correction performed.,TRUE,1.00,208.72,
N0000045,,PLT-FL-DRY-LUB,LU-DRY-LUB-01,2023-02-02,2,Maintenance Sensory Route,Drying - Maintenance Route A,Sensory Route,Lubricant level below normal mark.,LOW_LUBE_LEVEL,LOW_LUBE_LEVEL,Lubrication,,DRY-LUBRICATION,Closed,,,,,,,,,NO_DEFECT_FOUND,Inspection could not confirm the reported abnormality.,Inspection only,Field inspection completed; no corrective maintenance performed.,FALSE,1.82,323.10,
N0000046,,PLT-RU-RB-AIR,M-RB-AIR-01,2023-02-05,3,Maintenance Sensory Route,Recovery Boiler - Maintenance Route A,Sensory Route,Motor temperature rising at normal load.,MOTOR_OVERHEATING,MOTOR_OVERHEATING,Electrical,,RB-ELECTRICAL,Closed,,,,,,,,,NO_DEFECT_FOUND,Inspection could not confirm the reported abnormality.,Inspection only,Field inspection completed; no corrective maintenance performed.,FALSE,0.95,214.64,
N0000047,,PLT-RU-LIM-DRV,DRV-LIM-DRV-01,2023-02-06,2,Maintenance Sensory Route,Lime Kiln - Maintenance Route A,Sensory Route,Bearing temperature trending above baseline.,BEARING_TEMPERATURE,BEARING_TEMPERATURE,Mechanical,,LIM-MECHANICAL,Closed,,,,,,,,,OPERATING_CONDITION,Observed response is within the current operating envelope.,Inspection only,Field inspection completed; no corrective maintenance performed.,FALSE,1.02,193.64,
N0000048,WO0000025,PLT-RU-CAU-WLC,P-CAU-WLC-01,2023-02-06,3,Operator Report,Causticizing - Operations,,Elevated vibration at pump bearing housing.,PUMP_BEARING_VIBRATION,PUMP_BEARING_VIBRATION,Mechanical,,CAU-MECHANICAL,Closed,2023-02-09,PM02,Completed,2023-03-30,2023-03-30,2023-03-30,2023-03-30,2,WORK_COMPLETED,Corrective scope executed and checked.,Bearing replacement,Bearing replacement performed; post-work functional check within tolerance.,TRUE,21.69,15346.73,
N0000049,,PLT-RU-EVA-CIR,P-EVA-CIR-01,2023-02-06,2,Planned Inspection,Evaporation - Inspection,Planned Inspection,Bearing temperature trending above baseline.,BEARING_TEMPERATURE,BEARING_TEMPERATURE,Mechanical,,EVA-MECHANICAL,Closed,,,,,,,,,MONITOR_CONDITION,Condition recorded; continue observation without corrective work.,Inspection only,Field inspection completed; no corrective maintenance performed.,TRUE,0.77,142.64,
N0000050,WO0000026,PLT-RU-EVA-VAC,VAC-EVA-VAC-01,2023-02-07,3,Maintenance Sensory Route,Evaporation - Maintenance Route A,Sensory Route,Mechanism travel is uneven with elevated resistance.,MECHANICAL_BINDING,MECHANICAL_BINDING,Mechanical,,EVA-MECHANICAL,Closed,2023-02-09,PM02,Completed,2023-04-28,2023-04-30,2023-04-28,2023-04-30,3,WORK_COMPLETED,Corrective scope executed and checked.,Adjustment,Adjustment performed; post-work functional check within tolerance.,TRUE,7.13,2548.14,
N0000051,WO0000027,PLT-RU-CAU-WLC,FT-CAU-WLC-01,2023-02-08,3,Operator Report,Causticizing - Operations,,Intermittent signal dropout at stable process conditions.,INTERMITTENT_SIGNAL,INTERMITTENT_SIGNAL,Instrumentation,Automation,CAU-AUTOMATION,Closed,2023-02-12,PM02,Completed,2023-03-26,2023-03-26,2023-03-26,2023-03-26,2,WORK_COMPLETED,Corrective scope executed and checked.,Instrument replacement,Instrument replacement performed; post-work functional check within tolerance.,TRUE,8.16,6623.37,
N0000052,WO0000028,PLT-RU-EVA-BLF,M-EVA-BLF-01,2023-02-08,3,Process Alarm,Evaporation - Control Room,Process / Control Monitoring,Localized heating at electrical connection.,TERMINAL_HEATING,TERMINAL_HEATING,Electrical,,EVA-ELECTRICAL,Closed,2023-02-09,PM02,Completed,2023-03-11,2023-03-12,2023-03-11,2023-03-12,0,WORK_COMPLETED,Corrective scope executed and checked.,Tightening,Tightening performed; post-work functional check within tolerance.,TRUE,5.02,1230.22,
N0000053,WO0000029,PLT-RU-LIM-BRN,BRN-LIM-BRN-01,2023-02-10,1,Maintenance Sensory Route,Lime Kiln - Maintenance Route A,Sensory Route,Mechanism travel is uneven with elevated resistance.,MECHANICAL_BINDING,MECHANICAL_BINDING,Mechanical,,LIM-MECHANICAL,Closed,2023-02-15,CM01,Completed,2023-03-01,2023-03-03,2023-03-01,2023-03-03,1,WORK_COMPLETED,Corrective scope executed and checked.,Adjustment,Adjustment performed; post-work functional check within tolerance.,TRUE,10.87,3886.30,
N0000054,,PLT-FL-DIG-IMP,M-DIG-IMP-01,2023-02-10,3,Condition Monitoring,Digester - Condition Monitoring,Predictive Route,Motor temperature rising at normal load.,MOTOR_OVERHEATING,MOTOR_OVERHEATING,Condition Monitoring,,DIG-CONDITION_MONITORING,Closed,,,,,,,,,MONITOR_CONDITION,Condition recorded; continue observation without corrective work.,Inspection only,Field inspection completed; no corrective maintenance performed.,TRUE,1.31,243.17,
N0000055,,PLT-FL-DRY-FOR,M-DRY-FOR-01,2023-02-10,3,Operator Route,Drying - Operations,Sensory Route,Insulation test trending below reference.,INSULATION_DEGRADATION,INSULATION_DEGRADATION,Condition Monitoring,,DRY-CONDITION_MONITORING,Closed,,,,,,,,,MONITOR_CONDITION,Condition recorded; continue observation without corrective work.,Inspection only,Field inspection completed; no corrective maintenance performed.,TRUE,0.73,161.26,
N0000056,WO0000030,PLT-FL-DRY-SHT,M-DRY-SHT-01,2023-02-10,3,Maintenance Sensory Route,Drying - Maintenance Route A,Sensory Route,Localized heating at electrical connection.,TERMINAL_HEATING,TERMINAL_HEATING,Electrical,,DRY-ELECTRICAL,Closed,2023-02-11,PM02,Completed,2023-03-31,2023-04-02,2023-03-31,2023-04-02,1,WORK_COMPLETED,Corrective scope executed and checked.,Tightening,Tightening performed; post-work functional check within tolerance.,TRUE,2.97,726.58,
N0000057,WO0000031,PLT-RU-RB-BLF,P-RB-BLF-01,2023-02-10,1,Operator Report,Recovery Boiler - Operations,,Delivered flow below expected operating range.,LOW_FLOW,LOW_FLOW,Condition Monitoring,,RB-CONDITION_MONITORING,Closed,2023-02-13,CM01,Completed,2023-02-15,2023-02-17,2023-02-15,2023-02-17,0,WORK_COMPLETED,Corrective scope executed and checked.,Cleaning,Cleaning performed; post-work functional check within tolerance.,TRUE,5.47,1613.95,
N0000058,WO0000032,PLT-FL-BLE-STW,P-BLE-STW-01,2023-02-12,1,Maintenance Sensory Route,Bleaching - Maintenance Route A,Sensory Route,Elevated vibration at pump bearing housing.,PUMP_BEARING_VIBRATION,PUMP_BEARING_VIBRATION,Mechanical,,BLE-MECHANICAL,Closed,2023-02-16,CM01,Completed,2023-02-18,2023-02-19,2023-02-18,2023-02-19,0,WORK_COMPLETED,Corrective scope executed and checked.,Bearing replacement,Bearing replacement performed; post-work functional check within tolerance.,TRUE,15.73,11129.31,
N0000059,,PLT-RU-UTL-STM,TT-UTL-STM-01,2023-02-14,2,Operator Report,Utilities - Operations,,Control sequence response differs from approved logic.,CONTROL_SEQUENCE_DEVIATION,CONTROL_SEQUENCE_DEVIATION,Automation,,UTL-AUTOMATION,Closed,,,,,,,,,MONITOR_CONDITION,Condition recorded; continue observation without corrective work.,Inspection only,Field inspection completed; no corrective maintenance performed.,TRUE,0.34,138.99,
N0000060,,PLT-FL-BLE-CHM,AG-BLE-CHM-01,2023-02-15,3,Operator Report,Bleaching - Operations,,Bearing temperature trending above baseline.,BEARING_TEMPERATURE,BEARING_TEMPERATURE,Mechanical,,BLE-MECHANICAL,Closed,,,,,,,,,NO_ACTION_REQUIRED,Notification dispositioned without corrective scope.,Inspection only,Field inspection completed; no corrective maintenance performed.,TRUE,1.94,336.74,
N0000061,,PLT-FL-BLE-STW,M-BLE-STW-01,2023-02-15,3,Operator Route,Bleaching - Operations,Sensory Route,Insulation test trending below reference.,INSULATION_DEGRADATION,INSULATION_DEGRADATION,Electrical,,BLE-ELECTRICAL,Closed,,,,,,,,,NO_DEFECT_FOUND,Inspection could not confirm the reported abnormality.,Inspection only,Field inspection completed; no corrective maintenance performed.,FALSE,1.88,366.66,
N0000062,WO0000033,PLT-RU-UTL-AIR,CMP-UTL-AIR-01,2023-02-17,3,Condition Monitoring,Utilities - Condition Monitoring,Predictive Route,Mechanism travel is uneven with elevated resistance.,MECHANICAL_BINDING,MECHANICAL_BINDING,Mechanical,,UTL-MECHANICAL,Closed,2023-02-19,PM02,Completed,2023-03-24,2023-03-25,2023-03-24,2023-03-25,0,WORK_COMPLETED,Corrective scope executed and checked.,Adjustment,Adjustment performed; post-work functional check within tolerance.,TRUE,11.16,3989.03,
N0000063,WO0000034,PLT-FL-BLE-CHM,FT-BLE-CHM-01,2023-02-17,1,Operator Route,Bleaching - Operations,Sensory Route,Measured output outside calibration tolerance.,CALIBRATION_DEVIATION,CALIBRATION_DEVIATION,Instrumentation,,BLE-INSTRUMENTATION,Closed,2023-02-22,CM01,Completed,2023-03-14,2023-03-14,2023-03-14,2023-03-14,1,WORK_COMPLETED,Corrective scope executed and checked.,Calibration,Calibration performed; post-work functional check within tolerance.,TRUE,5.22,1538.80,
N0000064,,PLT-FL-WSH-BSW,P-WSH-BSW-01,2023-02-19,3,Maintenance Sensory Route,Washing & Screening - Maintenance Route A,Sensory Route,Crackling noise and unstable suction pressure.,CAVITATION,CAVITATION,Mechanical,,WSH-MECHANICAL,Closed,,,,,,,,,OPERATING_CONDITION,Observed response is within the current operating envelope.,Inspection only,Field inspection completed; no corrective maintenance performed.,FALSE,0.56,121.62,
N0000065,WO0000035,PLT-FL-DIG-DIS,P-DIG-DIS-01,2023-02-21,3,Condition Monitoring,Digester - Condition Monitoring,Predictive Route,Bearing temperature trending above baseline.,BEARING_TEMPERATURE,BEARING_TEMPERATURE,Condition Monitoring,,DIG-CONDITION_MONITORING,Closed,2023-02-26,PM02,Completed,2023-03-22,2023-03-24,2023-03-22,2023-03-24,0,MONITOR_CONDITION,Condition recorded; continue observation without corrective work.,Inspection only,Inspected and recorded readings; no component correction performed.,TRUE,1.70,339.59,
N0000066,,PLT-FL-WSH-BSW,DRV-WSH-BSW-01,2023-02-22,3,Maintenance Sensory Route,Washing & Screening - Maintenance Route A,Sensory Route,Bearing temperature trending above baseline.,BEARING_TEMPERATURE,BEARING_TEMPERATURE,Mechanical,Lubrication,WSH-LUBRICATION,Closed,,,,,,,,,NO_DEFECT_FOUND,Inspection could not confirm the reported abnormality.,Inspection only,Field inspection completed; no corrective maintenance performed.,FALSE,0.41,127.37,
N0000067,WO0000036,PLT-FL-BLE-CHM,AG-BLE-CHM-01,2023-02-25,3,Operator Route,Bleaching - Operations,Sensory Route,Mechanism travel is uneven with elevated resistance.,MECHANICAL_BINDING,MECHANICAL_BINDING,Mechanical,,BLE-MECHANICAL,Closed,2023-03-02,PM02,Completed,2023-05-15,2023-05-16,2023-05-15,2023-05-16,2,WORK_COMPLETED,Corrective scope executed and checked.,Adjustment,Adjustment performed; post-work functional check within tolerance.,TRUE,6.12,2186.27,
N0000068,,PLT-FL-WSH-SCR,SCR-WSH-SCR-01,2023-02-26,3,Maintenance Sensory Route,Washing & Screening - Maintenance Route A,Sensory Route,Mechanism travel is uneven with elevated resistance.,MECHANICAL_BINDING,MECHANICAL_BINDING,Mechanical,,WSH-MECHANICAL,Closed,,,,,,,,,OPERATING_CONDITION,Observed response is within the current operating envelope.,Inspection only,Field inspection completed; no corrective maintenance performed.,FALSE,0.32,99.82,
N0000069,WO0000037,PLT-RU-UTL-BFW,M-UTL-BFW-01,2023-02-27,2,Operator Route,Utilities - Operations,Sensory Route,Insulation test trending below reference.,INSULATION_DEGRADATION,INSULATION_DEGRADATION,Electrical,,UTL-ELECTRICAL,Closed,2023-03-01,PM02,Completed,2023-03-08,2023-03-09,2023-03-08,2023-03-09,0,WORK_COMPLETED,Corrective scope executed and checked.,Component replacement,Component replacement performed; post-work functional check within tolerance.,TRUE,32.56,31364.88,
N0000070,,PLT-FL-WSH-BSW,M-WSH-BSW-01,2023-02-27,3,Maintenance Sensory Route,Washing & Screening - Maintenance Route A,Sensory Route,Motor bearing vibration above baseline.,MOTOR_BEARING_VIBRATION,MOTOR_BEARING_VIBRATION,Electrical,,WSH-ELECTRICAL,Closed,,,,,,,,,OPERATING_CONDITION,Observed response is within the current operating envelope.,Inspection only,Field inspection completed; no corrective maintenance performed.,FALSE,1.67,288.38,
N0000071,WO0000038,PLT-FL-DRY-FOR,P-DRY-FOR-01,2023-02-27,3,Condition Monitoring,Drying - Condition Monitoring,Predictive Route,Leakage at shaft seal.,SEAL_LEAKAGE,SEAL_LEAKAGE,Mechanical,,DRY-MECHANICAL,Closed,2023-02-28,PM02,Completed,2023-04-03,2023-04-03,2023-04-03,2023-04-03,2,WORK_COMPLETED,Corrective scope executed and checked.,Seal replacement,Seal replacement performed; post-work functional check within tolerance.,TRUE,13.61,10137.22,
N0000072,WO0000039,PLT-RU-LIM-LMF,M-LIM-LMF-01,2023-02-28,2,Operator Route,Lime Kiln - Operations,Sensory Route,Localized heating at electrical connection.,TERMINAL_HEATING,TERMINAL_HEATING,Condition Monitoring,,LIM-CONDITION_MONITORING,Closed,2023-03-05,PM02,Completed,2023-03-25,2023-03-26,2023-03-25,2023-03-26,1,MONITOR_CONDITION,Condition recorded; continue observation without corrective work.,Inspection only,Inspected and recorded readings; no component correction performed.,TRUE,0.69,155.52,
N0000073,,PLT-FL-WSH-KNR,M-WSH-KNR-01,2023-02-28,3,Maintenance Sensory Route,Washing & Screening - Maintenance Route A,Sensory Route,Motor bearing vibration above baseline.,MOTOR_BEARING_VIBRATION,MOTOR_BEARING_VIBRATION,Electrical,,WSH-ELECTRICAL,Closed,,,,,,,,,OPERATING_CONDITION,Observed response is within the current operating envelope.,Inspection only,Field inspection completed; no corrective maintenance performed.,FALSE,0.83,150.66,
N0000074,,PLT-FL-WSH-FIL,P-WSH-FIL-01,2023-02-28,3,Maintenance Sensory Route,Washing & Screening - Maintenance Route A,Sensory Route,Elevated vibration at pump bearing housing.,PUMP_BEARING_VIBRATION,PUMP_BEARING_VIBRATION,Mechanical,Lubrication,WSH-LUBRICATION,Closed,,,,,,,,,OPERATING_CONDITION,Observed response is within the current operating envelope.,Inspection only,Field inspection completed; no corrective maintenance performed.,FALSE,0.41,114.36,
N0000075,WO0000040,PLT-RU-EVA-CIR,PV-EVA-CIR-01,2023-02-28,2,Maintenance Sensory Route,Evaporation - Maintenance Route A,Sensory Route,Valve travel sticks during small command changes.,VALVE_STICTION,VALVE_STICTION,Instrumentation,Valves,EVA-VALVES,Closed,2023-02-28,PM02,Completed,2023-03-17,2023-03-18,2023-03-17,2023-03-18,0,WORK_COMPLETED,Corrective scope executed and checked.,Valve overhaul,Valve overhaul performed; post-work functional check within tolerance.,TRUE,16.76,13601.24,
N0000076,WO0000041,PLT-RU-LIM-DRV,GB-LIM-DRV-01,2023-03-01,2,Operator Route,Lime Kiln - Operations,Sensory Route,Gearbox oil temperature above normal trend.,GEARBOX_OVERHEATING,GEARBOX_OVERHEATING,Condition Monitoring,,LIM-CONDITION_MONITORING,Closed,2023-03-04,PM02,Completed,2023-03-30,2023-03-31,2023-03-30,2023-03-31,1,WORK_COMPLETED,Corrective scope executed and checked.,Lubrication,Lubrication performed; post-work functional check within tolerance.,TRUE,4.19,2005.61,
N0000077,,PLT-FL-WSH-FIL,M-WSH-FIL-01,2023-03-01,3,Maintenance Sensory Route,Washing & Screening - Maintenance Route A,Sensory Route,Motor temperature rising at normal load.,MOTOR_OVERHEATING,MOTOR_OVERHEATING,Electrical,,WSH-ELECTRICAL,Closed,,,,,,,,,OPERATING_CONDITION,Observed response is within the current operating envelope.,Inspection only,Field inspection completed; no corrective maintenance performed.,FALSE,1.31,257.63,
N0000078,WO0000042,PLT-RU-UTL-ELD,MCC-UTL-ELD-01,2023-03-03,3,Maintenance Sensory Route,Utilities - Maintenance Route A,Sensory Route,Control sequence response differs from approved logic.,CONTROL_SEQUENCE_DEVIATION,CONTROL_SEQUENCE_DEVIATION,Electrical,,UTL-ELECTRICAL,Closed,2023-03-05,PM02,Completed,2023-04-13,2023-04-14,2023-04-13,2023-04-14,0,WORK_COMPLETED,Corrective scope executed and checked.,Control logic correction,Control logic correction performed; post-work functional check within tolerance.,TRUE,11.27,3325.20,
N0000079,,PLT-RU-RB-STM,PSHH-RB-STM-01,2023-03-03,3,Maintenance Sensory Route,Recovery Boiler - Maintenance Route A,Sensory Route,Control sequence response differs from approved logic.,CONTROL_SEQUENCE_DEVIATION,CONTROL_SEQUENCE_DEVIATION,Automation,,RB-AUTOMATION,Closed,,,,,,,,,MONITOR_CONDITION,Condition recorded; continue observation without corrective work.,Inspection only,Field inspection completed; no corrective maintenance performed.,TRUE,1.28,217.78,
N0000080,,PLT-RU-LIM-IDF,DV-LIM-IDF-01,2023-03-05,3,Maintenance Sensory Route,Lime Kiln - Maintenance Route A,Sensory Route,Process differential pressure above normal operating range.,PROCESS_RESTRICTION,PROCESS_RESTRICTION,Instrumentation,,LIM-INSTRUMENTATION,Closed,,,,,,,,,MONITOR_CONDITION,Condition recorded; continue observation without corrective work.,Inspection only,Field inspection completed; no corrective maintenance performed.,TRUE,0.86,201.76,
N0000081,WO0000043,PLT-FL-WSH-FIL,LT-WSH-FIL-01,2023-03-05,1,Planned Inspection,Washing & Screening - Inspection,Planned Inspection,Indicated value drifts from independent reference.,SIGNAL_DRIFT,SIGNAL_DRIFT,Instrumentation,Automation,WSH-AUTOMATION,Closed,2023-03-07,CM01,Completed,2023-03-10,2023-03-10,2023-03-10,2023-03-10,0,WORK_COMPLETED,Corrective scope executed and checked.,Calibration,Calibration performed; post-work functional check within tolerance.,TRUE,4.83,1423.45,
N0000082,,PLT-FL-WSH-FIL,LT-WSH-FIL-01,2023-03-06,3,Maintenance Sensory Route,Washing & Screening - Maintenance Route A,Sensory Route,Intermittent signal dropout at stable process conditions.,INTERMITTENT_SIGNAL,INTERMITTENT_SIGNAL,Instrumentation,,WSH-INSTRUMENTATION,Closed,,,,,,,,,OPERATING_CONDITION,Observed response is within the current operating envelope.,Inspection only,Field inspection completed; no corrective maintenance performed.,FALSE,0.52,148.34,
N0000083,WO0000044,PLT-FL-WSH-BSW,M-WSH-BSW-01,2023-03-06,3,Maintenance Sensory Route,Washing & Screening - Maintenance Route A,Sensory Route,Insulation test trending below reference.,INSULATION_DEGRADATION,INSULATION_DEGRADATION,Electrical,,WSH-ELECTRICAL,Closed,2023-03-10,PM02,Completed,2023-04-08,2023-04-08,2023-04-08,2023-04-08,2,WORK_COMPLETED,Corrective scope executed and checked.,Component replacement,Component replacement performed; post-work functional check within tolerance.,TRUE,17.73,17076.27,
N0000084,WO0000045,PLT-RU-EVA-CIR,PT-EVA-CIR-01,2023-03-07,3,Operator Route,Evaporation - Operations,Sensory Route,Intermittent signal dropout at stable process conditions.,INTERMITTENT_SIGNAL,INTERMITTENT_SIGNAL,Instrumentation,,EVA-INSTRUMENTATION,Closed,2023-03-09,PM02,Completed,2023-05-24,2023-05-24,2023-05-24,2023-05-24,2,NO_DEFECT_FOUND,Inspection could not confirm the reported abnormality.,Inspection only,Inspected and recorded readings; no component correction performed.,FALSE,0.75,158.59,
N0000085,WO0000046,PLT-RU-LIM-LMF,M-LIM-LMF-01,2023-03-08,2,Operator Route,Lime Kiln - Operations,Sensory Route,Motor bearing vibration above baseline.,MOTOR_BEARING_VIBRATION,MOTOR_BEARING_VIBRATION,Electrical,,LIM-ELECTRICAL,Closed,2023-03-10,PM02,Completed,2023-04-06,2023-04-07,2023-04-06,2023-04-07,1,WORK_COMPLETED,Corrective scope executed and checked.,Bearing replacement,Bearing replacement performed; post-work functional check within tolerance.,TRUE,16.60,10709.32,
N0000086,WO0000047,PLT-RU-UTL-CWT,P-UTL-CWT-01,2023-03-10,3,Process Alarm,Utilities - Control Room,Process / Control Monitoring,Crackling noise and unstable suction pressure.,CAVITATION,CAVITATION,Mechanical,,UTL-MECHANICAL,Closed,2023-03-11,PM02,Completed,2023-04-16,2023-04-16,2023-04-16,2023-04-16,0,WORK_COMPLETED,Corrective scope executed and checked.,Cleaning,Cleaning performed; post-work functional check within tolerance.,TRUE,3.51,929.21,
N0000087,WO0000048,PLT-RU-UTL-PWT,FV-UTL-PWT-01,2023-03-11,3,Maintenance Sensory Route,Utilities - Maintenance Route A,Sensory Route,Valve travel sticks during small command changes.,VALVE_STICTION,VALVE_STICTION,Valves,,UTL-VALVES,Closed,2023-03-16,PM02,Completed,2023-04-02,2023-04-03,2023-04-02,2023-04-03,0,WORK_COMPLETED,Corrective scope executed and checked.,Valve overhaul,Valve overhaul performed; post-work functional check within tolerance.,TRUE,18.81,15270.77,
N0000088,,PLT-RU-UTL-PWT,FV-UTL-PWT-01,2023-03-12,2,Operator Route,Utilities - Operations,Sensory Route,Actuator supply pressure decays while held.,ACTUATOR_LEAKAGE,ACTUATOR_LEAKAGE,Valves,,UTL-VALVES,Closed,,,,,,,,,NO_ACTION_REQUIRED,Notification dispositioned without corrective scope.,Inspection only,Field inspection completed; no corrective maintenance performed.,FALSE,1.13,220.45,
N0000089,WO0000049,PLT-FL-DIG-CHP,M-DIG-CHP-01,2023-03-13,3,Operator Route,Digester - Operations,Sensory Route,Lubricant level below normal mark.,LOW_LUBE_LEVEL,LOW_LUBE_LEVEL,Lubrication,,DIG-LUBRICATION,Closed,2023-03-17,PM02,Completed,2023-04-20,2023-04-22,2023-04-20,2023-04-22,1,WORK_COMPLETED,Corrective scope executed and checked.,Lubrication,Lubrication performed; post-work functional check within tolerance.,TRUE,1.83,904.41,
N0000090,,PLT-FL-WSH-KNR,M-WSH-KNR-01,2023-03-13,3,Maintenance Sensory Route,Washing & Screening - Maintenance Route A,Sensory Route,Localized heating at electrical connection.,TERMINAL_HEATING,TERMINAL_HEATING,Electrical,,WSH-ELECTRICAL,Closed,,,,,,,,,OPERATING_CONDITION,Observed response is within the current operating envelope.,Inspection only,Field inspection completed; no corrective maintenance performed.,FALSE,1.51,313.01,
N0000091,,PLT-FL-WSH-BSW,FV-WSH-BSW-01,2023-03-14,3,Maintenance Sensory Route,Washing & Screening - Maintenance Route A,Sensory Route,Valve feedback differs from demanded position.,POSITIONER_DEVIATION,POSITIONER_DEVIATION,Valves,,WSH-VALVES,Closed,,,,,,,,,NO_DEFECT_FOUND,Inspection could not confirm the reported abnormality.,Inspection only,Field inspection completed; no corrective maintenance performed.,FALSE,1.86,358.42,
N0000092,WO0000050,PLT-FL-DIG-IMP,M-DIG-IMP-01,2023-03-15,3,Planned Inspection,Digester - Inspection,Planned Inspection,Localized heating at electrical connection.,TERMINAL_HEATING,TERMINAL_HEATING,Electrical,,DIG-ELECTRICAL,Closed,2023-03-20,PM02,Completed,2023-04-05,2023-04-06,2023-04-05,2023-04-06,0,WORK_COMPLETED,Corrective scope executed and checked.,Tightening,Tightening performed; post-work functional check within tolerance.,TRUE,2.62,641.08,
N0000093,WO0000051,PLT-RU-CAU-WLC,M-CAU-WLC-01,2023-03-16,3,Maintenance Sensory Route,Causticizing - Maintenance Route A,Sensory Route,Lubricant level below normal mark.,LOW_LUBE_LEVEL,LOW_LUBE_LEVEL,Lubrication,,CAU-LUBRICATION,Closed,2023-03-16,PM02,Completed,2023-05-03,2023-05-05,2023-05-03,2023-05-05,2,WORK_COMPLETED,Corrective scope executed and checked.,Lubrication,Lubrication performed; post-work functional check within tolerance.,TRUE,1.86,920.48,
N0000094,WO0000052,PLT-RU-LIM-LMF,M-LIM-LMF-01,2023-03-18,3,Condition Monitoring,Lime Kiln - Condition Monitoring,Predictive Route,Insulation test trending below reference.,INSULATION_DEGRADATION,INSULATION_DEGRADATION,Electrical,,LIM-ELECTRICAL,Closed,2023-03-21,PM02,Completed,2023-04-24,2023-04-25,2023-04-24,2023-04-25,2,WORK_COMPLETED,Corrective scope executed and checked.,Component replacement,Component replacement performed; post-work functional check within tolerance.,TRUE,27.82,26797.98,
N0000095,,PLT-FL-WSH-SCR,DPIT-WSH-SCR-01,2023-03-19,3,Maintenance Sensory Route,Washing & Screening - Maintenance Route A,Sensory Route,Measured output outside calibration tolerance.,CALIBRATION_DEVIATION,CALIBRATION_DEVIATION,Instrumentation,,WSH-INSTRUMENTATION,Closed,,,,,,,,,OPERATING_CONDITION,Observed response is within the current operating envelope.,Inspection only,Field inspection completed; no corrective maintenance performed.,FALSE,1.62,273.92,
N0000096,WO0000053,PLT-FL-DRY-DRS,M-DRY-DRS-01,2023-03-20,3,Planned Inspection,Drying - Inspection,Planned Inspection,Motor temperature rising at normal load.,MOTOR_OVERHEATING,MOTOR_OVERHEATING,Electrical,,DRY-ELECTRICAL,Closed,2023-03-25,PM02,Completed,2023-05-08,2023-05-10,2023-05-08,2023-05-10,0,WORK_COMPLETED,Corrective scope executed and checked.,Cleaning,Cleaning performed; post-work functional check within tolerance.,TRUE,5.59,1647.95,
N0000097,,PLT-FL-BLE-STW,DPIT-BLE-STW-01,2023-03-22,2,Operator Route,Bleaching - Operations,Sensory Route,Indicated value drifts from independent reference.,SIGNAL_DRIFT,SIGNAL_DRIFT,Instrumentation,,BLE-INSTRUMENTATION,Closed,,,,,,,,,NO_DEFECT_FOUND,Inspection could not confirm the reported abnormality.,Inspection only,Field inspection completed; no corrective maintenance performed.,FALSE,1.18,250.14,
N0000098,,PLT-FL-WSH-FIL,FV-WSH-FIL-01,2023-03-22,3,Maintenance Sensory Route,Washing & Screening - Maintenance Route A,Sensory Route,Valve feedback differs from demanded position.,POSITIONER_DEVIATION,POSITIONER_DEVIATION,Valves,,WSH-VALVES,Closed,,,,,,,,,MONITOR_CONDITION,Condition recorded; continue observation without corrective work.,Inspection only,Field inspection completed; no corrective maintenance performed.,TRUE,0.47,135.02,
N0000099,,PLT-RU-EVA-CON,LT-EVA-CON-01,2023-03-24,3,Operator Report,Evaporation - Operations,,Intermittent signal dropout at stable process conditions.,INTERMITTENT_SIGNAL,INTERMITTENT_SIGNAL,Automation,,EVA-AUTOMATION,Closed,,,,,,,,,NO_ACTION_REQUIRED,Notification dispositioned without corrective scope.,Inspection only,Field inspection completed; no corrective maintenance performed.,TRUE,1.73,286.99,
N0000100,,PLT-FL-WSH-SCR,P-WSH-SCR-01,2023-03-24,3,Maintenance Sensory Route,Washing & Screening - Maintenance Route A,Sensory Route,Leakage at shaft seal.,SEAL_LEAKAGE,SEAL_LEAKAGE,Mechanical,,WSH-MECHANICAL,Closed,,,,,,,,,OPERATING_CONDITION,Observed response is within the current operating envelope.,Inspection only,Field inspection completed; no corrective maintenance performed.,FALSE,1.42,245.55,
N0000101,,PLT-FL-DRY-HYD,PT-DRY-HYD-01,2023-03-24,3,Maintenance Sensory Route,Drying - Maintenance Route A,Sensory Route,Intermittent signal dropout at stable process conditions.,INTERMITTENT_SIGNAL,INTERMITTENT_SIGNAL,Automation,Instrumentation,DRY-INSTRUMENTATION,Closed,,,,,,,,,MONITOR_CONDITION,Condition recorded; continue observation without corrective work.,Inspection only,Field inspection completed; no corrective maintenance performed.,TRUE,0.43,108.27,
N0000102,WO0000054,PLT-RU-UTL-AIR,M-UTL-AIR-01,2023-03-25,2,Planned Inspection,Utilities - Inspection,Planned Inspection,Motor bearing vibration above baseline.,MOTOR_BEARING_VIBRATION,MOTOR_BEARING_VIBRATION,Electrical,,UTL-ELECTRICAL,Closed,2023-03-25,PM02,Completed,2023-05-16,2023-05-16,2023-05-16,2023-05-16,3,WORK_COMPLETED,Corrective scope executed and checked.,Bearing replacement,Bearing replacement performed; post-work functional check within tolerance.,TRUE,17.90,11548.45,
N0000103,,PLT-FL-WSH-SCR,M-WSH-SCR-01,2023-03-25,3,Maintenance Sensory Route,Washing & Screening - Maintenance Route A,Sensory Route,Localized heating at electrical connection.,TERMINAL_HEATING,TERMINAL_HEATING,Electrical,,WSH-ELECTRICAL,Closed,,,,,,,,,NO_DEFECT_FOUND,Inspection could not confirm the reported abnormality.,Inspection only,Field inspection completed; no corrective maintenance performed.,FALSE,1.00,215.29,
N0000104,WO0000055,PLT-RU-CAU-GLC,P-CAU-GLC-01,2023-03-25,3,Planned Inspection,Causticizing - Inspection,Planned Inspection,Leakage at shaft seal.,SEAL_LEAKAGE,SEAL_LEAKAGE,Mechanical,,CAU-MECHANICAL,Closed,2023-03-25,PM02,Completed,2023-05-01,2023-05-01,2023-05-01,2023-05-01,1,WORK_COMPLETED,Corrective scope executed and checked.,Seal replacement,Seal replacement performed; post-work functional check within tolerance.,TRUE,7.23,5384.52,
N0000105,,PLT-FL-WSH-KNR,SCR-WSH-KNR-01,2023-03-25,3,Maintenance Sensory Route,Washing & Screening - Maintenance Route A,Sensory Route,Process differential pressure above normal operating range.,PROCESS_RESTRICTION,PROCESS_RESTRICTION,Mechanical,,WSH-MECHANICAL,Closed,,,,,,,,,NO_DEFECT_FOUND,Inspection could not confirm the reported abnormality.,Inspection only,Field inspection completed; no corrective maintenance performed.,FALSE,1.48,313.48,
N0000106,WO0000056,PLT-FL-DRY-SHT,ENC-DRY-SHT-01,2023-03-26,3,Process Alarm,Drying - Control Room,Process / Control Monitoring,Intermittent signal dropout at stable process conditions.,INTERMITTENT_SIGNAL,INTERMITTENT_SIGNAL,Automation,,DRY-AUTOMATION,Closed,2023-03-30,PM02,Completed,2023-05-27,2023-05-27,2023-05-27,2023-05-27,3,WORK_COMPLETED,Corrective scope executed and checked.,Instrument replacement,Instrument replacement performed; post-work functional check within tolerance.,TRUE,5.44,4416.97,
N0000107,WO0000057,PLT-RU-UTL-BFW,M-UTL-BFW-01,2023-03-26,2,Operator Route,Utilities - Operations,Sensory Route,Motor bearing vibration above baseline.,MOTOR_BEARING_VIBRATION,MOTOR_BEARING_VIBRATION,Electrical,,UTL-ELECTRICAL,Closed,2023-03-31,PM02,Completed,2023-04-26,2023-04-28,2023-04-26,2023-04-28,1,WORK_COMPLETED,Corrective scope executed and checked.,Bearing replacement,Bearing replacement performed; post-work functional check within tolerance.,TRUE,11.29,7282.38,
N0000108,WO0000058,PLT-FL-DRY-DRS,FAN-DRY-DRS-01,2023-03-27,3,Condition Monitoring,Drying - Condition Monitoring,Predictive Route,Rotating assembly shows dominant once-per-revolution vibration.,IMBALANCE,IMBALANCE,Condition Monitoring,,DRY-CONDITION_MONITORING,Closed,2023-04-01,PM02,Completed,2023-05-02,2023-05-03,2023-05-02,2023-05-03,0,WORK_COMPLETED,Corrective scope executed and checked.,Adjustment,Adjustment performed; post-work functional check within tolerance.,TRUE,13.34,6602.47,
N0000109,WO0000059,PLT-RU-CAU-WLC,FT-CAU-WLC-01,2023-03-27,2,Process Alarm,Causticizing - Control Room,Process / Control Monitoring,Indicated value drifts from independent reference.,SIGNAL_DRIFT,SIGNAL_DRIFT,Instrumentation,,CAU-INSTRUMENTATION,Closed,2023-04-01,PM02,Completed,2023-04-13,2023-04-14,2023-04-13,2023-04-14,0,MONITOR_CONDITION,Condition recorded; continue observation without corrective work.,Inspection only,Inspected and recorded readings; no component correction performed.,TRUE,1.06,185.17,
N0000110,,PLT-FL-WSH-FIL,FV-WSH-FIL-01,2023-03-27,3,Maintenance Sensory Route,Washing & Screening - Maintenance Route A,Sensory Route,Actuator supply pressure decays while held.,ACTUATOR_LEAKAGE,ACTUATOR_LEAKAGE,Valves,Instrumentation,WSH-INSTRUMENTATION,Closed,,,,,,,,,NO_DEFECT_FOUND,Inspection could not confirm the reported abnormality.,Inspection only,Field inspection completed; no corrective maintenance performed.,FALSE,0.99,239.55,
N0000111,,PLT-FL-WSH-KNR,XV-WSH-KNR-01,2023-03-27,3,Maintenance Sensory Route,Washing & Screening - Maintenance Route A,Sensory Route,Visible leakage at valve packing.,EXTERNAL_LEAKAGE,EXTERNAL_LEAKAGE,Valves,,WSH-VALVES,Closed,,,,,,,,,NO_DEFECT_FOUND,Inspection could not confirm the reported abnormality.,Inspection only,Field inspection completed; no corrective maintenance performed.,FALSE,0.56,119.72,
N0000112,,PLT-RU-RB-FWS,FV-RB-FWS-01,2023-03-28,3,Process Alarm,Recovery Boiler - Control Room,Process / Control Monitoring,Visible leakage at valve packing.,EXTERNAL_LEAKAGE,EXTERNAL_LEAKAGE,Valves,Instrumentation,RB-INSTRUMENTATION,Closed,,,,,,,,,MONITOR_CONDITION,Condition recorded; continue observation without corrective work.,Inspection only,Field inspection completed; no corrective maintenance performed.,TRUE,0.86,191.68,
N0000113,WO0000060,PLT-FL-DIG-CIR,M-DIG-CIR-01,2023-03-28,3,Operator Report,Digester - Operations,,Oil condition test indicates degraded lubricant.,OIL_DEGRADATION,OIL_DEGRADATION,Lubrication,,DIG-LUBRICATION,Closed,2023-03-31,PM02,Completed,2023-04-24,2023-04-24,2023-04-24,2023-04-24,1,WORK_COMPLETED,Corrective scope executed and checked.,Lubrication,Lubrication performed; post-work functional check within tolerance.,TRUE,8.69,4880.44,
N0000114,WO0000061,PLT-RU-CAU-WLC,P-CAU-WLC-01,2023-03-28,3,Operator Route,Causticizing - Operations,Sensory Route,Bearing temperature trending above baseline.,BEARING_TEMPERATURE,BEARING_TEMPERATURE,Condition Monitoring,,CAU-CONDITION_MONITORING,Closed,2023-04-01,PM02,Completed,2023-06-01,2023-06-03,2023-06-01,2023-06-03,2,WORK_COMPLETED,Corrective scope executed and checked.,Bearing replacement,Bearing replacement performed; post-work functional check within tolerance.,TRUE,17.60,12609.23,
N0000115,WO0000062,PLT-RU-UTL-AIR,PT-UTL-AIR-01,2023-03-29,2,Process Alarm,Utilities - Control Room,Process / Control Monitoring,Indicated value drifts from independent reference.,SIGNAL_DRIFT,SIGNAL_DRIFT,Instrumentation,,UTL-INSTRUMENTATION,Closed,2023-04-02,PM02,Completed,2023-04-10,2023-04-12,2023-04-10,2023-04-12,0,WORK_COMPLETED,Corrective scope executed and checked.,Calibration,Calibration performed; post-work functional check within tolerance.,TRUE,4.80,1414.94,
N0000116,,PLT-FL-WSH-BSW,P-WSH-BSW-01,2023-04-01,2,Maintenance Sensory Route,Washing & Screening - Maintenance Route A,Sensory Route,Lubricant level below normal mark.,LOW_LUBE_LEVEL,LOW_LUBE_LEVEL,Lubrication,Mechanical,WSH-MECHANICAL,Closed,,,,,,,,,NO_DEFECT_FOUND,Inspection could not confirm the reported abnormality.,Inspection only,Field inspection completed; no corrective maintenance performed.,FALSE,0.58,179.77,
N0000117,,PLT-RU-CAU-GLC,LT-CAU-GLC-01,2023-04-02,2,Operator Route,Causticizing - Operations,Sensory Route,Intermittent signal dropout at stable process conditions.,INTERMITTENT_SIGNAL,INTERMITTENT_SIGNAL,Instrumentation,,CAU-INSTRUMENTATION,Closed,,,,,,,,,MONITOR_CONDITION,Condition recorded; continue observation without corrective work.,Inspection only,Field inspection completed; no corrective maintenance performed.,TRUE,1.92,364.94,
N0000118,WO0000063,PLT-FL-DRY-PRS,HY-DRY-PRS-01,2023-04-03,3,Operator Report,Drying - Operations,,Oil sample shows elevated contamination.,OIL_CONTAMINATION,OIL_CONTAMINATION,Mechanical,,DRY-MECHANICAL,Closed,2023-04-06,PM02,Completed,2023-06-28,2023-06-30,2023-06-28,2023-06-30,4,WORK_COMPLETED,Corrective scope executed and checked.,Lubrication,Lubrication performed; post-work functional check within tolerance.,TRUE,4.10,2095.84,
N0000119,WO0000064,PLT-FL-DIG-CIR,PT-DIG-CIR-01,2023-04-03,2,Operator Route,Digester - Operations,Sensory Route,Pressure response delayed during process change.,IMPULSE_LINE_RESTRICTION,IMPULSE_LINE_RESTRICTION,Instrumentation,Automation,DIG-AUTOMATION,Closed,2023-04-07,PM02,Completed,2023-04-11,2023-04-12,2023-04-11,2023-04-12,0,WORK_COMPLETED,Corrective scope executed and checked.,Cleaning,Cleaning performed; post-work functional check within tolerance.,TRUE,5.32,1409.04,
N0000120,,PLT-FL-WSH-FIL,P-WSH-FIL-01,2023-04-04,3,Planned Inspection,Washing & Screening - Inspection,Planned Inspection,Delivered flow below expected operating range.,LOW_FLOW,LOW_FLOW,Mechanical,,WSH-MECHANICAL,Closed,,,,,,,,,OPERATING_CONDITION,Observed response is within the current operating envelope.,Inspection only,Field inspection completed; no corrective maintenance performed.,FALSE,0.37,127.68,
N0000121,,PLT-FL-BLE-DOS,FT-BLE-DOS-01,2023-04-05,2,Planned Inspection,Bleaching - Inspection,Planned Inspection,Measured output outside calibration tolerance.,CALIBRATION_DEVIATION,CALIBRATION_DEVIATION,Instrumentation,,BLE-INSTRUMENTATION,Closed,,,,,,,,,OPERATING_CONDITION,Observed response is within the current operating envelope.,Inspection only,Field inspection completed; no corrective maintenance performed.,FALSE,1.08,212.25,
N0000122,WO0000065,PLT-FL-DIG-DIS,M-DIG-DIS-01,2023-04-05,3,Planned Inspection,Digester - Inspection,Planned Inspection,Insulation test trending below reference.,INSULATION_DEGRADATION,INSULATION_DEGRADATION,Electrical,,DIG-ELECTRICAL,Closed,2023-04-08,PM02,Completed,2023-05-10,2023-05-12,2023-05-10,2023-05-12,1,WORK_COMPLETED,Corrective scope executed and checked.,Component replacement,Component replacement performed; post-work functional check within tolerance.,TRUE,27.52,26511.30,
N0000123,WO0000066,PLT-FL-DRY-SHT,CUT-DRY-SHT-01,2023-04-06,2,Maintenance Sensory Route,Drying - Maintenance Route A,Sensory Route,Mechanism travel is uneven with elevated resistance.,MECHANICAL_BINDING,MECHANICAL_BINDING,Mechanical,,DRY-MECHANICAL,Closed,2023-04-11,PM02,Completed,2023-05-11,2023-05-13,2023-05-11,2023-05-13,1,WORK_COMPLETED,Corrective scope executed and checked.,Adjustment,Adjustment performed; post-work functional check within tolerance.,TRUE,9.04,3231.93,
N0000124,WO0000067,PLT-FL-WSH-BSW,M-WSH-BSW-01,2023-04-07,2,Process Alarm,Washing & Screening - Control Room,Process / Control Monitoring,Oil condition test indicates degraded lubricant.,OIL_DEGRADATION,OIL_DEGRADATION,Lubrication,,WSH-LUBRICATION,Closed,2023-04-12,PM02,Completed,2023-04-20,2023-04-20,2023-04-20,2023-04-20,0,MONITOR_CONDITION,Condition recorded; continue observation without corrective work.,Inspection only,Inspected and recorded readings; no component correction performed.,TRUE,0.81,212.08,
N0000125,,PLT-RU-CAU-SLK,M-CAU-SLK-01,2023-04-08,2,Process Alarm,Causticizing - Control Room,Process / Control Monitoring,Localized heating at electrical connection.,TERMINAL_HEATING,TERMINAL_HEATING,Electrical,,CAU-ELECTRICAL,Closed,,,,,,,,,NO_DEFECT_FOUND,Inspection could not confirm the reported abnormality.,Inspection only,Field inspection completed; no corrective maintenance performed.,FALSE,0.37,84.23,
N0000126,WO0000068,PLT-FL-DRY-PRS,HY-DRY-PRS-01,2023-04-09,1,Breakdown / Corrective,Drying - Operations,,Hydraulic header pressure oscillates under steady demand.,HYD_PRESS_INSTABILITY,HYD_PRESS_INSTABILITY,Hydraulics,,DRY-HYDRAULICS,Closed,2023-04-09,CM01,Completed,2023-04-23,2023-04-25,2023-04-23,2023-04-25,1,WORK_COMPLETED,Corrective scope executed and checked.,Component replacement,Component replacement performed; post-work functional check within tolerance.,TRUE,18.27,15050.61,
N0000127,WO0000069,PLT-RU-CAU-SLK,TT-CAU-SLK-01,2023-04-10,3,Maintenance Sensory Route,Causticizing - Maintenance Route A,Sensory Route,Intermittent signal dropout at stable process conditions.,INTERMITTENT_SIGNAL,INTERMITTENT_SIGNAL,Instrumentation,Automation,CAU-AUTOMATION,Closed,2023-04-10,PM02,Completed,2023-04-28,2023-04-30,2023-04-28,2023-04-30,1,WORK_COMPLETED,Corrective scope executed and checked.,Instrument replacement,Instrument replacement performed; post-work functional check within tolerance.,TRUE,8.39,6813.16,
N0000128,,PLT-RU-UTL-ELD,CB-UTL-ELD-01,2023-04-12,3,Maintenance Sensory Route,Utilities - Maintenance Route A,Sensory Route,Localized heating at electrical connection.,TERMINAL_HEATING,TERMINAL_HEATING,Electrical,,UTL-ELECTRICAL,Closed,,,,,,,,,MONITOR_CONDITION,Condition recorded; continue observation without corrective work.,Inspection only,Field inspection completed; no corrective maintenance performed.,TRUE,0.35,130.31,
N0000129,WO0000070,PLT-FL-BLE-DOS,P-BLE-DOS-01,2023-04-12,1,Breakdown / Corrective,Bleaching - Operations,,Bearing temperature trending above baseline.,BEARING_TEMPERATURE,BEARING_TEMPERATURE,Mechanical,,BLE-MECHANICAL,Closed,2023-04-17,CM01,Completed,2023-05-07,2023-05-08,2023-05-07,2023-05-08,2,WORK_COMPLETED,Corrective scope executed and checked.,Bearing replacement,Bearing replacement performed; post-work functional check within tolerance.,TRUE,16.88,12095.11,
N0000130,,PLT-FL-DRY-FOR,PT-DRY-FOR-01,2023-04-12,1,Process Alarm,Drying - Control Room,Process / Control Monitoring,Indicated value drifts from independent reference.,SIGNAL_DRIFT,SIGNAL_DRIFT,Instrumentation,,DRY-INSTRUMENTATION,Closed,,,,,,,,,NO_DEFECT_FOUND,Inspection could not confirm the reported abnormality.,Inspection only,Field inspection completed; no corrective maintenance performed.,FALSE,1.97,322.74,
N0000131,WO0000071,PLT-RU-CAU-LMH,FV-CAU-LMH-01,2023-04-13,3,Operator Report,Causticizing - Operations,,Valve travel sticks during small command changes.,VALVE_STICTION,VALVE_STICTION,Instrumentation,,CAU-INSTRUMENTATION,Closed,2023-04-13,PM02,Completed,2023-07-26,2023-07-27,2023-07-26,2023-07-27,5,NO_DEFECT_FOUND,Inspection could not confirm the reported abnormality.,Inspection only,Inspected and recorded readings; no component correction performed.,FALSE,0.91,229.97,
N0000132,WO0000072,PLT-FL-DRY-DRS,FAN-DRY-DRS-01,2023-04-15,2,Maintenance Sensory Route,Drying - Maintenance Route A,Sensory Route,Fan bearing vibration trending above baseline.,FAN_BEARING_VIBRATION,FAN_BEARING_VIBRATION,Condition Monitoring,,DRY-CONDITION_MONITORING,Closed,2023-04-17,PM02,Completed,2023-05-01,2023-05-03,2023-05-01,2023-05-03,0,WORK_COMPLETED,Corrective scope executed and checked.,Bearing replacement,Bearing replacement performed; post-work functional check within tolerance.,TRUE,18.00,14310.94,
N0000133,WO0000073,PLT-FL-DIG-DIS,M-DIG-DIS-01,2023-04-15,2,Operator Report,Digester - Operations,,Localized heating at electrical connection.,TERMINAL_HEATING,TERMINAL_HEATING,Electrical,,DIG-ELECTRICAL,Closed,2023-04-19,PM02,Completed,2023-04-22,2023-04-23,2023-04-22,2023-04-23,0,WORK_COMPLETED,Corrective scope executed and checked.,Tightening,Tightening performed; post-work functional check within tolerance.,TRUE,4.86,1191.64,
N0000134,,PLT-RU-CAU-SLK,SLK-CAU-SLK-01,2023-04-15,3,Condition Monitoring,Causticizing - Condition Monitoring,Predictive Route,Oil condition test indicates degraded lubricant.,OIL_DEGRADATION,OIL_DEGRADATION,Lubrication,,CAU-LUBRICATION,Closed,,,,,,,,,MONITOR_CONDITION,Condition recorded; continue observation without corrective work.,Inspection only,Field inspection completed; no corrective maintenance performed.,TRUE,1.63,299.29,
N0000135,WO0000074,PLT-RU-CAU-REA,M-CAU-REA-01,2023-04-16,2,Operator Report,Causticizing - Operations,,Insulation test trending below reference.,INSULATION_DEGRADATION,INSULATION_DEGRADATION,Electrical,,CAU-ELECTRICAL,Closed,2023-04-16,PM02,Completed,2023-05-29,2023-05-30,2023-05-29,2023-05-30,2,WORK_COMPLETED,Corrective scope executed and checked.,Component replacement,Component replacement performed; post-work functional check within tolerance.,TRUE,30.46,29336.14,
N0000136,WO0000075,PLT-FL-DIG-CIR,M-DIG-CIR-01,2023-04-17,3,Maintenance Sensory Route,Digester - Maintenance Route A,Sensory Route,Insulation test trending below reference.,INSULATION_DEGRADATION,INSULATION_DEGRADATION,Condition Monitoring,,DIG-CONDITION_MONITORING,Closed,2023-04-18,PM02,Completed,2023-06-19,2023-06-19,2023-06-19,2023-06-19,2,MONITOR_CONDITION,Condition recorded; continue observation without corrective work.,Inspection only,Inspected and recorded readings; no component correction performed.,TRUE,1.76,298.23,
N0000137,,PLT-FL-DIG-DIS,P-DIG-DIS-01,2023-04-18,3,Operator Report,Digester - Operations,,Leakage at shaft seal.,SEAL_LEAKAGE,SEAL_LEAKAGE,Mechanical,,DIG-MECHANICAL,Closed,,,,,,,,,NO_ACTION_REQUIRED,Notification dispositioned without corrective scope.,Inspection only,Field inspection completed; no corrective maintenance performed.,FALSE,1.98,318.68,
N0000138,,PLT-RU-EVA-CIR,P-EVA-CIR-01,2023-04-18,3,Condition Monitoring,Evaporation - Condition Monitoring,Predictive Route,Bearing temperature trending above baseline.,BEARING_TEMPERATURE,BEARING_TEMPERATURE,Mechanical,,EVA-MECHANICAL,Closed,,,,,,,,,NO_ACTION_REQUIRED,Notification dispositioned without corrective scope.,Inspection only,Field inspection completed; no corrective maintenance performed.,TRUE,1.68,276.32,
N0000139,,PLT-FL-DRY-LUB,PT-DRY-LUB-01,2023-04-18,2,Maintenance Sensory Route,Drying - Maintenance Route A,Sensory Route,Indicated value drifts from independent reference.,SIGNAL_DRIFT,SIGNAL_DRIFT,Instrumentation,,DRY-INSTRUMENTATION,Closed,,,,,,,,,MONITOR_CONDITION,Condition recorded; continue observation without corrective work.,Inspection only,Field inspection completed; no corrective maintenance performed.,TRUE,1.35,253.75,
N0000140,WO0000076,PLT-RU-RB-STM,PV-RB-STM-01,2023-04-18,2,Maintenance Sensory Route,Recovery Boiler - Maintenance Route A,Sensory Route,Visible leakage at valve packing.,EXTERNAL_LEAKAGE,EXTERNAL_LEAKAGE,Instrumentation,,RB-INSTRUMENTATION,Closed,2023-04-23,PM02,Completed,2023-05-16,2023-05-16,2023-05-16,2023-05-16,1,WORK_COMPLETED,Corrective scope executed and checked.,Seal replacement,Seal replacement performed; post-work functional check within tolerance.,TRUE,5.98,3160.86,
N0000141,WO0000077,PLT-RU-UTL-BFW,M-UTL-BFW-01,2023-04-20,2,Operator Route,Utilities - Operations,Sensory Route,Motor temperature rising at normal load.,MOTOR_OVERHEATING,MOTOR_OVERHEATING,Electrical,,UTL-ELECTRICAL,Closed,2023-04-25,PM02,Completed,2023-06-01,2023-06-03,2023-06-01,2023-06-03,3,WORK_COMPLETED,Corrective scope executed and checked.,Cleaning,Cleaning performed; post-work functional check within tolerance.,TRUE,4.19,1234.92,
N0000142,WO0000078,PLT-RU-EVA-BLF,P-EVA-BLF-01,2023-04-21,3,Maintenance Sensory Route,Evaporation - Maintenance Route A,Sensory Route,Bearing temperature trending above baseline.,BEARING_TEMPERATURE,BEARING_TEMPERATURE,Mechanical,,EVA-MECHANICAL,Closed,2023-04-22,PM02,Completed,2023-05-26,2023-05-26,2023-05-26,2023-05-26,1,WORK_COMPLETED,Corrective scope executed and checked.,Bearing replacement,Bearing replacement performed; post-work functional check within tolerance.,TRUE,16.70,11961.05,
N0000143,WO0000079,PLT-RU-UTL-CWT,M-UTL-CWT-01,2023-04-23,3,Planned Inspection,Utilities - Inspection,Planned Inspection,Motor temperature rising at normal load.,MOTOR_OVERHEATING,MOTOR_OVERHEATING,Electrical,,UTL-ELECTRICAL,Closed,2023-04-25,PM02,Completed,2023-09-01,2023-09-01,2023-09-01,2023-09-01,5,WORK_COMPLETED,Corrective scope executed and checked.,Cleaning,Cleaning performed; post-work functional check within tolerance.,TRUE,4.63,1366.27,
N0000144,,PLT-FL-DRY-HYD,P-DRY-HYD-01,2023-04-23,2,Operator Report,Drying - Operations,,Hydraulic pressure decays with no external leak.,HYD_INTERNAL_LEAKAGE,HYD_INTERNAL_LEAKAGE,Mechanical,,DRY-MECHANICAL,Closed,,,,,,,,,NO_ACTION_REQUIRED,Notification dispositioned without corrective scope.,Inspection only,Field inspection completed; no corrective maintenance performed.,TRUE,1.90,313.20,
N0000145,,PLT-FL-DIG-CIR,M-DIG-CIR-01,2023-04-24,3,Operator Route,Digester - Operations,Sensory Route,Localized heating at electrical connection.,TERMINAL_HEATING,TERMINAL_HEATING,Condition Monitoring,,DIG-CONDITION_MONITORING,Closed,,,,,,,,,NO_ACTION_REQUIRED,Notification dispositioned without corrective scope.,Inspection only,Field inspection completed; no corrective maintenance performed.,TRUE,1.08,204.21,
N0000146,,PLT-FL-BLE-STW,DPIT-BLE-STW-01,2023-04-25,3,Operator Route,Bleaching - Operations,Sensory Route,Measured output outside calibration tolerance.,CALIBRATION_DEVIATION,CALIBRATION_DEVIATION,Instrumentation,,BLE-INSTRUMENTATION,Closed,,,,,,,,,MONITOR_CONDITION,Condition recorded; continue observation without corrective work.,Inspection only,Field inspection completed; no corrective maintenance performed.,TRUE,0.87,200.83,
N0000147,WO0000080,PLT-FL-BLE-CHM,M-BLE-CHM-01,2023-04-25,2,Operator Route,Bleaching - Operations,Sensory Route,Motor bearing vibration above baseline.,MOTOR_BEARING_VIBRATION,MOTOR_BEARING_VIBRATION,Electrical,,BLE-ELECTRICAL,Closed,2023-04-25,PM02,Completed,2023-05-13,2023-05-15,2023-05-13,2023-05-15,0,WORK_COMPLETED,Corrective scope executed and checked.,Bearing replacement,Bearing replacement performed; post-work functional check within tolerance.,TRUE,17.84,11504.28,
N0000148,WO0000081,PLT-FL-BLE-TWR,M-BLE-TWR-01,2023-04-25,1,Maintenance Sensory Route,Bleaching - Maintenance Route A,Sensory Route,Motor bearing vibration above baseline.,MOTOR_BEARING_VIBRATION,MOTOR_BEARING_VIBRATION,Electrical,,BLE-ELECTRICAL,Closed,2023-04-29,CM01,Completed,2023-05-12,2023-05-12,2023-05-12,2023-05-12,1,WORK_COMPLETED,Corrective scope executed and checked.,Bearing replacement,Bearing replacement performed; post-work functional check within tolerance.,TRUE,18.74,12088.58,
N0000149,WO0000082,PLT-RU-CAU-LMH,P-CAU-LMH-01,2023-04-25,3,Operator Route,Causticizing - Operations,Sensory Route,Elevated vibration at pump bearing housing.,PUMP_BEARING_VIBRATION,PUMP_BEARING_VIBRATION,Mechanical,,CAU-MECHANICAL,Closed,2023-04-28,PM02,Completed,2023-05-31,2023-06-02,2023-05-31,2023-06-02,1,WORK_COMPLETED,Corrective scope executed and checked.,Bearing replacement,Bearing replacement performed; post-work functional check within tolerance.,TRUE,18.18,12864.72,
N0000150,,PLT-RU-CAU-SLK,SLK-CAU-SLK-01,2023-04-27,3,Planned Inspection,Causticizing - Inspection,Planned Inspection,Process differential pressure above normal operating range.,PROCESS_RESTRICTION,PROCESS_RESTRICTION,Mechanical,,CAU-MECHANICAL,Closed,,,,,,,,,NO_ACTION_REQUIRED,Notification dispositioned without corrective scope.,Inspection only,Field inspection completed; no corrective maintenance performed.,TRUE,0.64,152.62,
N0000151,WO0000083,PLT-FL-BLE-CHM,FT-BLE-CHM-01,2023-04-29,1,Maintenance Sensory Route,Bleaching - Maintenance Route A,Sensory Route,Intermittent signal dropout at stable process conditions.,INTERMITTENT_SIGNAL,INTERMITTENT_SIGNAL,Automation,,BLE-AUTOMATION,Closed,2023-04-30,CM01,Completed,2023-05-09,2023-05-11,2023-05-09,2023-05-11,1,WORK_COMPLETED,Corrective scope executed and checked.,Instrument replacement,Instrument replacement performed; post-work functional check within tolerance.,TRUE,7.84,6359.61,
N0000152,,PLT-RU-RB-FWS,FV-RB-FWS-01,2023-04-29,1,Breakdown / Corrective,Recovery Boiler - Operations,,Visible leakage at valve packing.,EXTERNAL_LEAKAGE,EXTERNAL_LEAKAGE,Valves,,RB-VALVES,Closed,,,,,,,,,MONITOR_CONDITION,Condition recorded; continue observation without corrective work.,Inspection only,Field inspection completed; no corrective maintenance performed.,TRUE,1.20,224.63,
N0000153,,PLT-FL-DIG-BLC,PT-DIG-BLC-01,2023-04-29,3,Operator Report,Digester - Operations,,Indicated value drifts from independent reference.,SIGNAL_DRIFT,SIGNAL_DRIFT,Instrumentation,,DIG-INSTRUMENTATION,Closed,,,,,,,,,NO_ACTION_REQUIRED,Notification dispositioned without corrective scope.,Inspection only,Field inspection completed; no corrective maintenance performed.,FALSE,1.54,299.14,
N0000154,WO0000084,PLT-RU-RB-AIR,DV-RB-AIR-01,2023-04-30,3,Planned Inspection,Recovery Boiler - Inspection,Planned Inspection,Mechanism travel is uneven with elevated resistance.,MECHANICAL_BINDING,MECHANICAL_BINDING,Mechanical,,RB-MECHANICAL,Closed,2023-05-05,PM02,Completed,2023-06-18,2023-06-19,2023-06-18,2023-06-19,0,WORK_COMPLETED,Corrective scope executed and checked.,Adjustment,Adjustment performed; post-work functional check within tolerance.,TRUE,7.36,2631.38,
N0000155,WO0000085,PLT-RU-EVA-VAC,VAC-EVA-VAC-01,2023-04-30,1,Maintenance Sensory Route,Evaporation - Maintenance Route A,Sensory Route,Process differential pressure above normal operating range.,PROCESS_RESTRICTION,PROCESS_RESTRICTION,Condition Monitoring,Instrumentation,EVA-INSTRUMENTATION,Closed,2023-05-01,CM01,Completed,2023-05-02,2023-05-03,2023-05-02,2023-05-03,0,WORK_COMPLETED,Corrective scope executed and checked.,Cleaning,Cleaning performed; post-work functional check within tolerance.,TRUE,7.13,2246.46,
N0000156,WO0000086,PLT-RU-UTL-PWT,FT-UTL-PWT-01,2023-05-01,3,Operator Route,Utilities - Operations,Sensory Route,Measured output outside calibration tolerance.,CALIBRATION_DEVIATION,CALIBRATION_DEVIATION,Instrumentation,,UTL-INSTRUMENTATION,Closed,2023-05-02,PM02,Completed,2023-06-06,2023-06-06,2023-06-06,2023-06-06,0,WORK_COMPLETED,Corrective scope executed and checked.,Calibration,Calibration performed; post-work functional check within tolerance.,TRUE,3.98,1173.99,
N0000157,,PLT-RU-CAU-WLC,FV-CAU-WLC-01,2023-05-01,2,Planned Inspection,Causticizing - Inspection,Planned Inspection,Valve travel sticks during small command changes.,VALVE_STICTION,VALVE_STICTION,Valves,,CAU-VALVES,Closed,,,,,,,,,NO_ACTION_REQUIRED,Notification dispositioned without corrective scope.,Inspection only,Field inspection completed; no corrective maintenance performed.,TRUE,1.01,241.42,
N0000158,WO0000087,PLT-FL-DRY-HYD,HPU-DRY-HYD-01,2023-05-01,2,Planned Inspection,Drying - Inspection,Planned Inspection,Hydraulic header pressure oscillates under steady demand.,HYD_PRESS_INSTABILITY,HYD_PRESS_INSTABILITY,Instrumentation,Hydraulics,DRY-HYDRAULICS,Closed,2023-05-05,PM02,Completed,2023-06-11,2023-06-13,2023-06-11,2023-06-13,2,MONITOR_CONDITION,Condition recorded; continue observation without corrective work.,Inspection only,Inspected and recorded readings; no component correction performed.,TRUE,1.78,314.36,
N0000159,WO0000088,PLT-FL-DIG-CIR,P-DIG-CIR-01,2023-05-01,2,Planned Inspection,Digester - Inspection,Planned Inspection,Elevated vibration at pump bearing housing.,PUMP_BEARING_VIBRATION,PUMP_BEARING_VIBRATION,Mechanical,,DIG-MECHANICAL,Closed,2023-05-06,PM02,Cancelled,2023-06-23,2023-06-24,,,2,CANCELLED,Order cancelled after scope review; no execution recorded.,,,TRUE,1.08,253.57,
N0000160,WO0000089,PLT-FL-DRY-SHT,M-DRY-SHT-01,2023-05-02,3,Maintenance Sensory Route,Drying - Maintenance Route A,Sensory Route,Insulation test trending below reference.,INSULATION_DEGRADATION,INSULATION_DEGRADATION,Electrical,,DRY-ELECTRICAL,Closed,2023-05-04,PM02,Completed,2023-06-12,2023-06-14,2023-06-12,2023-06-14,0,WORK_COMPLETED,Corrective scope executed and checked.,Component replacement,Component replacement performed; post-work functional check within tolerance.,TRUE,20.44,19690.37,
N0000161,,PLT-RU-EVA-CIR,M-EVA-CIR-01,2023-05-02,3,Process Alarm,Evaporation - Control Room,Process / Control Monitoring,Motor bearing vibration above baseline.,MOTOR_BEARING_VIBRATION,MOTOR_BEARING_VIBRATION,Electrical,,EVA-ELECTRICAL,Closed,,,,,,,,,NO_ACTION_REQUIRED,Notification dispositioned without corrective scope.,Inspection only,Field inspection completed; no corrective maintenance performed.,TRUE,1.02,203.86,
N0000162,WO0000090,PLT-RU-RB-FWS,P-RB-FWS-01,2023-05-02,2,Process Alarm,Recovery Boiler - Control Room,Process / Control Monitoring,Delivered flow below expected operating range.,LOW_FLOW,LOW_FLOW,Mechanical,,RB-MECHANICAL,Closed,2023-05-05,PM02,Completed,2023-07-05,2023-07-07,2023-07-05,2023-07-07,3,WORK_COMPLETED,Corrective scope executed and checked.,Cleaning,Cleaning performed; post-work functional check within tolerance.,TRUE,5.35,1577.65,
N0000163,WO0000091,PLT-FL-DRY-LUB,M-DRY-LUB-01,2023-05-03,3,Planned Inspection,Drying - Inspection,Planned Inspection,Localized heating at electrical connection.,TERMINAL_HEATING,TERMINAL_HEATING,Electrical,,DRY-ELECTRICAL,Closed,2023-05-03,PM02,Completed,2023-06-07,2023-06-07,2023-06-07,2023-06-07,1,WORK_COMPLETED,Corrective scope executed and checked.,Tightening,Tightening performed; post-work functional check within tolerance.,TRUE,3.00,734.56,
N0000164,WO0000092,PLT-RU-LIM-BRN,FT-LIM-BRN-01,2023-05-04,2,Maintenance Sensory Route,Lime Kiln - Maintenance Route A,Sensory Route,Indicated value drifts from independent reference.,SIGNAL_DRIFT,SIGNAL_DRIFT,Instrumentation,,LIM-INSTRUMENTATION,Closed,2023-05-06,PM02,Completed,2023-06-01,2023-06-03,2023-06-01,2023-06-03,1,WORK_COMPLETED,Corrective scope executed and checked.,Calibration,Calibration performed; post-work functional check within tolerance.,TRUE,3.43,1011.58,
N0000165,,PLT-RU-RB-STM,PSHH-RB-STM-01,2023-05-06,2,Maintenance Sensory Route,Recovery Boiler - Maintenance Route A,Sensory Route,Measured output outside calibration tolerance.,CALIBRATION_DEVIATION,CALIBRATION_DEVIATION,Instrumentation,,RB-INSTRUMENTATION,Closed,,,,,,,,,NO_ACTION_REQUIRED,Notification dispositioned without corrective scope.,Inspection only,Field inspection completed; no corrective maintenance performed.,FALSE,0.91,172.41,
N0000166,WO0000093,PLT-RU-EVA-BLF,M-EVA-BLF-01,2023-05-11,2,Maintenance Sensory Route,Evaporation - Maintenance Route A,Sensory Route,Motor temperature rising at normal load.,MOTOR_OVERHEATING,MOTOR_OVERHEATING,Electrical,,EVA-ELECTRICAL,Closed,2023-05-11,PM02,Completed,2023-05-14,2023-05-14,2023-05-14,2023-05-14,0,WORK_COMPLETED,Corrective scope executed and checked.,Cleaning,Cleaning performed; post-work functional check within tolerance.,TRUE,7.32,2160.47,
N0000167,WO0000094,PLT-FL-BLE-CHM,AG-BLE-CHM-01,2023-05-12,3,Process Alarm,Bleaching - Control Room,Process / Control Monitoring,Rotating assembly shows dominant once-per-revolution vibration.,IMBALANCE,IMBALANCE,Mechanical,,BLE-MECHANICAL,Closed,2023-05-14,PM02,Completed,2023-09-14,2023-09-16,2023-09-14,2023-09-16,6,WORK_COMPLETED,Corrective scope executed and checked.,Adjustment,Adjustment performed; post-work functional check within tolerance.,TRUE,14.16,7010.23,
N0000168,WO0000095,PLT-RU-CAU-SLK,FV-CAU-SLK-01,2023-05-13,3,Maintenance Sensory Route,Causticizing - Maintenance Route A,Sensory Route,Visible leakage at valve packing.,EXTERNAL_LEAKAGE,EXTERNAL_LEAKAGE,Instrumentation,,CAU-INSTRUMENTATION,Closed,2023-05-17,PM02,Cancelled,2023-07-30,2023-07-30,,,2,CANCELLED,Order cancelled after scope review; no execution recorded.,,,TRUE,1.74,350.11,
N0000169,WO0000096,PLT-FL-WSH-KNR,SCR-WSH-KNR-01,2023-05-13,2,Maintenance Sensory Route,Washing & Screening - Maintenance Route A,Sensory Route,Mechanism travel is uneven with elevated resistance.,MECHANICAL_BINDING,MECHANICAL_BINDING,Mechanical,,WSH-MECHANICAL,Closed,2023-05-17,PM02,Completed,2023-07-19,2023-07-19,2023-07-19,2023-07-19,3,WORK_COMPLETED,Corrective scope executed and checked.,Adjustment,Adjustment performed; post-work functional check within tolerance.,TRUE,6.13,2193.23,
N0000170,WO0000097,PLT-FL-DRY-PMF,M-DRY-PMF-01,2023-05-14,3,Maintenance Sensory Route,Drying - Maintenance Route A,Sensory Route,Oil sample shows elevated contamination.,OIL_CONTAMINATION,OIL_CONTAMINATION,Lubrication,,DRY-LUBRICATION,Closed,2023-05-19,PM02,Completed,2023-08-07,2023-08-08,2023-08-07,2023-08-08,3,WORK_COMPLETED,Corrective scope executed and checked.,Lubrication,Lubrication performed; post-work functional check within tolerance.,TRUE,4.26,2181.82,
N0000171,WO0000098,PLT-FL-BLE-CHM,P-BLE-CHM-01,2023-05-14,2,Maintenance Sensory Route,Bleaching - Maintenance Route A,Sensory Route,Leakage at shaft seal.,SEAL_LEAKAGE,SEAL_LEAKAGE,Mechanical,,BLE-MECHANICAL,Closed,2023-05-17,PM02,Completed,2023-05-28,2023-05-29,2023-05-28,2023-05-29,0,WORK_COMPLETED,Corrective scope executed and checked.,Seal replacement,Seal replacement performed; post-work functional check within tolerance.,TRUE,11.29,8408.18,
N0000172,WO0000099,PLT-FL-DRY-LUB,P-DRY-LUB-01,2023-05-14,2,Condition Monitoring,Drying - Condition Monitoring,Predictive Route,Lubrication supply pressure below normal range.,LOW_LUBE_PRESSURE,LOW_LUBE_PRESSURE,Mechanical,,DRY-MECHANICAL,Closed,2023-05-15,PM02,Completed,2023-06-04,2023-06-06,2023-06-04,2023-06-06,1,WORK_COMPLETED,Corrective scope executed and checked.,Cleaning,Cleaning performed; post-work functional check within tolerance.,TRUE,4.97,1631.49,
N0000173,WO0000100,PLT-RU-RB-AIR,FT-RB-AIR-01,2023-05-15,2,Maintenance Sensory Route,Recovery Boiler - Maintenance Route A,Sensory Route,Control sequence response differs from approved logic.,CONTROL_SEQUENCE_DEVIATION,CONTROL_SEQUENCE_DEVIATION,Automation,Instrumentation,RB-INSTRUMENTATION,Closed,2023-05-17,PM02,Completed,2023-06-02,2023-06-03,2023-06-02,2023-06-03,0,WORK_COMPLETED,Corrective scope executed and checked.,Control logic correction,Control logic correction performed; post-work functional check within tolerance.,TRUE,9.82,2898.09,
N0000174,WO0000101,PLT-RU-UTL-PWT,M-UTL-PWT-01,2023-05-15,3,Planned Inspection,Utilities - Inspection,Planned Inspection,Insulation test trending below reference.,INSULATION_DEGRADATION,INSULATION_DEGRADATION,Electrical,,UTL-ELECTRICAL,Closed,2023-05-15,PM02,Completed,2023-06-10,2023-06-12,2023-06-10,2023-06-12,0,WORK_COMPLETED,Corrective scope executed and checked.,Component replacement,Component replacement performed; post-work functional check within tolerance.,TRUE,31.27,30119.85,
N0000175,,PLT-FL-BLE-TWR,PV-BLE-TWR-01,2023-05-15,2,Maintenance Sensory Route,Bleaching - Maintenance Route A,Sensory Route,Visible leakage at valve packing.,EXTERNAL_LEAKAGE,EXTERNAL_LEAKAGE,Valves,,BLE-VALVES,Closed,,,,,,,,,MONITOR_CONDITION,Condition recorded; continue observation without corrective work.,Inspection only,Field inspection completed; no corrective maintenance performed.,TRUE,1.51,287.23,
N0000176,WO0000102,PLT-RU-EVA-CIR,PV-EVA-CIR-01,2023-05-15,3,Operator Route,Evaporation - Operations,Sensory Route,Visible leakage at valve packing.,EXTERNAL_LEAKAGE,EXTERNAL_LEAKAGE,Instrumentation,,EVA-INSTRUMENTATION,Closed,2023-05-18,PM02,Completed,2023-06-22,2023-06-22,2023-06-22,2023-06-22,1,WORK_COMPLETED,Corrective scope executed and checked.,Seal replacement,Seal replacement performed; post-work functional check within tolerance.,TRUE,8.06,4260.30,
N0000177,WO0000103,PLT-FL-DIG-CHP,M-DIG-CHP-01,2023-05-17,2,Operator Route,Digester - Operations,Sensory Route,Localized heating at electrical connection.,TERMINAL_HEATING,TERMINAL_HEATING,Electrical,,DIG-ELECTRICAL,Closed,2023-05-18,PM02,Completed,2023-06-29,2023-07-01,2023-06-29,2023-07-01,3,WORK_COMPLETED,Corrective scope executed and checked.,Tightening,Tightening performed; post-work functional check within tolerance.,TRUE,2.96,724.97,
N0000178,WO0000104,PLT-RU-CAU-LMH,LT-CAU-LMH-01,2023-05-19,3,Maintenance Sensory Route,Causticizing - Maintenance Route A,Sensory Route,Intermittent signal dropout at stable process conditions.,INTERMITTENT_SIGNAL,INTERMITTENT_SIGNAL,Automation,,CAU-AUTOMATION,Closed,2023-05-21,PM02,Completed,2023-09-20,2023-09-22,2023-09-20,2023-09-22,6,WORK_COMPLETED,Corrective scope executed and checked.,Instrument replacement,Instrument replacement performed; post-work functional check within tolerance.,TRUE,7.39,6000.21,
N0000179,WO0000105,PLT-RU-EVA-CIR,M-EVA-CIR-01,2023-05-20,2,Condition Monitoring,Evaporation - Condition Monitoring,Predictive Route,Insulation test trending below reference.,INSULATION_DEGRADATION,INSULATION_DEGRADATION,Electrical,,EVA-ELECTRICAL,Closed,2023-05-25,PM02,Completed,2023-06-23,2023-06-25,2023-06-23,2023-06-25,2,WORK_COMPLETED,Corrective scope executed and checked.,Component replacement,Component replacement performed; post-work functional check within tolerance.,TRUE,21.59,20796.20,
N0000180,,PLT-FL-DRY-HYD,PT-DRY-HYD-01,2023-05-20,3,Maintenance Sensory Route,Drying - Maintenance Route A,Sensory Route,Measured output outside calibration tolerance.,CALIBRATION_DEVIATION,CALIBRATION_DEVIATION,Instrumentation,,DRY-INSTRUMENTATION,Closed,,,,,,,,,MONITOR_CONDITION,Condition recorded; continue observation without corrective work.,Inspection only,Field inspection completed; no corrective maintenance performed.,TRUE,1.80,302.77,
N0000181,WO0000106,PLT-RU-EVA-BLF,P-EVA-BLF-01,2023-05-21,3,Condition Monitoring,Evaporation - Condition Monitoring,Predictive Route,Crackling noise and unstable suction pressure.,CAVITATION,CAVITATION,Mechanical,,EVA-MECHANICAL,Closed,2023-05-23,PM02,Completed,2023-06-23,2023-06-24,2023-06-23,2023-06-24,1,WORK_COMPLETED,Corrective scope executed and checked.,Cleaning,Cleaning performed; post-work functional check within tolerance.,TRUE,4.50,1192.08,
N0000182,,PLT-FL-DRY-DRS,M-DRY-DRS-01,2023-05-22,2,Maintenance Sensory Route,Drying - Maintenance Route A,Sensory Route,Insulation test trending below reference.,INSULATION_DEGRADATION,INSULATION_DEGRADATION,Electrical,,DRY-ELECTRICAL,Closed,,,,,,,,,NO_DEFECT_FOUND,Inspection could not confirm the reported abnormality.,Inspection only,Field inspection completed; no corrective maintenance performed.,FALSE,1.48,301.30,
N0000183,,PLT-RU-CAU-SLK,TT-CAU-SLK-01,2023-05-22,1,Maintenance Sensory Route,Causticizing - Maintenance Route A,Sensory Route,Measured output outside calibration tolerance.,CALIBRATION_DEVIATION,CALIBRATION_DEVIATION,Instrumentation,,CAU-INSTRUMENTATION,Closed,,,,,,,,,NO_DEFECT_FOUND,Inspection could not confirm the reported abnormality.,Inspection only,Field inspection completed; no corrective maintenance performed.,FALSE,0.63,152.34,
N0000184,WO0000107,PLT-RU-CAU-GLH,M-CAU-GLH-01,2023-05-24,3,Process Alarm,Causticizing - Control Room,Process / Control Monitoring,Motor bearing vibration above baseline.,MOTOR_BEARING_VIBRATION,MOTOR_BEARING_VIBRATION,Electrical,,CAU-ELECTRICAL,Closed,2023-05-27,PM02,Completed,2023-07-08,2023-07-08,2023-07-08,2023-07-08,1,WORK_COMPLETED,Corrective scope executed and checked.,Bearing replacement,Bearing replacement performed; post-work functional check within tolerance.,TRUE,19.96,12872.35,
N0000185,WO0000108,PLT-FL-BLE-CHM,AG-BLE-CHM-01,2023-05-25,3,Maintenance Sensory Route,Bleaching - Maintenance Route A,Sensory Route,Bearing temperature trending above baseline.,BEARING_TEMPERATURE,BEARING_TEMPERATURE,Mechanical,,BLE-MECHANICAL,Closed,2023-05-27,PM02,Completed,2023-07-05,2023-07-06,2023-07-05,2023-07-06,1,WORK_COMPLETED,Corrective scope executed and checked.,Bearing replacement,Bearing replacement performed; post-work functional check within tolerance.,TRUE,13.10,9383.68,
N0000186,WO0000109,PLT-RU-UTL-PWT,P-UTL-PWT-01,2023-05-25,3,Planned Inspection,Utilities - Inspection,Planned Inspection,Bearing temperature trending above baseline.,BEARING_TEMPERATURE,BEARING_TEMPERATURE,Mechanical,,UTL-MECHANICAL,Closed,2023-05-26,PM02,Completed,2023-06-13,2023-06-14,2023-06-13,2023-06-14,0,WORK_COMPLETED,Corrective scope executed and checked.,Bearing replacement,Bearing replacement performed; post-work functional check within tolerance.,TRUE,18.52,13268.67,
N0000187,WO0000110,PLT-RU-RB-BLF,M-RB-BLF-01,2023-05-27,1,Condition Monitoring,Recovery Boiler - Condition Monitoring,Predictive Route,Motor temperature rising at normal load.,MOTOR_OVERHEATING,MOTOR_OVERHEATING,Electrical,,RB-ELECTRICAL,Closed,2023-05-31,CM01,Completed,2023-05-31,2023-05-31,2023-05-31,2023-05-31,0,MONITOR_CONDITION,Condition recorded; continue observation without corrective work.,Inspection only,Inspected and recorded readings; no component correction performed.,TRUE,0.42,149.58,
N0000188,,PLT-FL-DIG-BLC,PV-DIG-BLC-01,2023-05-27,2,Maintenance Sensory Route,Digester - Maintenance Route A,Sensory Route,Visible leakage at valve packing.,EXTERNAL_LEAKAGE,EXTERNAL_LEAKAGE,Instrumentation,,DIG-INSTRUMENTATION,Closed,,,,,,,,,MONITOR_CONDITION,Condition recorded; continue observation without corrective work.,Inspection only,Field inspection completed; no corrective maintenance performed.,TRUE,1.35,232.96,
N0000189,WO0000111,PLT-RU-UTL-AIR,M-UTL-AIR-01,2023-05-29,2,Planned Inspection,Utilities - Inspection,Planned Inspection,Motor temperature rising at normal load.,MOTOR_OVERHEATING,MOTOR_OVERHEATING,Electrical,,UTL-ELECTRICAL,Closed,2023-05-31,PM02,Completed,2023-06-15,2023-06-15,2023-06-15,2023-06-15,0,WORK_COMPLETED,Corrective scope executed and checked.,Cleaning,Cleaning performed; post-work functional check within tolerance.,TRUE,8.63,2546.96,
N0000190,,PLT-RU-UTL-STM,TT-UTL-STM-01,2023-05-29,3,Maintenance Sensory Route,Utilities - Maintenance Route A,Sensory Route,Intermittent signal dropout at stable process conditions.,INTERMITTENT_SIGNAL,INTERMITTENT_SIGNAL,Instrumentation,,UTL-INSTRUMENTATION,Closed,,,,,,,,,MONITOR_CONDITION,Condition recorded; continue observation without corrective work.,Inspection only,Field inspection completed; no corrective maintenance performed.,TRUE,1.52,254.36,
N0000191,WO0000112,PLT-RU-CAU-LMH,FV-CAU-LMH-01,2023-06-03,3,Operator Report,Causticizing - Operations,,Visible leakage at valve packing.,EXTERNAL_LEAKAGE,EXTERNAL_LEAKAGE,Instrumentation,,CAU-INSTRUMENTATION,Closed,2023-06-05,PM02,Completed,2023-06-22,2023-06-23,2023-06-22,2023-06-23,0,WORK_COMPLETED,Corrective scope executed and checked.,Seal replacement,Seal replacement performed; post-work functional check within tolerance.,TRUE,4.25,2247.78,
N0000192,,PLT-RU-EVA-BLF,FV-EVA-BLF-01,2023-06-04,3,Maintenance Sensory Route,Evaporation - Maintenance Route A,Sensory Route,Valve feedback differs from demanded position.,POSITIONER_DEVIATION,POSITIONER_DEVIATION,Valves,,EVA-VALVES,Closed,,,,,,,,,MONITOR_CONDITION,Condition recorded; continue observation without corrective work.,Inspection only,Field inspection completed; no corrective maintenance performed.,TRUE,1.62,292.39,
N0000193,,PLT-FL-WSH-SCR,SCR-WSH-SCR-01,2023-06-04,3,Maintenance Sensory Route,Washing & Screening - Maintenance Route A,Sensory Route,Process differential pressure above normal operating range.,PROCESS_RESTRICTION,PROCESS_RESTRICTION,Mechanical,,WSH-MECHANICAL,Closed,,,,,,,,,NO_ACTION_REQUIRED,Notification dispositioned without corrective scope.,Inspection only,Field inspection completed; no corrective maintenance performed.,TRUE,1.25,226.44,
N0000194,,PLT-FL-WSH-FIL,FV-WSH-FIL-01,2023-06-05,2,Maintenance Sensory Route,Washing & Screening - Maintenance Route A,Sensory Route,Visible leakage at valve packing.,EXTERNAL_LEAKAGE,EXTERNAL_LEAKAGE,Valves,,WSH-VALVES,Closed,,,,,,,,,MONITOR_CONDITION,Condition recorded; continue observation without corrective work.,Inspection only,Field inspection completed; no corrective maintenance performed.,TRUE,1.91,322.31,
N0000195,,PLT-FL-BLE-TWR,PV-BLE-TWR-01,2023-06-06,2,Planned Inspection,Bleaching - Inspection,Planned Inspection,Visible leakage at valve packing.,EXTERNAL_LEAKAGE,EXTERNAL_LEAKAGE,Valves,,BLE-VALVES,Closed,,,,,,,,,MONITOR_CONDITION,Condition recorded; continue observation without corrective work.,Inspection only,Field inspection completed; no corrective maintenance performed.,TRUE,1.42,245.38,
N0000196,WO0000113,PLT-RU-UTL-AIR,M-UTL-AIR-01,2023-06-07,1,Maintenance Sensory Route,Utilities - Maintenance Route A,Sensory Route,Insulation test trending below reference.,INSULATION_DEGRADATION,INSULATION_DEGRADATION,Condition Monitoring,,UTL-CONDITION_MONITORING,Closed,2023-06-10,CM01,Completed,2023-06-11,2023-06-11,2023-06-11,2023-06-11,0,MONITOR_CONDITION,Condition recorded; continue observation without corrective work.,Inspection only,Inspected and recorded readings; no component correction performed.,TRUE,0.51,124.59,
N0000197,,PLT-FL-BLE-CHM,P-BLE-CHM-01,2023-06-08,3,Process Alarm,Bleaching - Control Room,Process / Control Monitoring,Delivered flow below expected operating range.,LOW_FLOW,LOW_FLOW,Mechanical,,BLE-MECHANICAL,Closed,,,,,,,,,OPERATING_CONDITION,Observed response is within the current operating envelope.,Inspection only,Field inspection completed; no corrective maintenance performed.,FALSE,1.57,325.67,
N0000198,,PLT-RU-CAU-GLH,FV-CAU-GLH-01,2023-06-09,3,Process Alarm,Causticizing - Control Room,Process / Control Monitoring,Valve feedback differs from demanded position.,POSITIONER_DEVIATION,POSITIONER_DEVIATION,Valves,,CAU-VALVES,Closed,,,,,,,,,MONITOR_CONDITION,Condition recorded; continue observation without corrective work.,Inspection only,Field inspection completed; no corrective maintenance performed.,TRUE,1.73,284.07,
N0000199,WO0000114,PLT-RU-EVA-BLF,P-EVA-BLF-01,2023-06-09,2,Operator Report,Evaporation - Operations,,Elevated vibration at pump bearing housing.,PUMP_BEARING_VIBRATION,PUMP_BEARING_VIBRATION,Mechanical,,EVA-MECHANICAL,Closed,2023-06-11,PM02,Completed,2023-06-26,2023-06-27,2023-06-26,2023-06-27,0,WORK_COMPLETED,Corrective scope executed and checked.,Bearing replacement,Bearing replacement performed; post-work functional check within tolerance.,TRUE,20.81,14724.42,
N0000200,WO0000115,PLT-FL-DIG-IMP,P-DIG-IMP-01,2023-06-11,3,Planned Inspection,Digester - Inspection,Planned Inspection,Oil condition test indicates degraded lubricant.,OIL_DEGRADATION,OIL_DEGRADATION,Lubrication,,DIG-LUBRICATION,Closed,2023-06-14,PM02,Completed,2023-07-28,2023-07-29,2023-07-28,2023-07-29,2,WORK_COMPLETED,Corrective scope executed and checked.,Lubrication,Lubrication performed; post-work functional check within tolerance.,TRUE,7.09,3984.00,
N0000201,,PLT-FL-DRY-PRS,PT-DRY-PRS-01,2023-06-14,3,Operator Report,Drying - Operations,,Indicated value drifts from independent reference.,SIGNAL_DRIFT,SIGNAL_DRIFT,Instrumentation,,DRY-INSTRUMENTATION,Closed,,,,,,,,,NO_ACTION_REQUIRED,Notification dispositioned without corrective scope.,Inspection only,Field inspection completed; no corrective maintenance performed.,TRUE,1.43,252.02,
N0000202,WO0000116,PLT-FL-BLE-TWR,AG-BLE-TWR-01,2023-06-15,1,Condition Monitoring,Bleaching - Condition Monitoring,Predictive Route,Oil sample shows elevated contamination.,OIL_CONTAMINATION,OIL_CONTAMINATION,Lubrication,,BLE-LUBRICATION,Closed,2023-06-16,CM01,Completed,2023-06-19,2023-06-19,2023-06-19,2023-06-19,0,WORK_COMPLETED,Corrective scope executed and checked.,Lubrication,Lubrication performed; post-work functional check within tolerance.,TRUE,7.19,3676.76,
N0000203,WO0000117,PLT-FL-DIG-IMP,P-DIG-IMP-01,2023-06-15,3,Operator Report,Digester - Operations,,Delivered flow below expected operating range.,LOW_FLOW,LOW_FLOW,Mechanical,,DIG-MECHANICAL,Closed,2023-06-18,PM02,Completed,2023-07-25,2023-07-27,2023-07-25,2023-07-27,0,WORK_COMPLETED,Corrective scope executed and checked.,Cleaning,Cleaning performed; post-work functional check within tolerance.,TRUE,7.73,2280.50,
N0000204,WO0000118,PLT-FL-DIG-IMP,M-DIG-IMP-01,2023-06-16,2,Process Alarm,Digester - Control Room,Process / Control Monitoring,Motor bearing vibration above baseline.,MOTOR_BEARING_VIBRATION,MOTOR_BEARING_VIBRATION,Electrical,,DIG-ELECTRICAL,Closed,2023-06-19,PM02,Completed,2023-07-04,2023-07-06,2023-07-04,2023-07-06,0,WORK_COMPLETED,Corrective scope executed and checked.,Bearing replacement,Bearing replacement performed; post-work functional check within tolerance.,TRUE,14.75,9513.11,
N0000205,,PLT-RU-CAU-REA,FV-CAU-REA-01,2023-06-19,3,Planned Inspection,Causticizing - Inspection,Planned Inspection,Actuator supply pressure decays while held.,ACTUATOR_LEAKAGE,ACTUATOR_LEAKAGE,Valves,,CAU-VALVES,Closed,,,,,,,,,NO_ACTION_REQUIRED,Notification dispositioned without corrective scope.,Inspection only,Field inspection completed; no corrective maintenance performed.,TRUE,1.36,284.00,
N0000206,WO0000119,PLT-RU-RB-FWS,FV-RB-FWS-01,2023-06-20,2,Operator Route,Recovery Boiler - Operations,Sensory Route,Valve travel sticks during small command changes.,VALVE_STICTION,VALVE_STICTION,Valves,,RB-VALVES,Closed,2023-06-23,PM02,Completed,2023-07-07,2023-07-07,2023-07-07,2023-07-07,0,WORK_COMPLETED,Corrective scope executed and checked.,Valve overhaul,Valve overhaul performed; post-work functional check within tolerance.,TRUE,15.21,12345.16,
N0000207,,PLT-FL-BLE-CHM,FT-BLE-CHM-01,2023-06-21,2,Planned Inspection,Bleaching - Inspection,Planned Inspection,Indicated value drifts from independent reference.,SIGNAL_DRIFT,SIGNAL_DRIFT,Instrumentation,Automation,BLE-AUTOMATION,Closed,,,,,,,,,NO_DEFECT_FOUND,Inspection could not confirm the reported abnormality.,Inspection only,Field inspection completed; no corrective maintenance performed.,FALSE,0.90,193.33,
N0000208,,PLT-FL-DIG-CHP,XV-DIG-CHP-01,2023-06-21,3,Operator Route,Digester - Operations,Sensory Route,Visible leakage at valve packing.,EXTERNAL_LEAKAGE,EXTERNAL_LEAKAGE,Valves,,DIG-VALVES,Closed,,,,,,,,,NO_ACTION_REQUIRED,Notification dispositioned without corrective scope.,Inspection only,Field inspection completed; no corrective maintenance performed.,TRUE,1.85,363.86,
N0000209,WO0000120,PLT-RU-UTL-AIR,CMP-UTL-AIR-01,2023-06-22,3,Maintenance Sensory Route,Utilities - Maintenance Route A,Sensory Route,Bearing temperature trending above baseline.,BEARING_TEMPERATURE,BEARING_TEMPERATURE,Mechanical,,UTL-MECHANICAL,Closed,2023-06-23,PM02,Completed,2023-07-25,2023-07-27,2023-07-25,2023-07-27,1,WORK_COMPLETED,Corrective scope executed and checked.,Bearing replacement,Bearing replacement performed; post-work functional check within tolerance.,TRUE,19.89,14250.85,
N0000210,,PLT-FL-DRY-FOR,M-DRY-FOR-01,2023-06-23,3,Condition Monitoring,Drying - Condition Monitoring,Predictive Route,Insulation test trending below reference.,INSULATION_DEGRADATION,INSULATION_DEGRADATION,Condition Monitoring,Electrical,DRY-ELECTRICAL,Closed,,,,,,,,,MONITOR_CONDITION,Condition recorded; continue observation without corrective work.,Inspection only,Field inspection completed; no corrective maintenance performed.,TRUE,0.69,136.04,
N0000211,,PLT-RU-UTL-BFW,M-UTL-BFW-01,2023-06-24,3,Process Alarm,Utilities - Control Room,Process / Control Monitoring,Oil condition test indicates degraded lubricant.,OIL_DEGRADATION,OIL_DEGRADATION,Lubrication,,UTL-LUBRICATION,Closed,,,,,,,,,OPERATING_CONDITION,Observed response is within the current operating envelope.,Inspection only,Field inspection completed; no corrective maintenance performed.,FALSE,0.38,109.60,
N0000212,WO0000121,PLT-RU-RB-SBL,ZS-RB-SBL-01,2023-06-26,3,Maintenance Sensory Route,Recovery Boiler - Maintenance Route A,Sensory Route,Indicated value drifts from independent reference.,SIGNAL_DRIFT,SIGNAL_DRIFT,Instrumentation,,RB-INSTRUMENTATION,Closed,2023-06-30,PM02,Completed,2023-07-30,2023-07-30,2023-07-30,2023-07-30,0,WORK_COMPLETED,Corrective scope executed and checked.,Calibration,Calibration performed; post-work functional check within tolerance.,TRUE,5.67,1671.80,
N0000213,WO0000122,PLT-RU-CAU-SLK,SLK-CAU-SLK-01,2023-06-27,3,Condition Monitoring,Causticizing - Condition Monitoring,Predictive Route,Mechanism travel is uneven with elevated resistance.,MECHANICAL_BINDING,MECHANICAL_BINDING,Mechanical,,CAU-MECHANICAL,Closed,2023-06-27,PM02,Completed,2023-08-25,2023-08-27,2023-08-25,2023-08-27,2,WORK_COMPLETED,Corrective scope executed and checked.,Adjustment,Adjustment performed; post-work functional check within tolerance.,TRUE,6.50,2322.82,
N0000214,,PLT-FL-BLE-CHM,M-BLE-CHM-01,2023-06-28,3,Maintenance Sensory Route,Bleaching - Maintenance Route A,Sensory Route,Motor temperature rising at normal load.,MOTOR_OVERHEATING,MOTOR_OVERHEATING,Condition Monitoring,,BLE-CONDITION_MONITORING,Closed,,,,,,,,,NO_ACTION_REQUIRED,Notification dispositioned without corrective scope.,Inspection only,Field inspection completed; no corrective maintenance performed.,TRUE,0.33,100.80,
N0000215,WO0000123,PLT-FL-BLE-STW,P-BLE-STW-01,2023-06-28,3,Maintenance Sensory Route,Bleaching - Maintenance Route A,Sensory Route,Elevated vibration at pump bearing housing.,PUMP_BEARING_VIBRATION,PUMP_BEARING_VIBRATION,Condition Monitoring,,BLE-CONDITION_MONITORING,Closed,2023-06-28,PM02,Completed,2023-07-30,2023-08-01,2023-07-30,2023-08-01,0,WORK_COMPLETED,Corrective scope executed and checked.,Bearing replacement,Bearing replacement performed; post-work functional check within tolerance.,TRUE,19.92,14095.46,
N0000216,WO0000124,PLT-RU-UTL-CWT,FV-UTL-CWT-01,2023-06-29,3,Maintenance Sensory Route,Utilities - Maintenance Route A,Sensory Route,Visible leakage at valve packing.,EXTERNAL_LEAKAGE,EXTERNAL_LEAKAGE,Instrumentation,,UTL-INSTRUMENTATION,Closed,2023-06-30,PM02,Completed,2023-08-18,2023-08-19,2023-08-18,2023-08-19,3,WORK_COMPLETED,Corrective scope executed and checked.,Seal replacement,Seal replacement performed; post-work functional check within tolerance.,TRUE,7.94,4194.76,
N0000217,WO0000125,PLT-RU-CAU-REA,FV-CAU-REA-01,2023-07-03,3,Maintenance Sensory Route,Causticizing - Maintenance Route A,Sensory Route,Valve travel sticks during small command changes.,VALVE_STICTION,VALVE_STICTION,Instrumentation,,CAU-INSTRUMENTATION,Closed,2023-07-06,PM02,Completed,2023-08-20,2023-08-21,2023-08-20,2023-08-21,0,WORK_COMPLETED,Corrective scope executed and checked.,Valve overhaul,Valve overhaul performed; post-work functional check within tolerance.,TRUE,24.88,20197.14,
N0000218,,PLT-FL-BLE-TWR,LT-BLE-TWR-01,2023-07-03,3,Operator Report,Bleaching - Operations,,Intermittent signal dropout at stable process conditions.,INTERMITTENT_SIGNAL,INTERMITTENT_SIGNAL,Instrumentation,,BLE-INSTRUMENTATION,Closed,,,,,,,,,OPERATING_CONDITION,Observed response is within the current operating envelope.,Inspection only,Field inspection completed; no corrective maintenance performed.,FALSE,1.66,331.58,
N0000219,WO0000126,PLT-FL-BLE-STW,P-BLE-STW-01,2023-07-03,3,Operator Route,Bleaching - Operations,Sensory Route,Crackling noise and unstable suction pressure.,CAVITATION,CAVITATION,Condition Monitoring,,BLE-CONDITION_MONITORING,Closed,2023-07-08,PM02,Completed,2023-08-04,2023-08-05,2023-08-04,2023-08-05,0,WORK_COMPLETED,Corrective scope executed and checked.,Cleaning,Cleaning performed; post-work functional check within tolerance.,TRUE,5.35,1418.47,
N0000220,WO0000127,PLT-FL-WSH-BSW,DRV-WSH-BSW-01,2023-07-04,2,Maintenance Sensory Route,Washing & Screening - Maintenance Route A,Sensory Route,Rotating assembly shows dominant once-per-revolution vibration.,IMBALANCE,IMBALANCE,Mechanical,,WSH-MECHANICAL,Closed,2023-07-06,PM02,Completed,2023-08-29,2023-08-31,2023-08-29,2023-08-31,4,WORK_COMPLETED,Corrective scope executed and checked.,Adjustment,Adjustment performed; post-work functional check within tolerance.,TRUE,12.10,5988.47,
N0000221,,PLT-RU-RB-BLF,P-RB-BLF-01,2023-07-04,3,Operator Route,Recovery Boiler - Operations,Sensory Route,Elevated vibration at pump bearing housing.,PUMP_BEARING_VIBRATION,PUMP_BEARING_VIBRATION,Mechanical,,RB-MECHANICAL,Closed,,,,,,,,,MONITOR_CONDITION,Condition recorded; continue observation without corrective work.,Inspection only,Field inspection completed; no corrective maintenance performed.,TRUE,1.17,236.05,
N0000222,WO0000128,PLT-FL-DRY-PMF,FT-DRY-PMF-01,2023-07-05,3,Operator Route,Drying - Operations,Sensory Route,Measured output outside calibration tolerance.,CALIBRATION_DEVIATION,CALIBRATION_DEVIATION,Instrumentation,,DRY-INSTRUMENTATION,Closed,2023-07-06,PM02,Completed,2023-08-26,2023-08-27,2023-08-26,2023-08-27,2,WORK_COMPLETED,Corrective scope executed and checked.,Calibration,Calibration performed; post-work functional check within tolerance.,TRUE,4.70,1386.30,
N0000223,WO0000129,PLT-RU-UTL-ELD,REL-UTL-ELD-01,2023-07-06,3,Operator Report,Utilities - Operations,,Insulation test trending below reference.,INSULATION_DEGRADATION,INSULATION_DEGRADATION,Electrical,,UTL-ELECTRICAL,Closed,2023-07-11,PM02,Completed,2023-08-27,2023-08-29,2023-08-27,2023-08-29,1,WORK_COMPLETED,Corrective scope executed and checked.,Component replacement,Component replacement performed; post-work functional check within tolerance.,TRUE,32.23,31048.02,
N0000224,WO0000130,PLT-RU-UTL-AIR,PT-UTL-AIR-01,2023-07-07,2,Operator Report,Utilities - Operations,,Pressure response delayed during process change.,IMPULSE_LINE_RESTRICTION,IMPULSE_LINE_RESTRICTION,Instrumentation,,UTL-INSTRUMENTATION,Closed,2023-07-12,PM02,Completed,2023-08-09,2023-08-09,2023-08-09,2023-08-09,1,WORK_COMPLETED,Corrective scope executed and checked.,Cleaning,Cleaning performed; post-work functional check within tolerance.,TRUE,6.90,1827.83,
N0000225,WO0000131,PLT-RU-LIM-DRV,GB-LIM-DRV-01,2023-07-09,3,Planned Inspection,Lime Kiln - Inspection,Planned Inspection,Oil sample shows elevated contamination.,OIL_CONTAMINATION,OIL_CONTAMINATION,Lubrication,,LIM-LUBRICATION,Closed,2023-07-11,PM02,Completed,2023-08-06,2023-08-07,2023-08-06,2023-08-07,1,WORK_COMPLETED,Corrective scope executed and checked.,Lubrication,Lubrication performed; post-work functional check within tolerance.,TRUE,4.61,2357.87,
N0000226,WO0000132,PLT-FL-DIG-BLC,XV-DIG-BLC-01,2023-07-11,2,Operator Report,Digester - Operations,,Valve travel sticks during small command changes.,VALVE_STICTION,VALVE_STICTION,Valves,,DIG-VALVES,Closed,2023-07-13,PM02,Completed,2023-07-22,2023-07-23,2023-07-22,2023-07-23,0,MONITOR_CONDITION,Condition recorded; continue observation without corrective work.,Inspection only,Inspected and recorded readings; no component correction performed.,TRUE,1.71,336.06,
N0000227,,PLT-RU-UTL-PWT,FV-UTL-PWT-01,2023-07-13,1,Operator Route,Utilities - Operations,Sensory Route,Actuator supply pressure decays while held.,ACTUATOR_LEAKAGE,ACTUATOR_LEAKAGE,Valves,,UTL-VALVES,Closed,,,,,,,,,MONITOR_CONDITION,Condition recorded; continue observation without corrective work.,Inspection only,Field inspection completed; no corrective maintenance performed.,TRUE,1.38,251.91,
N0000228,,PLT-FL-DIG-DIS,XV-DIG-DIS-01,2023-07-13,1,Maintenance Sensory Route,Digester - Maintenance Route A,Sensory Route,Actuator supply pressure decays while held.,ACTUATOR_LEAKAGE,ACTUATOR_LEAKAGE,Valves,,DIG-VALVES,Closed,,,,,,,,,MONITOR_CONDITION,Condition recorded; continue observation without corrective work.,Inspection only,Field inspection completed; no corrective maintenance performed.,TRUE,1.91,355.57,
N0000229,,PLT-RU-RB-STM,PV-RB-STM-01,2023-07-18,3,Operator Route,Recovery Boiler - Operations,Sensory Route,Valve travel sticks during small command changes.,VALVE_STICTION,VALVE_STICTION,Valves,,RB-VALVES,Closed,,,,,,,,,NO_ACTION_REQUIRED,Notification dispositioned without corrective scope.,Inspection only,Field inspection completed; no corrective maintenance performed.,TRUE,0.89,214.87,
N0000230,,PLT-FL-WSH-FIL,LT-WSH-FIL-01,2023-07-20,3,Maintenance Sensory Route,Washing & Screening - Maintenance Route A,Sensory Route,Intermittent signal dropout at stable process conditions.,INTERMITTENT_SIGNAL,INTERMITTENT_SIGNAL,Automation,,WSH-AUTOMATION,Closed,,,,,,,,,MONITOR_CONDITION,Condition recorded; continue observation without corrective work.,Inspection only,Field inspection completed; no corrective maintenance performed.,TRUE,0.39,111.48,
N0000231,WO0000133,PLT-RU-CAU-GLH,P-CAU-GLH-01,2023-07-20,3,Maintenance Sensory Route,Causticizing - Maintenance Route A,Sensory Route,Oil sample shows elevated contamination.,OIL_CONTAMINATION,OIL_CONTAMINATION,Lubrication,,CAU-LUBRICATION,Closed,2023-07-22,PM02,Completed,2023-10-26,2023-10-27,2023-10-26,2023-10-27,4,WORK_COMPLETED,Corrective scope executed and checked.,Lubrication,Lubrication performed; post-work functional check within tolerance.,TRUE,7.04,3601.62,
N0000232,,PLT-RU-UTL-STM,PT-UTL-STM-01,2023-07-20,1,Process Alarm,Utilities - Control Room,Process / Control Monitoring,Pressure response delayed during process change.,IMPULSE_LINE_RESTRICTION,IMPULSE_LINE_RESTRICTION,Instrumentation,,UTL-INSTRUMENTATION,Closed,,,,,,,,,MONITOR_CONDITION,Condition recorded; continue observation without corrective work.,Inspection only,Field inspection completed; no corrective maintenance performed.,TRUE,1.89,354.63,
N0000233,WO0000134,PLT-FL-WSH-SCR,SCR-WSH-SCR-01,2023-07-20,3,Operator Report,Washing & Screening - Operations,,Oil sample shows elevated contamination.,OIL_CONTAMINATION,OIL_CONTAMINATION,Lubrication,Mechanical,WSH-MECHANICAL,Closed,2023-07-25,PM02,Completed,2023-09-11,2023-09-11,2023-09-11,2023-09-11,2,WORK_COMPLETED,Corrective scope executed and checked.,Lubrication,Lubrication performed; post-work functional check within tolerance.,TRUE,6.23,3189.05,
N0000234,WO0000135,PLT-FL-WSH-BSW,P-WSH-BSW-01,2023-07-21,3,Condition Monitoring,Washing & Screening - Condition Monitoring,Predictive Route,Elevated vibration at pump bearing housing.,PUMP_BEARING_VIBRATION,PUMP_BEARING_VIBRATION,Condition Monitoring,,WSH-CONDITION_MONITORING,Closed,2023-07-22,PM02,Completed,2023-09-20,2023-09-20,2023-09-20,2023-09-20,2,WORK_COMPLETED,Corrective scope executed and checked.,Bearing replacement,Bearing replacement performed; post-work functional check within tolerance.,TRUE,16.35,11564.46,
N0000235,WO0000136,PLT-FL-BLE-TWR,PV-BLE-TWR-01,2023-07-22,3,Operator Report,Bleaching - Operations,,Visible leakage at valve packing.,EXTERNAL_LEAKAGE,EXTERNAL_LEAKAGE,Valves,,BLE-VALVES,Closed,2023-07-23,PM02,Completed,2023-08-16,2023-08-17,2023-08-16,2023-08-17,0,WORK_COMPLETED,Corrective scope executed and checked.,Seal replacement,Seal replacement performed; post-work functional check within tolerance.,TRUE,4.82,2546.35,
N0000236,WO0000137,PLT-FL-DRY-LUB,P-DRY-LUB-01,2023-07-23,2,Condition Monitoring,Drying - Condition Monitoring,Predictive Route,Lubricant level below normal mark.,LOW_LUBE_LEVEL,LOW_LUBE_LEVEL,Lubrication,,DRY-LUBRICATION,Closed,2023-07-27,PM02,Completed,2023-09-08,2023-09-09,2023-09-08,2023-09-09,2,WORK_COMPLETED,Corrective scope executed and checked.,Lubrication,Lubrication performed; post-work functional check within tolerance.,TRUE,1.64,813.27,
N0000237,WO0000138,PLT-FL-BLE-DOS,FV-BLE-DOS-01,2023-07-24,2,Maintenance Sensory Route,Bleaching - Maintenance Route A,Sensory Route,Valve feedback differs from demanded position.,POSITIONER_DEVIATION,POSITIONER_DEVIATION,Valves,,BLE-VALVES,Closed,2023-07-28,PM02,Completed,2023-09-07,2023-09-07,2023-09-07,2023-09-07,2,MONITOR_CONDITION,Condition recorded; continue observation without corrective work.,Inspection only,Inspected and recorded readings; no component correction performed.,TRUE,1.45,280.81,
N0000238,WO0000139,PLT-FL-DRY-LUB,LU-DRY-LUB-01,2023-07-25,3,Process Alarm,Drying - Control Room,Process / Control Monitoring,Lubricant level below normal mark.,LOW_LUBE_LEVEL,LOW_LUBE_LEVEL,Mechanical,,DRY-MECHANICAL,Closed,2023-07-27,PM02,Completed,2023-09-07,2023-09-08,2023-09-07,2023-09-08,0,WORK_COMPLETED,Corrective scope executed and checked.,Lubrication,Lubrication performed; post-work functional check within tolerance.,TRUE,2.50,1237.16,
N0000239,WO0000140,PLT-RU-RB-STM,PT-RB-STM-01,2023-07-28,3,Operator Report,Recovery Boiler - Operations,,Measured output outside calibration tolerance.,CALIBRATION_DEVIATION,CALIBRATION_DEVIATION,Instrumentation,,RB-INSTRUMENTATION,Closed,2023-07-28,PM02,Completed,2023-09-13,2023-09-14,2023-09-13,2023-09-14,4,MONITOR_CONDITION,Condition recorded; continue observation without corrective work.,Inspection only,Inspected and recorded readings; no component correction performed.,TRUE,0.75,193.91,
N0000240,WO0000141,PLT-RU-RB-AIR,DV-RB-AIR-01,2023-07-29,3,Planned Inspection,Recovery Boiler - Inspection,Planned Inspection,Control sequence response differs from approved logic.,CONTROL_SEQUENCE_DEVIATION,CONTROL_SEQUENCE_DEVIATION,Automation,,RB-AUTOMATION,Closed,2023-08-02,PM02,Completed,2023-08-30,2023-08-31,2023-08-30,2023-08-31,1,WORK_COMPLETED,Corrective scope executed and checked.,Control logic correction,Control logic correction performed; post-work functional check within tolerance.,TRUE,11.22,3311.13,
N0000241,,PLT-RU-CAU-GLC,LT-CAU-GLC-01,2023-07-29,3,Operator Route,Causticizing - Operations,Sensory Route,Indicated value drifts from independent reference.,SIGNAL_DRIFT,SIGNAL_DRIFT,Instrumentation,,CAU-INSTRUMENTATION,Closed,,,,,,,,,NO_ACTION_REQUIRED,Notification dispositioned without corrective scope.,Inspection only,Field inspection completed; no corrective maintenance performed.,TRUE,1.42,242.82,
N0000242,WO0000142,PLT-FL-BLE-STW,FV-BLE-STW-01,2023-07-30,1,Breakdown / Corrective,Bleaching - Operations,,Valve feedback differs from demanded position.,POSITIONER_DEVIATION,POSITIONER_DEVIATION,Valves,,BLE-VALVES,Closed,2023-08-02,CM01,Completed,2023-10-03,2023-10-04,2023-10-03,2023-10-04,4,WORK_COMPLETED,Corrective scope executed and checked.,Calibration,Calibration performed; post-work functional check within tolerance.,TRUE,5.86,1876.27,
N0000243,,PLT-FL-DIG-DIS,LT-DIG-DIS-01,2023-07-30,3,Operator Route,Digester - Operations,Sensory Route,Measured output outside calibration tolerance.,CALIBRATION_DEVIATION,CALIBRATION_DEVIATION,Instrumentation,,DIG-INSTRUMENTATION,Closed,,,,,,,,,OPERATING_CONDITION,Observed response is within the current operating envelope.,Inspection only,Field inspection completed; no corrective maintenance performed.,FALSE,0.66,149.16,
N0000244,WO0000143,PLT-RU-RB-STM,PT-RB-STM-01,2023-07-30,2,Process Alarm,Recovery Boiler - Control Room,Process / Control Monitoring,Indicated value drifts from independent reference.,SIGNAL_DRIFT,SIGNAL_DRIFT,Instrumentation,Automation,RB-AUTOMATION,Closed,2023-08-04,PM02,Completed,2023-08-28,2023-08-30,2023-08-28,2023-08-30,1,WORK_COMPLETED,Corrective scope executed and checked.,Calibration,Calibration performed; post-work functional check within tolerance.,TRUE,4.42,1302.62,
N0000245,,PLT-RU-RB-STM,PV-RB-STM-01,2023-07-30,3,Planned Inspection,Recovery Boiler - Inspection,Planned Inspection,Actuator supply pressure decays while held.,ACTUATOR_LEAKAGE,ACTUATOR_LEAKAGE,Valves,,RB-VALVES,Closed,,,,,,,,,NO_ACTION_REQUIRED,Notification dispositioned without corrective scope.,Inspection only,Field inspection completed; no corrective maintenance performed.,TRUE,1.90,315.73,
N0000246,WO0000144,PLT-RU-EVA-CIR,P-EVA-CIR-01,2023-07-31,2,Operator Report,Evaporation - Operations,,Bearing temperature trending above baseline.,BEARING_TEMPERATURE,BEARING_TEMPERATURE,Mechanical,,EVA-MECHANICAL,Closed,2023-08-04,PM02,Completed,2023-09-02,2023-09-03,2023-09-02,2023-09-03,1,WORK_COMPLETED,Corrective scope executed and checked.,Bearing replacement,Bearing replacement performed; post-work functional check within tolerance.,TRUE,12.52,8970.02,
N0000247,WO0000145,PLT-FL-DRY-HYD,PT-DRY-HYD-01,2023-07-31,2,Operator Report,Drying - Operations,,Measured output outside calibration tolerance.,CALIBRATION_DEVIATION,CALIBRATION_DEVIATION,Instrumentation,,DRY-INSTRUMENTATION,Closed,2023-08-01,PM02,Completed,2023-08-12,2023-08-12,2023-08-12,2023-08-12,0,MONITOR_CONDITION,Condition recorded; continue observation without corrective work.,Inspection only,Inspected and recorded readings; no component correction performed.,TRUE,1.41,280.08,
N0000248,,PLT-FL-BLE-TWR,PV-BLE-TWR-01,2023-07-31,3,Maintenance Sensory Route,Bleaching - Maintenance Route A,Sensory Route,Valve travel sticks during small command changes.,VALVE_STICTION,VALVE_STICTION,Instrumentation,,BLE-INSTRUMENTATION,Closed,,,,,,,,,MONITOR_CONDITION,Condition recorded; continue observation without corrective work.,Inspection only,Field inspection completed; no corrective maintenance performed.,TRUE,1.59,294.93,
N0000249,WO0000146,PLT-FL-BLE-DOS,M-BLE-DOS-01,2023-08-01,2,Maintenance Sensory Route,Bleaching - Maintenance Route A,Sensory Route,Localized heating at electrical connection.,TERMINAL_HEATING,TERMINAL_HEATING,Electrical,,BLE-ELECTRICAL,Closed,2023-08-02,PM02,Completed,2023-08-14,2023-08-15,2023-08-14,2023-08-15,0,WORK_COMPLETED,Corrective scope executed and checked.,Tightening,Tightening performed; post-work functional check within tolerance.,TRUE,5.42,1327.79,
N0000250,,PLT-RU-EVA-CIR,P-EVA-CIR-01,2023-08-03,3,Condition Monitoring,Evaporation - Condition Monitoring,Predictive Route,Elevated vibration at pump bearing housing.,PUMP_BEARING_VIBRATION,PUMP_BEARING_VIBRATION,Condition Monitoring,,EVA-CONDITION_MONITORING,Closed,,,,,,,,,MONITOR_CONDITION,Condition recorded; continue observation without corrective work.,Inspection only,Field inspection completed; no corrective maintenance performed.,TRUE,0.52,159.56,
N0000251,,PLT-RU-CAU-REA,FV-CAU-REA-01,2023-08-05,3,Process Alarm,Causticizing - Control Room,Process / Control Monitoring,Actuator supply pressure decays while held.,ACTUATOR_LEAKAGE,ACTUATOR_LEAKAGE,Valves,,CAU-VALVES,Closed,,,,,,,,,MONITOR_CONDITION,Condition recorded; continue observation without corrective work.,Inspection only,Field inspection completed; no corrective maintenance performed.,TRUE,0.76,141.66,
N0000252,WO0000147,PLT-RU-CAU-WLC,FT-CAU-WLC-01,2023-08-06,1,Operator Route,Causticizing - Operations,Sensory Route,Intermittent signal dropout at stable process conditions.,INTERMITTENT_SIGNAL,INTERMITTENT_SIGNAL,Instrumentation,Automation,CAU-AUTOMATION,Closed,2023-08-09,CM01,Completed,2023-08-10,2023-08-12,2023-08-10,2023-08-12,0,WORK_COMPLETED,Corrective scope executed and checked.,Instrument replacement,Instrument replacement performed; post-work functional check within tolerance.,TRUE,5.97,4848.02,
N0000253,WO0000148,PLT-RU-UTL-PWT,M-UTL-PWT-01,2023-08-06,3,Maintenance Sensory Route,Utilities - Maintenance Route A,Sensory Route,Motor temperature rising at normal load.,MOTOR_OVERHEATING,MOTOR_OVERHEATING,Electrical,,UTL-ELECTRICAL,Closed,2023-08-10,PM02,Completed,2023-09-19,2023-09-20,2023-09-19,2023-09-20,1,WORK_COMPLETED,Corrective scope executed and checked.,Cleaning,Cleaning performed; post-work functional check within tolerance.,TRUE,8.85,2610.43,
N0000254,WO0000149,PLT-FL-DIG-CHP,M-DIG-CHP-01,2023-08-08,3,Process Alarm,Digester - Control Room,Process / Control Monitoring,Oil condition test indicates degraded lubricant.,OIL_DEGRADATION,OIL_DEGRADATION,Lubrication,,DIG-LUBRICATION,Closed,2023-08-13,PM02,Completed,2023-09-21,2023-09-22,2023-09-21,2023-09-22,1,WORK_COMPLETED,Corrective scope executed and checked.,Lubrication,Lubrication performed; post-work functional check within tolerance.,TRUE,8.11,4555.06,
N0000255,WO0000150,PLT-RU-CAU-GLC,P-CAU-GLC-01,2023-08-08,3,Maintenance Sensory Route,Causticizing - Maintenance Route A,Sensory Route,Delivered flow below expected operating range.,LOW_FLOW,LOW_FLOW,Mechanical,,CAU-MECHANICAL,Closed,2023-08-13,PM02,Completed,2023-09-06,2023-09-07,2023-09-06,2023-09-07,0,WORK_COMPLETED,Corrective scope executed and checked.,Cleaning,Cleaning performed; post-work functional check within tolerance.,TRUE,5.51,1625.03,
N0000256,WO0000151,PLT-RU-CAU-GLH,P-CAU-GLH-01,2023-08-08,1,Breakdown / Corrective,Causticizing - Operations,,Crackling noise and unstable suction pressure.,CAVITATION,CAVITATION,Mechanical,,CAU-MECHANICAL,Closed,2023-08-12,CM01,Completed,2023-08-13,2023-08-15,2023-08-13,2023-08-15,0,WORK_COMPLETED,Corrective scope executed and checked.,Cleaning,Cleaning performed; post-work functional check within tolerance.,TRUE,4.51,1196.06,
N0000257,,PLT-RU-UTL-ELD,TR-UTL-ELD-01,2023-08-08,2,Planned Inspection,Utilities - Inspection,Planned Inspection,Control sequence response differs from approved logic.,CONTROL_SEQUENCE_DEVIATION,CONTROL_SEQUENCE_DEVIATION,Electrical,,UTL-ELECTRICAL,Closed,,,,,,,,,NO_DEFECT_FOUND,Inspection could not confirm the reported abnormality.,Inspection only,Field inspection completed; no corrective maintenance performed.,FALSE,0.75,163.68,
N0000258,WO0000152,PLT-RU-CAU-REA,AG-CAU-REA-01,2023-08-10,2,Condition Monitoring,Causticizing - Condition Monitoring,Predictive Route,Lubricant level below normal mark.,LOW_LUBE_LEVEL,LOW_LUBE_LEVEL,Lubrication,,CAU-LUBRICATION,Closed,2023-08-15,PM02,Completed,2023-08-18,2023-08-18,2023-08-18,2023-08-18,0,WORK_COMPLETED,Corrective scope executed and checked.,Lubrication,Lubrication performed; post-work functional check within tolerance.,TRUE,2.06,1021.80,
N0000259,,PLT-RU-CAU-GLC,LT-CAU-GLC-01,2023-08-10,3,Maintenance Sensory Route,Causticizing - Maintenance Route A,Sensory Route,Control sequence response differs from approved logic.,CONTROL_SEQUENCE_DEVIATION,CONTROL_SEQUENCE_DEVIATION,Automation,,CAU-AUTOMATION,Closed,,,,,,,,,NO_DEFECT_FOUND,Inspection could not confirm the reported abnormality.,Inspection only,Field inspection completed; no corrective maintenance performed.,FALSE,0.81,170.02,
N0000260,WO0000153,PLT-FL-WSH-SCR,DPIT-WSH-SCR-01,2023-08-12,1,Process Alarm,Washing & Screening - Control Room,Process / Control Monitoring,Indicated value drifts from independent reference.,SIGNAL_DRIFT,SIGNAL_DRIFT,Instrumentation,,WSH-INSTRUMENTATION,Closed,2023-08-14,CM01,Completed,2023-09-18,2023-09-19,2023-09-18,2023-09-19,2,WORK_COMPLETED,Corrective scope executed and checked.,Calibration,Calibration performed; post-work functional check within tolerance.,TRUE,4.47,1320.12,
N0000261,,PLT-RU-EVA-CON,LT-EVA-CON-01,2023-08-13,3,Maintenance Sensory Route,Evaporation - Maintenance Route A,Sensory Route,Measured output outside calibration tolerance.,CALIBRATION_DEVIATION,CALIBRATION_DEVIATION,Instrumentation,,EVA-INSTRUMENTATION,Closed,,,,,,,,,OPERATING_CONDITION,Observed response is within the current operating envelope.,Inspection only,Field inspection completed; no corrective maintenance performed.,FALSE,0.87,213.21,
N0000262,WO0000154,PLT-FL-BLE-DOS,M-BLE-DOS-01,2023-08-13,3,Process Alarm,Bleaching - Control Room,Process / Control Monitoring,Motor bearing vibration above baseline.,MOTOR_BEARING_VIBRATION,MOTOR_BEARING_VIBRATION,Electrical,,BLE-ELECTRICAL,Closed,2023-08-17,PM02,Completed,2023-09-28,2023-09-30,2023-09-28,2023-09-30,1,WORK_COMPLETED,Corrective scope executed and checked.,Bearing replacement,Bearing replacement performed; post-work functional check within tolerance.,TRUE,9.56,6167.16,
N0000263,WO0000155,PLT-RU-CAU-LMH,P-CAU-LMH-01,2023-08-13,3,Maintenance Sensory Route,Causticizing - Maintenance Route A,Sensory Route,Lubricant level below normal mark.,LOW_LUBE_LEVEL,LOW_LUBE_LEVEL,Lubrication,,CAU-LUBRICATION,Closed,2023-08-16,PM02,Completed,2023-09-16,2023-09-18,2023-09-16,2023-09-18,0,WORK_COMPLETED,Corrective scope executed and checked.,Lubrication,Lubrication performed; post-work functional check within tolerance.,TRUE,1.48,731.49,
N0000264,,PLT-FL-DRY-PRS,ROLL-DRY-PRS-01,2023-08-13,2,Operator Route,Drying - Operations,Sensory Route,Bearing temperature trending above baseline.,BEARING_TEMPERATURE,BEARING_TEMPERATURE,Mechanical,,DRY-MECHANICAL,Closed,,,,,,,,,NO_ACTION_REQUIRED,Notification dispositioned without corrective scope.,Inspection only,Field inspection completed; no corrective maintenance performed.,TRUE,1.65,293.28,
N0000265,WO0000156,PLT-RU-LIM-IDF,DV-LIM-IDF-01,2023-08-14,2,Process Alarm,Lime Kiln - Control Room,Process / Control Monitoring,Process differential pressure above normal operating range.,PROCESS_RESTRICTION,PROCESS_RESTRICTION,Mechanical,,LIM-MECHANICAL,Closed,2023-08-16,PM02,Completed,2023-08-19,2023-08-19,2023-08-19,2023-08-19,0,NO_DEFECT_FOUND,Inspection could not confirm the reported abnormality.,Inspection only,Inspected and recorded readings; no component correction performed.,FALSE,0.72,183.55,
N0000266,WO0000157,PLT-FL-DRY-FOR,DRV-DRY-FOR-01,2023-08-15,2,Maintenance Sensory Route,Drying - Maintenance Route A,Sensory Route,Oil sample shows elevated contamination.,OIL_CONTAMINATION,OIL_CONTAMINATION,Lubrication,,DRY-LUBRICATION,Closed,2023-08-19,PM02,Completed,2023-09-05,2023-09-05,2023-09-05,2023-09-05,0,WORK_COMPLETED,Corrective scope executed and checked.,Lubrication,Lubrication performed; post-work functional check within tolerance.,TRUE,6.30,3222.01,
N0000267,WO0000158,PLT-FL-DIG-CIR,M-DIG-CIR-01,2023-08-15,3,Process Alarm,Digester - Control Room,Process / Control Monitoring,Motor bearing vibration above baseline.,MOTOR_BEARING_VIBRATION,MOTOR_BEARING_VIBRATION,Condition Monitoring,,DIG-CONDITION_MONITORING,Closed,2023-08-19,PM02,Completed,2023-09-01,2023-09-01,2023-09-01,2023-09-01,0,WORK_COMPLETED,Corrective scope executed and checked.,Bearing replacement,Bearing replacement performed; post-work functional check within tolerance.,TRUE,13.89,8961.87,
N0000268,WO0000159,PLT-FL-BLE-TWR,AG-BLE-TWR-01,2023-08-16,2,Condition Monitoring,Bleaching - Condition Monitoring,Predictive Route,Rotating assembly shows dominant once-per-revolution vibration.,IMBALANCE,IMBALANCE,Mechanical,,BLE-MECHANICAL,Closed,2023-08-16,PM02,Completed,2023-09-11,2023-09-12,2023-09-11,2023-09-12,2,WORK_COMPLETED,Corrective scope executed and checked.,Adjustment,Adjustment performed; post-work functional check within tolerance.,TRUE,10.01,4956.68,
N0000269,WO0000160,PLT-RU-CAU-WLC,AG-CAU-WLC-01,2023-08-19,1,Breakdown / Corrective,Causticizing - Operations,,Bearing temperature trending above baseline.,BEARING_TEMPERATURE,BEARING_TEMPERATURE,Mechanical,,CAU-MECHANICAL,Closed,2023-08-20,CM01,Completed,2023-09-08,2023-09-10,2023-09-08,2023-09-10,1,WORK_COMPLETED,Corrective scope executed and checked.,Bearing replacement,Bearing replacement performed; post-work functional check within tolerance.,TRUE,9.33,6685.68,
N0000270,WO0000161,PLT-RU-LIM-LMF,FV-LIM-LMF-01,2023-08-19,1,Maintenance Sensory Route,Lime Kiln - Maintenance Route A,Sensory Route,Valve feedback differs from demanded position.,POSITIONER_DEVIATION,POSITIONER_DEVIATION,Valves,,LIM-VALVES,Closed,2023-08-21,CM01,Completed,2023-09-02,2023-09-03,2023-09-02,2023-09-03,1,NO_DEFECT_FOUND,Inspection could not confirm the reported abnormality.,Inspection only,Inspected and recorded readings; no component correction performed.,FALSE,0.68,167.65,
N0000271,WO0000162,PLT-FL-DIG-BLC,PT-DIG-BLC-01,2023-08-19,3,Operator Route,Digester - Operations,Sensory Route,Measured output outside calibration tolerance.,CALIBRATION_DEVIATION,CALIBRATION_DEVIATION,Instrumentation,,DIG-INSTRUMENTATION,Closed,2023-08-20,PM02,Completed,2023-09-05,2023-09-07,2023-09-05,2023-09-07,0,WORK_COMPLETED,Corrective scope executed and checked.,Calibration,Calibration performed; post-work functional check within tolerance.,TRUE,3.48,1027.45,
N0000272,WO0000163,PLT-FL-WSH-SCR,M-WSH-SCR-01,2023-08-20,3,Operator Route,Washing & Screening - Operations,Sensory Route,Localized heating at electrical connection.,TERMINAL_HEATING,TERMINAL_HEATING,Electrical,,WSH-ELECTRICAL,Closed,2023-08-24,PM02,Completed,2023-10-10,2023-10-10,2023-10-10,2023-10-10,1,NO_DEFECT_FOUND,Inspection could not confirm the reported abnormality.,Inspection only,Inspected and recorded readings; no component correction performed.,FALSE,1.84,307.51,
N0000273,WO0000164,PLT-RU-UTL-ELD,REL-UTL-ELD-01,2023-08-22,3,Maintenance Sensory Route,Utilities - Maintenance Route A,Sensory Route,Localized heating at electrical connection.,TERMINAL_HEATING,TERMINAL_HEATING,Electrical,,UTL-ELECTRICAL,Closed,2023-08-24,PM02,Completed,2023-09-24,2023-09-24,2023-09-24,2023-09-24,0,WORK_COMPLETED,Corrective scope executed and checked.,Tightening,Tightening performed; post-work functional check within tolerance.,TRUE,3.70,906.01,
N0000274,,PLT-RU-UTL-ELD,CB-UTL-ELD-01,2023-08-23,3,Planned Inspection,Utilities - Inspection,Planned Inspection,Control sequence response differs from approved logic.,CONTROL_SEQUENCE_DEVIATION,CONTROL_SEQUENCE_DEVIATION,Electrical,,UTL-ELECTRICAL,Closed,,,,,,,,,MONITOR_CONDITION,Condition recorded; continue observation without corrective work.,Inspection only,Field inspection completed; no corrective maintenance performed.,TRUE,0.44,149.44,
N0000275,,PLT-FL-BLE-STW,FV-BLE-STW-01,2023-08-27,2,Process Alarm,Bleaching - Control Room,Process / Control Monitoring,Visible leakage at valve packing.,EXTERNAL_LEAKAGE,EXTERNAL_LEAKAGE,Instrumentation,,BLE-INSTRUMENTATION,Closed,,,,,,,,,MONITOR_CONDITION,Condition recorded; continue observation without corrective work.,Inspection only,Field inspection completed; no corrective maintenance performed.,TRUE,0.59,167.14,
N0000276,,PLT-FL-DRY-PRS,HY-DRY-PRS-01,2023-08-28,2,Planned Inspection,Drying - Inspection,Planned Inspection,Hydraulic pressure decays with no external leak.,HYD_INTERNAL_LEAKAGE,HYD_INTERNAL_LEAKAGE,Hydraulics,,DRY-HYDRAULICS,Closed,,,,,,,,,NO_ACTION_REQUIRED,Notification dispositioned without corrective scope.,Inspection only,Field inspection completed; no corrective maintenance performed.,FALSE,0.75,148.61,
N0000277,WO0000165,PLT-FL-DIG-BLC,PSHH-DIG-BLC-01,2023-08-28,3,Maintenance Sensory Route,Digester - Maintenance Route A,Sensory Route,Measured output outside calibration tolerance.,CALIBRATION_DEVIATION,CALIBRATION_DEVIATION,Instrumentation,,DIG-INSTRUMENTATION,Closed,2023-08-29,PM02,Completed,2023-09-26,2023-09-28,2023-09-26,2023-09-28,0,WORK_COMPLETED,Corrective scope executed and checked.,Calibration,Calibration performed; post-work functional check within tolerance.,TRUE,5.02,1481.20,
N0000278,WO0000166,PLT-FL-DIG-DIS,P-DIG-DIS-01,2023-08-29,2,Planned Inspection,Digester - Inspection,Planned Inspection,Elevated vibration at pump bearing housing.,PUMP_BEARING_VIBRATION,PUMP_BEARING_VIBRATION,Mechanical,,DIG-MECHANICAL,Closed,2023-09-03,PM02,Completed,2023-09-19,2023-09-21,2023-09-19,2023-09-21,1,WORK_COMPLETED,Corrective scope executed and checked.,Bearing replacement,Bearing replacement performed; post-work functional check within tolerance.,TRUE,16.90,11958.34,
N0000279,WO0000167,PLT-RU-RB-SMT,P-RB-SMT-01,2023-08-29,3,Condition Monitoring,Recovery Boiler - Condition Monitoring,Predictive Route,Crackling noise and unstable suction pressure.,CAVITATION,CAVITATION,Mechanical,,RB-MECHANICAL,Closed,2023-09-02,PM02,Completed,2023-11-22,2023-11-24,2023-11-22,2023-11-24,5,WORK_COMPLETED,Corrective scope executed and checked.,Cleaning,Cleaning performed; post-work functional check within tolerance.,TRUE,5.85,1551.54,
N0000280,,PLT-RU-UTL-STM,PV-UTL-STM-01,2023-08-29,2,Operator Report,Utilities - Operations,,Visible leakage at valve packing.,EXTERNAL_LEAKAGE,EXTERNAL_LEAKAGE,Valves,,UTL-VALVES,Closed,,,,,,,,,NO_ACTION_REQUIRED,Notification dispositioned without corrective scope.,Inspection only,Field inspection completed; no corrective maintenance performed.,FALSE,1.14,259.77,
N0000281,WO0000168,PLT-RU-LIM-DRV,DRV-LIM-DRV-01,2023-08-30,2,Process Alarm,Lime Kiln - Control Room,Process / Control Monitoring,Rotating assembly shows dominant once-per-revolution vibration.,IMBALANCE,IMBALANCE,Mechanical,,LIM-MECHANICAL,Closed,2023-08-30,PM02,Completed,2023-10-19,2023-10-20,2023-10-19,2023-10-20,3,WORK_COMPLETED,Corrective scope executed and checked.,Adjustment,Adjustment performed; post-work functional check within tolerance.,TRUE,11.60,5743.28,
N0000282,WO0000169,PLT-RU-EVA-CIR,M-EVA-CIR-01,2023-08-30,1,Breakdown / Corrective,Evaporation - Operations,,Motor bearing vibration above baseline.,MOTOR_BEARING_VIBRATION,MOTOR_BEARING_VIBRATION,Electrical,,EVA-ELECTRICAL,Closed,2023-09-02,CM01,Completed,2023-09-04,2023-09-04,2023-09-04,2023-09-04,0,WORK_COMPLETED,Corrective scope executed and checked.,Bearing replacement,Bearing replacement performed; post-work functional check within tolerance.,TRUE,12.97,8363.67,
N0000283,WO0000170,PLT-RU-UTL-AIR,M-UTL-AIR-01,2023-09-02,3,Operator Route,Utilities - Operations,Sensory Route,Localized heating at electrical connection.,TERMINAL_HEATING,TERMINAL_HEATING,Electrical,,UTL-ELECTRICAL,Closed,2023-09-07,PM02,Completed,2023-11-17,2023-11-18,2023-11-17,2023-11-18,2,WORK_COMPLETED,Corrective scope executed and checked.,Tightening,Tightening performed; post-work functional check within tolerance.,TRUE,2.82,690.24,
N0000284,WO0000171,PLT-FL-DIG-CIR,TT-DIG-CIR-01,2023-09-02,3,Planned Inspection,Digester - Inspection,Planned Inspection,Indicated value drifts from independent reference.,SIGNAL_DRIFT,SIGNAL_DRIFT,Instrumentation,,DIG-INSTRUMENTATION,Closed,2023-09-06,PM02,Completed,2023-09-25,2023-09-26,2023-09-25,2023-09-26,0,WORK_COMPLETED,Corrective scope executed and checked.,Calibration,Calibration performed; post-work functional check within tolerance.,TRUE,3.19,942.36,
N0000285,WO0000172,PLT-RU-LIM-DRV,DRV-LIM-DRV-01,2023-09-03,2,Condition Monitoring,Lime Kiln - Condition Monitoring,Predictive Route,Bearing temperature trending above baseline.,BEARING_TEMPERATURE,BEARING_TEMPERATURE,Mechanical,,LIM-MECHANICAL,Closed,2023-09-03,PM02,Completed,2023-09-11,2023-09-12,2023-09-11,2023-09-12,0,WORK_COMPLETED,Corrective scope executed and checked.,Bearing replacement,Bearing replacement performed; post-work functional check within tolerance.,TRUE,14.13,10123.34,
N0000286,WO0000173,PLT-RU-RB-STM,PV-RB-STM-01,2023-09-03,3,Planned Inspection,Recovery Boiler - Inspection,Planned Inspection,Valve travel sticks during small command changes.,VALVE_STICTION,VALVE_STICTION,Valves,,RB-VALVES,Closed,2023-09-07,PM02,Completed,2023-09-27,2023-09-28,2023-09-27,2023-09-28,0,MONITOR_CONDITION,Condition recorded; continue observation without corrective work.,Inspection only,Inspected and recorded readings; no component correction performed.,TRUE,1.89,364.90,
N0000287,,PLT-FL-BLE-STW,FV-BLE-STW-01,2023-09-04,3,Planned Inspection,Bleaching - Inspection,Planned Inspection,Actuator supply pressure decays while held.,ACTUATOR_LEAKAGE,ACTUATOR_LEAKAGE,Valves,,BLE-VALVES,Closed,,,,,,,,,NO_ACTION_REQUIRED,Notification dispositioned without corrective scope.,Inspection only,Field inspection completed; no corrective maintenance performed.,TRUE,1.29,217.88,
N0000288,WO0000174,PLT-RU-EVA-VAC,PT-EVA-VAC-01,2023-09-04,3,Maintenance Sensory Route,Evaporation - Maintenance Route A,Sensory Route,Indicated value drifts from independent reference.,SIGNAL_DRIFT,SIGNAL_DRIFT,Instrumentation,,EVA-INSTRUMENTATION,Closed,2023-09-09,PM02,Completed,2023-11-08,2023-11-08,2023-11-08,2023-11-08,1,NO_DEFECT_FOUND,Inspection could not confirm the reported abnormality.,Inspection only,Inspected and recorded readings; no component correction performed.,FALSE,0.51,134.92,
N0000289,,PLT-FL-DRY-SHT,ENC-DRY-SHT-01,2023-09-08,3,Maintenance Sensory Route,Drying - Maintenance Route A,Sensory Route,Indicated value drifts from independent reference.,SIGNAL_DRIFT,SIGNAL_DRIFT,Instrumentation,,DRY-INSTRUMENTATION,Closed,,,,,,,,,NO_ACTION_REQUIRED,Notification dispositioned without corrective scope.,Inspection only,Field inspection completed; no corrective maintenance performed.,FALSE,1.11,238.73,
N0000290,WO0000175,PLT-RU-LIM-IDF,FAN-LIM-IDF-01,2023-09-08,2,Condition Monitoring,Lime Kiln - Condition Monitoring,Predictive Route,Lubricant level below normal mark.,LOW_LUBE_LEVEL,LOW_LUBE_LEVEL,Lubrication,,LIM-LUBRICATION,Closed,2023-09-09,PM02,Completed,2023-11-17,2023-11-17,2023-11-17,2023-11-17,3,WORK_COMPLETED,Corrective scope executed and checked.,Lubrication,Lubrication performed; post-work functional check within tolerance.,TRUE,1.37,676.65,
N0000291,WO0000176,PLT-RU-UTL-BFW,M-UTL-BFW-01,2023-09-09,2,Process Alarm,Utilities - Control Room,Process / Control Monitoring,Localized heating at electrical connection.,TERMINAL_HEATING,TERMINAL_HEATING,Electrical,Lubrication,UTL-LUBRICATION,Closed,2023-09-10,PM02,Completed,2023-09-21,2023-09-22,2023-09-21,2023-09-22,0,WORK_COMPLETED,Corrective scope executed and checked.,Tightening,Tightening performed; post-work functional check within tolerance.,TRUE,3.65,894.09,
N0000292,WO0000177,PLT-FL-DIG-CHP,CNV-DIG-CHP-01,2023-09-10,3,Operator Route,Digester - Operations,Sensory Route,Process differential pressure above normal operating range.,PROCESS_RESTRICTION,PROCESS_RESTRICTION,Mechanical,,DIG-MECHANICAL,Closed,2023-09-12,PM02,Completed,2023-10-21,2023-10-23,2023-10-21,2023-10-23,0,WORK_COMPLETED,Corrective scope executed and checked.,Cleaning,Cleaning performed; post-work functional check within tolerance.,TRUE,8.95,2819.74,
N0000293,WO0000178,PLT-FL-DRY-DRS,M-DRY-DRS-01,2023-09-10,3,Operator Route,Drying - Operations,Sensory Route,Lubricant level below normal mark.,LOW_LUBE_LEVEL,LOW_LUBE_LEVEL,Lubrication,,DRY-LUBRICATION,Closed,2023-09-15,PM02,Completed,2023-11-13,2023-11-13,2023-11-13,2023-11-13,3,WORK_COMPLETED,Corrective scope executed and checked.,Lubrication,Lubrication performed; post-work functional check within tolerance.,TRUE,1.44,712.89,
N0000294,,PLT-RU-CAU-GLH,M-CAU-GLH-01,2023-09-12,3,Maintenance Sensory Route,Causticizing - Maintenance Route A,Sensory Route,Insulation test trending below reference.,INSULATION_DEGRADATION,INSULATION_DEGRADATION,Electrical,,CAU-ELECTRICAL,Closed,,,,,,,,,NO_ACTION_REQUIRED,Notification dispositioned without corrective scope.,Inspection only,Field inspection completed; no corrective maintenance performed.,TRUE,0.42,103.55,
N0000295,WO0000179,PLT-RU-EVA-BLF,FT-EVA-BLF-01,2023-09-13,2,Maintenance Sensory Route,Evaporation - Maintenance Route A,Sensory Route,Indicated value drifts from independent reference.,SIGNAL_DRIFT,SIGNAL_DRIFT,Instrumentation,,EVA-INSTRUMENTATION,Closed,2023-09-18,PM02,Completed,2023-10-11,2023-10-13,2023-10-11,2023-10-13,2,MONITOR_CONDITION,Condition recorded; continue observation without corrective work.,Inspection only,Inspected and recorded readings; no component correction performed.,TRUE,1.44,284.22,
N0000296,,PLT-FL-DRY-HYD,PT-DRY-HYD-01,2023-09-13,3,Planned Inspection,Drying - Inspection,Planned Inspection,Pressure response delayed during process change.,IMPULSE_LINE_RESTRICTION,IMPULSE_LINE_RESTRICTION,Instrumentation,,DRY-INSTRUMENTATION,Closed,,,,,,,,,NO_ACTION_REQUIRED,Notification dispositioned without corrective scope.,Inspection only,Field inspection completed; no corrective maintenance performed.,TRUE,1.33,254.81,
N0000297,WO0000180,PLT-RU-CAU-WLC,P-CAU-WLC-01,2023-09-15,3,Operator Route,Causticizing - Operations,Sensory Route,Lubricant level below normal mark.,LOW_LUBE_LEVEL,LOW_LUBE_LEVEL,Lubrication,,CAU-LUBRICATION,Closed,2023-09-20,PM02,Completed,2023-11-25,2023-11-27,2023-11-25,2023-11-27,2,WORK_COMPLETED,Corrective scope executed and checked.,Lubrication,Lubrication performed; post-work functional check within tolerance.,TRUE,2.19,1085.73,
N0000298,WO0000181,PLT-RU-UTL-CWT,M-UTL-CWT-01,2023-09-16,3,Operator Route,Utilities - Operations,Sensory Route,Oil sample shows elevated contamination.,OIL_CONTAMINATION,OIL_CONTAMINATION,Lubrication,,UTL-LUBRICATION,Closed,2023-09-20,PM02,Completed,2023-11-11,2023-11-13,2023-11-11,2023-11-13,2,WORK_COMPLETED,Corrective scope executed and checked.,Lubrication,Lubrication performed; post-work functional check within tolerance.,TRUE,7.63,3902.45,
N0000299,WO0000182,PLT-RU-UTL-ELD,TR-UTL-ELD-01,2023-09-16,3,Operator Route,Utilities - Operations,Sensory Route,Localized heating at electrical connection.,TERMINAL_HEATING,TERMINAL_HEATING,Electrical,,UTL-ELECTRICAL,Closed,2023-09-16,PM02,Completed,2023-10-18,2023-10-19,2023-10-18,2023-10-19,0,WORK_COMPLETED,Corrective scope executed and checked.,Tightening,Tightening performed; post-work functional check within tolerance.,TRUE,5.53,1355.57,
N0000300,,PLT-RU-RB-SMT,LT-RB-SMT-01,2023-09-17,2,Planned Inspection,Recovery Boiler - Inspection,Planned Inspection,Indicated value drifts from independent reference.,SIGNAL_DRIFT,SIGNAL_DRIFT,Instrumentation,,RB-INSTRUMENTATION,Closed,,,,,,,,,NO_ACTION_REQUIRED,Notification dispositioned without corrective scope.,Inspection only,Field inspection completed; no corrective maintenance performed.,TRUE,1.78,289.20,
N0000301,,PLT-FL-DRY-DRS,PV-DRY-DRS-01,2023-09-17,3,Operator Route,Drying - Operations,Sensory Route,Actuator supply pressure decays while held.,ACTUATOR_LEAKAGE,ACTUATOR_LEAKAGE,Valves,Instrumentation,DRY-INSTRUMENTATION,Closed,,,,,,,,,NO_ACTION_REQUIRED,Notification dispositioned without corrective scope.,Inspection only,Field inspection completed; no corrective maintenance performed.,FALSE,1.50,305.55,
N0000302,WO0000183,PLT-FL-BLE-TWR,AG-BLE-TWR-01,2023-09-18,3,Condition Monitoring,Bleaching - Condition Monitoring,Predictive Route,Bearing temperature trending above baseline.,BEARING_TEMPERATURE,BEARING_TEMPERATURE,Condition Monitoring,,BLE-CONDITION_MONITORING,Closed,2023-09-22,PM02,Completed,2023-10-17,2023-10-18,2023-10-17,2023-10-18,0,WORK_COMPLETED,Corrective scope executed and checked.,Bearing replacement,Bearing replacement performed; post-work functional check within tolerance.,TRUE,14.24,10199.67,
N0000303,WO0000184,PLT-RU-CAU-WLC,FV-CAU-WLC-01,2023-09-18,1,Process Alarm,Causticizing - Control Room,Process / Control Monitoring,Valve travel sticks during small command changes.,VALVE_STICTION,VALVE_STICTION,Valves,,CAU-VALVES,Closed,2023-09-18,CM01,Completed,2023-10-22,2023-10-24,2023-10-22,2023-10-24,4,MONITOR_CONDITION,Condition recorded; continue observation without corrective work.,Inspection only,Inspected and recorded readings; no component correction performed.,TRUE,1.43,277.44,
N0000304,WO0000185,PLT-FL-DRY-HYD,HPU-DRY-HYD-01,2023-09-18,1,Process Alarm,Drying - Control Room,Process / Control Monitoring,Hydraulic header pressure oscillates under steady demand.,HYD_PRESS_INSTABILITY,HYD_PRESS_INSTABILITY,Hydraulics,,DRY-HYDRAULICS,Closed,2023-09-20,CM01,Completed,2023-11-17,2023-11-17,2023-11-17,2023-11-17,4,MONITOR_CONDITION,Condition recorded; continue observation without corrective work.,Inspection only,Inspected and recorded readings; no component correction performed.,TRUE,1.26,233.71,
N0000305,WO0000186,PLT-FL-DIG-CIR,P-DIG-CIR-01,2023-09-18,1,Process Alarm,Digester - Control Room,Process / Control Monitoring,Elevated vibration at pump bearing housing.,PUMP_BEARING_VIBRATION,PUMP_BEARING_VIBRATION,Mechanical,,DIG-MECHANICAL,Closed,2023-09-20,CM01,Completed,2023-11-20,2023-11-22,2023-11-20,2023-11-22,4,MONITOR_CONDITION,Condition recorded; continue observation without corrective work.,Inspection only,Inspected and recorded readings; no component correction performed.,TRUE,0.61,172.77,
N0000306,,PLT-RU-RB-FWS,FV-RB-FWS-01,2023-09-19,2,Maintenance Sensory Route,Recovery Boiler - Maintenance Route A,Sensory Route,Visible leakage at valve packing.,EXTERNAL_LEAKAGE,EXTERNAL_LEAKAGE,Valves,,RB-VALVES,Closed,,,,,,,,,NO_ACTION_REQUIRED,Notification dispositioned without corrective scope.,Inspection only,Field inspection completed; no corrective maintenance performed.,FALSE,1.55,295.84,
N0000307,WO0000187,PLT-RU-CAU-REA,FV-CAU-REA-01,2023-09-20,3,Operator Route,Causticizing - Operations,Sensory Route,Actuator supply pressure decays while held.,ACTUATOR_LEAKAGE,ACTUATOR_LEAKAGE,Instrumentation,,CAU-INSTRUMENTATION,Closed,2023-09-21,PM02,Completed,2023-11-26,2023-11-28,2023-11-26,2023-11-28,3,WORK_COMPLETED,Corrective scope executed and checked.,Seal replacement,Seal replacement performed; post-work functional check within tolerance.,TRUE,10.05,5857.00,
N0000308,WO0000188,PLT-FL-WSH-SCR,DPIT-WSH-SCR-01,2023-09-21,3,Operator Route,Washing & Screening - Operations,Sensory Route,Pressure response delayed during process change.,IMPULSE_LINE_RESTRICTION,IMPULSE_LINE_RESTRICTION,Instrumentation,,WSH-INSTRUMENTATION,Closed,2023-09-25,PM02,Completed,2023-10-14,2023-10-15,2023-10-14,2023-10-15,0,WORK_COMPLETED,Corrective scope executed and checked.,Cleaning,Cleaning performed; post-work functional check within tolerance.,TRUE,3.53,935.81,
N0000309,,PLT-RU-RB-BLF,FV-RB-BLF-01,2023-09-24,3,Operator Report,Recovery Boiler - Operations,,Visible leakage at valve packing.,EXTERNAL_LEAKAGE,EXTERNAL_LEAKAGE,Valves,Instrumentation,RB-INSTRUMENTATION,Closed,,,,,,,,,MONITOR_CONDITION,Condition recorded; continue observation without corrective work.,Inspection only,Field inspection completed; no corrective maintenance performed.,TRUE,0.94,178.10,
N0000310,WO0000189,PLT-RU-RB-BLF,FV-RB-BLF-01,2023-09-24,2,Operator Route,Recovery Boiler - Operations,Sensory Route,Valve travel sticks during small command changes.,VALVE_STICTION,VALVE_STICTION,Instrumentation,,RB-INSTRUMENTATION,Closed,2023-09-29,PM02,Completed,2023-10-13,2023-10-13,2023-10-13,2023-10-13,0,WORK_COMPLETED,Corrective scope executed and checked.,Valve overhaul,Valve overhaul performed; post-work functional check within tolerance.,TRUE,19.42,15763.98,
N0000311,WO0000190,PLT-RU-UTL-BFW,P-UTL-BFW-01,2023-09-24,3,Operator Report,Utilities - Operations,,Leakage at shaft seal.,SEAL_LEAKAGE,SEAL_LEAKAGE,Mechanical,,UTL-MECHANICAL,Closed,2023-09-29,PM02,Completed,2023-10-27,2023-10-29,2023-10-27,2023-10-29,1,WORK_COMPLETED,Corrective scope executed and checked.,Seal replacement,Seal replacement performed; post-work functional check within tolerance.,TRUE,11.79,8782.60,
N0000312,WO0000191,PLT-FL-DRY-PRS,ROLL-DRY-PRS-01,2023-09-24,2,Operator Report,Drying - Operations,,Rotating assembly shows dominant once-per-revolution vibration.,IMBALANCE,IMBALANCE,Mechanical,,DRY-MECHANICAL,Closed,2023-09-26,PM02,Completed,2023-10-29,2023-10-31,2023-10-29,2023-10-31,1,WORK_COMPLETED,Corrective scope executed and checked.,Adjustment,Adjustment performed; post-work functional check within tolerance.,TRUE,6.52,3229.56,
N0000313,WO0000192,PLT-RU-CAU-LMH,FV-CAU-LMH-01,2023-09-26,2,Operator Route,Causticizing - Operations,Sensory Route,Valve feedback differs from demanded position.,POSITIONER_DEVIATION,POSITIONER_DEVIATION,Valves,,CAU-VALVES,Closed,2023-10-01,PM02,Completed,2023-10-13,2023-10-14,2023-10-13,2023-10-14,0,WORK_COMPLETED,Corrective scope executed and checked.,Calibration,Calibration performed; post-work functional check within tolerance.,TRUE,4.64,1484.34,
N0000314,WO0000193,PLT-RU-RB-FWS,P-RB-FWS-01,2023-09-26,1,Breakdown / Corrective,Recovery Boiler - Operations,,Bearing temperature trending above baseline.,BEARING_TEMPERATURE,BEARING_TEMPERATURE,Mechanical,,RB-MECHANICAL,Closed,2023-09-30,CM01,Completed,2023-10-15,2023-10-17,2023-10-15,2023-10-17,1,MONITOR_CONDITION,Condition recorded; continue observation without corrective work.,Inspection only,Inspected and recorded readings; no component correction performed.,TRUE,1.84,312.47,
N0000315,,PLT-RU-LIM-DRV,M-LIM-DRV-01,2023-09-27,2,Process Alarm,Lime Kiln - Control Room,Process / Control Monitoring,Motor bearing vibration above baseline.,MOTOR_BEARING_VIBRATION,MOTOR_BEARING_VIBRATION,Electrical,Lubrication,LIM-LUBRICATION,Closed,,,,,,,,,NO_ACTION_REQUIRED,Notification dispositioned without corrective scope.,Inspection only,Field inspection completed; no corrective maintenance performed.,TRUE,0.44,147.03,
N0000316,WO0000194,PLT-FL-DIG-BLC,PSHH-DIG-BLC-01,2023-09-28,3,Operator Route,Digester - Operations,Sensory Route,Indicated value drifts from independent reference.,SIGNAL_DRIFT,SIGNAL_DRIFT,Instrumentation,,DIG-INSTRUMENTATION,Closed,2023-10-02,PM02,Completed,2023-11-29,2023-11-30,2023-11-29,2023-11-30,2,WORK_COMPLETED,Corrective scope executed and checked.,Calibration,Calibration performed; post-work functional check within tolerance.,TRUE,5.73,1690.66,
N0000317,WO0000195,PLT-FL-DRY-SHT,CUT-DRY-SHT-01,2023-09-30,3,Process Alarm,Drying - Control Room,Process / Control Monitoring,Mechanism travel is uneven with elevated resistance.,MECHANICAL_BINDING,MECHANICAL_BINDING,Mechanical,,DRY-MECHANICAL,Closed,2023-10-04,PM02,Completed,2024-01-09,2024-01-10,2024-01-09,2024-01-10,5,WORK_COMPLETED,Corrective scope executed and checked.,Adjustment,Adjustment performed; post-work functional check within tolerance.,TRUE,10.25,3663.21,
N0000318,WO0000196,PLT-RU-RB-STM,PT-RB-STM-01,2023-09-30,3,Process Alarm,Recovery Boiler - Control Room,Process / Control Monitoring,Pressure response delayed during process change.,IMPULSE_LINE_RESTRICTION,IMPULSE_LINE_RESTRICTION,Instrumentation,,RB-INSTRUMENTATION,Closed,2023-10-03,PM02,Completed,2023-12-26,2023-12-26,2023-12-26,2023-12-26,6,WORK_COMPLETED,Corrective scope executed and checked.,Cleaning,Cleaning performed; post-work functional check within tolerance.,TRUE,6.36,1684.65,
N0000319,WO0000197,PLT-FL-DIG-DIS,XV-DIG-DIS-01,2023-10-01,1,Breakdown / Corrective,Digester - Operations,,Actuator supply pressure decays while held.,ACTUATOR_LEAKAGE,ACTUATOR_LEAKAGE,Instrumentation,,DIG-INSTRUMENTATION,Closed,2023-10-06,CM01,Completed,2023-10-06,2023-10-07,2023-10-06,2023-10-07,0,WORK_COMPLETED,Corrective scope executed and checked.,Seal replacement,Seal replacement performed; post-work functional check within tolerance.,TRUE,5.27,3069.40,
N0000320,,PLT-FL-DRY-DRS,FAN-DRY-DRS-01,2023-10-03,3,Operator Route,Drying - Operations,Sensory Route,Bearing temperature trending above baseline.,BEARING_TEMPERATURE,BEARING_TEMPERATURE,Mechanical,,DRY-MECHANICAL,Closed,,,,,,,,,NO_ACTION_REQUIRED,Notification dispositioned without corrective scope.,Inspection only,Field inspection completed; no corrective maintenance performed.,TRUE,1.37,289.34,
N0000321,WO0000198,PLT-RU-EVA-CIR,M-EVA-CIR-01,2023-10-03,3,Condition Monitoring,Evaporation - Condition Monitoring,Predictive Route,Localized heating at electrical connection.,TERMINAL_HEATING,TERMINAL_HEATING,Electrical,,EVA-ELECTRICAL,Closed,2023-10-06,PM02,Completed,2023-12-02,2023-12-04,2023-12-02,2023-12-04,1,WORK_COMPLETED,Corrective scope executed and checked.,Tightening,Tightening performed; post-work functional check within tolerance.,TRUE,5.97,1462.13,
N0000322,,PLT-RU-LIM-IDF,M-LIM-IDF-01,2023-10-04,3,Condition Monitoring,Lime Kiln - Condition Monitoring,Predictive Route,Insulation test trending below reference.,INSULATION_DEGRADATION,INSULATION_DEGRADATION,Electrical,,LIM-ELECTRICAL,Closed,,,,,,,,,MONITOR_CONDITION,Condition recorded; continue observation without corrective work.,Inspection only,Field inspection completed; no corrective maintenance performed.,TRUE,0.70,162.22,
N0000323,WO0000199,PLT-RU-CAU-WLC,FT-CAU-WLC-01,2023-10-05,3,Maintenance Sensory Route,Causticizing - Maintenance Route A,Sensory Route,Measured output outside calibration tolerance.,CALIBRATION_DEVIATION,CALIBRATION_DEVIATION,Instrumentation,,CAU-INSTRUMENTATION,Closed,2023-10-05,PM02,Completed,2023-11-22,2023-11-23,2023-11-22,2023-11-23,2,WORK_COMPLETED,Corrective scope executed and checked.,Calibration,Calibration performed; post-work functional check within tolerance.,TRUE,5.94,1752.28,
N0000324,,PLT-RU-UTL-ELD,CB-UTL-ELD-01,2023-10-07,3,Operator Route,Utilities - Operations,Sensory Route,Intermittent signal dropout at stable process conditions.,INTERMITTENT_SIGNAL,INTERMITTENT_SIGNAL,Automation,,UTL-AUTOMATION,Closed,,,,,,,,,NO_ACTION_REQUIRED,Notification dispositioned without corrective scope.,Inspection only,Field inspection completed; no corrective maintenance performed.,TRUE,0.49,146.59,
N0000325,,PLT-FL-DRY-LUB,LU-DRY-LUB-01,2023-10-07,3,Process Alarm,Drying - Control Room,Process / Control Monitoring,Oil condition test indicates degraded lubricant.,OIL_DEGRADATION,OIL_DEGRADATION,Lubrication,,DRY-LUBRICATION,Closed,,,,,,,,,NO_ACTION_REQUIRED,Notification dispositioned without corrective scope.,Inspection only,Field inspection completed; no corrective maintenance performed.,FALSE,0.34,80.89,
N0000326,WO0000200,PLT-RU-CAU-SLK,M-CAU-SLK-01,2023-10-07,2,Operator Route,Causticizing - Operations,Sensory Route,Insulation test trending below reference.,INSULATION_DEGRADATION,INSULATION_DEGRADATION,Electrical,,CAU-ELECTRICAL,Closed,2023-10-08,PM02,Completed,2023-11-21,2023-11-23,2023-11-21,2023-11-23,3,WORK_COMPLETED,Corrective scope executed and checked.,Component replacement,Component replacement performed; post-work functional check within tolerance.,TRUE,24.81,23892.37,
N0000327,WO0000201,PLT-RU-LIM-LMF,P-LIM-LMF-01,2023-10-07,2,Operator Report,Lime Kiln - Operations,,Crackling noise and unstable suction pressure.,CAVITATION,CAVITATION,Mechanical,,LIM-MECHANICAL,Closed,2023-10-07,PM02,Cancelled,2023-10-24,2023-10-25,,,0,CANCELLED,Order cancelled after scope review; no execution recorded.,,,TRUE,0.60,185.38,
N0000328,WO0000202,PLT-FL-DRY-FOR,M-DRY-FOR-01,2023-10-08,2,Process Alarm,Drying - Control Room,Process / Control Monitoring,Localized heating at electrical connection.,TERMINAL_HEATING,TERMINAL_HEATING,Condition Monitoring,,DRY-CONDITION_MONITORING,Closed,2023-10-08,PM02,Completed,2023-10-21,2023-10-23,2023-10-21,2023-10-23,0,WORK_COMPLETED,Corrective scope executed and checked.,Tightening,Tightening performed; post-work functional check within tolerance.,TRUE,2.78,680.87,
N0000329,WO0000203,PLT-RU-RB-SMT,M-RB-SMT-01,2023-10-12,1,Process Alarm,Recovery Boiler - Control Room,Process / Control Monitoring,Motor temperature rising at normal load.,MOTOR_OVERHEATING,MOTOR_OVERHEATING,Electrical,,RB-ELECTRICAL,Closed,2023-10-13,CM01,Completed,2023-11-01,2023-11-01,2023-11-01,2023-11-01,2,WORK_COMPLETED,Corrective scope executed and checked.,Cleaning,Cleaning performed; post-work functional check within tolerance.,TRUE,8.61,2539.93,
N0000330,,PLT-RU-CAU-LMH,FV-CAU-LMH-01,2023-10-13,2,Planned Inspection,Causticizing - Inspection,Planned Inspection,Visible leakage at valve packing.,EXTERNAL_LEAKAGE,EXTERNAL_LEAKAGE,Valves,,CAU-VALVES,Closed,,,,,,,,,MONITOR_CONDITION,Condition recorded; continue observation without corrective work.,Inspection only,Field inspection completed; no corrective maintenance performed.,TRUE,0.84,181.98,
N0000331,,PLT-RU-CAU-LMH,M-CAU-LMH-01,2023-10-15,2,Maintenance Sensory Route,Causticizing - Maintenance Route A,Sensory Route,Motor temperature rising at normal load.,MOTOR_OVERHEATING,MOTOR_OVERHEATING,Condition Monitoring,,CAU-CONDITION_MONITORING,Closed,,,,,,,,,NO_DEFECT_FOUND,Inspection could not confirm the reported abnormality.,Inspection only,Field inspection completed; no corrective maintenance performed.,FALSE,1.69,316.38,
N0000332,,PLT-FL-BLE-CHM,P-BLE-CHM-01,2023-10-15,3,Operator Report,Bleaching - Operations,,Delivered flow below expected operating range.,LOW_FLOW,LOW_FLOW,Mechanical,,BLE-MECHANICAL,Closed,,,,,,,,,NO_ACTION_REQUIRED,Notification dispositioned without corrective scope.,Inspection only,Field inspection completed; no corrective maintenance performed.,TRUE,1.67,328.46,
N0000333,,PLT-FL-BLE-DOS,FT-BLE-DOS-01,2023-10-16,3,Planned Inspection,Bleaching - Inspection,Planned Inspection,Measured output outside calibration tolerance.,CALIBRATION_DEVIATION,CALIBRATION_DEVIATION,Instrumentation,,BLE-INSTRUMENTATION,Closed,,,,,,,,,NO_ACTION_REQUIRED,Notification dispositioned without corrective scope.,Inspection only,Field inspection completed; no corrective maintenance performed.,TRUE,1.69,312.45,
N0000334,,PLT-RU-RB-AIR,M-RB-AIR-01,2023-10-16,2,Planned Inspection,Recovery Boiler - Inspection,Planned Inspection,Localized heating at electrical connection.,TERMINAL_HEATING,TERMINAL_HEATING,Electrical,,RB-ELECTRICAL,Closed,,,,,,,,,MONITOR_CONDITION,Condition recorded; continue observation without corrective work.,Inspection only,Field inspection completed; no corrective maintenance performed.,TRUE,0.53,119.93,
N0000335,WO0000204,PLT-FL-DIG-CHP,ZS-DIG-CHP-01,2023-10-19,3,Maintenance Sensory Route,Digester - Maintenance Route A,Sensory Route,Indicated value drifts from independent reference.,SIGNAL_DRIFT,SIGNAL_DRIFT,Instrumentation,,DIG-INSTRUMENTATION,Closed,2023-10-24,PM02,Completed,2023-12-15,2023-12-17,2023-12-15,2023-12-17,2,WORK_COMPLETED,Corrective scope executed and checked.,Calibration,Calibration performed; post-work functional check within tolerance.,TRUE,3.87,1141.32,
N0000336,WO0000205,PLT-FL-DIG-CIR,FV-DIG-CIR-01,2023-10-21,1,Operator Report,Digester - Operations,,Actuator supply pressure decays while held.,ACTUATOR_LEAKAGE,ACTUATOR_LEAKAGE,Valves,,DIG-VALVES,Closed,2023-10-24,CM01,Completed,2023-10-27,2023-10-29,2023-10-27,2023-10-29,0,WORK_COMPLETED,Corrective scope executed and checked.,Seal replacement,Seal replacement performed; post-work functional check within tolerance.,TRUE,11.52,6708.74,
N0000337,,PLT-RU-RB-BLF,FV-RB-BLF-01,2023-10-21,3,Maintenance Sensory Route,Recovery Boiler - Maintenance Route A,Sensory Route,Actuator supply pressure decays while held.,ACTUATOR_LEAKAGE,ACTUATOR_LEAKAGE,Instrumentation,,RB-INSTRUMENTATION,Closed,,,,,,,,,NO_ACTION_REQUIRED,Notification dispositioned without corrective scope.,Inspection only,Field inspection completed; no corrective maintenance performed.,FALSE,0.82,184.56,
N0000338,WO0000206,PLT-RU-CAU-SLK,M-CAU-SLK-01,2023-10-21,2,Maintenance Sensory Route,Causticizing - Maintenance Route A,Sensory Route,Motor temperature rising at normal load.,MOTOR_OVERHEATING,MOTOR_OVERHEATING,Electrical,,CAU-ELECTRICAL,Closed,2023-10-23,PM02,Completed,2023-11-14,2023-11-16,2023-11-14,2023-11-16,1,WORK_COMPLETED,Corrective scope executed and checked.,Cleaning,Cleaning performed; post-work functional check within tolerance.,TRUE,5.53,1631.75,
N0000339,,PLT-FL-DRY-LUB,P-DRY-LUB-01,2023-10-21,3,Operator Route,Drying - Operations,Sensory Route,Oil sample shows elevated contamination.,OIL_CONTAMINATION,OIL_CONTAMINATION,Lubrication,,DRY-LUBRICATION,Closed,,,,,,,,,NO_ACTION_REQUIRED,Notification dispositioned without corrective scope.,Inspection only,Field inspection completed; no corrective maintenance performed.,FALSE,1.75,334.56,
N0000340,,PLT-FL-DRY-FOR,PT-DRY-FOR-01,2023-10-21,3,Process Alarm,Drying - Control Room,Process / Control Monitoring,Intermittent signal dropout at stable process conditions.,INTERMITTENT_SIGNAL,INTERMITTENT_SIGNAL,Instrumentation,,DRY-INSTRUMENTATION,Closed,,,,,,,,,MONITOR_CONDITION,Condition recorded; continue observation without corrective work.,Inspection only,Field inspection completed; no corrective maintenance performed.,TRUE,1.28,252.97,
N0000341,,PLT-FL-DRY-PRS,PT-DRY-PRS-01,2023-10-22,3,Operator Route,Drying - Operations,Sensory Route,Measured output outside calibration tolerance.,CALIBRATION_DEVIATION,CALIBRATION_DEVIATION,Instrumentation,,DRY-INSTRUMENTATION,Closed,,,,,,,,,MONITOR_CONDITION,Condition recorded; continue observation without corrective work.,Inspection only,Field inspection completed; no corrective maintenance performed.,TRUE,0.87,214.15,
N0000342,WO0000207,PLT-FL-DRY-PMF,M-DRY-PMF-01,2023-10-23,2,Condition Monitoring,Drying - Condition Monitoring,Predictive Route,Localized heating at electrical connection.,TERMINAL_HEATING,TERMINAL_HEATING,Electrical,,DRY-ELECTRICAL,Closed,2023-10-23,PM02,Completed,2023-11-03,2023-11-05,2023-11-03,2023-11-05,0,WORK_COMPLETED,Corrective scope executed and checked.,Tightening,Tightening performed; post-work functional check within tolerance.,TRUE,3.80,929.85,
N0000343,WO0000208,PLT-RU-UTL-ELD,REL-UTL-ELD-01,2023-10-23,3,Operator Route,Utilities - Operations,Sensory Route,Intermittent signal dropout at stable process conditions.,INTERMITTENT_SIGNAL,INTERMITTENT_SIGNAL,Automation,,UTL-AUTOMATION,Closed,2023-10-24,PM02,Completed,2023-11-12,2023-11-14,2023-11-12,2023-11-14,0,WORK_COMPLETED,Corrective scope executed and checked.,Instrument replacement,Instrument replacement performed; post-work functional check within tolerance.,TRUE,8.10,6576.28,
N0000344,WO0000209,PLT-RU-EVA-VAC,PT-EVA-VAC-01,2023-10-24,3,Maintenance Sensory Route,Evaporation - Maintenance Route A,Sensory Route,Pressure response delayed during process change.,IMPULSE_LINE_RESTRICTION,IMPULSE_LINE_RESTRICTION,Instrumentation,,EVA-INSTRUMENTATION,Closed,2023-10-29,PM02,Completed,2023-11-16,2023-11-17,2023-11-16,2023-11-17,0,WORK_COMPLETED,Corrective scope executed and checked.,Cleaning,Cleaning performed; post-work functional check within tolerance.,TRUE,4.26,1128.09,
N0000345,,PLT-RU-LIM-DRV,DRV-LIM-DRV-01,2023-10-25,3,Condition Monitoring,Lime Kiln - Condition Monitoring,Predictive Route,Oil condition test indicates degraded lubricant.,OIL_DEGRADATION,OIL_DEGRADATION,Lubrication,,LIM-LUBRICATION,Closed,,,,,,,,,NO_DEFECT_FOUND,Inspection could not confirm the reported abnormality.,Inspection only,Field inspection completed; no corrective maintenance performed.,FALSE,0.82,191.06,
N0000346,,PLT-RU-LIM-DRV,GB-LIM-DRV-01,2023-10-25,2,Operator Report,Lime Kiln - Operations,,Gearbox oil temperature above normal trend.,GEARBOX_OVERHEATING,GEARBOX_OVERHEATING,Mechanical,,LIM-MECHANICAL,Closed,,,,,,,,,NO_DEFECT_FOUND,Inspection could not confirm the reported abnormality.,Inspection only,Field inspection completed; no corrective maintenance performed.,FALSE,0.89,206.26,
N0000347,WO0000210,PLT-RU-CAU-GLC,M-CAU-GLC-01,2023-10-26,3,Operator Route,Causticizing - Operations,Sensory Route,Motor temperature rising at normal load.,MOTOR_OVERHEATING,MOTOR_OVERHEATING,Electrical,,CAU-ELECTRICAL,Closed,2023-10-31,PM02,Completed,2023-11-24,2023-11-26,2023-11-24,2023-11-26,0,WORK_COMPLETED,Corrective scope executed and checked.,Cleaning,Cleaning performed; post-work functional check within tolerance.,TRUE,8.53,2516.68,
N0000348,WO0000211,PLT-FL-BLE-TWR,M-BLE-TWR-01,2023-11-02,1,Breakdown / Corrective,Bleaching - Operations,,Localized heating at electrical connection.,TERMINAL_HEATING,TERMINAL_HEATING,Electrical,,BLE-ELECTRICAL,Closed,2023-11-07,CM01,Completed,2023-11-08,2023-11-09,2023-11-08,2023-11-09,0,WORK_COMPLETED,Corrective scope executed and checked.,Tightening,Tightening performed; post-work functional check within tolerance.,TRUE,2.75,674.78,
N0000349,,PLT-FL-DIG-BLC,PT-DIG-BLC-01,2023-11-02,3,Operator Route,Digester - Operations,Sensory Route,Control sequence response differs from approved logic.,CONTROL_SEQUENCE_DEVIATION,CONTROL_SEQUENCE_DEVIATION,Automation,,DIG-AUTOMATION,Closed,,,,,,,,,MONITOR_CONDITION,Condition recorded; continue observation without corrective work.,Inspection only,Field inspection completed; no corrective maintenance performed.,TRUE,1.20,272.10,
N0000350,WO0000212,PLT-RU-CAU-WLC,AG-CAU-WLC-01,2023-11-03,3,Condition Monitoring,Causticizing - Condition Monitoring,Predictive Route,Rotating assembly shows dominant once-per-revolution vibration.,IMBALANCE,IMBALANCE,Mechanical,,CAU-MECHANICAL,Closed,2023-11-03,PM02,Completed,2023-12-09,2023-12-09,2023-12-09,2023-12-09,0,WORK_COMPLETED,Corrective scope executed and checked.,Adjustment,Adjustment performed; post-work functional check within tolerance.,TRUE,8.31,4112.89,
N0000351,WO0000213,PLT-RU-CAU-GLC,AG-CAU-GLC-01,2023-11-04,1,Operator Route,Causticizing - Operations,Sensory Route,Lubricant level below normal mark.,LOW_LUBE_LEVEL,LOW_LUBE_LEVEL,Lubrication,,CAU-LUBRICATION,Closed,2023-11-04,CM01,Completed,2023-11-21,2023-11-22,2023-11-21,2023-11-22,2,WORK_COMPLETED,Corrective scope executed and checked.,Lubrication,Lubrication performed; post-work functional check within tolerance.,TRUE,2.78,1377.32,
N0000352,,PLT-FL-DIG-CIR,FV-DIG-CIR-01,2023-11-04,2,Operator Route,Digester - Operations,Sensory Route,Visible leakage at valve packing.,EXTERNAL_LEAKAGE,EXTERNAL_LEAKAGE,Instrumentation,,DIG-INSTRUMENTATION,Closed,,,,,,,,,NO_ACTION_REQUIRED,Notification dispositioned without corrective scope.,Inspection only,Field inspection completed; no corrective maintenance performed.,TRUE,0.90,191.10,
N0000353,WO0000214,PLT-FL-WSH-KNR,SCR-WSH-KNR-01,2023-11-05,2,Maintenance Sensory Route,Washing & Screening - Maintenance Route A,Sensory Route,Process differential pressure above normal operating range.,PROCESS_RESTRICTION,PROCESS_RESTRICTION,Condition Monitoring,,WSH-CONDITION_MONITORING,Closed,2023-11-10,PM02,Completed,2023-11-24,2023-11-25,2023-11-24,2023-11-25,0,WORK_COMPLETED,Corrective scope executed and checked.,Cleaning,Cleaning performed; post-work functional check within tolerance.,TRUE,8.37,2635.69,
N0000354,WO0000215,PLT-RU-UTL-STM,PV-UTL-STM-01,2023-11-06,3,Planned Inspection,Utilities - Inspection,Planned Inspection,Valve travel sticks during small command changes.,VALVE_STICTION,VALVE_STICTION,Valves,,UTL-VALVES,Closed,2023-11-08,PM02,Completed,2023-11-29,2023-12-01,2023-11-29,2023-12-01,0,WORK_COMPLETED,Corrective scope executed and checked.,Valve overhaul,Valve overhaul performed; post-work functional check within tolerance.,TRUE,22.34,18130.82,
N0000355,,PLT-RU-LIM-DRV,M-LIM-DRV-01,2023-11-07,3,Maintenance Sensory Route,Lime Kiln - Maintenance Route A,Sensory Route,Localized heating at electrical connection.,TERMINAL_HEATING,TERMINAL_HEATING,Electrical,,LIM-ELECTRICAL,Closed,,,,,,,,,OPERATING_CONDITION,Observed response is within the current operating envelope.,Inspection only,Field inspection completed; no corrective maintenance performed.,FALSE,0.40,154.57,
N0000356,WO0000216,PLT-RU-LIM-IDF,M-LIM-IDF-01,2023-11-07,3,Operator Report,Lime Kiln - Operations,,Localized heating at electrical connection.,TERMINAL_HEATING,TERMINAL_HEATING,Condition Monitoring,Lubrication,LIM-LUBRICATION,Closed,2023-11-10,PM02,Completed,2023-12-02,2023-12-03,2023-12-02,2023-12-03,0,WORK_COMPLETED,Corrective scope executed and checked.,Tightening,Tightening performed; post-work functional check within tolerance.,TRUE,3.75,918.64,
N0000357,WO0000217,PLT-RU-RB-FWS,P-RB-FWS-01,2023-11-09,3,Condition Monitoring,Recovery Boiler - Condition Monitoring,Predictive Route,Elevated vibration at pump bearing housing.,PUMP_BEARING_VIBRATION,PUMP_BEARING_VIBRATION,Mechanical,,RB-MECHANICAL,Closed,2023-11-11,PM02,Completed,2023-12-18,2023-12-19,2023-12-18,2023-12-19,1,WORK_COMPLETED,Corrective scope executed and checked.,Bearing replacement,Bearing replacement performed; post-work functional check within tolerance.,TRUE,20.67,14624.54,
N0000358,,PLT-RU-CAU-SLK,FV-CAU-SLK-01,2023-11-10,2,Process Alarm,Causticizing - Control Room,Process / Control Monitoring,Valve feedback differs from demanded position.,POSITIONER_DEVIATION,POSITIONER_DEVIATION,Instrumentation,,CAU-INSTRUMENTATION,Closed,,,,,,,,,NO_ACTION_REQUIRED,Notification dispositioned without corrective scope.,Inspection only,Field inspection completed; no corrective maintenance performed.,TRUE,0.50,119.28,
N0000359,WO0000218,PLT-FL-WSH-FIL,FV-WSH-FIL-01,2023-11-12,1,Breakdown / Corrective,Washing & Screening - Operations,,Actuator supply pressure decays while held.,ACTUATOR_LEAKAGE,ACTUATOR_LEAKAGE,Valves,,WSH-VALVES,Closed,2023-11-13,CM01,Completed,2023-11-14,2023-11-14,2023-11-14,2023-11-14,0,WORK_COMPLETED,Corrective scope executed and checked.,Seal replacement,Seal replacement performed; post-work functional check within tolerance.,TRUE,10.76,6269.89,
N0000360,WO0000219,PLT-FL-DRY-DRS,TT-DRY-DRS-01,2023-11-13,1,Breakdown / Corrective,Drying - Operations,,Intermittent signal dropout at stable process conditions.,INTERMITTENT_SIGNAL,INTERMITTENT_SIGNAL,Automation,,DRY-AUTOMATION,Closed,2023-11-18,CM01,Completed,2023-11-21,2023-11-21,2023-11-21,2023-11-21,0,WORK_COMPLETED,Corrective scope executed and checked.,Instrument replacement,Instrument replacement performed; post-work functional check within tolerance.,TRUE,8.94,7255.27,
N0000361,WO0000220,PLT-RU-UTL-AIR,DRY-UTL-AIR-01,2023-12-01,2,Maintenance Sensory Route,Utilities - Maintenance Route A,Sensory Route,Mechanism travel is uneven with elevated resistance.,MECHANICAL_BINDING,MECHANICAL_BINDING,Mechanical,,UTL-MECHANICAL,Closed,2023-12-04,PM02,Completed,2023-12-26,2023-12-27,2023-12-26,2023-12-27,1,WORK_COMPLETED,Corrective scope executed and checked.,Adjustment,Adjustment performed; post-work functional check within tolerance.,TRUE,10.42,3726.15,
N0000362,,PLT-FL-BLE-DOS,P-BLE-DOS-01,2023-12-01,3,Maintenance Sensory Route,Bleaching - Maintenance Route A,Sensory Route,Crackling noise and unstable suction pressure.,CAVITATION,CAVITATION,Mechanical,,BLE-MECHANICAL,Closed,,,,,,,,,MONITOR_CONDITION,Condition recorded; continue observation without corrective work.,Inspection only,Field inspection completed; no corrective maintenance performed.,TRUE,1.65,301.01,
N0000363,WO0000221,PLT-RU-UTL-AIR,PT-UTL-AIR-01,2023-12-03,3,Operator Route,Utilities - Operations,Sensory Route,Indicated value drifts from independent reference.,SIGNAL_DRIFT,SIGNAL_DRIFT,Instrumentation,,UTL-INSTRUMENTATION,Closed,2023-12-08,PM02,Completed,2024-01-20,2024-01-20,2024-01-20,2024-01-20,1,WORK_COMPLETED,Corrective scope executed and checked.,Calibration,Calibration performed; post-work functional check within tolerance.,TRUE,2.99,881.71,
N0000364,WO0000222,PLT-RU-RB-BLF,FT-RB-BLF-01,2023-12-04,3,Operator Route,Recovery Boiler - Operations,Sensory Route,Intermittent signal dropout at stable process conditions.,INTERMITTENT_SIGNAL,INTERMITTENT_SIGNAL,Automation,,RB-AUTOMATION,Closed,2023-12-06,PM02,Completed,2024-01-10,2024-01-12,2024-01-10,2024-01-12,0,WORK_COMPLETED,Corrective scope executed and checked.,Instrument replacement,Instrument replacement performed; post-work functional check within tolerance.,TRUE,4.12,3342.63,
N0000365,WO0000223,PLT-FL-DRY-HYD,P-DRY-HYD-01,2023-12-05,2,Condition Monitoring,Drying - Condition Monitoring,Predictive Route,Hydraulic pressure decays with no external leak.,HYD_INTERNAL_LEAKAGE,HYD_INTERNAL_LEAKAGE,Condition Monitoring,,DRY-CONDITION_MONITORING,Closed,2023-12-08,PM02,Completed,2023-12-12,2023-12-13,2023-12-12,2023-12-13,0,WORK_COMPLETED,Corrective scope executed and checked.,Seal replacement,Seal replacement performed; post-work functional check within tolerance.,TRUE,14.63,8218.15,
N0000366,,PLT-FL-WSH-FIL,P-WSH-FIL-01,2023-12-05,3,Planned Inspection,Washing & Screening - Inspection,Planned Inspection,Bearing temperature trending above baseline.,BEARING_TEMPERATURE,BEARING_TEMPERATURE,Condition Monitoring,,WSH-CONDITION_MONITORING,Closed,,,,,,,,,NO_DEFECT_FOUND,Inspection could not confirm the reported abnormality.,Inspection only,Field inspection completed; no corrective maintenance performed.,FALSE,1.60,294.99,
N0000367,,PLT-RU-RB-FWS,PT-RB-FWS-01,2023-12-05,3,Maintenance Sensory Route,Recovery Boiler - Maintenance Route A,Sensory Route,Intermittent signal dropout at stable process conditions.,INTERMITTENT_SIGNAL,INTERMITTENT_SIGNAL,Instrumentation,Automation,RB-AUTOMATION,Closed,,,,,,,,,MONITOR_CONDITION,Condition recorded; continue observation without corrective work.,Inspection only,Field inspection completed; no corrective maintenance performed.,TRUE,1.36,278.02,
N0000368,,PLT-FL-BLE-STW,FV-BLE-STW-01,2023-12-08,3,Planned Inspection,Bleaching - Inspection,Planned Inspection,Valve travel sticks during small command changes.,VALVE_STICTION,VALVE_STICTION,Valves,,BLE-VALVES,Closed,,,,,,,,,NO_ACTION_REQUIRED,Notification dispositioned without corrective scope.,Inspection only,Field inspection completed; no corrective maintenance performed.,TRUE,0.88,223.19,
N0000369,WO0000224,PLT-RU-EVA-BLF,FV-EVA-BLF-01,2023-12-08,1,Operator Route,Evaporation - Operations,Sensory Route,Visible leakage at valve packing.,EXTERNAL_LEAKAGE,EXTERNAL_LEAKAGE,Valves,,EVA-VALVES,Closed,2023-12-10,CM01,Completed,2023-12-10,2023-12-11,2023-12-10,2023-12-11,0,WORK_COMPLETED,Corrective scope executed and checked.,Seal replacement,Seal replacement performed; post-work functional check within tolerance.,TRUE,5.98,3160.13,
N0000370,,PLT-RU-LIM-LMF,P-LIM-LMF-01,2023-12-08,3,Operator Report,Lime Kiln - Operations,,Elevated vibration at pump bearing housing.,PUMP_BEARING_VIBRATION,PUMP_BEARING_VIBRATION,Mechanical,,LIM-MECHANICAL,Closed,,,,,,,,,NO_ACTION_REQUIRED,Notification dispositioned without corrective scope.,Inspection only,Field inspection completed; no corrective maintenance performed.,TRUE,0.71,133.44,
N0000371,,PLT-FL-BLE-STW,FV-BLE-STW-01,2023-12-09,3,Planned Inspection,Bleaching - Inspection,Planned Inspection,Valve feedback differs from demanded position.,POSITIONER_DEVIATION,POSITIONER_DEVIATION,Valves,Instrumentation,BLE-INSTRUMENTATION,Closed,,,,,,,,,NO_ACTION_REQUIRED,Notification dispositioned without corrective scope.,Inspection only,Field inspection completed; no corrective maintenance performed.,TRUE,1.86,353.65,
N0000372,WO0000225,PLT-RU-RB-STM,PSHH-RB-STM-01,2023-12-09,3,Operator Route,Recovery Boiler - Operations,Sensory Route,Indicated value drifts from independent reference.,SIGNAL_DRIFT,SIGNAL_DRIFT,Instrumentation,,RB-INSTRUMENTATION,Closed,2023-12-10,PM02,Completed,2024-01-17,2024-01-17,2024-01-17,2024-01-17,0,WORK_COMPLETED,Corrective scope executed and checked.,Calibration,Calibration performed; post-work functional check within tolerance.,TRUE,5.49,1618.37,
N0000373,,PLT-RU-RB-AIR,FT-RB-AIR-01,2023-12-12,3,Maintenance Sensory Route,Recovery Boiler - Maintenance Route A,Sensory Route,Intermittent signal dropout at stable process conditions.,INTERMITTENT_SIGNAL,INTERMITTENT_SIGNAL,Instrumentation,,RB-INSTRUMENTATION,Closed,,,,,,,,,NO_DEFECT_FOUND,Inspection could not confirm the reported abnormality.,Inspection only,Field inspection completed; no corrective maintenance performed.,FALSE,0.81,149.99,
N0000374,,PLT-RU-EVA-CIR,PV-EVA-CIR-01,2023-12-12,2,Operator Route,Evaporation - Operations,Sensory Route,Actuator supply pressure decays while held.,ACTUATOR_LEAKAGE,ACTUATOR_LEAKAGE,Valves,,EVA-VALVES,Closed,,,,,,,,,MONITOR_CONDITION,Condition recorded; continue observation without corrective work.,Inspection only,Field inspection completed; no corrective maintenance performed.,TRUE,1.55,289.76,
N0000375,,PLT-FL-BLE-STW,DPIT-BLE-STW-01,2023-12-17,3,Operator Report,Bleaching - Operations,,Measured output outside calibration tolerance.,CALIBRATION_DEVIATION,CALIBRATION_DEVIATION,Instrumentation,,BLE-INSTRUMENTATION,Closed,,,,,,,,,NO_ACTION_REQUIRED,Notification dispositioned without corrective scope.,Inspection only,Field inspection completed; no corrective maintenance performed.,TRUE,1.60,285.54,
N0000376,,PLT-RU-LIM-IDF,FAN-LIM-IDF-01,2023-12-19,3,Operator Report,Lime Kiln - Operations,,Bearing temperature trending above baseline.,BEARING_TEMPERATURE,BEARING_TEMPERATURE,Mechanical,Lubrication,LIM-LUBRICATION,Closed,,,,,,,,,MONITOR_CONDITION,Condition recorded; continue observation without corrective work.,Inspection only,Field inspection completed; no corrective maintenance performed.,TRUE,1.39,300.53,
N0000377,WO0000226,PLT-RU-EVA-VAC,M-EVA-VAC-01,2023-12-20,2,Planned Inspection,Evaporation - Inspection,Planned Inspection,Insulation test trending below reference.,INSULATION_DEGRADATION,INSULATION_DEGRADATION,Condition Monitoring,,EVA-CONDITION_MONITORING,Closed,2023-12-22,PM02,Completed,2024-01-19,2024-01-19,2024-01-19,2024-01-19,1,WORK_COMPLETED,Corrective scope executed and checked.,Component replacement,Component replacement performed; post-work functional check within tolerance.,TRUE,31.32,30169.44,
N0000378,,PLT-RU-UTL-STM,PT-UTL-STM-01,2023-12-20,3,Maintenance Sensory Route,Utilities - Maintenance Route A,Sensory Route,Control sequence response differs from approved logic.,CONTROL_SEQUENCE_DEVIATION,CONTROL_SEQUENCE_DEVIATION,Automation,,UTL-AUTOMATION,Closed,,,,,,,,,NO_DEFECT_FOUND,Inspection could not confirm the reported abnormality.,Inspection only,Field inspection completed; no corrective maintenance performed.,FALSE,0.69,151.21,
N0000379,WO0000227,PLT-FL-DRY-DRS,TT-DRY-DRS-01,2023-12-20,3,Operator Route,Drying - Operations,Sensory Route,Measured output outside calibration tolerance.,CALIBRATION_DEVIATION,CALIBRATION_DEVIATION,Instrumentation,Automation,DRY-AUTOMATION,Closed,2023-12-21,PM02,Completed,2024-05-18,2024-05-19,2024-05-18,2024-05-19,6,WORK_COMPLETED,Corrective scope executed and checked.,Calibration,Calibration performed; post-work functional check within tolerance.,TRUE,5.83,1720.22,
N0000380,WO0000228,PLT-FL-BLE-TWR,LT-BLE-TWR-01,2023-12-21,2,Planned Inspection,Bleaching - Inspection,Planned Inspection,Intermittent signal dropout at stable process conditions.,INTERMITTENT_SIGNAL,INTERMITTENT_SIGNAL,Instrumentation,,BLE-INSTRUMENTATION,Closed,2023-12-23,PM02,Completed,2024-01-17,2024-01-19,2024-01-17,2024-01-19,1,WORK_COMPLETED,Corrective scope executed and checked.,Instrument replacement,Instrument replacement performed; post-work functional check within tolerance.,TRUE,3.97,3226.11,
N0000381,,PLT-FL-DRY-PRS,HY-DRY-PRS-01,2023-12-30,2,Operator Route,Drying - Operations,Sensory Route,Hydraulic header pressure oscillates under steady demand.,HYD_PRESS_INSTABILITY,HYD_PRESS_INSTABILITY,Hydraulics,,DRY-HYDRAULICS,Closed,,,,,,,,,NO_ACTION_REQUIRED,Notification dispositioned without corrective scope.,Inspection only,Field inspection completed; no corrective maintenance performed.,FALSE,0.99,179.75,
N0000382,,PLT-RU-CAU-WLC,FV-CAU-WLC-01,2023-12-31,3,Operator Report,Causticizing - Operations,,Valve travel sticks during small command changes.,VALVE_STICTION,VALVE_STICTION,Valves,,CAU-VALVES,Closed,,,,,,,,,MONITOR_CONDITION,Condition recorded; continue observation without corrective work.,Inspection only,Field inspection completed; no corrective maintenance performed.,TRUE,0.44,160.28,
N0000383,WO0000229,PLT-FL-DRY-HYD,HPU-DRY-HYD-01,2023-12-31,3,Operator Report,Drying - Operations,,Hydraulic header pressure oscillates under steady demand.,HYD_PRESS_INSTABILITY,HYD_PRESS_INSTABILITY,Hydraulics,,DRY-HYDRAULICS,Closed,2024-01-03,PM02,Completed,2024-02-25,2024-02-27,2024-02-25,2024-02-27,2,MONITOR_CONDITION,Condition recorded; continue observation without corrective work.,Inspection only,Inspected and recorded readings; no component correction performed.,TRUE,1.05,215.29,
N0000384,WO0000230,PLT-FL-DIG-CIR,P-DIG-CIR-01,2023-12-31,3,Operator Report,Digester - Operations,,Elevated vibration at pump bearing housing.,PUMP_BEARING_VIBRATION,PUMP_BEARING_VIBRATION,Mechanical,,DIG-MECHANICAL,Closed,2024-01-01,PM02,Completed,2024-02-23,2024-02-25,2024-02-23,2024-02-25,2,MONITOR_CONDITION,Condition recorded; continue observation without corrective work.,Inspection only,Inspected and recorded readings; no component correction performed.,TRUE,1.27,262.91,
N0000385,WO0000231,PLT-RU-UTL-BFW,M-UTL-BFW-01,2024-01-02,1,Maintenance Sensory Route,Utilities - Maintenance Route A,Sensory Route,Oil condition test indicates degraded lubricant.,OIL_DEGRADATION,OIL_DEGRADATION,Lubrication,,UTL-LUBRICATION,Closed,2024-01-04,CM01,Completed,2024-01-23,2024-01-24,2024-01-23,2024-01-24,1,WORK_COMPLETED,Corrective scope executed and checked.,Lubrication,Lubrication performed; post-work functional check within tolerance.,TRUE,6.72,3776.07,
N0000386,,PLT-FL-DIG-CIR,PT-DIG-CIR-01,2024-01-03,3,Planned Inspection,Digester - Inspection,Planned Inspection,Intermittent signal dropout at stable process conditions.,INTERMITTENT_SIGNAL,INTERMITTENT_SIGNAL,Automation,,DIG-AUTOMATION,Closed,,,,,,,,,NO_ACTION_REQUIRED,Notification dispositioned without corrective scope.,Inspection only,Field inspection completed; no corrective maintenance performed.,TRUE,1.68,333.34,
N0000387,,PLT-RU-LIM-IDF,DV-LIM-IDF-01,2024-01-04,3,Maintenance Sensory Route,Lime Kiln - Maintenance Route A,Sensory Route,Mechanism travel is uneven with elevated resistance.,MECHANICAL_BINDING,MECHANICAL_BINDING,Mechanical,,LIM-MECHANICAL,Closed,,,,,,,,,MONITOR_CONDITION,Condition recorded; continue observation without corrective work.,Inspection only,Field inspection completed; no corrective maintenance performed.,TRUE,0.71,147.95,
N0000388,WO0000232,PLT-FL-DIG-CIR,M-DIG-CIR-01,2024-01-05,1,Process Alarm,Digester - Control Room,Process / Control Monitoring,Insulation test trending below reference.,INSULATION_DEGRADATION,INSULATION_DEGRADATION,Electrical,,DIG-ELECTRICAL,Closed,2024-01-10,CM01,Completed,2024-01-20,2024-01-20,2024-01-20,2024-01-20,1,WORK_COMPLETED,Corrective scope executed and checked.,Component replacement,Component replacement performed; post-work functional check within tolerance.,TRUE,24.11,23223.17,
N0000389,WO0000233,PLT-RU-EVA-BLF,P-EVA-BLF-01,2024-01-07,2,Condition Monitoring,Evaporation - Condition Monitoring,Predictive Route,Leakage at shaft seal.,SEAL_LEAKAGE,SEAL_LEAKAGE,Mechanical,,EVA-MECHANICAL,Closed,2024-01-07,PM02,Completed,2024-01-23,2024-01-23,2024-01-23,2024-01-23,1,WORK_COMPLETED,Corrective scope executed and checked.,Seal replacement,Seal replacement performed; post-work functional check within tolerance.,TRUE,8.22,6122.73,
N0000390,WO0000234,PLT-FL-WSH-BSW,FV-WSH-BSW-01,2024-01-08,2,Planned Inspection,Washing & Screening - Inspection,Planned Inspection,Valve feedback differs from demanded position.,POSITIONER_DEVIATION,POSITIONER_DEVIATION,Valves,,WSH-VALVES,Closed,2024-01-12,PM02,Completed,2024-02-11,2024-02-11,2024-02-11,2024-02-11,1,MONITOR_CONDITION,Condition recorded; continue observation without corrective work.,Inspection only,Inspected and recorded readings; no component correction performed.,TRUE,1.75,308.71,
N0000391,WO0000235,PLT-RU-CAU-LMH,LT-CAU-LMH-01,2024-01-09,3,Operator Route,Causticizing - Operations,Sensory Route,Indicated value drifts from independent reference.,SIGNAL_DRIFT,SIGNAL_DRIFT,Instrumentation,,CAU-INSTRUMENTATION,Closed,2024-01-10,PM02,Completed,2024-03-07,2024-03-09,2024-03-07,2024-03-09,1,WORK_COMPLETED,Corrective scope executed and checked.,Calibration,Calibration performed; post-work functional check within tolerance.,TRUE,5.67,1673.78,
N0000392,,PLT-FL-DRY-FOR,PT-DRY-FOR-01,2024-01-09,3,Operator Report,Drying - Operations,,Intermittent signal dropout at stable process conditions.,INTERMITTENT_SIGNAL,INTERMITTENT_SIGNAL,Instrumentation,,DRY-INSTRUMENTATION,Closed,,,,,,,,,NO_ACTION_REQUIRED,Notification dispositioned without corrective scope.,Inspection only,Field inspection completed; no corrective maintenance performed.,TRUE,1.79,330.24,
N0000393,WO0000236,PLT-FL-WSH-FIL,M-WSH-FIL-01,2024-01-10,3,Maintenance Sensory Route,Washing & Screening - Maintenance Route A,Sensory Route,Localized heating at electrical connection.,TERMINAL_HEATING,TERMINAL_HEATING,Electrical,,WSH-ELECTRICAL,Closed,2024-01-13,PM02,Cancelled,2024-02-26,2024-02-27,,,0,CANCELLED,Order cancelled after scope review; no execution recorded.,,,TRUE,0.69,178.96,
N0000394,,PLT-FL-WSH-KNR,XV-WSH-KNR-01,2024-01-11,2,Maintenance Sensory Route,Washing & Screening - Maintenance Route A,Sensory Route,Visible leakage at valve packing.,EXTERNAL_LEAKAGE,EXTERNAL_LEAKAGE,Instrumentation,,WSH-INSTRUMENTATION,Closed,,,,,,,,,NO_ACTION_REQUIRED,Notification dispositioned without corrective scope.,Inspection only,Field inspection completed; no corrective maintenance performed.,TRUE,0.55,160.08,
N0000395,WO0000237,PLT-RU-RB-BLF,M-RB-BLF-01,2024-01-13,3,Operator Report,Recovery Boiler - Operations,,Insulation test trending below reference.,INSULATION_DEGRADATION,INSULATION_DEGRADATION,Condition Monitoring,,RB-CONDITION_MONITORING,Closed,2024-01-16,PM02,Completed,2024-02-19,2024-02-20,2024-02-19,2024-02-20,0,WORK_COMPLETED,Corrective scope executed and checked.,Component replacement,Component replacement performed; post-work functional check within tolerance.,TRUE,20.89,20123.58,
N0000396,WO0000238,PLT-RU-RB-STM,TT-RB-STM-01,2024-01-13,3,Operator Report,Recovery Boiler - Operations,,Control sequence response differs from approved logic.,CONTROL_SEQUENCE_DEVIATION,CONTROL_SEQUENCE_DEVIATION,Automation,,RB-AUTOMATION,Closed,2024-01-15,PM02,Completed,2024-02-10,2024-02-12,2024-02-10,2024-02-12,0,WORK_COMPLETED,Corrective scope executed and checked.,Control logic correction,Control logic correction performed; post-work functional check within tolerance.,TRUE,7.87,2320.94,
N0000397,WO0000239,PLT-RU-UTL-PWT,FT-UTL-PWT-01,2024-01-14,1,Maintenance Sensory Route,Utilities - Maintenance Route A,Sensory Route,Measured output outside calibration tolerance.,CALIBRATION_DEVIATION,CALIBRATION_DEVIATION,Instrumentation,,UTL-INSTRUMENTATION,Closed,2024-01-17,CM01,Completed,2024-01-19,2024-01-19,2024-01-19,2024-01-19,0,WORK_COMPLETED,Corrective scope executed and checked.,Calibration,Calibration performed; post-work functional check within tolerance.,TRUE,4.71,1389.79,
N0000398,,PLT-RU-RB-STM,TT-RB-STM-01,2024-01-15,3,Operator Report,Recovery Boiler - Operations,,Measured output outside calibration tolerance.,CALIBRATION_DEVIATION,CALIBRATION_DEVIATION,Instrumentation,Automation,RB-AUTOMATION,Closed,,,,,,,,,NO_ACTION_REQUIRED,Notification dispositioned without corrective scope.,Inspection only,Field inspection completed; no corrective maintenance performed.,TRUE,1.15,236.67,
N0000399,,PLT-FL-WSH-FIL,LT-WSH-FIL-01,2024-01-16,3,Maintenance Sensory Route,Washing & Screening - Maintenance Route A,Sensory Route,Intermittent signal dropout at stable process conditions.,INTERMITTENT_SIGNAL,INTERMITTENT_SIGNAL,Instrumentation,,WSH-INSTRUMENTATION,Closed,,,,,,,,,OPERATING_CONDITION,Observed response is within the current operating envelope.,Inspection only,Field inspection completed; no corrective maintenance performed.,FALSE,1.76,349.62,
N0000400,WO0000240,PLT-FL-DRY-LUB,LU-DRY-LUB-01,2024-01-16,1,Breakdown / Corrective,Drying - Operations,,Lubricant level below normal mark.,LOW_LUBE_LEVEL,LOW_LUBE_LEVEL,Lubrication,,DRY-LUBRICATION,Closed,2024-01-17,CM01,Completed,2024-01-19,2024-01-19,2024-01-19,2024-01-19,0,WORK_COMPLETED,Corrective scope executed and checked.,Lubrication,Lubrication performed; post-work functional check within tolerance.,TRUE,2.35,1163.52,
N0000401,WO0000241,PLT-RU-EVA-CON,M-EVA-CON-01,2024-01-16,2,Operator Route,Evaporation - Operations,Sensory Route,Motor temperature rising at normal load.,MOTOR_OVERHEATING,MOTOR_OVERHEATING,Condition Monitoring,Electrical,EVA-ELECTRICAL,Closed,2024-01-21,PM02,Completed,2024-02-06,2024-02-06,2024-02-06,2024-02-06,1,WORK_COMPLETED,Corrective scope executed and checked.,Cleaning,Cleaning performed; post-work functional check within tolerance.,TRUE,4.30,1269.07,
N0000402,,PLT-FL-WSH-FIL,FV-WSH-FIL-01,2024-01-19,3,Maintenance Sensory Route,Washing & Screening - Maintenance Route A,Sensory Route,Valve feedback differs from demanded position.,POSITIONER_DEVIATION,POSITIONER_DEVIATION,Valves,,WSH-VALVES,Closed,,,,,,,,,OPERATING_CONDITION,Observed response is within the current operating envelope.,Inspection only,Field inspection completed; no corrective maintenance performed.,FALSE,1.32,251.69,
N0000403,WO0000242,PLT-RU-CAU-GLC,LT-CAU-GLC-01,2024-01-19,2,Operator Report,Causticizing - Operations,,Indicated value drifts from independent reference.,SIGNAL_DRIFT,SIGNAL_DRIFT,Instrumentation,,CAU-INSTRUMENTATION,Closed,2024-01-24,PM02,Completed,2024-02-20,2024-02-22,2024-02-20,2024-02-22,1,WORK_COMPLETED,Corrective scope executed and checked.,Calibration,Calibration performed; post-work functional check within tolerance.,TRUE,5.17,1524.09,
N0000404,WO0000243,PLT-RU-LIM-DRV,M-LIM-DRV-01,2024-01-19,2,Planned Inspection,Lime Kiln - Inspection,Planned Inspection,Motor temperature rising at normal load.,MOTOR_OVERHEATING,MOTOR_OVERHEATING,Electrical,,LIM-ELECTRICAL,Closed,2024-01-24,PM02,Completed,2024-01-27,2024-01-27,2024-01-27,2024-01-27,0,WORK_COMPLETED,Corrective scope executed and checked.,Cleaning,Cleaning performed; post-work functional check within tolerance.,TRUE,8.26,2437.58,
N0000405,,PLT-FL-WSH-KNR,XV-WSH-KNR-01,2024-01-19,3,Planned Inspection,Washing & Screening - Inspection,Planned Inspection,Actuator supply pressure decays while held.,ACTUATOR_LEAKAGE,ACTUATOR_LEAKAGE,Valves,,WSH-VALVES,Closed,,,,,,,,,MONITOR_CONDITION,Condition recorded; continue observation without corrective work.,Inspection only,Field inspection completed; no corrective maintenance performed.,TRUE,0.59,153.12,
N0000406,WO0000244,PLT-RU-UTL-CWT,FV-UTL-CWT-01,2024-01-22,2,Maintenance Sensory Route,Utilities - Maintenance Route A,Sensory Route,Visible leakage at valve packing.,EXTERNAL_LEAKAGE,EXTERNAL_LEAKAGE,Instrumentation,,UTL-INSTRUMENTATION,Closed,2024-01-24,PM02,Completed,2024-02-10,2024-02-10,2024-02-10,2024-02-10,1,NO_DEFECT_FOUND,Inspection could not confirm the reported abnormality.,Inspection only,Inspected and recorded readings; no component correction performed.,FALSE,1.91,337.12,
N0000407,WO0000245,PLT-RU-UTL-BFW,P-UTL-BFW-01,2024-01-22,2,Operator Report,Utilities - Operations,,Elevated vibration at pump bearing housing.,PUMP_BEARING_VIBRATION,PUMP_BEARING_VIBRATION,Mechanical,Lubrication,UTL-LUBRICATION,Closed,2024-01-24,PM02,Completed,2024-03-17,2024-03-18,2024-03-17,2024-03-18,2,WORK_COMPLETED,Corrective scope executed and checked.,Bearing replacement,Bearing replacement performed; post-work functional check within tolerance.,TRUE,15.49,10960.63,
N0000408,,PLT-FL-WSH-SCR,P-WSH-SCR-01,2024-01-22,3,Operator Route,Washing & Screening - Operations,Sensory Route,Delivered flow below expected operating range.,LOW_FLOW,LOW_FLOW,Mechanical,,WSH-MECHANICAL,Closed,,,,,,,,,MONITOR_CONDITION,Condition recorded; continue observation without corrective work.,Inspection only,Field inspection completed; no corrective maintenance performed.,TRUE,1.46,257.56,
N0000409,,PLT-FL-DIG-BLC,PV-DIG-BLC-01,2024-01-23,3,Operator Route,Digester - Operations,Sensory Route,Actuator supply pressure decays while held.,ACTUATOR_LEAKAGE,ACTUATOR_LEAKAGE,Valves,,DIG-VALVES,Closed,,,,,,,,,NO_ACTION_REQUIRED,Notification dispositioned without corrective scope.,Inspection only,Field inspection completed; no corrective maintenance performed.,FALSE,0.72,161.28,
N0000410,,PLT-FL-WSH-FIL,M-WSH-FIL-01,2024-01-24,3,Maintenance Sensory Route,Washing & Screening - Maintenance Route A,Sensory Route,Motor temperature rising at normal load.,MOTOR_OVERHEATING,MOTOR_OVERHEATING,Electrical,,WSH-ELECTRICAL,Closed,,,,,,,,,OPERATING_CONDITION,Observed response is within the current operating envelope.,Inspection only,Field inspection completed; no corrective maintenance performed.,FALSE,1.25,243.01,
N0000411,WO0000246,PLT-RU-RB-AIR,FT-RB-AIR-01,2024-01-25,2,Maintenance Sensory Route,Recovery Boiler - Maintenance Route A,Sensory Route,Indicated value drifts from independent reference.,SIGNAL_DRIFT,SIGNAL_DRIFT,Instrumentation,,RB-INSTRUMENTATION,Closed,2024-01-25,PM02,Completed,2024-01-30,2024-01-31,2024-01-30,2024-01-31,0,NO_DEFECT_FOUND,Inspection could not confirm the reported abnormality.,Inspection only,Inspected and recorded readings; no component correction performed.,FALSE,0.44,129.38,
N0000412,,PLT-RU-UTL-ELD,MCC-UTL-ELD-01,2024-01-25,1,Planned Inspection,Utilities - Inspection,Planned Inspection,Localized heating at electrical connection.,TERMINAL_HEATING,TERMINAL_HEATING,Electrical,Automation,UTL-AUTOMATION,Closed,,,,,,,,,NO_ACTION_REQUIRED,Notification dispositioned without corrective scope.,Inspection only,Field inspection completed; no corrective maintenance performed.,FALSE,1.90,356.95,
N0000413,,PLT-FL-DRY-DRS,PV-DRY-DRS-01,2024-01-25,3,Maintenance Sensory Route,Drying - Maintenance Route A,Sensory Route,Valve feedback differs from demanded position.,POSITIONER_DEVIATION,POSITIONER_DEVIATION,Valves,,DRY-VALVES,Closed,,,,,,,,,NO_ACTION_REQUIRED,Notification dispositioned without corrective scope.,Inspection only,Field inspection completed; no corrective maintenance performed.,TRUE,1.96,340.94,
N0000414,,PLT-FL-WSH-BSW,P-WSH-BSW-01,2024-01-26,3,Maintenance Sensory Route,Washing & Screening - Maintenance Route A,Sensory Route,Delivered flow below expected operating range.,LOW_FLOW,LOW_FLOW,Mechanical,,WSH-MECHANICAL,Closed,,,,,,,,,NO_DEFECT_FOUND,Inspection could not confirm the reported abnormality.,Inspection only,Field inspection completed; no corrective maintenance performed.,FALSE,1.76,338.77,
N0000415,WO0000247,PLT-RU-CAU-SLK,SLK-CAU-SLK-01,2024-01-26,3,Operator Route,Causticizing - Operations,Sensory Route,Mechanism travel is uneven with elevated resistance.,MECHANICAL_BINDING,MECHANICAL_BINDING,Mechanical,,CAU-MECHANICAL,Closed,2024-01-30,PM02,Completed,2024-03-06,2024-03-08,2024-03-06,2024-03-08,2,WORK_COMPLETED,Corrective scope executed and checked.,Adjustment,Adjustment performed; post-work functional check within tolerance.,TRUE,11.10,3967.06,
N0000416,WO0000248,PLT-FL-DIG-IMP,M-DIG-IMP-01,2024-01-27,3,Condition Monitoring,Digester - Condition Monitoring,Predictive Route,Lubricant level below normal mark.,LOW_LUBE_LEVEL,LOW_LUBE_LEVEL,Lubrication,,DIG-LUBRICATION,Closed,2024-02-01,PM02,Completed,2024-03-17,2024-03-19,2024-03-17,2024-03-19,2,WORK_COMPLETED,Corrective scope executed and checked.,Lubrication,Lubrication performed; post-work functional check within tolerance.,TRUE,1.32,651.03,
N0000417,,PLT-FL-WSH-SCR,M-WSH-SCR-01,2024-01-27,3,Maintenance Sensory Route,Washing & Screening - Maintenance Route A,Sensory Route,Motor bearing vibration above baseline.,MOTOR_BEARING_VIBRATION,MOTOR_BEARING_VIBRATION,Electrical,,WSH-ELECTRICAL,Closed,,,,,,,,,NO_DEFECT_FOUND,Inspection could not confirm the reported abnormality.,Inspection only,Field inspection completed; no corrective maintenance performed.,FALSE,1.52,312.85,
N0000418,,PLT-RU-UTL-STM,PV-UTL-STM-01,2024-01-27,2,Maintenance Sensory Route,Utilities - Maintenance Route A,Sensory Route,Valve travel sticks during small command changes.,VALVE_STICTION,VALVE_STICTION,Valves,,UTL-VALVES,Closed,,,,,,,,,MONITOR_CONDITION,Condition recorded; continue observation without corrective work.,Inspection only,Field inspection completed; no corrective maintenance performed.,TRUE,1.12,237.23,
N0000419,WO0000249,PLT-RU-CAU-WLC,P-CAU-WLC-01,2024-01-28,2,Planned Inspection,Causticizing - Inspection,Planned Inspection,Crackling noise and unstable suction pressure.,CAVITATION,CAVITATION,Mechanical,,CAU-MECHANICAL,Closed,2024-01-28,PM02,Completed,2024-02-06,2024-02-08,2024-02-06,2024-02-08,0,WORK_COMPLETED,Corrective scope executed and checked.,Cleaning,Cleaning performed; post-work functional check within tolerance.,TRUE,4.26,1128.21,
N0000420,WO0000250,PLT-FL-DIG-CIR,TT-DIG-CIR-01,2024-01-29,3,Planned Inspection,Digester - Inspection,Planned Inspection,Indicated value drifts from independent reference.,SIGNAL_DRIFT,SIGNAL_DRIFT,Instrumentation,,DIG-INSTRUMENTATION,Closed,2024-01-31,PM02,Completed,2024-02-25,2024-02-27,2024-02-25,2024-02-27,2,WORK_COMPLETED,Corrective scope executed and checked.,Calibration,Calibration performed; post-work functional check within tolerance.,TRUE,3.90,1151.55,
N0000421,WO0000251,PLT-RU-CAU-REA,AG-CAU-REA-01,2024-01-30,3,Condition Monitoring,Causticizing - Condition Monitoring,Predictive Route,Bearing temperature trending above baseline.,BEARING_TEMPERATURE,BEARING_TEMPERATURE,Condition Monitoring,,CAU-CONDITION_MONITORING,Closed,2024-02-02,PM02,Completed,2024-03-08,2024-03-10,2024-03-08,2024-03-10,1,WORK_COMPLETED,Corrective scope executed and checked.,Bearing replacement,Bearing replacement performed; post-work functional check within tolerance.,TRUE,18.15,13005.48,
N0000422,,PLT-RU-UTL-BFW,PT-UTL-BFW-01,2024-01-30,3,Operator Route,Utilities - Operations,Sensory Route,Pressure response delayed during process change.,IMPULSE_LINE_RESTRICTION,IMPULSE_LINE_RESTRICTION,Instrumentation,,UTL-INSTRUMENTATION,Closed,,,,,,,,,NO_ACTION_REQUIRED,Notification dispositioned without corrective scope.,Inspection only,Field inspection completed; no corrective maintenance performed.,FALSE,1.18,223.08,
N0000423,WO0000252,PLT-RU-UTL-AIR,DRY-UTL-AIR-01,2024-01-31,1,Breakdown / Corrective,Utilities - Operations,,Process differential pressure above normal operating range.,PROCESS_RESTRICTION,PROCESS_RESTRICTION,Mechanical,,UTL-MECHANICAL,Closed,2024-02-04,CM01,Completed,2024-02-14,2024-02-14,2024-02-14,2024-02-14,1,WORK_COMPLETED,Corrective scope executed and checked.,Cleaning,Cleaning performed; post-work functional check within tolerance.,TRUE,12.56,3955.62,
N0000424,,PLT-FL-DRY-PRS,PT-DRY-PRS-01,2024-01-31,3,Operator Report,Drying - Operations,,Control sequence response differs from approved logic.,CONTROL_SEQUENCE_DEVIATION,CONTROL_SEQUENCE_DEVIATION,Automation,,DRY-AUTOMATION,Closed,,,,,,,,,NO_ACTION_REQUIRED,Notification dispositioned without corrective scope.,Inspection only,Field inspection completed; no corrective maintenance performed.,FALSE,0.72,160.04,
N0000425,,PLT-FL-BLE-CHM,FT-BLE-CHM-01,2024-02-02,3,Maintenance Sensory Route,Bleaching - Maintenance Route A,Sensory Route,Indicated value drifts from independent reference.,SIGNAL_DRIFT,SIGNAL_DRIFT,Instrumentation,,BLE-INSTRUMENTATION,Closed,,,,,,,,,NO_ACTION_REQUIRED,Notification dispositioned without corrective scope.,Inspection only,Field inspection completed; no corrective maintenance performed.,TRUE,1.40,255.06,
N0000426,WO0000253,PLT-RU-CAU-LMH,LT-CAU-LMH-01,2024-02-03,1,Operator Route,Causticizing - Operations,Sensory Route,Intermittent signal dropout at stable process conditions.,INTERMITTENT_SIGNAL,INTERMITTENT_SIGNAL,Instrumentation,Automation,CAU-AUTOMATION,Closed,2024-02-05,CM01,Completed,2024-02-08,2024-02-08,2024-02-08,2024-02-08,0,WORK_COMPLETED,Corrective scope executed and checked.,Instrument replacement,Instrument replacement performed; post-work functional check within tolerance.,TRUE,8.70,7063.49,
N0000427,WO0000254,PLT-RU-UTL-PWT,M-UTL-PWT-01,2024-02-03,3,Maintenance Sensory Route,Utilities - Maintenance Route A,Sensory Route,Motor bearing vibration above baseline.,MOTOR_BEARING_VIBRATION,MOTOR_BEARING_VIBRATION,Electrical,,UTL-ELECTRICAL,Closed,2024-02-03,PM02,Completed,2024-02-26,2024-02-28,2024-02-26,2024-02-28,1,WORK_COMPLETED,Corrective scope executed and checked.,Bearing replacement,Bearing replacement performed; post-work functional check within tolerance.,TRUE,13.93,8982.09,
N0000428,,PLT-FL-WSH-FIL,P-WSH-FIL-01,2024-02-03,3,Maintenance Sensory Route,Washing & Screening - Maintenance Route A,Sensory Route,Elevated vibration at pump bearing housing.,PUMP_BEARING_VIBRATION,PUMP_BEARING_VIBRATION,Mechanical,,WSH-MECHANICAL,Closed,,,,,,,,,OPERATING_CONDITION,Observed response is within the current operating envelope.,Inspection only,Field inspection completed; no corrective maintenance performed.,FALSE,1.77,321.84,
N0000429,,PLT-FL-BLE-CHM,AG-BLE-CHM-01,2024-02-04,2,Maintenance Sensory Route,Bleaching - Maintenance Route A,Sensory Route,Oil sample shows elevated contamination.,OIL_CONTAMINATION,OIL_CONTAMINATION,Lubrication,,BLE-LUBRICATION,Closed,,,,,,,,,NO_DEFECT_FOUND,Inspection could not confirm the reported abnormality.,Inspection only,Field inspection completed; no corrective maintenance performed.,FALSE,0.35,119.05,
N0000430,,PLT-FL-WSH-BSW,FV-WSH-BSW-01,2024-02-04,3,Maintenance Sensory Route,Washing & Screening - Maintenance Route A,Sensory Route,Valve travel sticks during small command changes.,VALVE_STICTION,VALVE_STICTION,Valves,,WSH-VALVES,Closed,,,,,,,,,OPERATING_CONDITION,Observed response is within the current operating envelope.,Inspection only,Field inspection completed; no corrective maintenance performed.,FALSE,1.48,266.11,
N0000431,WO0000255,PLT-RU-CAU-WLC,M-CAU-WLC-01,2024-02-04,3,Condition Monitoring,Causticizing - Condition Monitoring,Predictive Route,Lubricant level below normal mark.,LOW_LUBE_LEVEL,LOW_LUBE_LEVEL,Lubrication,,CAU-LUBRICATION,Closed,2024-02-07,PM02,Completed,2024-03-27,2024-03-27,2024-03-27,2024-03-27,2,WORK_COMPLETED,Corrective scope executed and checked.,Lubrication,Lubrication performed; post-work functional check within tolerance.,TRUE,2.40,1187.90,
N0000432,WO0000256,PLT-RU-LIM-DRV,M-LIM-DRV-01,2024-02-04,3,Operator Route,Lime Kiln - Operations,Sensory Route,Oil condition test indicates degraded lubricant.,OIL_DEGRADATION,OIL_DEGRADATION,Lubrication,,LIM-LUBRICATION,Closed,2024-02-08,PM02,Completed,2024-03-17,2024-03-17,2024-03-17,2024-03-17,1,WORK_COMPLETED,Corrective scope executed and checked.,Lubrication,Lubrication performed; post-work functional check within tolerance.,TRUE,6.92,3889.31,
N0000433,WO0000257,PLT-FL-WSH-BSW,M-WSH-BSW-01,2024-02-04,3,Planned Inspection,Washing & Screening - Inspection,Planned Inspection,Localized heating at electrical connection.,TERMINAL_HEATING,TERMINAL_HEATING,Electrical,,WSH-ELECTRICAL,Closed,2024-02-05,PM02,Completed,2024-04-14,2024-04-16,2024-04-14,2024-04-16,3,WORK_COMPLETED,Corrective scope executed and checked.,Tightening,Tightening performed; post-work functional check within tolerance.,TRUE,5.31,1301.67,
N0000434,WO0000258,PLT-RU-RB-SMT,M-RB-SMT-01,2024-02-05,1,Planned Inspection,Recovery Boiler - Inspection,Planned Inspection,Motor bearing vibration above baseline.,MOTOR_BEARING_VIBRATION,MOTOR_BEARING_VIBRATION,Condition Monitoring,,RB-CONDITION_MONITORING,Closed,2024-02-10,CM01,Completed,2024-02-10,2024-02-12,2024-02-10,2024-02-12,0,WORK_COMPLETED,Corrective scope executed and checked.,Bearing replacement,Bearing replacement performed; post-work functional check within tolerance.,TRUE,19.87,12814.65,
N0000435,WO0000259,PLT-FL-BLE-STW,P-BLE-STW-01,2024-02-05,2,Operator Route,Bleaching - Operations,Sensory Route,Leakage at shaft seal.,SEAL_LEAKAGE,SEAL_LEAKAGE,Condition Monitoring,,BLE-CONDITION_MONITORING,Closed,2024-02-06,PM02,Completed,2024-02-20,2024-02-22,2024-02-20,2024-02-22,1,WORK_COMPLETED,Corrective scope executed and checked.,Seal replacement,Seal replacement performed; post-work functional check within tolerance.,TRUE,7.95,5925.22,
N0000436,,PLT-FL-WSH-KNR,SCR-WSH-KNR-01,2024-02-05,3,Maintenance Sensory Route,Washing & Screening - Maintenance Route A,Sensory Route,Mechanism travel is uneven with elevated resistance.,MECHANICAL_BINDING,MECHANICAL_BINDING,Mechanical,,WSH-MECHANICAL,Closed,,,,,,,,,NO_DEFECT_FOUND,Inspection could not confirm the reported abnormality.,Inspection only,Field inspection completed; no corrective maintenance performed.,FALSE,1.70,321.17,
N0000437,,PLT-FL-WSH-SCR,DPIT-WSH-SCR-01,2024-02-06,3,Maintenance Sensory Route,Washing & Screening - Maintenance Route A,Sensory Route,Indicated value drifts from independent reference.,SIGNAL_DRIFT,SIGNAL_DRIFT,Instrumentation,,WSH-INSTRUMENTATION,Closed,,,,,,,,,NO_DEFECT_FOUND,Inspection could not confirm the reported abnormality.,Inspection only,Field inspection completed; no corrective maintenance performed.,FALSE,0.74,181.26,
N0000438,,PLT-FL-WSH-SCR,P-WSH-SCR-01,2024-02-06,3,Maintenance Sensory Route,Washing & Screening - Maintenance Route A,Sensory Route,Leakage at shaft seal.,SEAL_LEAKAGE,SEAL_LEAKAGE,Mechanical,,WSH-MECHANICAL,Closed,,,,,,,,,OPERATING_CONDITION,Observed response is within the current operating envelope.,Inspection only,Field inspection completed; no corrective maintenance performed.,FALSE,0.74,180.97,
N0000439,WO0000260,PLT-RU-LIM-IDF,M-LIM-IDF-01,2024-02-07,2,Operator Route,Lime Kiln - Operations,Sensory Route,Insulation test trending below reference.,INSULATION_DEGRADATION,INSULATION_DEGRADATION,Electrical,,LIM-ELECTRICAL,Closed,2024-02-10,PM02,Completed,2024-03-20,2024-03-20,2024-03-20,2024-03-20,3,WORK_COMPLETED,Corrective scope executed and checked.,Component replacement,Component replacement performed; post-work functional check within tolerance.,TRUE,18.96,18265.96,
N0000440,,PLT-RU-UTL-PWT,P-UTL-PWT-01,2024-02-07,2,Process Alarm,Utilities - Control Room,Process / Control Monitoring,Bearing temperature trending above baseline.,BEARING_TEMPERATURE,BEARING_TEMPERATURE,Mechanical,,UTL-MECHANICAL,Closed,,,,,,,,,NO_DEFECT_FOUND,Inspection could not confirm the reported abnormality.,Inspection only,Field inspection completed; no corrective maintenance performed.,FALSE,0.58,138.77,
N0000441,WO0000261,PLT-RU-UTL-AIR,M-UTL-AIR-01,2024-02-09,3,Operator Route,Utilities - Operations,Sensory Route,Oil sample shows elevated contamination.,OIL_CONTAMINATION,OIL_CONTAMINATION,Lubrication,,UTL-LUBRICATION,Closed,2024-02-12,PM02,Completed,2024-03-27,2024-03-28,2024-03-27,2024-03-28,0,WORK_COMPLETED,Corrective scope executed and checked.,Lubrication,Lubrication performed; post-work functional check within tolerance.,TRUE,4.39,2245.60,
N0000442,,PLT-FL-WSH-KNR,M-WSH-KNR-01,2024-02-09,3,Maintenance Sensory Route,Washing & Screening - Maintenance Route A,Sensory Route,Localized heating at electrical connection.,TERMINAL_HEATING,TERMINAL_HEATING,Electrical,,WSH-ELECTRICAL,Closed,,,,,,,,,OPERATING_CONDITION,Observed response is within the current operating envelope.,Inspection only,Field inspection completed; no corrective maintenance performed.,FALSE,0.92,169.86,
N0000443,,PLT-FL-WSH-BSW,DRV-WSH-BSW-01,2024-02-10,3,Maintenance Sensory Route,Washing & Screening - Maintenance Route A,Sensory Route,Mechanism travel is uneven with elevated resistance.,MECHANICAL_BINDING,MECHANICAL_BINDING,Mechanical,,WSH-MECHANICAL,Closed,,,,,,,,,OPERATING_CONDITION,Observed response is within the current operating envelope.,Inspection only,Field inspection completed; no corrective maintenance performed.,FALSE,1.18,262.11,
N0000444,WO0000262,PLT-RU-EVA-CON,P-EVA-CON-01,2024-02-11,3,Process Alarm,Evaporation - Control Room,Process / Control Monitoring,Delivered flow below expected operating range.,LOW_FLOW,LOW_FLOW,Mechanical,,EVA-MECHANICAL,Closed,2024-02-11,PM02,Completed,2024-04-08,2024-04-10,2024-04-08,2024-04-10,2,WORK_COMPLETED,Corrective scope executed and checked.,Cleaning,Cleaning performed; post-work functional check within tolerance.,TRUE,7.12,2100.41,
N0000445,,PLT-FL-WSH-BSW,M-WSH-BSW-01,2024-02-12,3,Maintenance Sensory Route,Washing & Screening - Maintenance Route A,Sensory Route,Motor temperature rising at normal load.,MOTOR_OVERHEATING,MOTOR_OVERHEATING,Electrical,,WSH-ELECTRICAL,Closed,,,,,,,,,NO_DEFECT_FOUND,Inspection could not confirm the reported abnormality.,Inspection only,Field inspection completed; no corrective maintenance performed.,FALSE,0.99,200.11,
N0000446,,PLT-RU-CAU-LMH,FV-CAU-LMH-01,2024-02-13,3,Maintenance Sensory Route,Causticizing - Maintenance Route A,Sensory Route,Actuator supply pressure decays while held.,ACTUATOR_LEAKAGE,ACTUATOR_LEAKAGE,Valves,,CAU-VALVES,Closed,,,,,,,,,NO_ACTION_REQUIRED,Notification dispositioned without corrective scope.,Inspection only,Field inspection completed; no corrective maintenance performed.,FALSE,1.42,239.36,
N0000447,WO0000263,PLT-FL-DRY-DRS,TT-DRY-DRS-01,2024-02-14,3,Planned Inspection,Drying - Inspection,Planned Inspection,Indicated value drifts from independent reference.,SIGNAL_DRIFT,SIGNAL_DRIFT,Instrumentation,Automation,DRY-AUTOMATION,Closed,2024-02-14,PM02,Completed,2024-03-27,2024-03-29,2024-03-27,2024-03-29,1,WORK_COMPLETED,Corrective scope executed and checked.,Calibration,Calibration performed; post-work functional check within tolerance.,TRUE,4.75,1400.97,
N0000448,WO0000264,PLT-FL-BLE-CHM,AG-BLE-CHM-01,2024-02-15,3,Planned Inspection,Bleaching - Inspection,Planned Inspection,Rotating assembly shows dominant once-per-revolution vibration.,IMBALANCE,IMBALANCE,Mechanical,,BLE-MECHANICAL,Closed,2024-02-18,PM02,Completed,2024-03-27,2024-03-27,2024-03-27,2024-03-27,0,WORK_COMPLETED,Corrective scope executed and checked.,Adjustment,Adjustment performed; post-work functional check within tolerance.,TRUE,12.41,6143.36,
N0000449,,PLT-RU-UTL-PWT,M-UTL-PWT-01,2024-02-16,3,Maintenance Sensory Route,Utilities - Maintenance Route A,Sensory Route,Insulation test trending below reference.,INSULATION_DEGRADATION,INSULATION_DEGRADATION,Condition Monitoring,,UTL-CONDITION_MONITORING,Closed,,,,,,,,,NO_ACTION_REQUIRED,Notification dispositioned without corrective scope.,Inspection only,Field inspection completed; no corrective maintenance performed.,TRUE,1.60,285.74,
N0000450,,PLT-RU-CAU-GLC,M-CAU-GLC-01,2024-02-18,3,Operator Report,Causticizing - Operations,,Localized heating at electrical connection.,TERMINAL_HEATING,TERMINAL_HEATING,Electrical,,CAU-ELECTRICAL,Closed,,,,,,,,,NO_DEFECT_FOUND,Inspection could not confirm the reported abnormality.,Inspection only,Field inspection completed; no corrective maintenance performed.,FALSE,1.27,225.89,
N0000451,WO0000265,PLT-FL-DRY-PRS,ROLL-DRY-PRS-01,2024-02-18,3,Maintenance Sensory Route,Drying - Maintenance Route A,Sensory Route,Mechanism travel is uneven with elevated resistance.,MECHANICAL_BINDING,MECHANICAL_BINDING,Mechanical,,DRY-MECHANICAL,Closed,2024-02-18,PM02,Completed,2024-03-03,2024-03-05,2024-03-03,2024-03-05,0,WORK_COMPLETED,Corrective scope executed and checked.,Adjustment,Adjustment performed; post-work functional check within tolerance.,TRUE,9.20,3288.60,
N0000452,,PLT-RU-CAU-WLC,FT-CAU-WLC-01,2024-02-20,3,Process Alarm,Causticizing - Control Room,Process / Control Monitoring,Indicated value drifts from independent reference.,SIGNAL_DRIFT,SIGNAL_DRIFT,Instrumentation,,CAU-INSTRUMENTATION,Closed,,,,,,,,,NO_ACTION_REQUIRED,Notification dispositioned without corrective scope.,Inspection only,Field inspection completed; no corrective maintenance performed.,TRUE,1.67,329.02,
N0000453,WO0000266,PLT-RU-CAU-LMH,M-CAU-LMH-01,2024-02-22,2,Maintenance Sensory Route,Causticizing - Maintenance Route A,Sensory Route,Motor temperature rising at normal load.,MOTOR_OVERHEATING,MOTOR_OVERHEATING,Condition Monitoring,,CAU-CONDITION_MONITORING,Closed,2024-02-24,PM02,Completed,2024-03-05,2024-03-07,2024-03-05,2024-03-07,0,WORK_COMPLETED,Corrective scope executed and checked.,Cleaning,Cleaning performed; post-work functional check within tolerance.,TRUE,6.76,1994.54,
N0000454,,PLT-FL-WSH-SCR,SCR-WSH-SCR-01,2024-02-22,3,Maintenance Sensory Route,Washing & Screening - Maintenance Route A,Sensory Route,Process differential pressure above normal operating range.,PROCESS_RESTRICTION,PROCESS_RESTRICTION,Mechanical,,WSH-MECHANICAL,Closed,,,,,,,,,OPERATING_CONDITION,Observed response is within the current operating envelope.,Inspection only,Field inspection completed; no corrective maintenance performed.,FALSE,0.43,127.37,
N0000455,,PLT-RU-RB-SBL,XV-RB-SBL-01,2024-02-22,2,Operator Route,Recovery Boiler - Operations,Sensory Route,Visible leakage at valve packing.,EXTERNAL_LEAKAGE,EXTERNAL_LEAKAGE,Instrumentation,,RB-INSTRUMENTATION,Closed,,,,,,,,,NO_ACTION_REQUIRED,Notification dispositioned without corrective scope.,Inspection only,Field inspection completed; no corrective maintenance performed.,FALSE,1.24,270.93,
N0000456,,PLT-FL-WSH-KNR,XV-WSH-KNR-01,2024-02-22,3,Maintenance Sensory Route,Washing & Screening - Maintenance Route A,Sensory Route,Valve travel sticks during small command changes.,VALVE_STICTION,VALVE_STICTION,Valves,,WSH-VALVES,Closed,,,,,,,,,OPERATING_CONDITION,Observed response is within the current operating envelope.,Inspection only,Field inspection completed; no corrective maintenance performed.,FALSE,1.86,351.42,
N0000457,WO0000267,PLT-RU-UTL-BFW,PT-UTL-BFW-01,2024-02-23,3,Process Alarm,Utilities - Control Room,Process / Control Monitoring,Intermittent signal dropout at stable process conditions.,INTERMITTENT_SIGNAL,INTERMITTENT_SIGNAL,Instrumentation,,UTL-INSTRUMENTATION,Closed,2024-02-25,PM02,Completed,2024-06-08,2024-06-10,2024-06-08,2024-06-10,6,WORK_COMPLETED,Corrective scope executed and checked.,Instrument replacement,Instrument replacement performed; post-work functional check within tolerance.,TRUE,5.53,4485.03,
N0000458,WO0000268,PLT-RU-UTL-BFW,PT-UTL-BFW-01,2024-02-24,3,Maintenance Sensory Route,Utilities - Maintenance Route A,Sensory Route,Indicated value drifts from independent reference.,SIGNAL_DRIFT,SIGNAL_DRIFT,Instrumentation,,UTL-INSTRUMENTATION,Closed,2024-02-29,PM02,Cancelled,2024-03-27,2024-03-27,,,0,CANCELLED,Order cancelled after scope review; no execution recorded.,,,TRUE,1.66,336.48,
N0000459,,PLT-RU-EVA-CIR,PV-EVA-CIR-01,2024-02-26,2,Planned Inspection,Evaporation - Inspection,Planned Inspection,Visible leakage at valve packing.,EXTERNAL_LEAKAGE,EXTERNAL_LEAKAGE,Valves,,EVA-VALVES,Closed,,,,,,,,,NO_DEFECT_FOUND,Inspection could not confirm the reported abnormality.,Inspection only,Field inspection completed; no corrective maintenance performed.,FALSE,0.62,162.92,
N0000460,,PLT-FL-BLE-DOS,FT-BLE-DOS-01,2024-02-27,3,Planned Inspection,Bleaching - Inspection,Planned Inspection,Measured output outside calibration tolerance.,CALIBRATION_DEVIATION,CALIBRATION_DEVIATION,Instrumentation,Automation,BLE-AUTOMATION,Closed,,,,,,,,,NO_DEFECT_FOUND,Inspection could not confirm the reported abnormality.,Inspection only,Field inspection completed; no corrective maintenance performed.,FALSE,1.56,259.32,
N0000461,WO0000269,PLT-FL-BLE-DOS,FV-BLE-DOS-01,2024-02-29,2,Operator Route,Bleaching - Operations,Sensory Route,Valve feedback differs from demanded position.,POSITIONER_DEVIATION,POSITIONER_DEVIATION,Valves,Instrumentation,BLE-INSTRUMENTATION,Closed,2024-02-29,PM02,Completed,2024-03-30,2024-03-30,2024-03-30,2024-03-30,1,WORK_COMPLETED,Corrective scope executed and checked.,Calibration,Calibration performed; post-work functional check within tolerance.,TRUE,3.41,1089.97,
N0000462,WO0000270,PLT-RU-CAU-GLH,M-CAU-GLH-01,2024-02-29,3,Condition Monitoring,Causticizing - Condition Monitoring,Predictive Route,Motor temperature rising at normal load.,MOTOR_OVERHEATING,MOTOR_OVERHEATING,Electrical,,CAU-ELECTRICAL,Closed,2024-02-29,PM02,Completed,2024-03-30,2024-03-31,2024-03-30,2024-03-31,1,WORK_COMPLETED,Corrective scope executed and checked.,Cleaning,Cleaning performed; post-work functional check within tolerance.,TRUE,5.72,1687.24,
N0000463,WO0000271,PLT-FL-WSH-FIL,M-WSH-FIL-01,2024-03-01,3,Condition Monitoring,Washing & Screening - Condition Monitoring,Predictive Route,Localized heating at electrical connection.,TERMINAL_HEATING,TERMINAL_HEATING,Condition Monitoring,,WSH-CONDITION_MONITORING,Closed,2024-03-01,PM02,Completed,2024-04-30,2024-04-30,2024-04-30,2024-04-30,2,WORK_COMPLETED,Corrective scope executed and checked.,Tightening,Tightening performed; post-work functional check within tolerance.,TRUE,3.81,933.93,
N0000464,,PLT-FL-DRY-PRS,DRV-DRY-PRS-01,2024-03-05,3,Maintenance Sensory Route,Drying - Maintenance Route A,Sensory Route,Insulation test trending below reference.,INSULATION_DEGRADATION,INSULATION_DEGRADATION,Electrical,,DRY-ELECTRICAL,Closed,,,,,,,,,NO_ACTION_REQUIRED,Notification dispositioned without corrective scope.,Inspection only,Field inspection completed; no corrective maintenance performed.,FALSE,0.57,172.90,
N0000465,,PLT-RU-CAU-GLC,LT-CAU-GLC-01,2024-03-05,2,Maintenance Sensory Route,Causticizing - Maintenance Route A,Sensory Route,Intermittent signal dropout at stable process conditions.,INTERMITTENT_SIGNAL,INTERMITTENT_SIGNAL,Automation,,CAU-AUTOMATION,Closed,,,,,,,,,OPERATING_CONDITION,Observed response is within the current operating envelope.,Inspection only,Field inspection completed; no corrective maintenance performed.,FALSE,1.35,271.11,
N0000466,WO0000272,PLT-RU-CAU-REA,LT-CAU-REA-01,2024-03-06,1,Breakdown / Corrective,Causticizing - Operations,,Indicated value drifts from independent reference.,SIGNAL_DRIFT,SIGNAL_DRIFT,Instrumentation,,CAU-INSTRUMENTATION,Closed,2024-03-09,CM01,Completed,2024-03-11,2024-03-11,2024-03-11,2024-03-11,0,WORK_COMPLETED,Corrective scope executed and checked.,Calibration,Calibration performed; post-work functional check within tolerance.,TRUE,5.24,1545.01,
N0000467,WO0000273,PLT-RU-EVA-VAC,M-EVA-VAC-01,2024-03-08,2,Operator Report,Evaporation - Operations,,Localized heating at electrical connection.,TERMINAL_HEATING,TERMINAL_HEATING,Electrical,,EVA-ELECTRICAL,Closed,2024-03-10,PM02,Completed,2024-05-01,2024-05-02,2024-05-01,2024-05-02,2,WORK_COMPLETED,Corrective scope executed and checked.,Tightening,Tightening performed; post-work functional check within tolerance.,TRUE,3.75,917.84,
N0000468,,PLT-FL-DIG-BLC,PT-DIG-BLC-01,2024-03-08,2,Operator Report,Digester - Operations,,Measured output outside calibration tolerance.,CALIBRATION_DEVIATION,CALIBRATION_DEVIATION,Instrumentation,,DIG-INSTRUMENTATION,Closed,,,,,,,,,NO_ACTION_REQUIRED,Notification dispositioned without corrective scope.,Inspection only,Field inspection completed; no corrective maintenance performed.,FALSE,0.82,183.96,
N0000469,WO0000274,PLT-RU-RB-BLF,P-RB-BLF-01,2024-03-09,3,Condition Monitoring,Recovery Boiler - Condition Monitoring,Predictive Route,Crackling noise and unstable suction pressure.,CAVITATION,CAVITATION,Mechanical,,RB-MECHANICAL,Closed,2024-03-10,PM02,Completed,2024-04-07,2024-04-07,2024-04-07,2024-04-07,1,WORK_COMPLETED,Corrective scope executed and checked.,Cleaning,Cleaning performed; post-work functional check within tolerance.,TRUE,6.37,1688.26,
N0000470,WO0000275,PLT-RU-RB-AIR,FAN-RB-AIR-01,2024-03-10,3,Condition Monitoring,Recovery Boiler - Condition Monitoring,Predictive Route,Fan bearing vibration trending above baseline.,FAN_BEARING_VIBRATION,FAN_BEARING_VIBRATION,Condition Monitoring,,RB-CONDITION_MONITORING,Closed,2024-03-12,PM02,Completed,2024-04-10,2024-04-12,2024-04-10,2024-04-12,0,WORK_COMPLETED,Corrective scope executed and checked.,Bearing replacement,Bearing replacement performed; post-work functional check within tolerance.,TRUE,15.06,11974.46,
N0000471,WO0000276,PLT-RU-EVA-CON,LT-EVA-CON-01,2024-03-10,3,Process Alarm,Evaporation - Control Room,Process / Control Monitoring,Measured output outside calibration tolerance.,CALIBRATION_DEVIATION,CALIBRATION_DEVIATION,Instrumentation,,EVA-INSTRUMENTATION,Closed,2024-03-10,PM02,Completed,2024-04-09,2024-04-10,2024-04-09,2024-04-10,0,WORK_COMPLETED,Corrective scope executed and checked.,Calibration,Calibration performed; post-work functional check within tolerance.,TRUE,3.87,1141.84,
N0000472,WO0000277,PLT-FL-WSH-BSW,M-WSH-BSW-01,2024-03-11,3,Condition Monitoring,Washing & Screening - Condition Monitoring,Predictive Route,Insulation test trending below reference.,INSULATION_DEGRADATION,INSULATION_DEGRADATION,Electrical,,WSH-ELECTRICAL,Closed,2024-03-14,PM02,Completed,2024-04-05,2024-04-05,2024-04-05,2024-04-05,0,WORK_COMPLETED,Corrective scope executed and checked.,Component replacement,Component replacement performed; post-work functional check within tolerance.,TRUE,18.97,18270.35,
N0000473,WO0000278,PLT-FL-DIG-BLC,PT-DIG-BLC-01,2024-03-11,1,Process Alarm,Digester - Control Room,Process / Control Monitoring,Pressure response delayed during process change.,IMPULSE_LINE_RESTRICTION,IMPULSE_LINE_RESTRICTION,Instrumentation,,DIG-INSTRUMENTATION,Closed,2024-03-14,CM01,Completed,2024-03-17,2024-03-19,2024-03-17,2024-03-19,0,WORK_COMPLETED,Corrective scope executed and checked.,Cleaning,Cleaning performed; post-work functional check within tolerance.,TRUE,6.17,1634.72,
N0000474,,PLT-RU-RB-STM,PT-RB-STM-01,2024-03-12,3,Maintenance Sensory Route,Recovery Boiler - Maintenance Route A,Sensory Route,Indicated value drifts from independent reference.,SIGNAL_DRIFT,SIGNAL_DRIFT,Instrumentation,,RB-INSTRUMENTATION,Closed,,,,,,,,,MONITOR_CONDITION,Condition recorded; continue observation without corrective work.,Inspection only,Field inspection completed; no corrective maintenance performed.,TRUE,0.99,173.92,
N0000475,WO0000279,PLT-FL-BLE-TWR,AG-BLE-TWR-01,2024-03-13,3,Operator Route,Bleaching - Operations,Sensory Route,Mechanism travel is uneven with elevated resistance.,MECHANICAL_BINDING,MECHANICAL_BINDING,Mechanical,,BLE-MECHANICAL,Closed,2024-03-16,PM02,Completed,2024-04-10,2024-04-11,2024-04-10,2024-04-11,0,WORK_COMPLETED,Corrective scope executed and checked.,Adjustment,Adjustment performed; post-work functional check within tolerance.,TRUE,5.25,1877.15,
N0000476,WO0000280,PLT-RU-CAU-WLC,M-CAU-WLC-01,2024-03-15,3,Maintenance Sensory Route,Causticizing - Maintenance Route A,Sensory Route,Insulation test trending below reference.,INSULATION_DEGRADATION,INSULATION_DEGRADATION,Electrical,Lubrication,CAU-LUBRICATION,Closed,2024-03-19,PM02,Completed,2024-05-12,2024-05-13,2024-05-12,2024-05-13,1,WORK_COMPLETED,Corrective scope executed and checked.,Component replacement,Component replacement performed; post-work functional check within tolerance.,TRUE,14.66,14116.33,
N0000477,WO0000281,PLT-RU-LIM-LMF,FT-LIM-LMF-01,2024-03-16,3,Planned Inspection,Lime Kiln - Inspection,Planned Inspection,Measured output outside calibration tolerance.,CALIBRATION_DEVIATION,CALIBRATION_DEVIATION,Instrumentation,,LIM-INSTRUMENTATION,Closed,2024-03-18,PM02,Completed,2024-04-29,2024-05-01,2024-04-29,2024-05-01,2,WORK_COMPLETED,Corrective scope executed and checked.,Calibration,Calibration performed; post-work functional check within tolerance.,TRUE,4.85,1429.60,
N0000478,WO0000282,PLT-RU-LIM-DRV,M-LIM-DRV-01,2024-03-16,2,Operator Route,Lime Kiln - Operations,Sensory Route,Lubricant level below normal mark.,LOW_LUBE_LEVEL,LOW_LUBE_LEVEL,Lubrication,Electrical,LIM-ELECTRICAL,Closed,2024-03-16,PM02,Completed,2024-04-23,2024-04-25,2024-04-23,2024-04-25,2,WORK_COMPLETED,Corrective scope executed and checked.,Lubrication,Lubrication performed; post-work functional check within tolerance.,TRUE,2.09,1035.73,
N0000479,,PLT-FL-DIG-BLC,XV-DIG-BLC-01,2024-03-17,3,Operator Route,Digester - Operations,Sensory Route,Actuator supply pressure decays while held.,ACTUATOR_LEAKAGE,ACTUATOR_LEAKAGE,Valves,,DIG-VALVES,Closed,,,,,,,,,MONITOR_CONDITION,Condition recorded; continue observation without corrective work.,Inspection only,Field inspection completed; no corrective maintenance performed.,TRUE,1.10,230.09,
N0000480,WO0000283,PLT-RU-UTL-ELD,REL-UTL-ELD-01,2024-03-18,2,Maintenance Sensory Route,Utilities - Maintenance Route A,Sensory Route,Control sequence response differs from approved logic.,CONTROL_SEQUENCE_DEVIATION,CONTROL_SEQUENCE_DEVIATION,Electrical,Automation,UTL-AUTOMATION,Closed,2024-03-18,PM02,Completed,2024-05-23,2024-05-25,2024-05-23,2024-05-25,4,WORK_COMPLETED,Corrective scope executed and checked.,Control logic correction,Control logic correction performed; post-work functional check within tolerance.,TRUE,5.70,1680.07,
N0000481,WO0000284,PLT-FL-BLE-DOS,P-BLE-DOS-01,2024-03-20,3,Maintenance Sensory Route,Bleaching - Maintenance Route A,Sensory Route,Delivered flow below expected operating range.,LOW_FLOW,LOW_FLOW,Mechanical,,BLE-MECHANICAL,Closed,2024-03-24,PM02,Completed,2024-04-09,2024-04-11,2024-04-09,2024-04-11,0,WORK_COMPLETED,Corrective scope executed and checked.,Cleaning,Cleaning performed; post-work functional check within tolerance.,TRUE,8.80,2596.14,
N0000482,WO0000285,PLT-FL-DRY-FOR,PT-DRY-FOR-01,2024-03-20,3,Process Alarm,Drying - Control Room,Process / Control Monitoring,Intermittent signal dropout at stable process conditions.,INTERMITTENT_SIGNAL,INTERMITTENT_SIGNAL,Automation,Instrumentation,DRY-INSTRUMENTATION,Closed,2024-03-24,PM02,Completed,2024-04-22,2024-04-22,2024-04-22,2024-04-22,0,WORK_COMPLETED,Corrective scope executed and checked.,Instrument replacement,Instrument replacement performed; post-work functional check within tolerance.,TRUE,8.86,7192.53,
N0000483,WO0000286,PLT-FL-DIG-IMP,FV-DIG-IMP-01,2024-03-21,1,Operator Route,Digester - Operations,Sensory Route,Visible leakage at valve packing.,EXTERNAL_LEAKAGE,EXTERNAL_LEAKAGE,Instrumentation,,DIG-INSTRUMENTATION,Closed,2024-03-21,CM01,Completed,2024-03-22,2024-03-22,2024-03-22,2024-03-22,0,WORK_COMPLETED,Corrective scope executed and checked.,Seal replacement,Seal replacement performed; post-work functional check within tolerance.,TRUE,6.18,3264.62,
N0000484,,PLT-FL-DIG-CHP,XV-DIG-CHP-01,2024-03-21,3,Maintenance Sensory Route,Digester - Maintenance Route A,Sensory Route,Visible leakage at valve packing.,EXTERNAL_LEAKAGE,EXTERNAL_LEAKAGE,Valves,,DIG-VALVES,Closed,,,,,,,,,NO_ACTION_REQUIRED,Notification dispositioned without corrective scope.,Inspection only,Field inspection completed; no corrective maintenance performed.,TRUE,0.68,191.51,
N0000485,WO0000287,PLT-RU-LIM-LMF,FT-LIM-LMF-01,2024-03-22,3,Maintenance Sensory Route,Lime Kiln - Maintenance Route A,Sensory Route,Intermittent signal dropout at stable process conditions.,INTERMITTENT_SIGNAL,INTERMITTENT_SIGNAL,Automation,,LIM-AUTOMATION,Closed,2024-03-26,PM02,Completed,2024-05-04,2024-05-05,2024-05-04,2024-05-05,2,WORK_COMPLETED,Corrective scope executed and checked.,Instrument replacement,Instrument replacement performed; post-work functional check within tolerance.,TRUE,7.33,5951.16,
N0000486,WO0000288,PLT-FL-BLE-DOS,FV-BLE-DOS-01,2024-03-22,2,Maintenance Sensory Route,Bleaching - Maintenance Route A,Sensory Route,Actuator supply pressure decays while held.,ACTUATOR_LEAKAGE,ACTUATOR_LEAKAGE,Valves,,BLE-VALVES,Closed,2024-03-26,PM02,Cancelled,2024-03-30,2024-04-01,,,0,CANCELLED,Order cancelled after scope review; no execution recorded.,,,TRUE,1.24,234.75,
N0000487,,PLT-RU-RB-BLF,P-RB-BLF-01,2024-03-22,3,Operator Report,Recovery Boiler - Operations,,Oil sample shows elevated contamination.,OIL_CONTAMINATION,OIL_CONTAMINATION,Lubrication,,RB-LUBRICATION,Closed,,,,,,,,,MONITOR_CONDITION,Condition recorded; continue observation without corrective work.,Inspection only,Field inspection completed; no corrective maintenance performed.,TRUE,1.38,277.59,
N0000488,,PLT-RU-UTL-STM,PV-UTL-STM-01,2024-03-22,2,Planned Inspection,Utilities - Inspection,Planned Inspection,Valve feedback differs from demanded position.,POSITIONER_DEVIATION,POSITIONER_DEVIATION,Valves,Instrumentation,UTL-INSTRUMENTATION,Closed,,,,,,,,,MONITOR_CONDITION,Condition recorded; continue observation without corrective work.,Inspection only,Field inspection completed; no corrective maintenance performed.,TRUE,0.88,211.96,
N0000489,,PLT-RU-CAU-WLC,AG-CAU-WLC-01,2024-03-24,2,Planned Inspection,Causticizing - Inspection,Planned Inspection,Mechanism travel is uneven with elevated resistance.,MECHANICAL_BINDING,MECHANICAL_BINDING,Mechanical,,CAU-MECHANICAL,Closed,,,,,,,,,MONITOR_CONDITION,Condition recorded; continue observation without corrective work.,Inspection only,Field inspection completed; no corrective maintenance performed.,TRUE,1.86,353.90,
N0000490,,PLT-FL-DIG-CHP,M-DIG-CHP-01,2024-03-24,2,Planned Inspection,Digester - Inspection,Planned Inspection,Motor bearing vibration above baseline.,MOTOR_BEARING_VIBRATION,MOTOR_BEARING_VIBRATION,Electrical,,DIG-ELECTRICAL,Closed,,,,,,,,,OPERATING_CONDITION,Observed response is within the current operating envelope.,Inspection only,Field inspection completed; no corrective maintenance performed.,FALSE,1.36,232.51,
N0000491,WO0000289,PLT-RU-EVA-BLF,FV-EVA-BLF-01,2024-03-25,2,Maintenance Sensory Route,Evaporation - Maintenance Route A,Sensory Route,Valve feedback differs from demanded position.,POSITIONER_DEVIATION,POSITIONER_DEVIATION,Valves,,EVA-VALVES,Closed,2024-03-28,PM02,Completed,2024-04-13,2024-04-13,2024-04-13,2024-04-13,0,MONITOR_CONDITION,Condition recorded; continue observation without corrective work.,Inspection only,Inspected and recorded readings; no component correction performed.,TRUE,0.86,209.12,
N0000492,,PLT-FL-DIG-BLC,PT-DIG-BLC-01,2024-03-25,3,Operator Route,Digester - Operations,Sensory Route,Intermittent signal dropout at stable process conditions.,INTERMITTENT_SIGNAL,INTERMITTENT_SIGNAL,Automation,,DIG-AUTOMATION,Closed,,,,,,,,,NO_DEFECT_FOUND,Inspection could not confirm the reported abnormality.,Inspection only,Field inspection completed; no corrective maintenance performed.,FALSE,1.31,271.10,
N0000493,,PLT-FL-DRY-HYD,PT-DRY-HYD-01,2024-03-25,3,Maintenance Sensory Route,Drying - Maintenance Route A,Sensory Route,Intermittent signal dropout at stable process conditions.,INTERMITTENT_SIGNAL,INTERMITTENT_SIGNAL,Automation,,DRY-AUTOMATION,Closed,,,,,,,,,OPERATING_CONDITION,Observed response is within the current operating envelope.,Inspection only,Field inspection completed; no corrective maintenance performed.,FALSE,1.89,330.88,
N0000494,,PLT-RU-UTL-BFW,FV-UTL-BFW-01,2024-03-26,3,Operator Route,Utilities - Operations,Sensory Route,Visible leakage at valve packing.,EXTERNAL_LEAKAGE,EXTERNAL_LEAKAGE,Valves,,UTL-VALVES,Closed,,,,,,,,,NO_ACTION_REQUIRED,Notification dispositioned without corrective scope.,Inspection only,Field inspection completed; no corrective maintenance performed.,FALSE,0.75,160.28,
N0000495,WO0000290,PLT-RU-UTL-STM,TT-UTL-STM-01,2024-03-26,3,Maintenance Sensory Route,Utilities - Maintenance Route A,Sensory Route,Indicated value drifts from independent reference.,SIGNAL_DRIFT,SIGNAL_DRIFT,Instrumentation,,UTL-INSTRUMENTATION,Closed,2024-03-31,PM02,Completed,2024-04-10,2024-04-11,2024-04-10,2024-04-11,0,NO_DEFECT_FOUND,Inspection could not confirm the reported abnormality.,Inspection only,Inspected and recorded readings; no component correction performed.,FALSE,0.35,111.98,
N0000496,WO0000291,PLT-FL-DIG-CHP,XV-DIG-CHP-01,2024-03-27,2,Process Alarm,Digester - Control Room,Process / Control Monitoring,Actuator supply pressure decays while held.,ACTUATOR_LEAKAGE,ACTUATOR_LEAKAGE,Valves,,DIG-VALVES,Closed,2024-03-29,PM02,Completed,2024-04-14,2024-04-14,2024-04-14,2024-04-14,0,MONITOR_CONDITION,Condition recorded; continue observation without corrective work.,Inspection only,Inspected and recorded readings; no component correction performed.,TRUE,0.73,201.81,
N0000497,WO0000292,PLT-RU-RB-SMT,AG-RB-SMT-01,2024-03-28,3,Maintenance Sensory Route,Recovery Boiler - Maintenance Route A,Sensory Route,Lubricant level below normal mark.,LOW_LUBE_LEVEL,LOW_LUBE_LEVEL,Lubrication,,RB-LUBRICATION,Closed,2024-03-29,PM02,Completed,2024-04-08,2024-04-09,2024-04-08,2024-04-09,0,WORK_COMPLETED,Corrective scope executed and checked.,Lubrication,Lubrication performed; post-work functional check within tolerance.,TRUE,1.88,932.74,
N0000498,WO0000293,PLT-FL-DIG-CIR,M-DIG-CIR-01,2024-03-28,1,Maintenance Sensory Route,Digester - Maintenance Route A,Sensory Route,Lubricant level below normal mark.,LOW_LUBE_LEVEL,LOW_LUBE_LEVEL,Lubrication,,DIG-LUBRICATION,Closed,2024-03-29,CM01,Completed,2024-04-16,2024-04-18,2024-04-16,2024-04-18,1,WORK_COMPLETED,Corrective scope executed and checked.,Lubrication,Lubrication performed; post-work functional check within tolerance.,TRUE,2.77,1370.83,
N0000499,,PLT-RU-CAU-WLC,FV-CAU-WLC-01,2024-03-30,2,Planned Inspection,Causticizing - Inspection,Planned Inspection,Valve travel sticks during small command changes.,VALVE_STICTION,VALVE_STICTION,Valves,,CAU-VALVES,Closed,,,,,,,,,NO_ACTION_REQUIRED,Notification dispositioned without corrective scope.,Inspection only,Field inspection completed; no corrective maintenance performed.,TRUE,0.71,164.09,
N0000500,WO0000294,PLT-RU-RB-FWS,FV-RB-FWS-01,2024-03-30,2,Maintenance Sensory Route,Recovery Boiler - Maintenance Route A,Sensory Route,Valve travel sticks during small command changes.,VALVE_STICTION,VALVE_STICTION,Valves,Instrumentation,RB-INSTRUMENTATION,Closed,2024-04-04,PM02,Completed,2024-05-01,2024-05-01,2024-05-01,2024-05-01,1,WORK_COMPLETED,Corrective scope executed and checked.,Valve overhaul,Valve overhaul performed; post-work functional check within tolerance.,TRUE,18.05,14649.07,
N0000501,WO0000295,PLT-FL-DRY-HYD,HPU-DRY-HYD-01,2024-03-30,2,Planned Inspection,Drying - Inspection,Planned Inspection,Hydraulic header pressure oscillates under steady demand.,HYD_PRESS_INSTABILITY,HYD_PRESS_INSTABILITY,Instrumentation,Hydraulics,DRY-HYDRAULICS,Closed,2024-03-31,PM02,Cancelled,2024-05-14,2024-05-15,,,2,CANCELLED,Order cancelled after scope review; no execution recorded.,,,TRUE,1.69,339.57,
N0000502,WO0000296,PLT-FL-BLE-CHM,P-BLE-CHM-01,2024-03-30,3,Maintenance Sensory Route,Bleaching - Maintenance Route A,Sensory Route,Elevated vibration at pump bearing housing.,PUMP_BEARING_VIBRATION,PUMP_BEARING_VIBRATION,Mechanical,,BLE-MECHANICAL,Closed,2024-03-31,PM02,Completed,2024-05-21,2024-05-23,2024-05-21,2024-05-23,1,WORK_COMPLETED,Corrective scope executed and checked.,Bearing replacement,Bearing replacement performed; post-work functional check within tolerance.,TRUE,14.71,10410.06,
N0000503,WO0000297,PLT-FL-DIG-CIR,P-DIG-CIR-01,2024-03-30,2,Planned Inspection,Digester - Inspection,Planned Inspection,Elevated vibration at pump bearing housing.,PUMP_BEARING_VIBRATION,PUMP_BEARING_VIBRATION,Mechanical,,DIG-MECHANICAL,Closed,2024-04-04,PM02,Completed,2024-05-10,2024-05-10,2024-05-10,2024-05-10,2,MONITOR_CONDITION,Condition recorded; continue observation without corrective work.,Inspection only,Inspected and recorded readings; no component correction performed.,TRUE,1.64,308.82,
N0000504,,PLT-RU-UTL-CWT,PT-UTL-CWT-01,2024-03-30,2,Maintenance Sensory Route,Utilities - Maintenance Route A,Sensory Route,Measured output outside calibration tolerance.,CALIBRATION_DEVIATION,CALIBRATION_DEVIATION,Instrumentation,,UTL-INSTRUMENTATION,Closed,,,,,,,,,NO_ACTION_REQUIRED,Notification dispositioned without corrective scope.,Inspection only,Field inspection completed; no corrective maintenance performed.,TRUE,1.38,233.38,
N0000505,WO0000298,PLT-FL-DIG-DIS,XV-DIG-DIS-01,2024-03-31,3,Maintenance Sensory Route,Digester - Maintenance Route A,Sensory Route,Valve travel sticks during small command changes.,VALVE_STICTION,VALVE_STICTION,Valves,,DIG-VALVES,Closed,2024-04-02,PM02,Completed,2024-06-27,2024-06-29,2024-06-27,2024-06-29,4,WORK_COMPLETED,Corrective scope executed and checked.,Valve overhaul,Valve overhaul performed; post-work functional check within tolerance.,TRUE,18.79,15248.10,
N0000506,WO0000299,PLT-FL-DIG-CHP,CNV-DIG-CHP-01,2024-04-01,3,Condition Monitoring,Digester - Condition Monitoring,Predictive Route,Mechanism travel is uneven with elevated resistance.,MECHANICAL_BINDING,MECHANICAL_BINDING,Condition Monitoring,,DIG-CONDITION_MONITORING,Closed,2024-04-06,PM02,Completed,2024-05-07,2024-05-07,2024-05-07,2024-05-07,2,MONITOR_CONDITION,Condition recorded; continue observation without corrective work.,Inspection only,Inspected and recorded readings; no component correction performed.,TRUE,1.47,303.75,
N0000507,WO0000300,PLT-FL-DRY-FOR,DRV-DRY-FOR-01,2024-04-02,2,Operator Route,Drying - Operations,Sensory Route,Rotating assembly shows dominant once-per-revolution vibration.,IMBALANCE,IMBALANCE,Condition Monitoring,,DRY-CONDITION_MONITORING,Closed,2024-04-02,PM02,Completed,2024-04-18,2024-04-19,2024-04-18,2024-04-19,0,WORK_COMPLETED,Corrective scope executed and checked.,Adjustment,Adjustment performed; post-work functional check within tolerance.,TRUE,9.28,4595.62,
N0000508,,PLT-RU-RB-STM,PV-RB-STM-01,2024-04-02,3,Planned Inspection,Recovery Boiler - Inspection,Planned Inspection,Actuator supply pressure decays while held.,ACTUATOR_LEAKAGE,ACTUATOR_LEAKAGE,Valves,,RB-VALVES,Closed,,,,,,,,,NO_DEFECT_FOUND,Inspection could not confirm the reported abnormality.,Inspection only,Field inspection completed; no corrective maintenance performed.,FALSE,0.79,184.01,
N0000509,,PLT-FL-BLE-CHM,M-BLE-CHM-01,2024-04-03,3,Maintenance Sensory Route,Bleaching - Maintenance Route A,Sensory Route,Insulation test trending below reference.,INSULATION_DEGRADATION,INSULATION_DEGRADATION,Electrical,,BLE-ELECTRICAL,Closed,,,,,,,,,NO_ACTION_REQUIRED,Notification dispositioned without corrective scope.,Inspection only,Field inspection completed; no corrective maintenance performed.,FALSE,1.97,353.79,
N0000510,,PLT-FL-WSH-SCR,M-WSH-SCR-01,2024-04-04,3,Maintenance Sensory Route,Washing & Screening - Maintenance Route A,Sensory Route,Motor temperature rising at normal load.,MOTOR_OVERHEATING,MOTOR_OVERHEATING,Electrical,,WSH-ELECTRICAL,Closed,,,,,,,,,NO_ACTION_REQUIRED,Notification dispositioned without corrective scope.,Inspection only,Field inspection completed; no corrective maintenance performed.,TRUE,1.15,205.59,
N0000511,WO0000301,PLT-FL-BLE-STW,P-BLE-STW-01,2024-04-04,2,Planned Inspection,Bleaching - Inspection,Planned Inspection,Bearing temperature trending above baseline.,BEARING_TEMPERATURE,BEARING_TEMPERATURE,Condition Monitoring,,BLE-CONDITION_MONITORING,Closed,2024-04-05,PM02,Completed,2024-05-02,2024-05-04,2024-05-02,2024-05-04,1,WORK_COMPLETED,Corrective scope executed and checked.,Bearing replacement,Bearing replacement performed; post-work functional check within tolerance.,TRUE,17.19,12317.18,
N0000512,WO0000302,PLT-RU-LIM-LMF,M-LIM-LMF-01,2024-04-05,3,Condition Monitoring,Lime Kiln - Condition Monitoring,Predictive Route,Localized heating at electrical connection.,TERMINAL_HEATING,TERMINAL_HEATING,Condition Monitoring,,LIM-CONDITION_MONITORING,Closed,2024-04-08,PM02,Completed,2024-05-14,2024-05-15,2024-05-14,2024-05-15,1,WORK_COMPLETED,Corrective scope executed and checked.,Tightening,Tightening performed; post-work functional check within tolerance.,TRUE,2.90,711.07,
N0000513,,PLT-RU-CAU-REA,M-CAU-REA-01,2024-04-07,3,Operator Report,Causticizing - Operations,,Motor bearing vibration above baseline.,MOTOR_BEARING_VIBRATION,MOTOR_BEARING_VIBRATION,Electrical,,CAU-ELECTRICAL,Closed,,,,,,,,,NO_ACTION_REQUIRED,Notification dispositioned without corrective scope.,Inspection only,Field inspection completed; no corrective maintenance performed.,FALSE,1.62,325.45,
N0000514,WO0000303,PLT-FL-WSH-KNR,M-WSH-KNR-01,2024-04-09,2,Operator Route,Washing & Screening - Operations,Sensory Route,Motor bearing vibration above baseline.,MOTOR_BEARING_VIBRATION,MOTOR_BEARING_VIBRATION,Electrical,,WSH-ELECTRICAL,Closed,2024-04-14,PM02,Completed,2024-05-03,2024-05-03,2024-05-03,2024-05-03,1,WORK_COMPLETED,Corrective scope executed and checked.,Bearing replacement,Bearing replacement performed; post-work functional check within tolerance.,TRUE,18.19,11729.49,
N0000515,,PLT-RU-UTL-CWT,P-UTL-CWT-01,2024-04-09,2,Condition Monitoring,Utilities - Condition Monitoring,Predictive Route,Delivered flow below expected operating range.,LOW_FLOW,LOW_FLOW,Mechanical,,UTL-MECHANICAL,Closed,,,,,,,,,MONITOR_CONDITION,Condition recorded; continue observation without corrective work.,Inspection only,Field inspection completed; no corrective maintenance performed.,TRUE,1.11,222.39,
N0000516,WO0000304,PLT-RU-UTL-PWT,FV-UTL-PWT-01,2024-04-10,2,Operator Report,Utilities - Operations,,Actuator supply pressure decays while held.,ACTUATOR_LEAKAGE,ACTUATOR_LEAKAGE,Valves,,UTL-VALVES,Closed,2024-04-13,PM02,Completed,2024-05-19,2024-05-21,2024-05-19,2024-05-21,4,MONITOR_CONDITION,Condition recorded; continue observation without corrective work.,Inspection only,Inspected and recorded readings; no component correction performed.,TRUE,0.74,167.16,
N0000517,,PLT-RU-CAU-GLC,LT-CAU-GLC-01,2024-04-10,1,Breakdown / Corrective,Causticizing - Operations,,Measured output outside calibration tolerance.,CALIBRATION_DEVIATION,CALIBRATION_DEVIATION,Instrumentation,,CAU-INSTRUMENTATION,Closed,,,,,,,,,NO_ACTION_REQUIRED,Notification dispositioned without corrective scope.,Inspection only,Field inspection completed; no corrective maintenance performed.,TRUE,1.34,274.96,
N0000518,WO0000305,PLT-RU-EVA-VAC,M-EVA-VAC-01,2024-04-10,2,Planned Inspection,Evaporation - Inspection,Planned Inspection,Motor temperature rising at normal load.,MOTOR_OVERHEATING,MOTOR_OVERHEATING,Electrical,,EVA-ELECTRICAL,Closed,2024-04-10,PM02,Completed,2024-04-27,2024-04-28,2024-04-27,2024-04-28,0,WORK_COMPLETED,Corrective scope executed and checked.,Cleaning,Cleaning performed; post-work functional check within tolerance.,TRUE,6.04,1780.33,
N0000519,WO0000306,PLT-RU-RB-BLF,M-RB-BLF-01,2024-04-11,3,Operator Route,Recovery Boiler - Operations,Sensory Route,Oil sample shows elevated contamination.,OIL_CONTAMINATION,OIL_CONTAMINATION,Lubrication,,RB-LUBRICATION,Closed,2024-04-13,PM02,Completed,2024-06-19,2024-06-21,2024-06-19,2024-06-21,3,WORK_COMPLETED,Corrective scope executed and checked.,Lubrication,Lubrication performed; post-work functional check within tolerance.,TRUE,8.73,4467.72,
N0000520,WO0000307,PLT-FL-DRY-FOR,M-DRY-FOR-01,2024-04-13,1,Breakdown / Corrective,Drying - Operations,,Motor temperature rising at normal load.,MOTOR_OVERHEATING,MOTOR_OVERHEATING,Electrical,,DRY-ELECTRICAL,Closed,2024-04-17,CM01,Completed,2024-04-19,2024-04-19,2024-04-19,2024-04-19,0,WORK_COMPLETED,Corrective scope executed and checked.,Cleaning,Cleaning performed; post-work functional check within tolerance.,TRUE,6.86,2024.29,
N0000521,WO0000308,PLT-RU-UTL-CWT,M-UTL-CWT-01,2024-04-13,2,Process Alarm,Utilities - Control Room,Process / Control Monitoring,Lubricant level below normal mark.,LOW_LUBE_LEVEL,LOW_LUBE_LEVEL,Lubrication,,UTL-LUBRICATION,Closed,2024-04-15,PM02,Completed,2024-04-29,2024-04-30,2024-04-29,2024-04-30,0,WORK_COMPLETED,Corrective scope executed and checked.,Lubrication,Lubrication performed; post-work functional check within tolerance.,TRUE,1.54,763.71,
N0000522,,PLT-FL-BLE-STW,DPIT-BLE-STW-01,2024-04-15,3,Operator Report,Bleaching - Operations,,Measured output outside calibration tolerance.,CALIBRATION_DEVIATION,CALIBRATION_DEVIATION,Instrumentation,,BLE-INSTRUMENTATION,Closed,,,,,,,,,NO_ACTION_REQUIRED,Notification dispositioned without corrective scope.,Inspection only,Field inspection completed; no corrective maintenance performed.,TRUE,1.17,244.75,
N0000523,WO0000309,PLT-RU-UTL-ELD,MCC-UTL-ELD-01,2024-04-16,2,Operator Report,Utilities - Operations,,Insulation test trending below reference.,INSULATION_DEGRADATION,INSULATION_DEGRADATION,Electrical,,UTL-ELECTRICAL,Closed,2024-04-19,PM02,Completed,2024-05-06,2024-05-06,2024-05-06,2024-05-06,1,WORK_COMPLETED,Corrective scope executed and checked.,Component replacement,Component replacement performed; post-work functional check within tolerance.,TRUE,22.39,21564.72,
N0000524,WO0000310,PLT-RU-CAU-SLK,TT-CAU-SLK-01,2024-04-16,3,Maintenance Sensory Route,Causticizing - Maintenance Route A,Sensory Route,Measured output outside calibration tolerance.,CALIBRATION_DEVIATION,CALIBRATION_DEVIATION,Instrumentation,Automation,CAU-AUTOMATION,Closed,2024-04-20,PM02,Completed,2024-05-20,2024-05-22,2024-05-20,2024-05-22,0,WORK_COMPLETED,Corrective scope executed and checked.,Calibration,Calibration performed; post-work functional check within tolerance.,TRUE,3.03,894.64,
N0000525,,PLT-RU-LIM-DRV,DRV-LIM-DRV-01,2024-04-17,2,Planned Inspection,Lime Kiln - Inspection,Planned Inspection,Mechanism travel is uneven with elevated resistance.,MECHANICAL_BINDING,MECHANICAL_BINDING,Mechanical,,LIM-MECHANICAL,Closed,,,,,,,,,NO_ACTION_REQUIRED,Notification dispositioned without corrective scope.,Inspection only,Field inspection completed; no corrective maintenance performed.,TRUE,0.91,204.74,
N0000526,,PLT-RU-UTL-BFW,FV-UTL-BFW-01,2024-04-17,3,Process Alarm,Utilities - Control Room,Process / Control Monitoring,Valve travel sticks during small command changes.,VALVE_STICTION,VALVE_STICTION,Valves,,UTL-VALVES,Closed,,,,,,,,,NO_ACTION_REQUIRED,Notification dispositioned without corrective scope.,Inspection only,Field inspection completed; no corrective maintenance performed.,TRUE,0.37,140.85,
N0000527,WO0000311,PLT-FL-WSH-FIL,M-WSH-FIL-01,2024-04-17,2,Operator Report,Washing & Screening - Operations,,Motor bearing vibration above baseline.,MOTOR_BEARING_VIBRATION,MOTOR_BEARING_VIBRATION,Electrical,,WSH-ELECTRICAL,Closed,2024-04-20,PM02,Completed,2024-05-16,2024-05-16,2024-05-16,2024-05-16,1,WORK_COMPLETED,Corrective scope executed and checked.,Bearing replacement,Bearing replacement performed; post-work functional check within tolerance.,TRUE,12.54,8085.26,
N0000528,,PLT-RU-CAU-GLC,AG-CAU-GLC-01,2024-04-18,2,Process Alarm,Causticizing - Control Room,Process / Control Monitoring,Bearing temperature trending above baseline.,BEARING_TEMPERATURE,BEARING_TEMPERATURE,Mechanical,,CAU-MECHANICAL,Closed,,,,,,,,,NO_DEFECT_FOUND,Inspection could not confirm the reported abnormality.,Inspection only,Field inspection completed; no corrective maintenance performed.,FALSE,1.10,191.94,
N0000529,WO0000312,PLT-RU-CAU-WLC,AG-CAU-WLC-01,2024-04-18,2,Process Alarm,Causticizing - Control Room,Process / Control Monitoring,Oil condition test indicates degraded lubricant.,OIL_DEGRADATION,OIL_DEGRADATION,Lubrication,,CAU-LUBRICATION,Closed,2024-04-18,PM02,Cancelled,2024-05-01,2024-05-01,,,1,CANCELLED,Order cancelled after scope review; no execution recorded.,,,TRUE,1.55,286.82,
N0000530,WO0000313,PLT-RU-EVA-VAC,PT-EVA-VAC-01,2024-04-18,3,Process Alarm,Evaporation - Control Room,Process / Control Monitoring,Intermittent signal dropout at stable process conditions.,INTERMITTENT_SIGNAL,INTERMITTENT_SIGNAL,Instrumentation,Automation,EVA-AUTOMATION,Closed,2024-04-23,PM02,Completed,2024-06-25,2024-06-27,2024-06-25,2024-06-27,3,WORK_COMPLETED,Corrective scope executed and checked.,Instrument replacement,Instrument replacement performed; post-work functional check within tolerance.,TRUE,6.13,4977.93,
N0000531,WO0000314,PLT-FL-WSH-SCR,DPIT-WSH-SCR-01,2024-04-19,1,Breakdown / Corrective,Washing & Screening - Operations,,Intermittent signal dropout at stable process conditions.,INTERMITTENT_SIGNAL,INTERMITTENT_SIGNAL,Automation,,WSH-AUTOMATION,Closed,2024-04-24,CM01,Completed,2024-04-27,2024-04-29,2024-04-27,2024-04-29,0,WORK_COMPLETED,Corrective scope executed and checked.,Instrument replacement,Instrument replacement performed; post-work functional check within tolerance.,TRUE,5.14,4172.57,
N0000532,WO0000315,PLT-FL-DIG-DIS,P-DIG-DIS-01,2024-04-19,2,Maintenance Sensory Route,Digester - Maintenance Route A,Sensory Route,Bearing temperature trending above baseline.,BEARING_TEMPERATURE,BEARING_TEMPERATURE,Mechanical,,DIG-MECHANICAL,Closed,2024-04-20,PM02,Completed,2024-05-04,2024-05-04,2024-05-04,2024-05-04,0,WORK_COMPLETED,Corrective scope executed and checked.,Bearing replacement,Bearing replacement performed; post-work functional check within tolerance.,TRUE,17.28,12378.04,
N0000533,WO0000316,PLT-FL-DIG-CHP,M-DIG-CHP-01,2024-04-21,2,Operator Report,Digester - Operations,,Motor temperature rising at normal load.,MOTOR_OVERHEATING,MOTOR_OVERHEATING,Electrical,,DIG-ELECTRICAL,Closed,2024-04-21,PM02,Completed,2024-05-01,2024-05-01,2024-05-01,2024-05-01,0,WORK_COMPLETED,Corrective scope executed and checked.,Cleaning,Cleaning performed; post-work functional check within tolerance.,TRUE,7.59,2239.47,
N0000534,WO0000317,PLT-RU-CAU-WLC,M-CAU-WLC-01,2024-04-22,3,Condition Monitoring,Causticizing - Condition Monitoring,Predictive Route,Motor temperature rising at normal load.,MOTOR_OVERHEATING,MOTOR_OVERHEATING,Electrical,,CAU-ELECTRICAL,Closed,2024-04-23,PM02,Completed,2024-05-30,2024-05-30,2024-05-30,2024-05-30,3,WORK_COMPLETED,Corrective scope executed and checked.,Cleaning,Cleaning performed; post-work functional check within tolerance.,TRUE,4.90,1444.17,
N0000535,WO0000318,PLT-FL-DRY-PRS,PT-DRY-PRS-01,2024-04-22,3,Maintenance Sensory Route,Drying - Maintenance Route A,Sensory Route,Indicated value drifts from independent reference.,SIGNAL_DRIFT,SIGNAL_DRIFT,Instrumentation,,DRY-INSTRUMENTATION,Closed,2024-04-25,PM02,Completed,2024-05-18,2024-05-20,2024-05-18,2024-05-20,0,WORK_COMPLETED,Corrective scope executed and checked.,Calibration,Calibration performed; post-work functional check within tolerance.,TRUE,5.32,1567.98,
N0000536,WO0000319,PLT-RU-RB-BLF,M-RB-BLF-01,2024-04-23,1,Breakdown / Corrective,Recovery Boiler - Operations,,Motor bearing vibration above baseline.,MOTOR_BEARING_VIBRATION,MOTOR_BEARING_VIBRATION,Electrical,,RB-ELECTRICAL,Closed,2024-04-24,CM01,Completed,2024-04-26,2024-04-28,2024-04-26,2024-04-28,0,WORK_COMPLETED,Corrective scope executed and checked.,Bearing replacement,Bearing replacement performed; post-work functional check within tolerance.,TRUE,16.28,10501.79,
N0000537,WO0000320,PLT-FL-DRY-SHT,ENC-DRY-SHT-01,2024-04-25,2,Operator Report,Drying - Operations,,Indicated value drifts from independent reference.,SIGNAL_DRIFT,SIGNAL_DRIFT,Instrumentation,,DRY-INSTRUMENTATION,Closed,2024-04-29,PM02,Completed,2024-06-02,2024-06-04,2024-06-02,2024-06-04,1,WORK_COMPLETED,Corrective scope executed and checked.,Calibration,Calibration performed; post-work functional check within tolerance.,TRUE,4.73,1395.18,
N0000538,,PLT-RU-RB-SBL,SBL-RB-SBL-01,2024-04-25,3,Maintenance Sensory Route,Recovery Boiler - Maintenance Route A,Sensory Route,Mechanism travel is uneven with elevated resistance.,MECHANICAL_BINDING,MECHANICAL_BINDING,Instrumentation,Mechanical,RB-MECHANICAL,Closed,,,,,,,,,NO_DEFECT_FOUND,Inspection could not confirm the reported abnormality.,Inspection only,Field inspection completed; no corrective maintenance performed.,FALSE,0.85,174.25,
N0000539,WO0000321,PLT-RU-LIM-IDF,FAN-LIM-IDF-01,2024-04-26,3,Operator Report,Lime Kiln - Operations,,Fan bearing vibration trending above baseline.,FAN_BEARING_VIBRATION,FAN_BEARING_VIBRATION,Mechanical,,LIM-MECHANICAL,Closed,2024-04-26,PM02,Completed,2024-05-28,2024-05-30,2024-05-28,2024-05-30,0,WORK_COMPLETED,Corrective scope executed and checked.,Bearing replacement,Bearing replacement performed; post-work functional check within tolerance.,TRUE,29.25,23250.58,
N0000540,,PLT-RU-CAU-LMH,M-CAU-LMH-01,2024-04-27,3,Planned Inspection,Causticizing - Inspection,Planned Inspection,Localized heating at electrical connection.,TERMINAL_HEATING,TERMINAL_HEATING,Condition Monitoring,,CAU-CONDITION_MONITORING,Closed,,,,,,,,,MONITOR_CONDITION,Condition recorded; continue observation without corrective work.,Inspection only,Field inspection completed; no corrective maintenance performed.,TRUE,0.31,119.71,
N0000541,WO0000322,PLT-FL-DRY-FOR,P-DRY-FOR-01,2024-04-27,3,Condition Monitoring,Drying - Condition Monitoring,Predictive Route,Delivered flow below expected operating range.,LOW_FLOW,LOW_FLOW,Mechanical,,DRY-MECHANICAL,Closed,2024-04-29,PM02,Completed,2024-07-09,2024-07-10,2024-07-09,2024-07-10,3,WORK_COMPLETED,Corrective scope executed and checked.,Cleaning,Cleaning performed; post-work functional check within tolerance.,TRUE,5.23,1542.76,
N0000542,WO0000323,PLT-RU-RB-SBL,SBL-RB-SBL-01,2024-04-28,3,Planned Inspection,Recovery Boiler - Inspection,Planned Inspection,Process differential pressure above normal operating range.,PROCESS_RESTRICTION,PROCESS_RESTRICTION,Instrumentation,,RB-INSTRUMENTATION,Closed,2024-04-28,PM02,Completed,2024-05-27,2024-05-29,2024-05-27,2024-05-29,0,WORK_COMPLETED,Corrective scope executed and checked.,Cleaning,Cleaning performed; post-work functional check within tolerance.,TRUE,9.34,2941.76,
N0000543,WO0000324,PLT-RU-UTL-AIR,DRY-UTL-AIR-01,2024-05-02,1,Operator Report,Utilities - Operations,,Mechanism travel is uneven with elevated resistance.,MECHANICAL_BINDING,MECHANICAL_BINDING,Mechanical,,UTL-MECHANICAL,Closed,2024-05-02,CM01,Completed,2024-05-14,2024-05-16,2024-05-14,2024-05-16,1,WORK_COMPLETED,Corrective scope executed and checked.,Adjustment,Adjustment performed; post-work functional check within tolerance.,TRUE,9.26,3310.30,
N0000544,WO0000325,PLT-RU-RB-BLF,FV-RB-BLF-01,2024-05-04,2,Maintenance Sensory Route,Recovery Boiler - Maintenance Route A,Sensory Route,Actuator supply pressure decays while held.,ACTUATOR_LEAKAGE,ACTUATOR_LEAKAGE,Valves,,RB-VALVES,Closed,2024-05-05,PM02,Completed,2024-06-08,2024-06-09,2024-06-08,2024-06-09,2,MONITOR_CONDITION,Condition recorded; continue observation without corrective work.,Inspection only,Inspected and recorded readings; no component correction performed.,TRUE,1.44,261.76,
N0000545,WO0000326,PLT-RU-LIM-DRV,GB-LIM-DRV-01,2024-05-04,3,Maintenance Sensory Route,Lime Kiln - Maintenance Route A,Sensory Route,Oil condition test indicates degraded lubricant.,OIL_DEGRADATION,OIL_DEGRADATION,Lubrication,,LIM-LUBRICATION,Closed,2024-05-05,PM02,Completed,2024-05-29,2024-05-29,2024-05-29,2024-05-29,1,WORK_COMPLETED,Corrective scope executed and checked.,Lubrication,Lubrication performed; post-work functional check within tolerance.,TRUE,6.02,3378.67,
N0000546,,PLT-FL-DIG-IMP,M-DIG-IMP-01,2024-05-04,3,Maintenance Sensory Route,Digester - Maintenance Route A,Sensory Route,Motor bearing vibration above baseline.,MOTOR_BEARING_VIBRATION,MOTOR_BEARING_VIBRATION,Electrical,,DIG-ELECTRICAL,Closed,,,,,,,,,NO_ACTION_REQUIRED,Notification dispositioned without corrective scope.,Inspection only,Field inspection completed; no corrective maintenance performed.,FALSE,0.79,163.30,
N0000547,,PLT-RU-EVA-CIR,P-EVA-CIR-01,2024-05-04,3,Operator Route,Evaporation - Operations,Sensory Route,Bearing temperature trending above baseline.,BEARING_TEMPERATURE,BEARING_TEMPERATURE,Mechanical,Lubrication,EVA-LUBRICATION,Closed,,,,,,,,,MONITOR_CONDITION,Condition recorded; continue observation without corrective work.,Inspection only,Field inspection completed; no corrective maintenance performed.,TRUE,1.91,315.59,
N0000548,WO0000327,PLT-RU-RB-STM,TT-RB-STM-01,2024-05-04,1,Maintenance Sensory Route,Recovery Boiler - Maintenance Route A,Sensory Route,Intermittent signal dropout at stable process conditions.,INTERMITTENT_SIGNAL,INTERMITTENT_SIGNAL,Automation,,RB-AUTOMATION,Closed,2024-05-06,CM01,Completed,2024-05-18,2024-05-19,2024-05-18,2024-05-19,1,WORK_COMPLETED,Corrective scope executed and checked.,Instrument replacement,Instrument replacement performed; post-work functional check within tolerance.,TRUE,6.71,5448.48,
N0000549,,PLT-RU-RB-AIR,M-RB-AIR-01,2024-05-06,3,Condition Monitoring,Recovery Boiler - Condition Monitoring,Predictive Route,Oil condition test indicates degraded lubricant.,OIL_DEGRADATION,OIL_DEGRADATION,Lubrication,Electrical,RB-ELECTRICAL,Closed,,,,,,,,,MONITOR_CONDITION,Condition recorded; continue observation without corrective work.,Inspection only,Field inspection completed; no corrective maintenance performed.,TRUE,1.24,222.45,
N0000550,WO0000328,PLT-RU-UTL-ELD,CB-UTL-ELD-01,2024-05-07,3,Planned Inspection,Utilities - Inspection,Planned Inspection,Localized heating at electrical connection.,TERMINAL_HEATING,TERMINAL_HEATING,Electrical,,UTL-ELECTRICAL,Closed,2024-05-07,PM02,Completed,2024-05-29,2024-05-31,2024-05-29,2024-05-31,0,WORK_COMPLETED,Corrective scope executed and checked.,Tightening,Tightening performed; post-work functional check within tolerance.,TRUE,3.83,938.05,
N0000551,,PLT-FL-DRY-DRS,M-DRY-DRS-01,2024-05-08,2,Operator Route,Drying - Operations,Sensory Route,Localized heating at electrical connection.,TERMINAL_HEATING,TERMINAL_HEATING,Electrical,,DRY-ELECTRICAL,Closed,,,,,,,,,OPERATING_CONDITION,Observed response is within the current operating envelope.,Inspection only,Field inspection completed; no corrective maintenance performed.,FALSE,1.64,277.25,
N0000552,,PLT-RU-RB-FWS,FV-RB-FWS-01,2024-05-10,3,Operator Report,Recovery Boiler - Operations,,Actuator supply pressure decays while held.,ACTUATOR_LEAKAGE,ACTUATOR_LEAKAGE,Valves,,RB-VALVES,Closed,,,,,,,,,MONITOR_CONDITION,Condition recorded; continue observation without corrective work.,Inspection only,Field inspection completed; no corrective maintenance performed.,TRUE,1.40,251.61,
N0000553,WO0000329,PLT-FL-DIG-CIR,TT-DIG-CIR-01,2024-05-10,3,Operator Report,Digester - Operations,,Control sequence response differs from approved logic.,CONTROL_SEQUENCE_DEVIATION,CONTROL_SEQUENCE_DEVIATION,Automation,,DIG-AUTOMATION,Closed,2024-05-12,PM02,Cancelled,2024-06-14,2024-06-16,,,1,CANCELLED,Order cancelled after scope review; no execution recorded.,,,TRUE,0.88,197.39,
N0000554,,PLT-RU-LIM-BRN,FT-LIM-BRN-01,2024-05-11,3,Operator Report,Lime Kiln - Operations,,Intermittent signal dropout at stable process conditions.,INTERMITTENT_SIGNAL,INTERMITTENT_SIGNAL,Automation,,LIM-AUTOMATION,Closed,,,,,,,,,NO_ACTION_REQUIRED,Notification dispositioned without corrective scope.,Inspection only,Field inspection completed; no corrective maintenance performed.,TRUE,1.03,205.14,
N0000555,WO0000330,PLT-FL-BLE-TWR,M-BLE-TWR-01,2024-05-11,2,Condition Monitoring,Bleaching - Condition Monitoring,Predictive Route,Motor temperature rising at normal load.,MOTOR_OVERHEATING,MOTOR_OVERHEATING,Electrical,,BLE-ELECTRICAL,Closed,2024-05-13,PM02,Completed,2024-05-25,2024-05-26,2024-05-25,2024-05-26,0,WORK_COMPLETED,Corrective scope executed and checked.,Cleaning,Cleaning performed; post-work functional check within tolerance.,TRUE,7.14,2105.58,
N0000556,WO0000331,PLT-RU-CAU-LMH,P-CAU-LMH-01,2024-05-11,1,Planned Inspection,Causticizing - Inspection,Planned Inspection,Elevated vibration at pump bearing housing.,PUMP_BEARING_VIBRATION,PUMP_BEARING_VIBRATION,Mechanical,,CAU-MECHANICAL,Closed,2024-05-13,CM01,Completed,2024-05-14,2024-05-15,2024-05-14,2024-05-15,0,WORK_COMPLETED,Corrective scope executed and checked.,Bearing replacement,Bearing replacement performed; post-work functional check within tolerance.,TRUE,23.95,16943.18,
N0000557,,PLT-RU-CAU-REA,AG-CAU-REA-01,2024-05-12,2,Maintenance Sensory Route,Causticizing - Maintenance Route A,Sensory Route,Mechanism travel is uneven with elevated resistance.,MECHANICAL_BINDING,MECHANICAL_BINDING,Mechanical,,CAU-MECHANICAL,Closed,,,,,,,,,NO_ACTION_REQUIRED,Notification dispositioned without corrective scope.,Inspection only,Field inspection completed; no corrective maintenance performed.,TRUE,0.66,134.36,
N0000558,,PLT-FL-DIG-CIR,PT-DIG-CIR-01,2024-05-12,2,Maintenance Sensory Route,Digester - Maintenance Route A,Sensory Route,Indicated value drifts from independent reference.,SIGNAL_DRIFT,SIGNAL_DRIFT,Instrumentation,,DIG-INSTRUMENTATION,Closed,,,,,,,,,MONITOR_CONDITION,Condition recorded; continue observation without corrective work.,Inspection only,Field inspection completed; no corrective maintenance performed.,TRUE,1.94,359.67,
N0000559,WO0000332,PLT-RU-LIM-BRN,BRN-LIM-BRN-01,2024-05-15,3,Maintenance Sensory Route,Lime Kiln - Maintenance Route A,Sensory Route,Process differential pressure above normal operating range.,PROCESS_RESTRICTION,PROCESS_RESTRICTION,Valves,,LIM-VALVES,Closed,2024-05-20,PM02,Completed,2024-07-20,2024-07-22,2024-07-20,2024-07-22,1,MONITOR_CONDITION,Condition recorded; continue observation without corrective work.,Inspection only,Inspected and recorded readings; no component correction performed.,TRUE,0.62,147.93,
N0000560,WO0000333,PLT-RU-CAU-GLH,M-CAU-GLH-01,2024-05-15,3,Operator Route,Causticizing - Operations,Sensory Route,Insulation test trending below reference.,INSULATION_DEGRADATION,INSULATION_DEGRADATION,Electrical,,CAU-ELECTRICAL,Closed,2024-05-20,PM02,Completed,2024-07-18,2024-07-19,2024-07-18,2024-07-19,2,WORK_COMPLETED,Corrective scope executed and checked.,Component replacement,Component replacement performed; post-work functional check within tolerance.,TRUE,27.49,26475.20,
N0000561,WO0000334,PLT-FL-DIG-CIR,TT-DIG-CIR-01,2024-05-16,3,Operator Route,Digester - Operations,Sensory Route,Intermittent signal dropout at stable process conditions.,INTERMITTENT_SIGNAL,INTERMITTENT_SIGNAL,Automation,,DIG-AUTOMATION,Closed,2024-05-20,PM02,Completed,2024-06-23,2024-06-23,2024-06-23,2024-06-23,1,WORK_COMPLETED,Corrective scope executed and checked.,Instrument replacement,Instrument replacement performed; post-work functional check within tolerance.,TRUE,6.78,5501.10,
N0000562,WO0000335,PLT-FL-DRY-LUB,PT-DRY-LUB-01,2024-05-17,1,Maintenance Sensory Route,Drying - Maintenance Route A,Sensory Route,Measured output outside calibration tolerance.,CALIBRATION_DEVIATION,CALIBRATION_DEVIATION,Instrumentation,,DRY-INSTRUMENTATION,Closed,2024-05-20,CM01,Completed,2024-05-21,2024-05-22,2024-05-21,2024-05-22,0,WORK_COMPLETED,Corrective scope executed and checked.,Calibration,Calibration performed; post-work functional check within tolerance.,TRUE,3.77,1112.69,
N0000563,WO0000336,PLT-FL-DIG-DIS,P-DIG-DIS-01,2024-05-18,2,Operator Report,Digester - Operations,,Elevated vibration at pump bearing housing.,PUMP_BEARING_VIBRATION,PUMP_BEARING_VIBRATION,Mechanical,Lubrication,DIG-LUBRICATION,Closed,2024-05-23,PM02,Completed,2024-07-22,2024-07-22,2024-07-22,2024-07-22,3,WORK_COMPLETED,Corrective scope executed and checked.,Bearing replacement,Bearing replacement performed; post-work functional check within tolerance.,TRUE,15.74,11135.53,
N0000564,,PLT-RU-RB-BLF,M-RB-BLF-01,2024-05-19,3,Operator Route,Recovery Boiler - Operations,Sensory Route,Lubricant level below normal mark.,LOW_LUBE_LEVEL,LOW_LUBE_LEVEL,Lubrication,,RB-LUBRICATION,Closed,,,,,,,,,MONITOR_CONDITION,Condition recorded; continue observation without corrective work.,Inspection only,Field inspection completed; no corrective maintenance performed.,TRUE,0.32,100.41,
N0000565,,PLT-RU-UTL-ELD,MCC-UTL-ELD-01,2024-05-19,3,Planned Inspection,Utilities - Inspection,Planned Inspection,Control sequence response differs from approved logic.,CONTROL_SEQUENCE_DEVIATION,CONTROL_SEQUENCE_DEVIATION,Electrical,,UTL-ELECTRICAL,Closed,,,,,,,,,OPERATING_CONDITION,Observed response is within the current operating envelope.,Inspection only,Field inspection completed; no corrective maintenance performed.,FALSE,0.49,131.00,
N0000566,WO0000337,PLT-RU-CAU-GLC,P-CAU-GLC-01,2024-05-19,3,Planned Inspection,Causticizing - Inspection,Planned Inspection,Bearing temperature trending above baseline.,BEARING_TEMPERATURE,BEARING_TEMPERATURE,Mechanical,,CAU-MECHANICAL,Closed,2024-05-22,PM02,Completed,2024-06-19,2024-06-21,2024-06-19,2024-06-21,1,WORK_COMPLETED,Corrective scope executed and checked.,Bearing replacement,Bearing replacement performed; post-work functional check within tolerance.,TRUE,16.80,12032.80,
N0000567,WO0000338,PLT-FL-BLE-STW,DPIT-BLE-STW-01,2024-05-20,2,Operator Route,Bleaching - Operations,Sensory Route,Intermittent signal dropout at stable process conditions.,INTERMITTENT_SIGNAL,INTERMITTENT_SIGNAL,Automation,,BLE-AUTOMATION,Closed,2024-05-21,PM02,Completed,2024-05-31,2024-06-02,2024-05-31,2024-06-02,1,WORK_COMPLETED,Corrective scope executed and checked.,Instrument replacement,Instrument replacement performed; post-work functional check within tolerance.,TRUE,7.83,6353.79,
N0000568,WO0000339,PLT-RU-RB-BLF,FT-RB-BLF-01,2024-05-21,2,Operator Route,Recovery Boiler - Operations,Sensory Route,Intermittent signal dropout at stable process conditions.,INTERMITTENT_SIGNAL,INTERMITTENT_SIGNAL,Instrumentation,Automation,RB-AUTOMATION,Closed,2024-05-23,PM02,Completed,2024-06-07,2024-06-07,2024-06-07,2024-06-07,0,WORK_COMPLETED,Corrective scope executed and checked.,Instrument replacement,Instrument replacement performed; post-work functional check within tolerance.,TRUE,6.07,4928.36,
N0000569,WO0000340,PLT-FL-DIG-CIR,FV-DIG-CIR-01,2024-05-21,2,Operator Report,Digester - Operations,,Valve travel sticks during small command changes.,VALVE_STICTION,VALVE_STICTION,Instrumentation,,DIG-INSTRUMENTATION,Closed,2024-05-23,PM02,Cancelled,2024-05-29,2024-05-29,,,0,CANCELLED,Order cancelled after scope review; no execution recorded.,,,TRUE,1.48,299.87,
N0000570,,PLT-FL-DIG-CHP,ZS-DIG-CHP-01,2024-05-21,3,Process Alarm,Digester - Control Room,Process / Control Monitoring,Intermittent signal dropout at stable process conditions.,INTERMITTENT_SIGNAL,INTERMITTENT_SIGNAL,Instrumentation,,DIG-INSTRUMENTATION,Closed,,,,,,,,,NO_DEFECT_FOUND,Inspection could not confirm the reported abnormality.,Inspection only,Field inspection completed; no corrective maintenance performed.,FALSE,1.04,237.92,
N0000571,WO0000341,PLT-FL-DRY-DRS,FAN-DRY-DRS-01,2024-05-22,3,Process Alarm,Drying - Control Room,Process / Control Monitoring,Bearing temperature trending above baseline.,BEARING_TEMPERATURE,BEARING_TEMPERATURE,Condition Monitoring,,DRY-CONDITION_MONITORING,Closed,2024-05-24,PM02,Completed,2024-06-28,2024-06-29,2024-06-28,2024-06-29,0,WORK_COMPLETED,Corrective scope executed and checked.,Bearing replacement,Bearing replacement performed; post-work functional check within tolerance.,TRUE,11.29,8086.19,
N0000572,,PLT-FL-DRY-PRS,ROLL-DRY-PRS-01,2024-05-22,3,Operator Route,Drying - Operations,Sensory Route,Bearing temperature trending above baseline.,BEARING_TEMPERATURE,BEARING_TEMPERATURE,Mechanical,,DRY-MECHANICAL,Closed,,,,,,,,,NO_ACTION_REQUIRED,Notification dispositioned without corrective scope.,Inspection only,Field inspection completed; no corrective maintenance performed.,FALSE,1.85,366.30,
N0000573,WO0000342,PLT-FL-DIG-DIS,M-DIG-DIS-01,2024-05-24,1,Condition Monitoring,Digester - Condition Monitoring,Predictive Route,Motor bearing vibration above baseline.,MOTOR_BEARING_VIBRATION,MOTOR_BEARING_VIBRATION,Electrical,Lubrication,DIG-LUBRICATION,Closed,2024-05-25,CM01,Completed,2024-06-04,2024-06-04,2024-06-04,2024-06-04,1,WORK_COMPLETED,Corrective scope executed and checked.,Bearing replacement,Bearing replacement performed; post-work functional check within tolerance.,TRUE,19.99,12894.33,
N0000574,WO0000343,PLT-RU-CAU-GLC,P-CAU-GLC-01,2024-05-24,2,Planned Inspection,Causticizing - Inspection,Planned Inspection,Crackling noise and unstable suction pressure.,CAVITATION,CAVITATION,Mechanical,,CAU-MECHANICAL,Closed,2024-05-28,PM02,Completed,2024-06-10,2024-06-11,2024-06-10,2024-06-11,0,MONITOR_CONDITION,Condition recorded; continue observation without corrective work.,Inspection only,Inspected and recorded readings; no component correction performed.,TRUE,0.66,170.66,
N0000575,WO0000344,PLT-RU-EVA-CIR,M-EVA-CIR-01,2024-05-26,3,Process Alarm,Evaporation - Control Room,Process / Control Monitoring,Insulation test trending below reference.,INSULATION_DEGRADATION,INSULATION_DEGRADATION,Condition Monitoring,,EVA-CONDITION_MONITORING,Closed,2024-05-26,PM02,Completed,2024-06-06,2024-06-06,2024-06-06,2024-06-06,0,WORK_COMPLETED,Corrective scope executed and checked.,Component replacement,Component replacement performed; post-work functional check within tolerance.,TRUE,19.36,18642.68,
N0000576,,PLT-RU-LIM-DRV,M-LIM-DRV-01,2024-05-26,2,Process Alarm,Lime Kiln - Control Room,Process / Control Monitoring,Motor bearing vibration above baseline.,MOTOR_BEARING_VIBRATION,MOTOR_BEARING_VIBRATION,Electrical,,LIM-ELECTRICAL,Closed,,,,,,,,,NO_ACTION_REQUIRED,Notification dispositioned without corrective scope.,Inspection only,Field inspection completed; no corrective maintenance performed.,FALSE,1.28,228.30,
N0000577,WO0000345,PLT-FL-DRY-LUB,P-DRY-LUB-01,2024-05-27,3,Condition Monitoring,Drying - Condition Monitoring,Predictive Route,Lubricant level below normal mark.,LOW_LUBE_LEVEL,LOW_LUBE_LEVEL,Condition Monitoring,,DRY-CONDITION_MONITORING,Closed,2024-05-31,PM02,Completed,2024-07-07,2024-07-08,2024-07-07,2024-07-08,0,WORK_COMPLETED,Corrective scope executed and checked.,Lubrication,Lubrication performed; post-work functional check within tolerance.,TRUE,2.71,1339.77,
N0000578,WO0000346,PLT-FL-DRY-HYD,P-DRY-HYD-01,2024-05-28,3,Operator Route,Drying - Operations,Sensory Route,Hydraulic header pressure oscillates under steady demand.,HYD_PRESS_INSTABILITY,HYD_PRESS_INSTABILITY,Hydraulics,Mechanical,DRY-MECHANICAL,Closed,2024-05-29,PM02,Completed,2024-06-29,2024-06-29,2024-06-29,2024-06-29,1,WORK_COMPLETED,Corrective scope executed and checked.,Component replacement,Component replacement performed; post-work functional check within tolerance.,TRUE,19.93,16410.62,
N0000579,WO0000347,PLT-RU-UTL-AIR,M-UTL-AIR-01,2024-05-29,1,Operator Route,Utilities - Operations,Sensory Route,Lubricant level below normal mark.,LOW_LUBE_LEVEL,LOW_LUBE_LEVEL,Lubrication,,UTL-LUBRICATION,Closed,2024-05-31,CM01,Completed,2024-06-01,2024-06-01,2024-06-01,2024-06-01,0,WORK_COMPLETED,Corrective scope executed and checked.,Lubrication,Lubrication performed; post-work functional check within tolerance.,TRUE,2.01,993.56,
N0000580,,PLT-RU-UTL-CWT,PT-UTL-CWT-01,2024-05-29,3,Planned Inspection,Utilities - Inspection,Planned Inspection,Pressure response delayed during process change.,IMPULSE_LINE_RESTRICTION,IMPULSE_LINE_RESTRICTION,Instrumentation,,UTL-INSTRUMENTATION,Closed,,,,,,,,,NO_ACTION_REQUIRED,Notification dispositioned without corrective scope.,Inspection only,Field inspection completed; no corrective maintenance performed.,TRUE,1.77,308.10,
N0000581,,PLT-RU-RB-STM,PV-RB-STM-01,2024-05-30,3,Operator Route,Recovery Boiler - Operations,Sensory Route,Valve feedback differs from demanded position.,POSITIONER_DEVIATION,POSITIONER_DEVIATION,Valves,,RB-VALVES,Closed,,,,,,,,,NO_ACTION_REQUIRED,Notification dispositioned without corrective scope.,Inspection only,Field inspection completed; no corrective maintenance performed.,TRUE,1.17,219.45,
N0000582,WO0000348,PLT-RU-RB-BLF,FT-RB-BLF-01,2024-05-31,3,Planned Inspection,Recovery Boiler - Inspection,Planned Inspection,Indicated value drifts from independent reference.,SIGNAL_DRIFT,SIGNAL_DRIFT,Instrumentation,,RB-INSTRUMENTATION,Closed,2024-05-31,PM02,Completed,2024-08-02,2024-08-03,2024-08-02,2024-08-03,4,WORK_COMPLETED,Corrective scope executed and checked.,Calibration,Calibration performed; post-work functional check within tolerance.,TRUE,3.62,1066.87,
N0000583,WO0000349,PLT-FL-WSH-SCR,P-WSH-SCR-01,2024-06-01,2,Condition Monitoring,Washing & Screening - Condition Monitoring,Predictive Route,Crackling noise and unstable suction pressure.,CAVITATION,CAVITATION,Mechanical,,WSH-MECHANICAL,Closed,2024-06-02,PM02,Completed,2024-07-10,2024-07-12,2024-07-10,2024-07-12,2,WORK_COMPLETED,Corrective scope executed and checked.,Cleaning,Cleaning performed; post-work functional check within tolerance.,TRUE,5.00,1323.71,
N0000584,WO0000350,PLT-RU-UTL-ELD,REL-UTL-ELD-01,2024-06-01,3,Maintenance Sensory Route,Utilities - Maintenance Route A,Sensory Route,Insulation test trending below reference.,INSULATION_DEGRADATION,INSULATION_DEGRADATION,Electrical,,UTL-ELECTRICAL,Closed,2024-06-02,PM02,Completed,2024-07-13,2024-07-14,2024-07-13,2024-07-14,3,WORK_COMPLETED,Corrective scope executed and checked.,Component replacement,Component replacement performed; post-work functional check within tolerance.,TRUE,28.08,27045.07,
N0000585,,PLT-RU-UTL-ELD,CB-UTL-ELD-01,2024-06-03,2,Planned Inspection,Utilities - Inspection,Planned Inspection,Control sequence response differs from approved logic.,CONTROL_SEQUENCE_DEVIATION,CONTROL_SEQUENCE_DEVIATION,Electrical,,UTL-ELECTRICAL,Closed,,,,,,,,,NO_ACTION_REQUIRED,Notification dispositioned without corrective scope.,Inspection only,Field inspection completed; no corrective maintenance performed.,FALSE,1.58,286.01,
N0000586,WO0000351,PLT-FL-BLE-STW,FV-BLE-STW-01,2024-06-03,3,Operator Route,Bleaching - Operations,Sensory Route,Visible leakage at valve packing.,EXTERNAL_LEAKAGE,EXTERNAL_LEAKAGE,Instrumentation,,BLE-INSTRUMENTATION,Closed,2024-06-03,PM02,Completed,2024-07-24,2024-07-26,2024-07-24,2024-07-26,3,MONITOR_CONDITION,Condition recorded; continue observation without corrective work.,Inspection only,Inspected and recorded readings; no component correction performed.,TRUE,1.79,328.68,
N0000587,,PLT-FL-DRY-HYD,PT-DRY-HYD-01,2024-06-03,3,Maintenance Sensory Route,Drying - Maintenance Route A,Sensory Route,Pressure response delayed during process change.,IMPULSE_LINE_RESTRICTION,IMPULSE_LINE_RESTRICTION,Instrumentation,,DRY-INSTRUMENTATION,Closed,,,,,,,,,NO_ACTION_REQUIRED,Notification dispositioned without corrective scope.,Inspection only,Field inspection completed; no corrective maintenance performed.,TRUE,1.40,283.30,
N0000588,WO0000352,PLT-RU-LIM-LMF,M-LIM-LMF-01,2024-06-04,3,Maintenance Sensory Route,Lime Kiln - Maintenance Route A,Sensory Route,Motor bearing vibration above baseline.,MOTOR_BEARING_VIBRATION,MOTOR_BEARING_VIBRATION,Electrical,,LIM-ELECTRICAL,Closed,2024-06-09,PM02,Completed,2024-07-09,2024-07-10,2024-07-09,2024-07-10,1,WORK_COMPLETED,Corrective scope executed and checked.,Bearing replacement,Bearing replacement performed; post-work functional check within tolerance.,TRUE,20.03,12919.23,
N0000589,WO0000353,PLT-RU-RB-FWS,P-RB-FWS-01,2024-06-04,1,Condition Monitoring,Recovery Boiler - Condition Monitoring,Predictive Route,Delivered flow below expected operating range.,LOW_FLOW,LOW_FLOW,Mechanical,,RB-MECHANICAL,Closed,2024-06-05,CM01,Completed,2024-06-08,2024-06-10,2024-06-08,2024-06-10,0,WORK_COMPLETED,Corrective scope executed and checked.,Cleaning,Cleaning performed; post-work functional check within tolerance.,TRUE,6.33,1866.24,
N0000590,,PLT-FL-WSH-SCR,P-WSH-SCR-01,2024-06-04,2,Maintenance Sensory Route,Washing & Screening - Maintenance Route A,Sensory Route,Oil sample shows elevated contamination.,OIL_CONTAMINATION,OIL_CONTAMINATION,Lubrication,,WSH-LUBRICATION,Closed,,,,,,,,,NO_DEFECT_FOUND,Inspection could not confirm the reported abnormality.,Inspection only,Field inspection completed; no corrective maintenance performed.,FALSE,1.63,273.25,
N0000591,WO0000354,PLT-RU-UTL-STM,TT-UTL-STM-01,2024-06-04,3,Operator Report,Utilities - Operations,,Intermittent signal dropout at stable process conditions.,INTERMITTENT_SIGNAL,INTERMITTENT_SIGNAL,Instrumentation,,UTL-INSTRUMENTATION,Closed,2024-06-06,PM02,Completed,2024-08-03,2024-08-04,2024-08-03,2024-08-04,1,WORK_COMPLETED,Corrective scope executed and checked.,Instrument replacement,Instrument replacement performed; post-work functional check within tolerance.,TRUE,4.77,3871.62,
N0000592,,PLT-FL-DIG-IMP,P-DIG-IMP-01,2024-06-05,3,Operator Report,Digester - Operations,,Bearing temperature trending above baseline.,BEARING_TEMPERATURE,BEARING_TEMPERATURE,Mechanical,Lubrication,DIG-LUBRICATION,Closed,,,,,,,,,MONITOR_CONDITION,Condition recorded; continue observation without corrective work.,Inspection only,Field inspection completed; no corrective maintenance performed.,TRUE,1.68,315.62,
N0000593,,PLT-FL-BLE-TWR,LT-BLE-TWR-01,2024-06-06,3,Planned Inspection,Bleaching - Inspection,Planned Inspection,Measured output outside calibration tolerance.,CALIBRATION_DEVIATION,CALIBRATION_DEVIATION,Instrumentation,,BLE-INSTRUMENTATION,Closed,,,,,,,,,NO_ACTION_REQUIRED,Notification dispositioned without corrective scope.,Inspection only,Field inspection completed; no corrective maintenance performed.,TRUE,1.76,340.56,
N0000594,WO0000355,PLT-RU-RB-STM,PV-RB-STM-01,2024-06-08,3,Planned Inspection,Recovery Boiler - Inspection,Planned Inspection,Valve travel sticks during small command changes.,VALVE_STICTION,VALVE_STICTION,Instrumentation,,RB-INSTRUMENTATION,Closed,2024-06-09,PM02,Cancelled,2024-07-09,2024-07-10,,,1,CANCELLED,Order cancelled after scope review; no execution recorded.,,,TRUE,1.68,339.71,
N0000595,WO0000356,PLT-FL-DRY-PMF,FV-DRY-PMF-01,2024-06-09,2,Maintenance Sensory Route,Drying - Maintenance Route A,Sensory Route,Valve travel sticks during small command changes.,VALVE_STICTION,VALVE_STICTION,Instrumentation,,DRY-INSTRUMENTATION,Closed,2024-06-14,PM02,Completed,2024-06-18,2024-06-19,2024-06-18,2024-06-19,0,MONITOR_CONDITION,Condition recorded; continue observation without corrective work.,Inspection only,Inspected and recorded readings; no component correction performed.,TRUE,1.10,258.46,
N0000596,WO0000357,PLT-RU-RB-STM,TT-RB-STM-01,2024-06-10,3,Maintenance Sensory Route,Recovery Boiler - Maintenance Route A,Sensory Route,Indicated value drifts from independent reference.,SIGNAL_DRIFT,SIGNAL_DRIFT,Instrumentation,,RB-INSTRUMENTATION,Closed,2024-06-15,PM02,Completed,2024-08-10,2024-08-11,2024-08-10,2024-08-11,4,WORK_COMPLETED,Corrective scope executed and checked.,Calibration,Calibration performed; post-work functional check within tolerance.,TRUE,5.53,1630.40,
N0000597,WO0000358,PLT-RU-RB-FWS,M-RB-FWS-01,2024-06-11,2,Process Alarm,Recovery Boiler - Control Room,Process / Control Monitoring,Motor bearing vibration above baseline.,MOTOR_BEARING_VIBRATION,MOTOR_BEARING_VIBRATION,Condition Monitoring,,RB-CONDITION_MONITORING,Closed,2024-06-16,PM02,Completed,2024-07-26,2024-07-26,2024-07-26,2024-07-26,2,WORK_COMPLETED,Corrective scope executed and checked.,Bearing replacement,Bearing replacement performed; post-work functional check within tolerance.,TRUE,15.58,10046.33,
N0000598,WO0000359,PLT-FL-DIG-CIR,M-DIG-CIR-01,2024-06-13,2,Condition Monitoring,Digester - Condition Monitoring,Predictive Route,Oil sample shows elevated contamination.,OIL_CONTAMINATION,OIL_CONTAMINATION,Lubrication,,DIG-LUBRICATION,Closed,2024-06-15,PM02,Completed,2024-06-24,2024-06-24,2024-06-24,2024-06-24,0,WORK_COMPLETED,Corrective scope executed and checked.,Lubrication,Lubrication performed; post-work functional check within tolerance.,TRUE,8.57,4383.13,
N0000599,WO0000360,PLT-RU-CAU-LMH,P-CAU-LMH-01,2024-06-13,3,Operator Route,Causticizing - Operations,Sensory Route,Oil condition test indicates degraded lubricant.,OIL_DEGRADATION,OIL_DEGRADATION,Lubrication,,CAU-LUBRICATION,Closed,2024-06-18,PM02,Completed,2024-07-24,2024-07-24,2024-07-24,2024-07-24,1,MONITOR_CONDITION,Condition recorded; continue observation without corrective work.,Inspection only,Inspected and recorded readings; no component correction performed.,TRUE,1.58,274.13,
N0000600,,PLT-FL-DIG-DIS,P-DIG-DIS-01,2024-06-13,3,Condition Monitoring,Digester - Condition Monitoring,Predictive Route,Leakage at shaft seal.,SEAL_LEAKAGE,SEAL_LEAKAGE,Condition Monitoring,Mechanical,DIG-MECHANICAL,Closed,,,,,,,,,NO_ACTION_REQUIRED,Notification dispositioned without corrective scope.,Inspection only,Field inspection completed; no corrective maintenance performed.,TRUE,0.70,191.16,
N0000601,WO0000361,PLT-RU-RB-SMT,AG-RB-SMT-01,2024-06-14,2,Maintenance Sensory Route,Recovery Boiler - Maintenance Route A,Sensory Route,Rotating assembly shows dominant once-per-revolution vibration.,IMBALANCE,IMBALANCE,Mechanical,,RB-MECHANICAL,Closed,2024-06-14,PM02,Completed,2024-07-05,2024-07-05,2024-07-05,2024-07-05,1,WORK_COMPLETED,Corrective scope executed and checked.,Adjustment,Adjustment performed; post-work functional check within tolerance.,TRUE,8.64,4276.10,
N0000602,,PLT-RU-RB-SMT,LT-RB-SMT-01,2024-06-14,3,Operator Report,Recovery Boiler - Operations,,Indicated value drifts from independent reference.,SIGNAL_DRIFT,SIGNAL_DRIFT,Instrumentation,,RB-INSTRUMENTATION,Closed,,,,,,,,,MONITOR_CONDITION,Condition recorded; continue observation without corrective work.,Inspection only,Field inspection completed; no corrective maintenance performed.,TRUE,0.67,140.56,
N0000603,,PLT-RU-EVA-BLF,P-EVA-BLF-01,2024-06-15,3,Condition Monitoring,Evaporation - Condition Monitoring,Predictive Route,Leakage at shaft seal.,SEAL_LEAKAGE,SEAL_LEAKAGE,Condition Monitoring,,EVA-CONDITION_MONITORING,Closed,,,,,,,,,NO_ACTION_REQUIRED,Notification dispositioned without corrective scope.,Inspection only,Field inspection completed; no corrective maintenance performed.,TRUE,1.17,222.38,
N0000604,,PLT-RU-UTL-CWT,M-UTL-CWT-01,2024-06-16,3,Maintenance Sensory Route,Utilities - Maintenance Route A,Sensory Route,Motor temperature rising at normal load.,MOTOR_OVERHEATING,MOTOR_OVERHEATING,Condition Monitoring,,UTL-CONDITION_MONITORING,Closed,,,,,,,,,OPERATING_CONDITION,Observed response is within the current operating envelope.,Inspection only,Field inspection completed; no corrective maintenance performed.,FALSE,1.01,223.81,
N0000605,WO0000362,PLT-RU-RB-AIR,DV-RB-AIR-01,2024-06-20,1,Breakdown / Corrective,Recovery Boiler - Operations,,Mechanism travel is uneven with elevated resistance.,MECHANICAL_BINDING,MECHANICAL_BINDING,Mechanical,,RB-MECHANICAL,Closed,2024-06-21,CM01,Completed,2024-06-22,2024-06-22,2024-06-22,2024-06-22,0,WORK_COMPLETED,Corrective scope executed and checked.,Adjustment,Adjustment performed; post-work functional check within tolerance.,TRUE,5.34,1909.02,
N0000606,,PLT-FL-BLE-TWR,PV-BLE-TWR-01,2024-06-20,3,Planned Inspection,Bleaching - Inspection,Planned Inspection,Valve feedback differs from demanded position.,POSITIONER_DEVIATION,POSITIONER_DEVIATION,Instrumentation,,BLE-INSTRUMENTATION,Closed,,,,,,,,,OPERATING_CONDITION,Observed response is within the current operating envelope.,Inspection only,Field inspection completed; no corrective maintenance performed.,FALSE,0.80,167.29,
N0000607,,PLT-FL-BLE-DOS,FV-BLE-DOS-01,2024-06-22,3,Maintenance Sensory Route,Bleaching - Maintenance Route A,Sensory Route,Actuator supply pressure decays while held.,ACTUATOR_LEAKAGE,ACTUATOR_LEAKAGE,Valves,,BLE-VALVES,Closed,,,,,,,,,NO_ACTION_REQUIRED,Notification dispositioned without corrective scope.,Inspection only,Field inspection completed; no corrective maintenance performed.,TRUE,1.64,317.13,
N0000608,,PLT-RU-UTL-PWT,M-UTL-PWT-01,2024-06-23,3,Planned Inspection,Utilities - Inspection,Planned Inspection,Insulation test trending below reference.,INSULATION_DEGRADATION,INSULATION_DEGRADATION,Electrical,,UTL-ELECTRICAL,Closed,,,,,,,,,NO_ACTION_REQUIRED,Notification dispositioned without corrective scope.,Inspection only,Field inspection completed; no corrective maintenance performed.,FALSE,0.39,132.72,
N0000609,WO0000363,PLT-RU-EVA-CIR,P-EVA-CIR-01,2024-06-24,3,Operator Route,Evaporation - Operations,Sensory Route,Bearing temperature trending above baseline.,BEARING_TEMPERATURE,BEARING_TEMPERATURE,Mechanical,,EVA-MECHANICAL,Closed,2024-06-29,PM02,Completed,2024-09-01,2024-09-01,2024-09-01,2024-09-01,2,WORK_COMPLETED,Corrective scope executed and checked.,Bearing replacement,Bearing replacement performed; post-work functional check within tolerance.,TRUE,18.96,13585.75,
N0000610,WO0000364,PLT-RU-RB-SMT,LT-RB-SMT-01,2024-06-25,3,Process Alarm,Recovery Boiler - Control Room,Process / Control Monitoring,Control sequence response differs from approved logic.,CONTROL_SEQUENCE_DEVIATION,CONTROL_SEQUENCE_DEVIATION,Automation,,RB-AUTOMATION,Closed,2024-06-25,PM02,Completed,2024-10-16,2024-10-17,2024-10-16,2024-10-17,6,WORK_COMPLETED,Corrective scope executed and checked.,Control logic correction,Control logic correction performed; post-work functional check within tolerance.,TRUE,7.74,2283.88,
N0000611,WO0000365,PLT-RU-UTL-CWT,FV-UTL-CWT-01,2024-06-26,2,Maintenance Sensory Route,Utilities - Maintenance Route A,Sensory Route,Valve travel sticks during small command changes.,VALVE_STICTION,VALVE_STICTION,Instrumentation,,UTL-INSTRUMENTATION,Closed,2024-06-29,PM02,Completed,2024-07-08,2024-07-10,2024-07-08,2024-07-10,0,WORK_COMPLETED,Corrective scope executed and checked.,Valve overhaul,Valve overhaul performed; post-work functional check within tolerance.,TRUE,19.40,15744.12,
N0000612,,PLT-FL-DIG-BLC,PV-DIG-BLC-01,2024-06-26,3,Operator Report,Digester - Operations,,Valve travel sticks during small command changes.,VALVE_STICTION,VALVE_STICTION,Valves,,DIG-VALVES,Closed,,,,,,,,,NO_ACTION_REQUIRED,Notification dispositioned without corrective scope.,Inspection only,Field inspection completed; no corrective maintenance performed.,TRUE,1.84,323.18,
N0000613,WO0000366,PLT-FL-DIG-BLC,PSHH-DIG-BLC-01,2024-06-27,2,Operator Route,Digester - Operations,Sensory Route,Measured output outside calibration tolerance.,CALIBRATION_DEVIATION,CALIBRATION_DEVIATION,Instrumentation,,DIG-INSTRUMENTATION,Closed,2024-07-02,PM02,Completed,2024-08-19,2024-08-21,2024-08-19,2024-08-21,3,WORK_COMPLETED,Corrective scope executed and checked.,Calibration,Calibration performed; post-work functional check within tolerance.,TRUE,4.93,1453.36,
N0000614,WO0000367,PLT-FL-DIG-BLC,PV-DIG-BLC-01,2024-06-27,2,Maintenance Sensory Route,Digester - Maintenance Route A,Sensory Route,Valve feedback differs from demanded position.,POSITIONER_DEVIATION,POSITIONER_DEVIATION,Valves,,DIG-VALVES,Closed,2024-06-27,PM02,Completed,2024-07-03,2024-07-05,2024-07-03,2024-07-05,0,WORK_COMPLETED,Corrective scope executed and checked.,Calibration,Calibration performed; post-work functional check within tolerance.,TRUE,2.78,890.28,
N0000615,WO0000368,PLT-FL-DRY-FOR,M-DRY-FOR-01,2024-06-30,3,Operator Report,Drying - Operations,,Localized heating at electrical connection.,TERMINAL_HEATING,TERMINAL_HEATING,Electrical,,DRY-ELECTRICAL,Closed,2024-06-30,PM02,Completed,2024-09-05,2024-09-07,2024-09-05,2024-09-07,2,WORK_COMPLETED,Corrective scope executed and checked.,Tightening,Tightening performed; post-work functional check within tolerance.,TRUE,2.84,696.15,
N0000616,,PLT-FL-DRY-LUB,P-DRY-LUB-01,2024-06-30,3,Maintenance Sensory Route,Drying - Maintenance Route A,Sensory Route,Lubrication supply pressure below normal range.,LOW_LUBE_PRESSURE,LOW_LUBE_PRESSURE,Condition Monitoring,,DRY-CONDITION_MONITORING,Closed,,,,,,,,,OPERATING_CONDITION,Observed response is within the current operating envelope.,Inspection only,Field inspection completed; no corrective maintenance performed.,FALSE,0.48,134.62,
N0000617,,PLT-RU-UTL-ELD,REL-UTL-ELD-01,2024-07-01,3,Maintenance Sensory Route,Utilities - Maintenance Route A,Sensory Route,Localized heating at electrical connection.,TERMINAL_HEATING,TERMINAL_HEATING,Electrical,,UTL-ELECTRICAL,Closed,,,,,,,,,OPERATING_CONDITION,Observed response is within the current operating envelope.,Inspection only,Field inspection completed; no corrective maintenance performed.,FALSE,0.62,137.67,
N0000618,WO0000369,PLT-RU-EVA-CIR,PT-EVA-CIR-01,2024-07-03,3,Operator Route,Evaporation - Operations,Sensory Route,Control sequence response differs from approved logic.,CONTROL_SEQUENCE_DEVIATION,CONTROL_SEQUENCE_DEVIATION,Automation,,EVA-AUTOMATION,Closed,2024-07-04,PM02,Completed,2024-08-07,2024-08-09,2024-08-07,2024-08-09,0,WORK_COMPLETED,Corrective scope executed and checked.,Control logic correction,Control logic correction performed; post-work functional check within tolerance.,TRUE,6.34,1869.30,
N0000619,WO0000370,PLT-FL-DIG-BLC,PT-DIG-BLC-01,2024-07-04,2,Maintenance Sensory Route,Digester - Maintenance Route A,Sensory Route,Pressure response delayed during process change.,IMPULSE_LINE_RESTRICTION,IMPULSE_LINE_RESTRICTION,Instrumentation,,DIG-INSTRUMENTATION,Closed,2024-07-08,PM02,Completed,2024-07-15,2024-07-15,2024-07-15,2024-07-15,0,WORK_COMPLETED,Corrective scope executed and checked.,Cleaning,Cleaning performed; post-work functional check within tolerance.,TRUE,3.32,881.01,
N0000620,,PLT-FL-WSH-BSW,DRV-WSH-BSW-01,2024-07-06,3,Maintenance Sensory Route,Washing & Screening - Maintenance Route A,Sensory Route,Rotating assembly shows dominant once-per-revolution vibration.,IMBALANCE,IMBALANCE,Mechanical,,WSH-MECHANICAL,Closed,,,,,,,,,NO_DEFECT_FOUND,Inspection could not confirm the reported abnormality.,Inspection only,Field inspection completed; no corrective maintenance performed.,FALSE,0.91,199.37,
N0000621,,PLT-FL-WSH-FIL,FV-WSH-FIL-01,2024-07-06,3,Maintenance Sensory Route,Washing & Screening - Maintenance Route A,Sensory Route,Valve travel sticks during small command changes.,VALVE_STICTION,VALVE_STICTION,Instrumentation,,WSH-INSTRUMENTATION,Closed,,,,,,,,,NO_ACTION_REQUIRED,Notification dispositioned without corrective scope.,Inspection only,Field inspection completed; no corrective maintenance performed.,TRUE,1.96,347.09,
N0000622,WO0000371,PLT-RU-CAU-REA,LT-CAU-REA-01,2024-07-07,3,Planned Inspection,Causticizing - Inspection,Planned Inspection,Intermittent signal dropout at stable process conditions.,INTERMITTENT_SIGNAL,INTERMITTENT_SIGNAL,Instrumentation,,CAU-INSTRUMENTATION,Closed,2024-07-07,PM02,Completed,2024-08-11,2024-08-13,2024-08-11,2024-08-13,0,WORK_COMPLETED,Corrective scope executed and checked.,Instrument replacement,Instrument replacement performed; post-work functional check within tolerance.,TRUE,4.22,3425.61,
N0000623,WO0000372,PLT-RU-UTL-PWT,M-UTL-PWT-01,2024-07-07,3,Operator Report,Utilities - Operations,,Localized heating at electrical connection.,TERMINAL_HEATING,TERMINAL_HEATING,Electrical,,UTL-ELECTRICAL,Closed,2024-07-11,PM02,Completed,2024-09-01,2024-09-01,2024-09-01,2024-09-01,2,WORK_COMPLETED,Corrective scope executed and checked.,Tightening,Tightening performed; post-work functional check within tolerance.,TRUE,4.06,995.66,
N0000624,WO0000373,PLT-RU-RB-STM,PT-RB-STM-01,2024-07-09,3,Operator Report,Recovery Boiler - Operations,,Intermittent signal dropout at stable process conditions.,INTERMITTENT_SIGNAL,INTERMITTENT_SIGNAL,Automation,,RB-AUTOMATION,Closed,2024-07-13,PM02,Completed,2024-09-16,2024-09-17,2024-09-16,2024-09-17,2,WORK_COMPLETED,Corrective scope executed and checked.,Instrument replacement,Instrument replacement performed; post-work functional check within tolerance.,TRUE,8.33,6763.90,
N0000625,,PLT-FL-DRY-DRS,TT-DRY-DRS-01,2024-07-09,3,Planned Inspection,Drying - Inspection,Planned Inspection,Intermittent signal dropout at stable process conditions.,INTERMITTENT_SIGNAL,INTERMITTENT_SIGNAL,Automation,,DRY-AUTOMATION,Closed,,,,,,,,,MONITOR_CONDITION,Condition recorded; continue observation without corrective work.,Inspection only,Field inspection completed; no corrective maintenance performed.,TRUE,0.75,145.51,
N0000626,WO0000374,PLT-RU-UTL-AIR,CMP-UTL-AIR-01,2024-07-10,3,Operator Route,Utilities - Operations,Sensory Route,Oil condition test indicates degraded lubricant.,OIL_DEGRADATION,OIL_DEGRADATION,Lubrication,,UTL-LUBRICATION,Closed,2024-07-15,PM02,Completed,2024-08-16,2024-08-18,2024-08-16,2024-08-18,0,WORK_COMPLETED,Corrective scope executed and checked.,Lubrication,Lubrication performed; post-work functional check within tolerance.,TRUE,4.71,2648.07,
N0000627,WO0000375,PLT-RU-CAU-GLC,M-CAU-GLC-01,2024-07-11,3,Process Alarm,Causticizing - Control Room,Process / Control Monitoring,Insulation test trending below reference.,INSULATION_DEGRADATION,INSULATION_DEGRADATION,Electrical,,CAU-ELECTRICAL,Closed,2024-07-15,PM02,Completed,2024-09-03,2024-09-04,2024-09-03,2024-09-04,1,WORK_COMPLETED,Corrective scope executed and checked.,Component replacement,Component replacement performed; post-work functional check within tolerance.,TRUE,14.78,14233.24,
N0000628,WO0000376,PLT-FL-WSH-KNR,SCR-WSH-KNR-01,2024-07-12,2,Planned Inspection,Washing & Screening - Inspection,Planned Inspection,Process differential pressure above normal operating range.,PROCESS_RESTRICTION,PROCESS_RESTRICTION,Mechanical,,WSH-MECHANICAL,Closed,2024-07-14,PM02,Completed,2024-08-01,2024-08-01,2024-08-01,2024-08-01,0,WORK_COMPLETED,Corrective scope executed and checked.,Cleaning,Cleaning performed; post-work functional check within tolerance.,TRUE,14.91,4696.65,
N0000629,WO0000377,PLT-FL-WSH-SCR,SCR-WSH-SCR-01,2024-07-12,2,Operator Route,Washing & Screening - Operations,Sensory Route,Oil condition test indicates degraded lubricant.,OIL_DEGRADATION,OIL_DEGRADATION,Lubrication,,WSH-LUBRICATION,Closed,2024-07-14,PM02,Completed,2024-08-16,2024-08-16,2024-08-16,2024-08-16,2,MONITOR_CONDITION,Condition recorded; continue observation without corrective work.,Inspection only,Inspected and recorded readings; no component correction performed.,TRUE,1.91,334.61,
N0000630,,PLT-FL-DRY-SHT,ENC-DRY-SHT-01,2024-07-14,3,Planned Inspection,Drying - Inspection,Planned Inspection,Intermittent signal dropout at stable process conditions.,INTERMITTENT_SIGNAL,INTERMITTENT_SIGNAL,Automation,,DRY-AUTOMATION,Closed,,,,,,,,,NO_ACTION_REQUIRED,Notification dispositioned without corrective scope.,Inspection only,Field inspection completed; no corrective maintenance performed.,FALSE,0.69,156.83,
N0000631,,PLT-FL-DIG-BLC,PV-DIG-BLC-01,2024-07-15,2,Process Alarm,Digester - Control Room,Process / Control Monitoring,Valve travel sticks during small command changes.,VALVE_STICTION,VALVE_STICTION,Valves,,DIG-VALVES,Closed,,,,,,,,,MONITOR_CONDITION,Condition recorded; continue observation without corrective work.,Inspection only,Field inspection completed; no corrective maintenance performed.,TRUE,1.87,369.51,
N0000632,WO0000378,PLT-FL-WSH-KNR,SCR-WSH-KNR-01,2024-07-15,1,Planned Inspection,Washing & Screening - Inspection,Planned Inspection,Mechanism travel is uneven with elevated resistance.,MECHANICAL_BINDING,MECHANICAL_BINDING,Mechanical,,WSH-MECHANICAL,Closed,2024-07-16,CM01,Completed,2024-07-19,2024-07-21,2024-07-19,2024-07-21,0,WORK_COMPLETED,Corrective scope executed and checked.,Adjustment,Adjustment performed; post-work functional check within tolerance.,TRUE,10.90,3895.59,
N0000633,WO0000379,PLT-FL-DIG-DIS,P-DIG-DIS-01,2024-07-16,3,Operator Report,Digester - Operations,,Delivered flow below expected operating range.,LOW_FLOW,LOW_FLOW,Mechanical,,DIG-MECHANICAL,Closed,2024-07-21,PM02,Completed,2024-08-19,2024-08-20,2024-08-19,2024-08-20,1,WORK_COMPLETED,Corrective scope executed and checked.,Cleaning,Cleaning performed; post-work functional check within tolerance.,TRUE,5.39,1591.26,
N0000634,WO0000380,PLT-FL-DRY-PMF,P-DRY-PMF-01,2024-07-17,3,Maintenance Sensory Route,Drying - Maintenance Route A,Sensory Route,Crackling noise and unstable suction pressure.,CAVITATION,CAVITATION,Mechanical,,DRY-MECHANICAL,Closed,2024-07-20,PM02,Completed,2024-08-16,2024-08-17,2024-08-16,2024-08-17,0,WORK_COMPLETED,Corrective scope executed and checked.,Cleaning,Cleaning performed; post-work functional check within tolerance.,TRUE,5.08,1345.06,
N0000635,WO0000381,PLT-RU-UTL-BFW,P-UTL-BFW-01,2024-07-19,2,Operator Route,Utilities - Operations,Sensory Route,Leakage at shaft seal.,SEAL_LEAKAGE,SEAL_LEAKAGE,Mechanical,,UTL-MECHANICAL,Closed,2024-07-24,PM02,Completed,2024-08-01,2024-08-01,2024-08-01,2024-08-01,0,WORK_COMPLETED,Corrective scope executed and checked.,Seal replacement,Seal replacement performed; post-work functional check within tolerance.,TRUE,7.15,5328.50,
N0000636,WO0000382,PLT-RU-LIM-BRN,FT-LIM-BRN-01,2024-07-20,3,Operator Route,Lime Kiln - Operations,Sensory Route,Intermittent signal dropout at stable process conditions.,INTERMITTENT_SIGNAL,INTERMITTENT_SIGNAL,Instrumentation,,LIM-INSTRUMENTATION,Closed,2024-07-22,PM02,Completed,2024-08-24,2024-08-25,2024-08-24,2024-08-25,0,WORK_COMPLETED,Corrective scope executed and checked.,Instrument replacement,Instrument replacement performed; post-work functional check within tolerance.,TRUE,4.66,3779.25,
N0000637,WO0000383,PLT-RU-EVA-VAC,PT-EVA-VAC-01,2024-07-22,3,Maintenance Sensory Route,Evaporation - Maintenance Route A,Sensory Route,Control sequence response differs from approved logic.,CONTROL_SEQUENCE_DEVIATION,CONTROL_SEQUENCE_DEVIATION,Automation,Instrumentation,EVA-INSTRUMENTATION,Closed,2024-07-22,PM02,Completed,2024-09-16,2024-09-18,2024-09-16,2024-09-18,2,WORK_COMPLETED,Corrective scope executed and checked.,Control logic correction,Control logic correction performed; post-work functional check within tolerance.,TRUE,8.95,2639.05,
N0000638,,PLT-RU-RB-STM,PSHH-RB-STM-01,2024-07-24,3,Operator Report,Recovery Boiler - Operations,,Control sequence response differs from approved logic.,CONTROL_SEQUENCE_DEVIATION,CONTROL_SEQUENCE_DEVIATION,Automation,,RB-AUTOMATION,Closed,,,,,,,,,NO_DEFECT_FOUND,Inspection could not confirm the reported abnormality.,Inspection only,Field inspection completed; no corrective maintenance performed.,FALSE,1.90,328.75,
N0000639,,PLT-FL-BLE-TWR,LT-BLE-TWR-01,2024-07-28,3,Planned Inspection,Bleaching - Inspection,Planned Inspection,Intermittent signal dropout at stable process conditions.,INTERMITTENT_SIGNAL,INTERMITTENT_SIGNAL,Instrumentation,,BLE-INSTRUMENTATION,Closed,,,,,,,,,NO_DEFECT_FOUND,Inspection could not confirm the reported abnormality.,Inspection only,Field inspection completed; no corrective maintenance performed.,FALSE,0.61,130.43,
N0000640,,PLT-FL-DRY-PMF,FT-DRY-PMF-01,2024-07-29,2,Operator Route,Drying - Operations,Sensory Route,Measured output outside calibration tolerance.,CALIBRATION_DEVIATION,CALIBRATION_DEVIATION,Instrumentation,,DRY-INSTRUMENTATION,Closed,,,,,,,,,NO_DEFECT_FOUND,Inspection could not confirm the reported abnormality.,Inspection only,Field inspection completed; no corrective maintenance performed.,FALSE,0.64,143.43,
N0000641,WO0000384,PLT-RU-RB-FWS,M-RB-FWS-01,2024-07-29,2,Planned Inspection,Recovery Boiler - Inspection,Planned Inspection,Insulation test trending below reference.,INSULATION_DEGRADATION,INSULATION_DEGRADATION,Electrical,,RB-ELECTRICAL,Closed,2024-07-31,PM02,Completed,2024-08-15,2024-08-16,2024-08-15,2024-08-16,0,WORK_COMPLETED,Corrective scope executed and checked.,Component replacement,Component replacement performed; post-work functional check within tolerance.,TRUE,16.92,16300.76,
N0000642,WO0000385,PLT-RU-EVA-VAC,VAC-EVA-VAC-01,2024-07-30,2,Operator Report,Evaporation - Operations,,Mechanism travel is uneven with elevated resistance.,MECHANICAL_BINDING,MECHANICAL_BINDING,Mechanical,,EVA-MECHANICAL,Closed,2024-08-04,PM02,Completed,2024-09-21,2024-09-22,2024-09-21,2024-09-22,3,MONITOR_CONDITION,Condition recorded; continue observation without corrective work.,Inspection only,Inspected and recorded readings; no component correction performed.,TRUE,1.28,272.14,
N0000643,,PLT-FL-BLE-STW,M-BLE-STW-01,2024-08-02,3,Maintenance Sensory Route,Bleaching - Maintenance Route A,Sensory Route,Insulation test trending below reference.,INSULATION_DEGRADATION,INSULATION_DEGRADATION,Electrical,,BLE-ELECTRICAL,Closed,,,,,,,,,MONITOR_CONDITION,Condition recorded; continue observation without corrective work.,Inspection only,Field inspection completed; no corrective maintenance performed.,TRUE,1.10,240.86,
N0000644,,PLT-FL-DIG-DIS,XV-DIG-DIS-01,2024-08-04,2,Maintenance Sensory Route,Digester - Maintenance Route A,Sensory Route,Visible leakage at valve packing.,EXTERNAL_LEAKAGE,EXTERNAL_LEAKAGE,Valves,,DIG-VALVES,Closed,,,,,,,,,MONITOR_CONDITION,Condition recorded; continue observation without corrective work.,Inspection only,Field inspection completed; no corrective maintenance performed.,TRUE,0.98,231.47,
N0000645,,PLT-RU-CAU-LMH,LT-CAU-LMH-01,2024-08-05,2,Maintenance Sensory Route,Causticizing - Maintenance Route A,Sensory Route,Indicated value drifts from independent reference.,SIGNAL_DRIFT,SIGNAL_DRIFT,Instrumentation,,CAU-INSTRUMENTATION,Closed,,,,,,,,,NO_DEFECT_FOUND,Inspection could not confirm the reported abnormality.,Inspection only,Field inspection completed; no corrective maintenance performed.,FALSE,0.76,170.51,
N0000646,WO0000386,PLT-FL-DIG-IMP,P-DIG-IMP-01,2024-08-05,2,Process Alarm,Digester - Control Room,Process / Control Monitoring,Bearing temperature trending above baseline.,BEARING_TEMPERATURE,BEARING_TEMPERATURE,Mechanical,,DIG-MECHANICAL,Closed,2024-08-08,PM02,Completed,2024-08-30,2024-08-31,2024-08-30,2024-08-31,1,WORK_COMPLETED,Corrective scope executed and checked.,Bearing replacement,Bearing replacement performed; post-work functional check within tolerance.,TRUE,20.38,14602.71,
N0000647,WO0000387,PLT-FL-DRY-LUB,P-DRY-LUB-01,2024-08-05,2,Maintenance Sensory Route,Drying - Maintenance Route A,Sensory Route,Oil condition test indicates degraded lubricant.,OIL_DEGRADATION,OIL_DEGRADATION,Lubrication,Mechanical,DRY-MECHANICAL,Closed,2024-08-06,PM02,Completed,2024-09-11,2024-09-12,2024-09-11,2024-09-12,1,WORK_COMPLETED,Corrective scope executed and checked.,Lubrication,Lubrication performed; post-work functional check within tolerance.,TRUE,7.28,4087.47,
N0000648,WO0000388,PLT-RU-RB-SMT,P-RB-SMT-01,2024-08-06,2,Condition Monitoring,Recovery Boiler - Condition Monitoring,Predictive Route,Bearing temperature trending above baseline.,BEARING_TEMPERATURE,BEARING_TEMPERATURE,Mechanical,,RB-MECHANICAL,Closed,2024-08-08,PM02,Completed,2024-09-11,2024-09-11,2024-09-11,2024-09-11,1,WORK_COMPLETED,Corrective scope executed and checked.,Bearing replacement,Bearing replacement performed; post-work functional check within tolerance.,TRUE,10.92,7821.38,
N0000649,,PLT-FL-DRY-PMF,FV-DRY-PMF-01,2024-08-07,1,Operator Report,Drying - Operations,,Valve feedback differs from demanded position.,POSITIONER_DEVIATION,POSITIONER_DEVIATION,Valves,,DRY-VALVES,Closed,,,,,,,,,NO_ACTION_REQUIRED,Notification dispositioned without corrective scope.,Inspection only,Field inspection completed; no corrective maintenance performed.,FALSE,1.01,185.91,
N0000650,WO0000389,PLT-RU-CAU-WLC,P-CAU-WLC-01,2024-08-07,3,Maintenance Sensory Route,Causticizing - Maintenance Route A,Sensory Route,Bearing temperature trending above baseline.,BEARING_TEMPERATURE,BEARING_TEMPERATURE,Condition Monitoring,,CAU-CONDITION_MONITORING,Closed,2024-08-07,PM02,Completed,2024-08-29,2024-08-29,2024-08-29,2024-08-29,1,WORK_COMPLETED,Corrective scope executed and checked.,Bearing replacement,Bearing replacement performed; post-work functional check within tolerance.,TRUE,11.63,8334.59,
N0000651,WO0000390,PLT-RU-CAU-REA,M-CAU-REA-01,2024-08-11,2,Planned Inspection,Causticizing - Inspection,Planned Inspection,Motor temperature rising at normal load.,MOTOR_OVERHEATING,MOTOR_OVERHEATING,Electrical,,CAU-ELECTRICAL,Closed,2024-08-13,PM02,Completed,2024-08-21,2024-08-23,2024-08-21,2024-08-23,0,WORK_COMPLETED,Corrective scope executed and checked.,Cleaning,Cleaning performed; post-work functional check within tolerance.,TRUE,6.79,2003.15,
N0000652,WO0000391,PLT-FL-DRY-PMF,P-DRY-PMF-01,2024-08-12,1,Operator Route,Drying - Operations,Sensory Route,Bearing temperature trending above baseline.,BEARING_TEMPERATURE,BEARING_TEMPERATURE,Mechanical,,DRY-MECHANICAL,Closed,2024-08-14,CM01,Completed,2024-09-02,2024-09-03,2024-09-02,2024-09-03,1,WORK_COMPLETED,Corrective scope executed and checked.,Bearing replacement,Bearing replacement performed; post-work functional check within tolerance.,TRUE,12.88,9229.55,
N0000653,,PLT-FL-BLE-DOS,P-BLE-DOS-01,2024-08-13,2,Operator Report,Bleaching - Operations,,Leakage at shaft seal.,SEAL_LEAKAGE,SEAL_LEAKAGE,Mechanical,,BLE-MECHANICAL,Closed,,,,,,,,,OPERATING_CONDITION,Observed response is within the current operating envelope.,Inspection only,Field inspection completed; no corrective maintenance performed.,FALSE,1.00,239.55,
N0000654,WO0000392,PLT-RU-UTL-CWT,PT-UTL-CWT-01,2024-08-13,3,Operator Route,Utilities - Operations,Sensory Route,Control sequence response differs from approved logic.,CONTROL_SEQUENCE_DEVIATION,CONTROL_SEQUENCE_DEVIATION,Automation,,UTL-AUTOMATION,Closed,2024-08-16,PM02,Cancelled,2024-09-13,2024-09-13,,,0,CANCELLED,Order cancelled after scope review; no execution recorded.,,,TRUE,1.14,249.83,
N0000655,WO0000393,PLT-RU-CAU-GLC,LT-CAU-GLC-01,2024-08-15,3,Operator Report,Causticizing - Operations,,Intermittent signal dropout at stable process conditions.,INTERMITTENT_SIGNAL,INTERMITTENT_SIGNAL,Automation,,CAU-AUTOMATION,Closed,2024-08-15,PM02,Completed,2024-09-21,2024-09-22,2024-09-21,2024-09-22,0,WORK_COMPLETED,Corrective scope executed and checked.,Instrument replacement,Instrument replacement performed; post-work functional check within tolerance.,TRUE,5.06,4108.53,
N0000656,,PLT-RU-LIM-LMF,FV-LIM-LMF-01,2024-08-16,3,Process Alarm,Lime Kiln - Control Room,Process / Control Monitoring,Valve travel sticks during small command changes.,VALVE_STICTION,VALVE_STICTION,Instrumentation,,LIM-INSTRUMENTATION,Closed,,,,,,,,,NO_DEFECT_FOUND,Inspection could not confirm the reported abnormality.,Inspection only,Field inspection completed; no corrective maintenance performed.,FALSE,0.63,159.04,
N0000657,WO0000394,PLT-RU-CAU-WLC,FV-CAU-WLC-01,2024-08-17,1,Process Alarm,Causticizing - Control Room,Process / Control Monitoring,Valve travel sticks during small command changes.,VALVE_STICTION,VALVE_STICTION,Valves,,CAU-VALVES,Closed,2024-08-17,CM01,Completed,2024-10-01,2024-10-01,2024-10-01,2024-10-01,4,MONITOR_CONDITION,Condition recorded; continue observation without corrective work.,Inspection only,Inspected and recorded readings; no component correction performed.,TRUE,1.76,321.88,
N0000658,WO0000395,PLT-FL-DRY-HYD,HPU-DRY-HYD-01,2024-08-17,1,Process Alarm,Drying - Control Room,Process / Control Monitoring,Hydraulic header pressure oscillates under steady demand.,HYD_PRESS_INSTABILITY,HYD_PRESS_INSTABILITY,Hydraulics,,DRY-HYDRAULICS,Closed,2024-08-18,CM01,Completed,2024-10-04,2024-10-05,2024-10-04,2024-10-05,4,MONITOR_CONDITION,Condition recorded; continue observation without corrective work.,Inspection only,Inspected and recorded readings; no component correction performed.,TRUE,1.68,314.33,
N0000659,WO0000396,PLT-FL-DIG-CIR,P-DIG-CIR-01,2024-08-17,1,Process Alarm,Digester - Control Room,Process / Control Monitoring,Elevated vibration at pump bearing housing.,PUMP_BEARING_VIBRATION,PUMP_BEARING_VIBRATION,Mechanical,,DIG-MECHANICAL,Closed,2024-08-20,CM01,Completed,2024-10-23,2024-10-23,2024-10-23,2024-10-23,4,MONITOR_CONDITION,Condition recorded; continue observation without corrective work.,Inspection only,Inspected and recorded readings; no component correction performed.,TRUE,1.41,248.19,
N0000660,WO0000397,PLT-FL-DIG-CHP,CNV-DIG-CHP-01,2024-08-20,2,Process Alarm,Digester - Control Room,Process / Control Monitoring,Mechanism travel is uneven with elevated resistance.,MECHANICAL_BINDING,MECHANICAL_BINDING,Mechanical,,DIG-MECHANICAL,Closed,2024-08-22,PM02,Completed,2024-08-31,2024-08-31,2024-08-31,2024-08-31,0,WORK_COMPLETED,Corrective scope executed and checked.,Adjustment,Adjustment performed; post-work functional check within tolerance.,TRUE,8.81,3151.23,
N0000661,,PLT-FL-BLE-TWR,AG-BLE-TWR-01,2024-08-21,3,Condition Monitoring,Bleaching - Condition Monitoring,Predictive Route,Lubricant level below normal mark.,LOW_LUBE_LEVEL,LOW_LUBE_LEVEL,Lubrication,,BLE-LUBRICATION,Closed,,,,,,,,,NO_ACTION_REQUIRED,Notification dispositioned without corrective scope.,Inspection only,Field inspection completed; no corrective maintenance performed.,TRUE,0.61,149.59,
N0000662,WO0000398,PLT-RU-EVA-BLF,FV-EVA-BLF-01,2024-08-21,2,Operator Route,Evaporation - Operations,Sensory Route,Valve travel sticks during small command changes.,VALVE_STICTION,VALVE_STICTION,Valves,,EVA-VALVES,Closed,2024-08-23,PM02,Completed,2024-10-16,2024-10-18,2024-10-16,2024-10-18,4,MONITOR_CONDITION,Condition recorded; continue observation without corrective work.,Inspection only,Inspected and recorded readings; no component correction performed.,TRUE,1.94,358.41,
N0000663,WO0000399,PLT-RU-UTL-AIR,M-UTL-AIR-01,2024-08-23,1,Breakdown / Corrective,Utilities - Operations,,Motor temperature rising at normal load.,MOTOR_OVERHEATING,MOTOR_OVERHEATING,Electrical,,UTL-ELECTRICAL,Closed,2024-08-26,CM01,Completed,2024-09-06,2024-09-07,2024-09-06,2024-09-07,1,WORK_COMPLETED,Corrective scope executed and checked.,Cleaning,Cleaning performed; post-work functional check within tolerance.,TRUE,8.65,2551.43,
N0000664,WO0000400,PLT-FL-BLE-DOS,FV-BLE-DOS-01,2024-08-25,3,Planned Inspection,Bleaching - Inspection,Planned Inspection,Actuator supply pressure decays while held.,ACTUATOR_LEAKAGE,ACTUATOR_LEAKAGE,Valves,,BLE-VALVES,Closed,2024-08-28,PM02,Completed,2024-09-20,2024-09-21,2024-09-20,2024-09-21,0,MONITOR_CONDITION,Condition recorded; continue observation without corrective work.,Inspection only,Inspected and recorded readings; no component correction performed.,TRUE,1.14,259.16,
N0000665,,PLT-FL-DRY-LUB,M-DRY-LUB-01,2024-08-25,3,Process Alarm,Drying - Control Room,Process / Control Monitoring,Insulation test trending below reference.,INSULATION_DEGRADATION,INSULATION_DEGRADATION,Electrical,,DRY-ELECTRICAL,Closed,,,,,,,,,MONITOR_CONDITION,Condition recorded; continue observation without corrective work.,Inspection only,Field inspection completed; no corrective maintenance performed.,TRUE,0.78,208.62,
N0000666,WO0000401,PLT-RU-RB-BLF,FV-RB-BLF-01,2024-08-26,3,Planned Inspection,Recovery Boiler - Inspection,Planned Inspection,Valve travel sticks during small command changes.,VALVE_STICTION,VALVE_STICTION,Valves,,RB-VALVES,Closed,2024-08-27,PM02,Completed,2024-10-10,2024-10-10,2024-10-10,2024-10-10,2,MONITOR_CONDITION,Condition recorded; continue observation without corrective work.,Inspection only,Inspected and recorded readings; no component correction performed.,TRUE,0.48,159.70,
N0000667,WO0000402,PLT-FL-DRY-PRS,HY-DRY-PRS-01,2024-08-26,2,Operator Route,Drying - Operations,Sensory Route,Hydraulic pressure decays with no external leak.,HYD_INTERNAL_LEAKAGE,HYD_INTERNAL_LEAKAGE,Hydraulics,Instrumentation,DRY-INSTRUMENTATION,Closed,2024-08-27,PM02,Completed,2024-08-30,2024-09-01,2024-08-30,2024-09-01,0,WORK_COMPLETED,Corrective scope executed and checked.,Seal replacement,Seal replacement performed; post-work functional check within tolerance.,TRUE,8.14,4573.15,
N0000668,WO0000403,PLT-RU-UTL-CWT,P-UTL-CWT-01,2024-08-27,1,Operator Report,Utilities - Operations,,Bearing temperature trending above baseline.,BEARING_TEMPERATURE,BEARING_TEMPERATURE,Mechanical,,UTL-MECHANICAL,Closed,2024-08-31,CM01,Completed,2024-09-13,2024-09-13,2024-09-13,2024-09-13,1,WORK_COMPLETED,Corrective scope executed and checked.,Bearing replacement,Bearing replacement performed; post-work functional check within tolerance.,TRUE,10.01,7170.74,
N0000669,,PLT-RU-UTL-BFW,PT-UTL-BFW-01,2024-08-27,3,Operator Route,Utilities - Operations,Sensory Route,Measured output outside calibration tolerance.,CALIBRATION_DEVIATION,CALIBRATION_DEVIATION,Instrumentation,,UTL-INSTRUMENTATION,Closed,,,,,,,,,NO_ACTION_REQUIRED,Notification dispositioned without corrective scope.,Inspection only,Field inspection completed; no corrective maintenance performed.,TRUE,1.60,272.97,
N0000670,,PLT-RU-UTL-ELD,TR-UTL-ELD-01,2024-08-28,3,Operator Report,Utilities - Operations,,Control sequence response differs from approved logic.,CONTROL_SEQUENCE_DEVIATION,CONTROL_SEQUENCE_DEVIATION,Condition Monitoring,,UTL-CONDITION_MONITORING,Closed,,,,,,,,,NO_ACTION_REQUIRED,Notification dispositioned without corrective scope.,Inspection only,Field inspection completed; no corrective maintenance performed.,TRUE,0.97,204.90,
N0000671,,PLT-FL-DRY-PMF,FV-DRY-PMF-01,2024-08-29,1,Maintenance Sensory Route,Drying - Maintenance Route A,Sensory Route,Visible leakage at valve packing.,EXTERNAL_LEAKAGE,EXTERNAL_LEAKAGE,Valves,,DRY-VALVES,Closed,,,,,,,,,NO_ACTION_REQUIRED,Notification dispositioned without corrective scope.,Inspection only,Field inspection completed; no corrective maintenance performed.,TRUE,0.43,107.43,
N0000672,,PLT-FL-WSH-FIL,LT-WSH-FIL-01,2024-08-30,3,Operator Report,Washing & Screening - Operations,,Indicated value drifts from independent reference.,SIGNAL_DRIFT,SIGNAL_DRIFT,Instrumentation,,WSH-INSTRUMENTATION,Closed,,,,,,,,,NO_ACTION_REQUIRED,Notification dispositioned without corrective scope.,Inspection only,Field inspection completed; no corrective maintenance performed.,TRUE,0.37,106.05,
N0000673,,PLT-RU-LIM-DRV,DRV-LIM-DRV-01,2024-09-01,3,Condition Monitoring,Lime Kiln - Condition Monitoring,Predictive Route,Bearing temperature trending above baseline.,BEARING_TEMPERATURE,BEARING_TEMPERATURE,Mechanical,,LIM-MECHANICAL,Closed,,,,,,,,,NO_ACTION_REQUIRED,Notification dispositioned without corrective scope.,Inspection only,Field inspection completed; no corrective maintenance performed.,FALSE,0.65,130.77,
N0000674,WO0000404,PLT-RU-LIM-BRN,FV-LIM-BRN-01,2024-09-01,3,Operator Route,Lime Kiln - Operations,Sensory Route,Actuator supply pressure decays while held.,ACTUATOR_LEAKAGE,ACTUATOR_LEAKAGE,Valves,,LIM-VALVES,Closed,2024-09-01,PM02,Completed,2024-10-09,2024-10-10,2024-10-09,2024-10-10,0,MONITOR_CONDITION,Condition recorded; continue observation without corrective work.,Inspection only,Inspected and recorded readings; no component correction performed.,TRUE,1.45,288.09,
N0000675,WO0000405,PLT-RU-CAU-LMH,LT-CAU-LMH-01,2024-09-01,2,Maintenance Sensory Route,Causticizing - Maintenance Route A,Sensory Route,Control sequence response differs from approved logic.,CONTROL_SEQUENCE_DEVIATION,CONTROL_SEQUENCE_DEVIATION,Automation,,CAU-AUTOMATION,Closed,2024-09-06,PM02,Completed,2024-10-18,2024-10-18,2024-10-18,2024-10-18,3,WORK_COMPLETED,Corrective scope executed and checked.,Control logic correction,Control logic correction performed; post-work functional check within tolerance.,TRUE,7.95,2344.71,
N0000676,WO0000406,PLT-FL-DIG-DIS,LT-DIG-DIS-01,2024-09-01,2,Maintenance Sensory Route,Digester - Maintenance Route A,Sensory Route,Intermittent signal dropout at stable process conditions.,INTERMITTENT_SIGNAL,INTERMITTENT_SIGNAL,Instrumentation,,DIG-INSTRUMENTATION,Closed,2024-09-04,PM02,Completed,2024-09-15,2024-09-16,2024-09-15,2024-09-16,1,WORK_COMPLETED,Corrective scope executed and checked.,Instrument replacement,Instrument replacement performed; post-work functional check within tolerance.,TRUE,6.65,5397.24,
N0000677,,PLT-RU-RB-STM,PV-RB-STM-01,2024-09-02,2,Planned Inspection,Recovery Boiler - Inspection,Planned Inspection,Visible leakage at valve packing.,EXTERNAL_LEAKAGE,EXTERNAL_LEAKAGE,Valves,,RB-VALVES,Closed,,,,,,,,,NO_ACTION_REQUIRED,Notification dispositioned without corrective scope.,Inspection only,Field inspection completed; no corrective maintenance performed.,TRUE,1.49,259.31,
N0000678,WO0000407,PLT-RU-LIM-IDF,M-LIM-IDF-01,2024-09-04,2,Process Alarm,Lime Kiln - Control Room,Process / Control Monitoring,Lubricant level below normal mark.,LOW_LUBE_LEVEL,LOW_LUBE_LEVEL,Lubrication,,LIM-LUBRICATION,Closed,2024-09-07,PM02,Completed,2024-09-24,2024-09-24,2024-09-24,2024-09-24,1,WORK_COMPLETED,Corrective scope executed and checked.,Lubrication,Lubrication performed; post-work functional check within tolerance.,TRUE,2.87,1421.15,
N0000679,,PLT-FL-WSH-FIL,LT-WSH-FIL-01,2024-09-05,3,Operator Route,Washing & Screening - Operations,Sensory Route,Intermittent signal dropout at stable process conditions.,INTERMITTENT_SIGNAL,INTERMITTENT_SIGNAL,Instrumentation,,WSH-INSTRUMENTATION,Closed,,,,,,,,,NO_ACTION_REQUIRED,Notification dispositioned without corrective scope.,Inspection only,Field inspection completed; no corrective maintenance performed.,TRUE,1.57,323.61,
N0000680,WO0000408,PLT-RU-UTL-STM,PV-UTL-STM-01,2024-09-05,2,Process Alarm,Utilities - Control Room,Process / Control Monitoring,Valve travel sticks during small command changes.,VALVE_STICTION,VALVE_STICTION,Valves,,UTL-VALVES,Closed,2024-09-08,PM02,Completed,2024-09-25,2024-09-27,2024-09-25,2024-09-27,1,WORK_COMPLETED,Corrective scope executed and checked.,Valve overhaul,Valve overhaul performed; post-work functional check within tolerance.,TRUE,22.34,18135.43,
N0000681,,PLT-FL-WSH-FIL,LT-WSH-FIL-01,2024-09-06,2,Operator Report,Washing & Screening - Operations,,Measured output outside calibration tolerance.,CALIBRATION_DEVIATION,CALIBRATION_DEVIATION,Instrumentation,,WSH-INSTRUMENTATION,Closed,,,,,,,,,OPERATING_CONDITION,Observed response is within the current operating envelope.,Inspection only,Field inspection completed; no corrective maintenance performed.,FALSE,1.44,282.31,
N0000682,,PLT-RU-EVA-VAC,PT-EVA-VAC-01,2024-09-07,3,Maintenance Sensory Route,Evaporation - Maintenance Route A,Sensory Route,Pressure response delayed during process change.,IMPULSE_LINE_RESTRICTION,IMPULSE_LINE_RESTRICTION,Instrumentation,,EVA-INSTRUMENTATION,Closed,,,,,,,,,NO_ACTION_REQUIRED,Notification dispositioned without corrective scope.,Inspection only,Field inspection completed; no corrective maintenance performed.,TRUE,1.99,345.15,
N0000683,,PLT-RU-RB-SMT,M-RB-SMT-01,2024-09-08,3,Process Alarm,Recovery Boiler - Control Room,Process / Control Monitoring,Localized heating at electrical connection.,TERMINAL_HEATING,TERMINAL_HEATING,Electrical,,RB-ELECTRICAL,Closed,,,,,,,,,NO_ACTION_REQUIRED,Notification dispositioned without corrective scope.,Inspection only,Field inspection completed; no corrective maintenance performed.,TRUE,1.09,208.50,
N0000684,,PLT-FL-DIG-CIR,PT-DIG-CIR-01,2024-09-08,3,Operator Report,Digester - Operations,,Intermittent signal dropout at stable process conditions.,INTERMITTENT_SIGNAL,INTERMITTENT_SIGNAL,Instrumentation,,DIG-INSTRUMENTATION,Closed,,,,,,,,,NO_ACTION_REQUIRED,Notification dispositioned without corrective scope.,Inspection only,Field inspection completed; no corrective maintenance performed.,FALSE,0.86,179.69,
N0000685,WO0000409,PLT-RU-CAU-SLK,TT-CAU-SLK-01,2024-09-08,3,Process Alarm,Causticizing - Control Room,Process / Control Monitoring,Intermittent signal dropout at stable process conditions.,INTERMITTENT_SIGNAL,INTERMITTENT_SIGNAL,Automation,,CAU-AUTOMATION,Closed,2024-09-11,PM02,Completed,2025-01-06,2025-01-08,2025-01-06,2025-01-08,4,WORK_COMPLETED,Corrective scope executed and checked.,Instrument replacement,Instrument replacement performed; post-work functional check within tolerance.,TRUE,7.02,5699.18,
N0000686,WO0000410,PLT-RU-RB-SMT,AG-RB-SMT-01,2024-09-09,3,Operator Report,Recovery Boiler - Operations,,Mechanism travel is uneven with elevated resistance.,MECHANICAL_BINDING,MECHANICAL_BINDING,Mechanical,,RB-MECHANICAL,Closed,2024-09-13,PM02,Completed,2024-11-04,2024-11-04,2024-11-04,2024-11-04,3,WORK_COMPLETED,Corrective scope executed and checked.,Adjustment,Adjustment performed; post-work functional check within tolerance.,TRUE,5.20,1859.13,
N0000687,WO0000411,PLT-FL-BLE-TWR,M-BLE-TWR-01,2024-09-09,3,Condition Monitoring,Bleaching - Condition Monitoring,Predictive Route,Insulation test trending below reference.,INSULATION_DEGRADATION,INSULATION_DEGRADATION,Condition Monitoring,,BLE-CONDITION_MONITORING,Closed,2024-09-10,PM02,Completed,2024-10-02,2024-10-02,2024-10-02,2024-10-02,0,WORK_COMPLETED,Corrective scope executed and checked.,Component replacement,Component replacement performed; post-work functional check within tolerance.,TRUE,28.63,27573.48,
N0000688,WO0000412,PLT-FL-DRY-PRS,ROLL-DRY-PRS-01,2024-09-09,3,Planned Inspection,Drying - Inspection,Planned Inspection,Rotating assembly shows dominant once-per-revolution vibration.,IMBALANCE,IMBALANCE,Mechanical,Lubrication,DRY-LUBRICATION,Closed,2024-09-10,PM02,Completed,2024-11-07,2024-11-08,2024-11-07,2024-11-08,1,WORK_COMPLETED,Corrective scope executed and checked.,Adjustment,Adjustment performed; post-work functional check within tolerance.,TRUE,9.43,4669.54,
N0000689,,PLT-FL-BLE-DOS,M-BLE-DOS-01,2024-09-11,3,Planned Inspection,Bleaching - Inspection,Planned Inspection,Motor bearing vibration above baseline.,MOTOR_BEARING_VIBRATION,MOTOR_BEARING_VIBRATION,Electrical,,BLE-ELECTRICAL,Closed,,,,,,,,,NO_ACTION_REQUIRED,Notification dispositioned without corrective scope.,Inspection only,Field inspection completed; no corrective maintenance performed.,TRUE,0.89,165.66,
N0000690,WO0000413,PLT-RU-RB-FWS,M-RB-FWS-01,2024-09-12,3,Maintenance Sensory Route,Recovery Boiler - Maintenance Route A,Sensory Route,Localized heating at electrical connection.,TERMINAL_HEATING,TERMINAL_HEATING,Electrical,,RB-ELECTRICAL,Closed,2024-09-17,PM02,Completed,2024-12-18,2024-12-18,2024-12-18,2024-12-18,4,WORK_COMPLETED,Corrective scope executed and checked.,Tightening,Tightening performed; post-work functional check within tolerance.,TRUE,5.51,1348.95,
N0000691,,PLT-FL-DIG-CHP,M-DIG-CHP-01,2024-09-13,3,Maintenance Sensory Route,Digester - Maintenance Route A,Sensory Route,Oil condition test indicates degraded lubricant.,OIL_DEGRADATION,OIL_DEGRADATION,Lubrication,,DIG-LUBRICATION,Closed,,,,,,,,,NO_DEFECT_FOUND,Inspection could not confirm the reported abnormality.,Inspection only,Field inspection completed; no corrective maintenance performed.,FALSE,0.46,111.04,
N0000692,WO0000414,PLT-FL-DIG-DIS,XV-DIG-DIS-01,2024-09-17,2,Maintenance Sensory Route,Digester - Maintenance Route A,Sensory Route,Valve travel sticks during small command changes.,VALVE_STICTION,VALVE_STICTION,Valves,,DIG-VALVES,Closed,2024-09-19,PM02,Cancelled,2024-10-19,2024-10-20,,,1,CANCELLED,Order cancelled after scope review; no execution recorded.,,,TRUE,1.95,356.42,
N0000693,,PLT-RU-EVA-BLF,FT-EVA-BLF-01,2024-09-20,1,Maintenance Sensory Route,Evaporation - Maintenance Route A,Sensory Route,Intermittent signal dropout at stable process conditions.,INTERMITTENT_SIGNAL,INTERMITTENT_SIGNAL,Instrumentation,,EVA-INSTRUMENTATION,Closed,,,,,,,,,OPERATING_CONDITION,Observed response is within the current operating envelope.,Inspection only,Field inspection completed; no corrective maintenance performed.,FALSE,0.82,174.43,
N0000694,,PLT-FL-BLE-TWR,LT-BLE-TWR-01,2024-09-20,3,Planned Inspection,Bleaching - Inspection,Planned Inspection,Control sequence response differs from approved logic.,CONTROL_SEQUENCE_DEVIATION,CONTROL_SEQUENCE_DEVIATION,Automation,Instrumentation,BLE-INSTRUMENTATION,Closed,,,,,,,,,NO_DEFECT_FOUND,Inspection could not confirm the reported abnormality.,Inspection only,Field inspection completed; no corrective maintenance performed.,FALSE,1.58,270.54,
N0000695,WO0000415,PLT-RU-CAU-LMH,FV-CAU-LMH-01,2024-09-21,3,Process Alarm,Causticizing - Control Room,Process / Control Monitoring,Valve feedback differs from demanded position.,POSITIONER_DEVIATION,POSITIONER_DEVIATION,Valves,,CAU-VALVES,Closed,2024-09-25,PM02,Completed,2024-12-29,2024-12-30,2024-12-29,2024-12-30,4,MONITOR_CONDITION,Condition recorded; continue observation without corrective work.,Inspection only,Inspected and recorded readings; no component correction performed.,TRUE,1.10,242.80,
N0000696,,PLT-RU-UTL-CWT,M-UTL-CWT-01,2024-09-21,3,Process Alarm,Utilities - Control Room,Process / Control Monitoring,Motor bearing vibration above baseline.,MOTOR_BEARING_VIBRATION,MOTOR_BEARING_VIBRATION,Electrical,,UTL-ELECTRICAL,Closed,,,,,,,,,OPERATING_CONDITION,Observed response is within the current operating envelope.,Inspection only,Field inspection completed; no corrective maintenance performed.,FALSE,1.58,262.87,
N0000697,WO0000416,PLT-RU-UTL-CWT,P-UTL-CWT-01,2024-09-25,2,Condition Monitoring,Utilities - Condition Monitoring,Predictive Route,Crackling noise and unstable suction pressure.,CAVITATION,CAVITATION,Mechanical,,UTL-MECHANICAL,Closed,2024-09-27,PM02,Completed,2024-10-02,2024-10-02,2024-10-02,2024-10-02,0,WORK_COMPLETED,Corrective scope executed and checked.,Cleaning,Cleaning performed; post-work functional check within tolerance.,TRUE,7.46,1977.04,
N0000698,WO0000417,PLT-RU-RB-AIR,M-RB-AIR-01,2024-09-26,3,Planned Inspection,Recovery Boiler - Inspection,Planned Inspection,Localized heating at electrical connection.,TERMINAL_HEATING,TERMINAL_HEATING,Electrical,,RB-ELECTRICAL,Closed,2024-09-29,PM02,Completed,2024-11-10,2024-11-10,2024-11-10,2024-11-10,2,WORK_COMPLETED,Corrective scope executed and checked.,Tightening,Tightening performed; post-work functional check within tolerance.,TRUE,4.17,1022.44,
N0000699,WO0000418,PLT-FL-WSH-KNR,M-WSH-KNR-01,2024-09-26,2,Planned Inspection,Washing & Screening - Inspection,Planned Inspection,Insulation test trending below reference.,INSULATION_DEGRADATION,INSULATION_DEGRADATION,Electrical,,WSH-ELECTRICAL,Closed,2024-09-29,PM02,Cancelled,2024-10-15,2024-10-17,,,1,CANCELLED,Order cancelled after scope review; no execution recorded.,,,TRUE,0.64,165.19,
N0000700,,PLT-FL-WSH-SCR,SCR-WSH-SCR-01,2024-09-26,3,Process Alarm,Washing & Screening - Control Room,Process / Control Monitoring,Process differential pressure above normal operating range.,PROCESS_RESTRICTION,PROCESS_RESTRICTION,Mechanical,,WSH-MECHANICAL,Closed,,,,,,,,,NO_ACTION_REQUIRED,Notification dispositioned without corrective scope.,Inspection only,Field inspection completed; no corrective maintenance performed.,TRUE,0.38,142.58,
N0000701,,PLT-RU-CAU-REA,FV-CAU-REA-01,2024-09-27,2,Operator Route,Causticizing - Operations,Sensory Route,Actuator supply pressure decays while held.,ACTUATOR_LEAKAGE,ACTUATOR_LEAKAGE,Valves,,CAU-VALVES,Closed,,,,,,,,,MONITOR_CONDITION,Condition recorded; continue observation without corrective work.,Inspection only,Field inspection completed; no corrective maintenance performed.,TRUE,1.94,379.58,
N0000702,,PLT-RU-UTL-PWT,P-UTL-PWT-01,2024-09-27,3,Maintenance Sensory Route,Utilities - Maintenance Route A,Sensory Route,Crackling noise and unstable suction pressure.,CAVITATION,CAVITATION,Mechanical,,UTL-MECHANICAL,Closed,,,,,,,,,NO_ACTION_REQUIRED,Notification dispositioned without corrective scope.,Inspection only,Field inspection completed; no corrective maintenance performed.,FALSE,0.72,162.35,
N0000703,WO0000419,PLT-RU-UTL-AIR,DRY-UTL-AIR-01,2024-09-28,2,Operator Route,Utilities - Operations,Sensory Route,Mechanism travel is uneven with elevated resistance.,MECHANICAL_BINDING,MECHANICAL_BINDING,Mechanical,Instrumentation,UTL-INSTRUMENTATION,Closed,2024-09-28,PM02,Completed,2024-10-09,2024-10-10,2024-10-09,2024-10-10,0,WORK_COMPLETED,Corrective scope executed and checked.,Adjustment,Adjustment performed; post-work functional check within tolerance.,TRUE,6.71,2400.23,
N0000704,WO0000420,PLT-RU-UTL-AIR,M-UTL-AIR-01,2024-09-28,3,Maintenance Sensory Route,Utilities - Maintenance Route A,Sensory Route,Motor bearing vibration above baseline.,MOTOR_BEARING_VIBRATION,MOTOR_BEARING_VIBRATION,Electrical,,UTL-ELECTRICAL,Closed,2024-10-03,PM02,Completed,2024-11-09,2024-11-11,2024-11-09,2024-11-11,0,WORK_COMPLETED,Corrective scope executed and checked.,Bearing replacement,Bearing replacement performed; post-work functional check within tolerance.,TRUE,15.13,9759.51,
N0000705,WO0000421,PLT-RU-RB-FWS,P-RB-FWS-01,2024-09-28,3,Process Alarm,Recovery Boiler - Control Room,Process / Control Monitoring,Bearing temperature trending above baseline.,BEARING_TEMPERATURE,BEARING_TEMPERATURE,Mechanical,,RB-MECHANICAL,Closed,2024-09-28,PM02,Completed,2024-10-26,2024-10-28,2024-10-26,2024-10-28,1,WORK_COMPLETED,Corrective scope executed and checked.,Bearing replacement,Bearing replacement performed; post-work functional check within tolerance.,TRUE,17.93,12849.14,
N0000706,WO0000422,PLT-FL-BLE-TWR,LT-BLE-TWR-01,2024-10-05,3,Operator Route,Bleaching - Operations,Sensory Route,Indicated value drifts from independent reference.,SIGNAL_DRIFT,SIGNAL_DRIFT,Instrumentation,,BLE-INSTRUMENTATION,Closed,2024-10-07,PM02,Completed,2024-11-22,2024-11-23,2024-11-22,2024-11-23,1,WORK_COMPLETED,Corrective scope executed and checked.,Calibration,Calibration performed; post-work functional check within tolerance.,TRUE,5.78,1703.97,
N0000707,,PLT-RU-EVA-CIR,PT-EVA-CIR-01,2024-10-06,2,Planned Inspection,Evaporation - Inspection,Planned Inspection,Measured output outside calibration tolerance.,CALIBRATION_DEVIATION,CALIBRATION_DEVIATION,Instrumentation,,EVA-INSTRUMENTATION,Closed,,,,,,,,,NO_ACTION_REQUIRED,Notification dispositioned without corrective scope.,Inspection only,Field inspection completed; no corrective maintenance performed.,TRUE,1.48,279.29,
N0000708,WO0000423,PLT-RU-LIM-BRN,BRN-LIM-BRN-01,2024-10-07,1,Operator Report,Lime Kiln - Operations,,Control sequence response differs from approved logic.,CONTROL_SEQUENCE_DEVIATION,CONTROL_SEQUENCE_DEVIATION,Automation,,LIM-AUTOMATION,Closed,2024-10-09,CM01,Completed,2024-10-22,2024-10-22,2024-10-22,2024-10-22,1,WORK_COMPLETED,Corrective scope executed and checked.,Control logic correction,Control logic correction performed; post-work functional check within tolerance.,TRUE,10.22,3013.50,
N0000709,,PLT-RU-LIM-BRN,FT-LIM-BRN-01,2024-10-07,2,Planned Inspection,Lime Kiln - Inspection,Planned Inspection,Indicated value drifts from independent reference.,SIGNAL_DRIFT,SIGNAL_DRIFT,Instrumentation,,LIM-INSTRUMENTATION,Closed,,,,,,,,,NO_ACTION_REQUIRED,Notification dispositioned without corrective scope.,Inspection only,Field inspection completed; no corrective maintenance performed.,TRUE,0.80,196.28,
N0000710,,PLT-RU-CAU-WLC,M-CAU-WLC-01,2024-10-08,1,Condition Monitoring,Causticizing - Condition Monitoring,Predictive Route,Oil condition test indicates degraded lubricant.,OIL_DEGRADATION,OIL_DEGRADATION,Lubrication,,CAU-LUBRICATION,Closed,,,,,,,,,NO_DEFECT_FOUND,Inspection could not confirm the reported abnormality.,Inspection only,Field inspection completed; no corrective maintenance performed.,FALSE,0.84,164.62,
N0000711,WO0000424,PLT-FL-DRY-LUB,PT-DRY-LUB-01,2024-10-08,3,Maintenance Sensory Route,Drying - Maintenance Route A,Sensory Route,Pressure response delayed during process change.,IMPULSE_LINE_RESTRICTION,IMPULSE_LINE_RESTRICTION,Instrumentation,,DRY-INSTRUMENTATION,Closed,2024-10-11,PM02,Completed,2024-12-29,2024-12-31,2024-12-29,2024-12-31,3,WORK_COMPLETED,Corrective scope executed and checked.,Cleaning,Cleaning performed; post-work functional check within tolerance.,TRUE,4.81,1275.68,
N0000712,WO0000425,PLT-FL-WSH-BSW,DRV-WSH-BSW-01,2024-10-09,3,Condition Monitoring,Washing & Screening - Condition Monitoring,Predictive Route,Mechanism travel is uneven with elevated resistance.,MECHANICAL_BINDING,MECHANICAL_BINDING,Condition Monitoring,,WSH-CONDITION_MONITORING,Closed,2024-10-10,PM02,Completed,2025-01-06,2025-01-07,2025-01-06,2025-01-07,3,WORK_COMPLETED,Corrective scope executed and checked.,Adjustment,Adjustment performed; post-work functional check within tolerance.,TRUE,9.25,3307.09,
N0000713,WO0000426,PLT-FL-DIG-CHP,ZS-DIG-CHP-01,2024-10-09,1,Breakdown / Corrective,Digester - Operations,,Intermittent signal dropout at stable process conditions.,INTERMITTENT_SIGNAL,INTERMITTENT_SIGNAL,Automation,,DIG-AUTOMATION,Closed,2024-10-12,CM01,Completed,2024-10-14,2024-10-14,2024-10-14,2024-10-14,0,WORK_COMPLETED,Corrective scope executed and checked.,Instrument replacement,Instrument replacement performed; post-work functional check within tolerance.,TRUE,5.67,4604.50,
N0000714,,PLT-RU-CAU-GLH,FV-CAU-GLH-01,2024-10-10,3,Operator Route,Causticizing - Operations,Sensory Route,Visible leakage at valve packing.,EXTERNAL_LEAKAGE,EXTERNAL_LEAKAGE,Instrumentation,,CAU-INSTRUMENTATION,Closed,,,,,,,,,NO_ACTION_REQUIRED,Notification dispositioned without corrective scope.,Inspection only,Field inspection completed; no corrective maintenance performed.,TRUE,1.96,325.18,
N0000715,,PLT-FL-DIG-CIR,FV-DIG-CIR-01,2024-10-10,2,Operator Route,Digester - Operations,Sensory Route,Valve feedback differs from demanded position.,POSITIONER_DEVIATION,POSITIONER_DEVIATION,Valves,,DIG-VALVES,Closed,,,,,,,,,NO_DEFECT_FOUND,Inspection could not confirm the reported abnormality.,Inspection only,Field inspection completed; no corrective maintenance performed.,FALSE,1.73,343.18,
N0000716,WO0000427,PLT-RU-LIM-LMF,M-LIM-LMF-01,2024-10-10,2,Condition Monitoring,Lime Kiln - Condition Monitoring,Predictive Route,Motor temperature rising at normal load.,MOTOR_OVERHEATING,MOTOR_OVERHEATING,Electrical,,LIM-ELECTRICAL,Closed,2024-10-12,PM02,Completed,2024-10-23,2024-10-25,2024-10-23,2024-10-25,0,WORK_COMPLETED,Corrective scope executed and checked.,Cleaning,Cleaning performed; post-work functional check within tolerance.,TRUE,5.18,1529.07,
N0000717,,PLT-RU-LIM-LMF,FV-LIM-LMF-01,2024-10-11,3,Operator Route,Lime Kiln - Operations,Sensory Route,Visible leakage at valve packing.,EXTERNAL_LEAKAGE,EXTERNAL_LEAKAGE,Valves,,LIM-VALVES,Closed,,,,,,,,,NO_ACTION_REQUIRED,Notification dispositioned without corrective scope.,Inspection only,Field inspection completed; no corrective maintenance performed.,TRUE,1.21,244.45,
N0000718,WO0000428,PLT-RU-LIM-IDF,M-LIM-IDF-01,2024-10-11,1,Planned Inspection,Lime Kiln - Inspection,Planned Inspection,Motor temperature rising at normal load.,MOTOR_OVERHEATING,MOTOR_OVERHEATING,Condition Monitoring,Electrical,LIM-ELECTRICAL,Closed,2024-10-11,CM01,Completed,2024-10-26,2024-10-28,2024-10-26,2024-10-28,1,MONITOR_CONDITION,Condition recorded; continue observation without corrective work.,Inspection only,Inspected and recorded readings; no component correction performed.,TRUE,0.56,120.12,
N0000719,WO0000429,PLT-RU-RB-AIR,DV-RB-AIR-01,2024-10-12,2,Operator Route,Recovery Boiler - Operations,Sensory Route,Control sequence response differs from approved logic.,CONTROL_SEQUENCE_DEVIATION,CONTROL_SEQUENCE_DEVIATION,Automation,,RB-AUTOMATION,Closed,2024-10-12,PM02,Completed,2024-11-17,2024-11-19,2024-11-17,2024-11-19,2,WORK_COMPLETED,Corrective scope executed and checked.,Control logic correction,Control logic correction performed; post-work functional check within tolerance.,TRUE,7.84,2313.54,
N0000720,WO0000430,PLT-FL-BLE-STW,M-BLE-STW-01,2024-10-13,3,Planned Inspection,Bleaching - Inspection,Planned Inspection,Motor bearing vibration above baseline.,MOTOR_BEARING_VIBRATION,MOTOR_BEARING_VIBRATION,Condition Monitoring,,BLE-CONDITION_MONITORING,Closed,2024-10-16,PM02,Cancelled,2024-12-01,2024-12-01,,,2,CANCELLED,Order cancelled after scope review; no execution recorded.,,,TRUE,1.82,304.82,
N0000721,,PLT-RU-LIM-BRN,BRN-LIM-BRN-01,2024-10-14,3,Operator Report,Lime Kiln - Operations,,Process differential pressure above normal operating range.,PROCESS_RESTRICTION,PROCESS_RESTRICTION,Mechanical,,LIM-MECHANICAL,Closed,,,,,,,,,MONITOR_CONDITION,Condition recorded; continue observation without corrective work.,Inspection only,Field inspection completed; no corrective maintenance performed.,TRUE,1.96,363.97,
N0000722,WO0000431,PLT-RU-RB-STM,PT-RB-STM-01,2024-10-14,1,Operator Route,Recovery Boiler - Operations,Sensory Route,Measured output outside calibration tolerance.,CALIBRATION_DEVIATION,CALIBRATION_DEVIATION,Instrumentation,,RB-INSTRUMENTATION,Closed,2024-10-15,CM01,Completed,2024-10-18,2024-10-19,2024-10-18,2024-10-19,0,WORK_COMPLETED,Corrective scope executed and checked.,Calibration,Calibration performed; post-work functional check within tolerance.,TRUE,4.88,1440.79,
N0000723,WO0000432,PLT-FL-DRY-FOR,DRV-DRY-FOR-01,2024-10-15,2,Planned Inspection,Drying - Inspection,Planned Inspection,Bearing temperature trending above baseline.,BEARING_TEMPERATURE,BEARING_TEMPERATURE,Condition Monitoring,,DRY-CONDITION_MONITORING,Closed,2024-10-15,PM02,Completed,2024-10-30,2024-10-30,2024-10-30,2024-10-30,1,WORK_COMPLETED,Corrective scope executed and checked.,Bearing replacement,Bearing replacement performed; post-work functional check within tolerance.,TRUE,9.73,6973.02,
N0000724,WO0000433,PLT-RU-UTL-AIR,CMP-UTL-AIR-01,2024-10-16,1,Operator Report,Utilities - Operations,,Bearing temperature trending above baseline.,BEARING_TEMPERATURE,BEARING_TEMPERATURE,Mechanical,,UTL-MECHANICAL,Closed,2024-10-21,CM01,Completed,2024-11-04,2024-11-04,2024-11-04,2024-11-04,1,WORK_COMPLETED,Corrective scope executed and checked.,Bearing replacement,Bearing replacement performed; post-work functional check within tolerance.,TRUE,19.64,14069.91,
N0000725,WO0000434,PLT-RU-UTL-AIR,CMP-UTL-AIR-01,2024-10-18,2,Planned Inspection,Utilities - Inspection,Planned Inspection,Mechanism travel is uneven with elevated resistance.,MECHANICAL_BINDING,MECHANICAL_BINDING,Mechanical,,UTL-MECHANICAL,Closed,2024-10-21,PM02,Completed,2024-11-12,2024-11-13,2024-11-12,2024-11-13,1,WORK_COMPLETED,Corrective scope executed and checked.,Adjustment,Adjustment performed; post-work functional check within tolerance.,TRUE,11.24,4018.04,
N0000726,,PLT-RU-LIM-LMF,FT-LIM-LMF-01,2024-10-18,3,Operator Report,Lime Kiln - Operations,,Measured output outside calibration tolerance.,CALIBRATION_DEVIATION,CALIBRATION_DEVIATION,Instrumentation,,LIM-INSTRUMENTATION,Closed,,,,,,,,,NO_ACTION_REQUIRED,Notification dispositioned without corrective scope.,Inspection only,Field inspection completed; no corrective maintenance performed.,FALSE,0.78,210.25,
N0000727,,PLT-RU-UTL-PWT,FT-UTL-PWT-01,2024-10-18,2,Operator Route,Utilities - Operations,Sensory Route,Intermittent signal dropout at stable process conditions.,INTERMITTENT_SIGNAL,INTERMITTENT_SIGNAL,Instrumentation,,UTL-INSTRUMENTATION,Closed,,,,,,,,,MONITOR_CONDITION,Condition recorded; continue observation without corrective work.,Inspection only,Field inspection completed; no corrective maintenance performed.,TRUE,0.86,189.89,
N0000728,,PLT-RU-LIM-DRV,DRV-LIM-DRV-01,2024-10-19,3,Maintenance Sensory Route,Lime Kiln - Maintenance Route A,Sensory Route,Rotating assembly shows dominant once-per-revolution vibration.,IMBALANCE,IMBALANCE,Mechanical,,LIM-MECHANICAL,Closed,,,,,,,,,NO_ACTION_REQUIRED,Notification dispositioned without corrective scope.,Inspection only,Field inspection completed; no corrective maintenance performed.,FALSE,0.75,202.32,
N0000729,WO0000435,PLT-FL-DIG-BLC,PT-DIG-BLC-01,2024-10-19,3,Maintenance Sensory Route,Digester - Maintenance Route A,Sensory Route,Indicated value drifts from independent reference.,SIGNAL_DRIFT,SIGNAL_DRIFT,Instrumentation,Automation,DIG-AUTOMATION,Closed,2024-10-20,PM02,Completed,2024-11-29,2024-12-01,2024-11-29,2024-12-01,1,WORK_COMPLETED,Corrective scope executed and checked.,Calibration,Calibration performed; post-work functional check within tolerance.,TRUE,5.61,1655.73,
N0000730,,PLT-FL-WSH-FIL,FV-WSH-FIL-01,2024-10-20,3,Operator Route,Washing & Screening - Operations,Sensory Route,Actuator supply pressure decays while held.,ACTUATOR_LEAKAGE,ACTUATOR_LEAKAGE,Valves,,WSH-VALVES,Closed,,,,,,,,,NO_ACTION_REQUIRED,Notification dispositioned without corrective scope.,Inspection only,Field inspection completed; no corrective maintenance performed.,TRUE,1.74,331.27,
N0000731,WO0000436,PLT-FL-DIG-BLC,XV-DIG-BLC-01,2024-10-20,2,Process Alarm,Digester - Control Room,Process / Control Monitoring,Visible leakage at valve packing.,EXTERNAL_LEAKAGE,EXTERNAL_LEAKAGE,Instrumentation,,DIG-INSTRUMENTATION,Closed,2024-10-21,PM02,Completed,2024-12-03,2024-12-04,2024-12-03,2024-12-04,2,MONITOR_CONDITION,Condition recorded; continue observation without corrective work.,Inspection only,Inspected and recorded readings; no component correction performed.,TRUE,1.04,205.68,
N0000732,WO0000437,PLT-RU-CAU-LMH,M-CAU-LMH-01,2024-10-21,3,Planned Inspection,Causticizing - Inspection,Planned Inspection,Localized heating at electrical connection.,TERMINAL_HEATING,TERMINAL_HEATING,Electrical,,CAU-ELECTRICAL,Closed,2024-10-23,PM02,Completed,2025-01-01,2025-01-03,2025-01-01,2025-01-03,3,WORK_COMPLETED,Corrective scope executed and checked.,Tightening,Tightening performed; post-work functional check within tolerance.,TRUE,5.60,1372.64,
N0000733,WO0000438,PLT-RU-EVA-CIR,P-EVA-CIR-01,2024-10-21,2,Operator Route,Evaporation - Operations,Sensory Route,Elevated vibration at pump bearing housing.,PUMP_BEARING_VIBRATION,PUMP_BEARING_VIBRATION,Mechanical,,EVA-MECHANICAL,Closed,2024-10-21,PM02,Completed,2024-11-17,2024-11-17,2024-11-17,2024-11-17,2,WORK_COMPLETED,Corrective scope executed and checked.,Bearing replacement,Bearing replacement performed; post-work functional check within tolerance.,TRUE,22.13,15658.82,
N0000734,,PLT-FL-DRY-PRS,PT-DRY-PRS-01,2024-10-22,3,Operator Route,Drying - Operations,Sensory Route,Pressure response delayed during process change.,IMPULSE_LINE_RESTRICTION,IMPULSE_LINE_RESTRICTION,Instrumentation,,DRY-INSTRUMENTATION,Closed,,,,,,,,,NO_ACTION_REQUIRED,Notification dispositioned without corrective scope.,Inspection only,Field inspection completed; no corrective maintenance performed.,TRUE,1.54,293.42,
N0000735,WO0000439,PLT-FL-BLE-CHM,AG-BLE-CHM-01,2024-10-23,3,Operator Route,Bleaching - Operations,Sensory Route,Mechanism travel is uneven with elevated resistance.,MECHANICAL_BINDING,MECHANICAL_BINDING,Mechanical,,BLE-MECHANICAL,Closed,2024-10-24,PM02,Completed,2025-01-05,2025-01-06,2025-01-05,2025-01-06,3,WORK_COMPLETED,Corrective scope executed and checked.,Adjustment,Adjustment performed; post-work functional check within tolerance.,TRUE,11.49,4107.70,
N0000736,WO0000440,PLT-RU-UTL-ELD,CB-UTL-ELD-01,2024-10-24,3,Operator Route,Utilities - Operations,Sensory Route,Insulation test trending below reference.,INSULATION_DEGRADATION,INSULATION_DEGRADATION,Electrical,,UTL-ELECTRICAL,Closed,2024-10-24,PM02,Completed,2024-11-25,2024-11-26,2024-11-25,2024-11-26,1,WORK_COMPLETED,Corrective scope executed and checked.,Component replacement,Component replacement performed; post-work functional check within tolerance.,TRUE,19.28,18568.70,
N0000737,WO0000441,PLT-RU-CAU-SLK,M-CAU-SLK-01,2024-10-25,3,Process Alarm,Causticizing - Control Room,Process / Control Monitoring,Oil condition test indicates degraded lubricant.,OIL_DEGRADATION,OIL_DEGRADATION,Lubrication,,CAU-LUBRICATION,Closed,2024-10-29,PM02,Cancelled,2024-12-11,2024-12-12,,,1,CANCELLED,Order cancelled after scope review; no execution recorded.,,,TRUE,1.17,211.46,
N0000738,WO0000442,PLT-RU-RB-SMT,P-RB-SMT-01,2024-10-25,1,Breakdown / Corrective,Recovery Boiler - Operations,,Elevated vibration at pump bearing housing.,PUMP_BEARING_VIBRATION,PUMP_BEARING_VIBRATION,Mechanical,,RB-MECHANICAL,Closed,2024-10-25,CM01,Completed,2024-12-07,2024-12-07,2024-12-07,2024-12-07,3,WORK_COMPLETED,Corrective scope executed and checked.,Bearing replacement,Bearing replacement performed; post-work functional check within tolerance.,TRUE,15.26,10797.43,
N0000739,,PLT-RU-CAU-SLK,TT-CAU-SLK-01,2024-10-25,3,Planned Inspection,Causticizing - Inspection,Planned Inspection,Measured output outside calibration tolerance.,CALIBRATION_DEVIATION,CALIBRATION_DEVIATION,Instrumentation,,CAU-INSTRUMENTATION,Closed,,,,,,,,,MONITOR_CONDITION,Condition recorded; continue observation without corrective work.,Inspection only,Field inspection completed; no corrective maintenance performed.,TRUE,0.57,178.57,
N0000740,WO0000443,PLT-FL-DIG-BLC,PSHH-DIG-BLC-01,2024-10-26,1,Planned Inspection,Digester - Inspection,Planned Inspection,Control sequence response differs from approved logic.,CONTROL_SEQUENCE_DEVIATION,CONTROL_SEQUENCE_DEVIATION,Automation,,DIG-AUTOMATION,Closed,2024-10-26,CM01,Completed,2024-12-04,2024-12-04,2024-12-04,2024-12-04,3,WORK_COMPLETED,Corrective scope executed and checked.,Control logic correction,Control logic correction performed; post-work functional check within tolerance.,TRUE,9.46,2790.15,
N0000741,WO0000444,PLT-FL-DRY-PRS,PT-DRY-PRS-01,2024-10-27,2,Operator Report,Drying - Operations,,Intermittent signal dropout at stable process conditions.,INTERMITTENT_SIGNAL,INTERMITTENT_SIGNAL,Instrumentation,,DRY-INSTRUMENTATION,Closed,2024-10-28,PM02,Completed,2024-11-08,2024-11-10,2024-11-08,2024-11-10,0,WORK_COMPLETED,Corrective scope executed and checked.,Instrument replacement,Instrument replacement performed; post-work functional check within tolerance.,TRUE,6.03,4896.03,
N0000742,,PLT-FL-BLE-DOS,FV-BLE-DOS-01,2024-10-29,2,Operator Route,Bleaching - Operations,Sensory Route,Visible leakage at valve packing.,EXTERNAL_LEAKAGE,EXTERNAL_LEAKAGE,Valves,,BLE-VALVES,Closed,,,,,,,,,NO_ACTION_REQUIRED,Notification dispositioned without corrective scope.,Inspection only,Field inspection completed; no corrective maintenance performed.,TRUE,1.29,281.40,
N0000743,WO0000445,PLT-RU-CAU-SLK,M-CAU-SLK-01,2024-10-29,1,Breakdown / Corrective,Causticizing - Operations,,Motor bearing vibration above baseline.,MOTOR_BEARING_VIBRATION,MOTOR_BEARING_VIBRATION,Electrical,,CAU-ELECTRICAL,Closed,2024-10-29,CM01,Completed,2024-11-01,2024-11-01,2024-11-01,2024-11-01,0,WORK_COMPLETED,Corrective scope executed and checked.,Bearing replacement,Bearing replacement performed; post-work functional check within tolerance.,TRUE,18.89,12183.16,
N0000744,WO0000446,PLT-FL-WSH-KNR,XV-WSH-KNR-01,2024-10-29,3,Process Alarm,Washing & Screening - Control Room,Process / Control Monitoring,Visible leakage at valve packing.,EXTERNAL_LEAKAGE,EXTERNAL_LEAKAGE,Valves,Instrumentation,WSH-INSTRUMENTATION,Closed,2024-10-29,PM02,Completed,2024-12-01,2024-12-02,2024-12-01,2024-12-02,0,MONITOR_CONDITION,Condition recorded; continue observation without corrective work.,Inspection only,Inspected and recorded readings; no component correction performed.,TRUE,1.28,256.73,
N0000745,,PLT-FL-DRY-LUB,PT-DRY-LUB-01,2024-11-03,2,Planned Inspection,Drying - Inspection,Planned Inspection,Indicated value drifts from independent reference.,SIGNAL_DRIFT,SIGNAL_DRIFT,Instrumentation,,DRY-INSTRUMENTATION,Closed,,,,,,,,,MONITOR_CONDITION,Condition recorded; continue observation without corrective work.,Inspection only,Field inspection completed; no corrective maintenance performed.,TRUE,1.27,225.39,
N0000746,WO0000447,PLT-FL-WSH-FIL,LT-WSH-FIL-01,2024-11-04,2,Planned Inspection,Washing & Screening - Inspection,Planned Inspection,Indicated value drifts from independent reference.,SIGNAL_DRIFT,SIGNAL_DRIFT,Instrumentation,,WSH-INSTRUMENTATION,Closed,2024-11-05,PM02,Completed,2024-12-12,2024-12-14,2024-12-12,2024-12-14,3,WORK_COMPLETED,Corrective scope executed and checked.,Calibration,Calibration performed; post-work functional check within tolerance.,TRUE,3.63,1070.80,
N0000747,WO0000448,PLT-FL-DRY-LUB,M-DRY-LUB-01,2024-11-05,3,Planned Inspection,Drying - Inspection,Planned Inspection,Localized heating at electrical connection.,TERMINAL_HEATING,TERMINAL_HEATING,Electrical,,DRY-ELECTRICAL,Closed,2024-11-05,PM02,Completed,2025-02-26,2025-02-27,2025-02-26,2025-02-27,5,WORK_COMPLETED,Corrective scope executed and checked.,Tightening,Tightening performed; post-work functional check within tolerance.,TRUE,4.52,1106.41,
N0000748,WO0000449,PLT-RU-CAU-GLC,M-CAU-GLC-01,2024-11-06,2,Planned Inspection,Causticizing - Inspection,Planned Inspection,Motor bearing vibration above baseline.,MOTOR_BEARING_VIBRATION,MOTOR_BEARING_VIBRATION,Condition Monitoring,Electrical,CAU-ELECTRICAL,Closed,2024-11-07,PM02,Completed,2024-12-16,2024-12-16,2024-12-16,2024-12-16,2,WORK_COMPLETED,Corrective scope executed and checked.,Bearing replacement,Bearing replacement performed; post-work functional check within tolerance.,TRUE,11.80,7610.32,
N0000749,WO0000450,PLT-FL-DIG-DIS,P-DIG-DIS-01,2024-11-06,2,Operator Route,Digester - Operations,Sensory Route,Oil sample shows elevated contamination.,OIL_CONTAMINATION,OIL_CONTAMINATION,Lubrication,,DIG-LUBRICATION,Closed,2024-11-10,PM02,Completed,2024-12-02,2024-12-03,2024-12-02,2024-12-03,1,WORK_COMPLETED,Corrective scope executed and checked.,Lubrication,Lubrication performed; post-work functional check within tolerance.,TRUE,7.22,3694.37,
N0000750,WO0000451,PLT-FL-DRY-LUB,LU-DRY-LUB-01,2024-11-07,3,Operator Route,Drying - Operations,Sensory Route,Oil sample shows elevated contamination.,OIL_CONTAMINATION,OIL_CONTAMINATION,Lubrication,,DRY-LUBRICATION,Closed,2024-11-12,PM02,Completed,2024-12-06,2024-12-07,2024-12-06,2024-12-07,1,WORK_COMPLETED,Corrective scope executed and checked.,Lubrication,Lubrication performed; post-work functional check within tolerance.,TRUE,5.34,2734.45,
N0000751,WO0000452,PLT-RU-CAU-LMH,M-CAU-LMH-01,2024-11-07,2,Operator Route,Causticizing - Operations,Sensory Route,Insulation test trending below reference.,INSULATION_DEGRADATION,INSULATION_DEGRADATION,Electrical,,CAU-ELECTRICAL,Closed,2024-11-08,PM02,Completed,2024-11-26,2024-11-27,2024-11-26,2024-11-27,1,WORK_COMPLETED,Corrective scope executed and checked.,Component replacement,Component replacement performed; post-work functional check within tolerance.,TRUE,32.68,31474.11,
N0000752,WO0000453,PLT-RU-EVA-VAC,PT-EVA-VAC-01,2024-11-07,3,Operator Route,Evaporation - Operations,Sensory Route,Indicated value drifts from independent reference.,SIGNAL_DRIFT,SIGNAL_DRIFT,Instrumentation,Automation,EVA-AUTOMATION,Closed,2024-11-09,PM02,Completed,2024-12-28,2024-12-30,2024-12-28,2024-12-30,5,WORK_COMPLETED,Corrective scope executed and checked.,Calibration,Calibration performed; post-work functional check within tolerance.,TRUE,3.73,1100.02,
N0000753,WO0000454,PLT-RU-CAU-LMH,P-CAU-LMH-01,2024-11-09,3,Condition Monitoring,Causticizing - Condition Monitoring,Predictive Route,Elevated vibration at pump bearing housing.,PUMP_BEARING_VIBRATION,PUMP_BEARING_VIBRATION,Mechanical,,CAU-MECHANICAL,Closed,2024-11-13,PM02,Completed,2024-12-09,2024-12-11,2024-12-09,2024-12-11,1,WORK_COMPLETED,Corrective scope executed and checked.,Bearing replacement,Bearing replacement performed; post-work functional check within tolerance.,TRUE,19.97,14132.25,
N0000754,WO0000455,PLT-RU-UTL-ELD,TR-UTL-ELD-01,2024-11-11,3,Condition Monitoring,Utilities - Condition Monitoring,Predictive Route,Control sequence response differs from approved logic.,CONTROL_SEQUENCE_DEVIATION,CONTROL_SEQUENCE_DEVIATION,Condition Monitoring,,UTL-CONDITION_MONITORING,Closed,2024-11-11,PM02,Completed,2025-01-02,2025-01-02,2025-01-02,2025-01-02,2,WORK_COMPLETED,Corrective scope executed and checked.,Control logic correction,Control logic correction performed; post-work functional check within tolerance.,TRUE,10.40,3068.01,
N0000755,,PLT-RU-CAU-LMH,P-CAU-LMH-01,2024-11-12,3,Maintenance Sensory Route,Causticizing - Maintenance Route A,Sensory Route,Crackling noise and unstable suction pressure.,CAVITATION,CAVITATION,Condition Monitoring,,CAU-CONDITION_MONITORING,Closed,,,,,,,,,MONITOR_CONDITION,Condition recorded; continue observation without corrective work.,Inspection only,Field inspection completed; no corrective maintenance performed.,TRUE,0.38,135.29,
N0000756,WO0000456,PLT-RU-LIM-BRN,FT-LIM-BRN-01,2024-11-13,3,Operator Route,Lime Kiln - Operations,Sensory Route,Measured output outside calibration tolerance.,CALIBRATION_DEVIATION,CALIBRATION_DEVIATION,Instrumentation,,LIM-INSTRUMENTATION,Closed,2024-11-13,PM02,Completed,2024-12-25,2024-12-26,2024-12-25,2024-12-26,1,WORK_COMPLETED,Corrective scope executed and checked.,Calibration,Calibration performed; post-work functional check within tolerance.,TRUE,2.90,854.03,
N0000757,WO0000457,PLT-FL-DIG-CIR,FV-DIG-CIR-01,2024-11-13,2,Process Alarm,Digester - Control Room,Process / Control Monitoring,Actuator supply pressure decays while held.,ACTUATOR_LEAKAGE,ACTUATOR_LEAKAGE,Valves,,DIG-VALVES,Closed,2024-11-15,PM02,Completed,2024-12-18,2024-12-20,2024-12-18,2024-12-20,3,WORK_COMPLETED,Corrective scope executed and checked.,Seal replacement,Seal replacement performed; post-work functional check within tolerance.,TRUE,9.47,5515.76,
N0000758,WO0000458,PLT-FL-WSH-SCR,M-WSH-SCR-01,2024-11-14,3,Condition Monitoring,Washing & Screening - Condition Monitoring,Predictive Route,Insulation test trending below reference.,INSULATION_DEGRADATION,INSULATION_DEGRADATION,Condition Monitoring,,WSH-CONDITION_MONITORING,Closed,2024-11-16,PM02,Completed,2024-12-29,2024-12-30,2024-12-29,2024-12-30,1,WORK_COMPLETED,Corrective scope executed and checked.,Component replacement,Component replacement performed; post-work functional check within tolerance.,TRUE,21.11,20336.52,
N0000759,,PLT-FL-DIG-BLC,PT-DIG-BLC-01,2024-11-14,2,Maintenance Sensory Route,Digester - Maintenance Route A,Sensory Route,Intermittent signal dropout at stable process conditions.,INTERMITTENT_SIGNAL,INTERMITTENT_SIGNAL,Instrumentation,Automation,DIG-AUTOMATION,Closed,,,,,,,,,NO_DEFECT_FOUND,Inspection could not confirm the reported abnormality.,Inspection only,Field inspection completed; no corrective maintenance performed.,FALSE,1.11,209.55,
N0000760,WO0000459,PLT-FL-WSH-SCR,DPIT-WSH-SCR-01,2024-11-15,3,Operator Route,Washing & Screening - Operations,Sensory Route,Measured output outside calibration tolerance.,CALIBRATION_DEVIATION,CALIBRATION_DEVIATION,Instrumentation,,WSH-INSTRUMENTATION,Closed,2024-11-15,PM02,Completed,2024-12-01,2024-12-01,2024-12-01,2024-12-01,0,WORK_COMPLETED,Corrective scope executed and checked.,Calibration,Calibration performed; post-work functional check within tolerance.,TRUE,5.88,1735.86,
N0000761,WO0000460,PLT-RU-CAU-GLH,P-CAU-GLH-01,2024-12-01,3,Condition Monitoring,Causticizing - Condition Monitoring,Predictive Route,Delivered flow below expected operating range.,LOW_FLOW,LOW_FLOW,Mechanical,,CAU-MECHANICAL,Closed,2024-12-05,PM02,Completed,2025-02-06,2025-02-08,2025-02-06,2025-02-08,2,WORK_COMPLETED,Corrective scope executed and checked.,Cleaning,Cleaning performed; post-work functional check within tolerance.,TRUE,9.59,2830.05,
N0000762,WO0000461,PLT-FL-WSH-BSW,M-WSH-BSW-01,2024-12-02,3,Condition Monitoring,Washing & Screening - Condition Monitoring,Predictive Route,Insulation test trending below reference.,INSULATION_DEGRADATION,INSULATION_DEGRADATION,Electrical,,WSH-ELECTRICAL,Closed,2024-12-07,PM02,Completed,2025-01-22,2025-01-23,2025-01-22,2025-01-23,1,WORK_COMPLETED,Corrective scope executed and checked.,Component replacement,Component replacement performed; post-work functional check within tolerance.,TRUE,19.68,18958.93,
N0000763,WO0000462,PLT-RU-UTL-ELD,MCC-UTL-ELD-01,2024-12-02,3,Process Alarm,Utilities - Control Room,Process / Control Monitoring,Localized heating at electrical connection.,TERMINAL_HEATING,TERMINAL_HEATING,Electrical,,UTL-ELECTRICAL,Closed,2024-12-02,PM02,Cancelled,2025-01-11,2025-01-11,,,1,CANCELLED,Order cancelled after scope review; no execution recorded.,,,TRUE,1.51,316.12,
N0000764,,PLT-FL-DIG-DIS,P-DIG-DIS-01,2024-12-02,3,Condition Monitoring,Digester - Condition Monitoring,Predictive Route,Bearing temperature trending above baseline.,BEARING_TEMPERATURE,BEARING_TEMPERATURE,Mechanical,,DIG-MECHANICAL,Closed,,,,,,,,,NO_ACTION_REQUIRED,Notification dispositioned without corrective scope.,Inspection only,Field inspection completed; no corrective maintenance performed.,FALSE,1.42,279.55,
N0000765,WO0000463,PLT-RU-RB-FWS,P-RB-FWS-01,2024-12-03,2,Planned Inspection,Recovery Boiler - Inspection,Planned Inspection,Leakage at shaft seal.,SEAL_LEAKAGE,SEAL_LEAKAGE,Mechanical,,RB-MECHANICAL,Closed,2024-12-06,PM02,Completed,2024-12-22,2024-12-23,2024-12-22,2024-12-23,0,WORK_COMPLETED,Corrective scope executed and checked.,Seal replacement,Seal replacement performed; post-work functional check within tolerance.,TRUE,12.81,9545.45,
N0000766,WO0000464,PLT-FL-DRY-SHT,M-DRY-SHT-01,2024-12-04,3,Process Alarm,Drying - Control Room,Process / Control Monitoring,Motor bearing vibration above baseline.,MOTOR_BEARING_VIBRATION,MOTOR_BEARING_VIBRATION,Electrical,,DRY-ELECTRICAL,Closed,2024-12-06,PM02,Cancelled,2025-01-13,2025-01-14,,,0,CANCELLED,Order cancelled after scope review; no execution recorded.,,,TRUE,1.01,192.21,
N0000767,WO0000465,PLT-RU-EVA-CIR,P-EVA-CIR-01,2024-12-04,2,Operator Route,Evaporation - Operations,Sensory Route,Crackling noise and unstable suction pressure.,CAVITATION,CAVITATION,Mechanical,,EVA-MECHANICAL,Closed,2024-12-08,PM02,Completed,2024-12-26,2024-12-28,2024-12-26,2024-12-28,0,WORK_COMPLETED,Corrective scope executed and checked.,Cleaning,Cleaning performed; post-work functional check within tolerance.,TRUE,3.57,945.15,
N0000768,,PLT-FL-DIG-IMP,FT-DIG-IMP-01,2024-12-05,2,Planned Inspection,Digester - Inspection,Planned Inspection,Measured output outside calibration tolerance.,CALIBRATION_DEVIATION,CALIBRATION_DEVIATION,Instrumentation,,DIG-INSTRUMENTATION,Closed,,,,,,,,,NO_DEFECT_FOUND,Inspection could not confirm the reported abnormality.,Inspection only,Field inspection completed; no corrective maintenance performed.,FALSE,0.66,148.40,
N0000769,WO0000466,PLT-RU-CAU-SLK,M-CAU-SLK-01,2024-12-05,2,Condition Monitoring,Causticizing - Condition Monitoring,Predictive Route,Localized heating at electrical connection.,TERMINAL_HEATING,TERMINAL_HEATING,Electrical,,CAU-ELECTRICAL,Closed,2024-12-05,PM02,Completed,2024-12-25,2024-12-25,2024-12-25,2024-12-25,1,WORK_COMPLETED,Corrective scope executed and checked.,Tightening,Tightening performed; post-work functional check within tolerance.,TRUE,4.58,1121.24,
N0000770,WO0000467,PLT-RU-UTL-CWT,M-UTL-CWT-01,2024-12-06,1,Maintenance Sensory Route,Utilities - Maintenance Route A,Sensory Route,Oil sample shows elevated contamination.,OIL_CONTAMINATION,OIL_CONTAMINATION,Lubrication,,UTL-LUBRICATION,Closed,2024-12-10,CM01,Completed,2024-12-13,2024-12-15,2024-12-13,2024-12-15,0,WORK_COMPLETED,Corrective scope executed and checked.,Lubrication,Lubrication performed; post-work functional check within tolerance.,TRUE,7.21,3689.34,
N0000771,WO0000468,PLT-FL-DRY-PRS,DRV-DRY-PRS-01,2024-12-09,3,Condition Monitoring,Drying - Condition Monitoring,Predictive Route,Insulation test trending below reference.,INSULATION_DEGRADATION,INSULATION_DEGRADATION,Condition Monitoring,,DRY-CONDITION_MONITORING,Closed,2024-12-09,PM02,Completed,2025-02-07,2025-02-09,2025-02-07,2025-02-09,1,WORK_COMPLETED,Corrective scope executed and checked.,Component replacement,Component replacement performed; post-work functional check within tolerance.,TRUE,27.24,26235.97,
N0000772,WO0000469,PLT-FL-DRY-PMF,FT-DRY-PMF-01,2024-12-09,1,Process Alarm,Drying - Control Room,Process / Control Monitoring,Indicated value drifts from independent reference.,SIGNAL_DRIFT,SIGNAL_DRIFT,Instrumentation,,DRY-INSTRUMENTATION,Closed,2024-12-10,CM01,Completed,2024-12-26,2024-12-28,2024-12-26,2024-12-28,1,NO_DEFECT_FOUND,Inspection could not confirm the reported abnormality.,Inspection only,Inspected and recorded readings; no component correction performed.,FALSE,1.77,329.87,
N0000773,WO0000470,PLT-RU-RB-SMT,AG-RB-SMT-01,2024-12-10,2,Process Alarm,Recovery Boiler - Control Room,Process / Control Monitoring,Bearing temperature trending above baseline.,BEARING_TEMPERATURE,BEARING_TEMPERATURE,Condition Monitoring,,RB-CONDITION_MONITORING,Closed,2024-12-11,PM02,Completed,2025-01-29,2025-01-29,2025-01-29,2025-01-29,2,WORK_COMPLETED,Corrective scope executed and checked.,Bearing replacement,Bearing replacement performed; post-work functional check within tolerance.,TRUE,12.52,8970.56,
N0000774,WO0000471,PLT-FL-WSH-FIL,P-WSH-FIL-01,2024-12-12,3,Process Alarm,Washing & Screening - Control Room,Process / Control Monitoring,Leakage at shaft seal.,SEAL_LEAKAGE,SEAL_LEAKAGE,Condition Monitoring,Lubrication,WSH-LUBRICATION,Closed,2024-12-12,PM02,Completed,2025-02-06,2025-02-08,2025-02-06,2025-02-08,1,WORK_COMPLETED,Corrective scope executed and checked.,Seal replacement,Seal replacement performed; post-work functional check within tolerance.,TRUE,7.66,5703.48,
N0000775,WO0000472,PLT-RU-UTL-STM,PV-UTL-STM-01,2024-12-12,1,Planned Inspection,Utilities - Inspection,Planned Inspection,Valve travel sticks during small command changes.,VALVE_STICTION,VALVE_STICTION,Valves,,UTL-VALVES,Closed,2024-12-17,CM01,Completed,2024-12-28,2024-12-30,2024-12-28,2024-12-30,1,MONITOR_CONDITION,Condition recorded; continue observation without corrective work.,Inspection only,Inspected and recorded readings; no component correction performed.,TRUE,0.86,175.06,
N0000776,,PLT-RU-CAU-GLH,FV-CAU-GLH-01,2024-12-13,3,Maintenance Sensory Route,Causticizing - Maintenance Route A,Sensory Route,Actuator supply pressure decays while held.,ACTUATOR_LEAKAGE,ACTUATOR_LEAKAGE,Instrumentation,,CAU-INSTRUMENTATION,Closed,,,,,,,,,OPERATING_CONDITION,Observed response is within the current operating envelope.,Inspection only,Field inspection completed; no corrective maintenance performed.,FALSE,0.56,164.51,
N0000777,WO0000473,PLT-RU-LIM-LMF,M-LIM-LMF-01,2024-12-13,3,Maintenance Sensory Route,Lime Kiln - Maintenance Route A,Sensory Route,Insulation test trending below reference.,INSULATION_DEGRADATION,INSULATION_DEGRADATION,Condition Monitoring,,LIM-CONDITION_MONITORING,Closed,2024-12-17,PM02,Completed,2025-01-12,2025-01-12,2025-01-12,2025-01-12,0,WORK_COMPLETED,Corrective scope executed and checked.,Component replacement,Component replacement performed; post-work functional check within tolerance.,TRUE,20.07,19328.31,
N0000778,,PLT-RU-LIM-LMF,FV-LIM-LMF-01,2024-12-14,3,Process Alarm,Lime Kiln - Control Room,Process / Control Monitoring,Valve travel sticks during small command changes.,VALVE_STICTION,VALVE_STICTION,Valves,Instrumentation,LIM-INSTRUMENTATION,Closed,,,,,,,,,NO_ACTION_REQUIRED,Notification dispositioned without corrective scope.,Inspection only,Field inspection completed; no corrective maintenance performed.,FALSE,1.48,272.80,
N0000779,WO0000474,PLT-FL-DRY-PMF,P-DRY-PMF-01,2024-12-15,1,Breakdown / Corrective,Drying - Operations,,Lubricant level below normal mark.,LOW_LUBE_LEVEL,LOW_LUBE_LEVEL,Lubrication,,DRY-LUBRICATION,Closed,2024-12-19,CM01,Completed,2024-12-20,2024-12-20,2024-12-20,2024-12-20,0,WORK_COMPLETED,Corrective scope executed and checked.,Lubrication,Lubrication performed; post-work functional check within tolerance.,TRUE,1.92,951.55,
N0000780,WO0000475,PLT-RU-RB-AIR,M-RB-AIR-01,2024-12-16,3,Operator Report,Recovery Boiler - Operations,,Oil sample shows elevated contamination.,OIL_CONTAMINATION,OIL_CONTAMINATION,Lubrication,,RB-LUBRICATION,Closed,2024-12-21,PM02,Completed,2025-01-31,2025-01-31,2025-01-31,2025-01-31,1,WORK_COMPLETED,Corrective scope executed and checked.,Lubrication,Lubrication performed; post-work functional check within tolerance.,TRUE,7.00,3580.29,
N0000781,,PLT-FL-BLE-DOS,FT-BLE-DOS-01,2024-12-18,2,Operator Route,Bleaching - Operations,Sensory Route,Measured output outside calibration tolerance.,CALIBRATION_DEVIATION,CALIBRATION_DEVIATION,Instrumentation,,BLE-INSTRUMENTATION,Closed,,,,,,,,,NO_ACTION_REQUIRED,Notification dispositioned without corrective scope.,Inspection only,Field inspection completed; no corrective maintenance performed.,TRUE,1.27,224.39,
N0000782,WO0000476,PLT-FL-BLE-TWR,LT-BLE-TWR-01,2024-12-19,3,Planned Inspection,Bleaching - Inspection,Planned Inspection,Intermittent signal dropout at stable process conditions.,INTERMITTENT_SIGNAL,INTERMITTENT_SIGNAL,Automation,,BLE-AUTOMATION,Closed,2024-12-19,PM02,Completed,2025-01-25,2025-01-25,2025-01-25,2025-01-25,3,WORK_COMPLETED,Corrective scope executed and checked.,Instrument replacement,Instrument replacement performed; post-work functional check within tolerance.,TRUE,6.02,4885.94,
N0000783,WO0000477,PLT-RU-EVA-VAC,PT-EVA-VAC-01,2024-12-19,2,Operator Report,Evaporation - Operations,,Intermittent signal dropout at stable process conditions.,INTERMITTENT_SIGNAL,INTERMITTENT_SIGNAL,Instrumentation,Automation,EVA-AUTOMATION,Closed,2024-12-24,PM02,Completed,2025-01-01,2025-01-02,2025-01-01,2025-01-02,0,WORK_COMPLETED,Corrective scope executed and checked.,Instrument replacement,Instrument replacement performed; post-work functional check within tolerance.,TRUE,4.87,3956.77,
N0000784,WO0000478,PLT-FL-BLE-CHM,M-BLE-CHM-01,2024-12-20,3,Planned Inspection,Bleaching - Inspection,Planned Inspection,Localized heating at electrical connection.,TERMINAL_HEATING,TERMINAL_HEATING,Electrical,,BLE-ELECTRICAL,Closed,2024-12-20,PM02,Completed,2025-01-15,2025-01-17,2025-01-15,2025-01-17,1,WORK_COMPLETED,Corrective scope executed and checked.,Tightening,Tightening performed; post-work functional check within tolerance.,TRUE,3.13,766.70,
N0000785,WO0000479,PLT-RU-EVA-BLF,FT-EVA-BLF-01,2024-12-21,3,Maintenance Sensory Route,Evaporation - Maintenance Route A,Sensory Route,Indicated value drifts from independent reference.,SIGNAL_DRIFT,SIGNAL_DRIFT,Instrumentation,,EVA-INSTRUMENTATION,Closed,2024-12-24,PM02,Completed,2025-01-19,2025-01-21,2025-01-19,2025-01-21,0,WORK_COMPLETED,Corrective scope executed and checked.,Calibration,Calibration performed; post-work functional check within tolerance.,TRUE,5.17,1525.25,
N0000786,WO0000480,PLT-RU-CAU-WLC,AG-CAU-WLC-01,2024-12-23,3,Condition Monitoring,Causticizing - Condition Monitoring,Predictive Route,Bearing temperature trending above baseline.,BEARING_TEMPERATURE,BEARING_TEMPERATURE,Condition Monitoring,,CAU-CONDITION_MONITORING,Closed,2024-12-28,PM02,Cancelled,2025-01-15,2025-01-17,,,0,CANCELLED,Order cancelled after scope review; no execution recorded.,,,TRUE,1.04,185.72,
N0000787,WO0000481,PLT-FL-DRY-FOR,PT-DRY-FOR-01,2024-12-23,2,Process Alarm,Drying - Control Room,Process / Control Monitoring,Intermittent signal dropout at stable process conditions.,INTERMITTENT_SIGNAL,INTERMITTENT_SIGNAL,Instrumentation,,DRY-INSTRUMENTATION,Closed,2024-12-26,PM02,Completed,2025-01-24,2025-01-25,2025-01-24,2025-01-25,1,WORK_COMPLETED,Corrective scope executed and checked.,Instrument replacement,Instrument replacement performed; post-work functional check within tolerance.,TRUE,7.63,6193.46,
N0000788,,PLT-FL-DIG-CHP,XV-DIG-CHP-01,2024-12-23,3,Process Alarm,Digester - Control Room,Process / Control Monitoring,Visible leakage at valve packing.,EXTERNAL_LEAKAGE,EXTERNAL_LEAKAGE,Instrumentation,,DIG-INSTRUMENTATION,Closed,,,,,,,,,NO_ACTION_REQUIRED,Notification dispositioned without corrective scope.,Inspection only,Field inspection completed; no corrective maintenance performed.,FALSE,0.79,202.17,
N0000789,,PLT-FL-BLE-TWR,M-BLE-TWR-01,2024-12-24,3,Condition Monitoring,Bleaching - Condition Monitoring,Predictive Route,Motor bearing vibration above baseline.,MOTOR_BEARING_VIBRATION,MOTOR_BEARING_VIBRATION,Condition Monitoring,,BLE-CONDITION_MONITORING,Closed,,,,,,,,,NO_ACTION_REQUIRED,Notification dispositioned without corrective scope.,Inspection only,Field inspection completed; no corrective maintenance performed.,TRUE,1.15,235.02,
N0000790,,PLT-FL-DRY-FOR,P-DRY-FOR-01,2024-12-24,3,Condition Monitoring,Drying - Condition Monitoring,Predictive Route,Leakage at shaft seal.,SEAL_LEAKAGE,SEAL_LEAKAGE,Mechanical,,DRY-MECHANICAL,Closed,,,,,,,,,NO_ACTION_REQUIRED,Notification dispositioned without corrective scope.,Inspection only,Field inspection completed; no corrective maintenance performed.,FALSE,1.99,341.64,
N0000791,,PLT-FL-DRY-FOR,P-DRY-FOR-01,2024-12-27,3,Planned Inspection,Drying - Inspection,Planned Inspection,Bearing temperature trending above baseline.,BEARING_TEMPERATURE,BEARING_TEMPERATURE,Mechanical,,DRY-MECHANICAL,Closed,,,,,,,,,NO_ACTION_REQUIRED,Notification dispositioned without corrective scope.,Inspection only,Field inspection completed; no corrective maintenance performed.,FALSE,1.10,193.97,
N0000792,WO0000482,PLT-FL-WSH-FIL,FV-WSH-FIL-01,2024-12-28,3,Planned Inspection,Washing & Screening - Inspection,Planned Inspection,Visible leakage at valve packing.,EXTERNAL_LEAKAGE,EXTERNAL_LEAKAGE,Valves,,WSH-VALVES,Closed,2025-01-01,PM02,Completed,2025-02-11,2025-02-12,2025-02-11,2025-02-12,0,WORK_COMPLETED,Corrective scope executed and checked.,Seal replacement,Seal replacement performed; post-work functional check within tolerance.,TRUE,4.32,2281.29,
N0000793,,PLT-RU-UTL-STM,PV-UTL-STM-01,2024-12-28,2,Planned Inspection,Utilities - Inspection,Planned Inspection,Actuator supply pressure decays while held.,ACTUATOR_LEAKAGE,ACTUATOR_LEAKAGE,Instrumentation,Valves,UTL-VALVES,Closed,,,,,,,,,OPERATING_CONDITION,Observed response is within the current operating envelope.,Inspection only,Field inspection completed; no corrective maintenance performed.,FALSE,1.23,254.11,
N0000794,,PLT-RU-UTL-AIR,PT-UTL-AIR-01,2024-12-29,3,Maintenance Sensory Route,Utilities - Maintenance Route A,Sensory Route,Measured output outside calibration tolerance.,CALIBRATION_DEVIATION,CALIBRATION_DEVIATION,Instrumentation,,UTL-INSTRUMENTATION,Closed,,,,,,,,,MONITOR_CONDITION,Condition recorded; continue observation without corrective work.,Inspection only,Field inspection completed; no corrective maintenance performed.,TRUE,1.98,340.16,
N0000795,,PLT-FL-DRY-DRS,TT-DRY-DRS-01,2024-12-30,3,Maintenance Sensory Route,Drying - Maintenance Route A,Sensory Route,Intermittent signal dropout at stable process conditions.,INTERMITTENT_SIGNAL,INTERMITTENT_SIGNAL,Instrumentation,,DRY-INSTRUMENTATION,Closed,,,,,,,,,NO_ACTION_REQUIRED,Notification dispositioned without corrective scope.,Inspection only,Field inspection completed; no corrective maintenance performed.,TRUE,1.46,249.71,
N0000796,WO0000483,PLT-FL-BLE-CHM,FT-BLE-CHM-01,2024-12-31,3,Planned Inspection,Bleaching - Inspection,Planned Inspection,Measured output outside calibration tolerance.,CALIBRATION_DEVIATION,CALIBRATION_DEVIATION,Instrumentation,,BLE-INSTRUMENTATION,Closed,2025-01-01,PM02,Completed,2025-03-26,2025-03-27,2025-03-26,2025-03-27,4,WORK_COMPLETED,Corrective scope executed and checked.,Calibration,Calibration performed; post-work functional check within tolerance.,TRUE,4.99,1470.88,
N0000797,,PLT-RU-CAU-WLC,FV-CAU-WLC-01,2024-12-31,3,Operator Report,Causticizing - Operations,,Valve travel sticks during small command changes.,VALVE_STICTION,VALVE_STICTION,Valves,,CAU-VALVES,Closed,,,,,,,,,NO_ACTION_REQUIRED,Notification dispositioned without corrective scope.,Inspection only,Field inspection completed; no corrective maintenance performed.,TRUE,0.47,110.32,
N0000798,WO0000484,PLT-FL-DRY-HYD,HPU-DRY-HYD-01,2024-12-31,3,Operator Report,Drying - Operations,,Hydraulic header pressure oscillates under steady demand.,HYD_PRESS_INSTABILITY,HYD_PRESS_INSTABILITY,Hydraulics,,DRY-HYDRAULICS,Closed,2024-12-31,PM02,Completed,2025-03-14,2025-03-14,2025-03-14,2025-03-14,2,MONITOR_CONDITION,Condition recorded; continue observation without corrective work.,Inspection only,Inspected and recorded readings; no component correction performed.,TRUE,1.45,249.62,
N0000799,WO0000485,PLT-FL-DIG-CIR,P-DIG-CIR-01,2024-12-31,3,Operator Report,Digester - Operations,,Elevated vibration at pump bearing housing.,PUMP_BEARING_VIBRATION,PUMP_BEARING_VIBRATION,Mechanical,,DIG-MECHANICAL,Closed,2025-01-01,PM02,Completed,2025-02-11,2025-02-13,2025-02-11,2025-02-13,2,MONITOR_CONDITION,Condition recorded; continue observation without corrective work.,Inspection only,Inspected and recorded readings; no component correction performed.,TRUE,0.97,179.86,
N0000800,,PLT-FL-BLE-CHM,AG-BLE-CHM-01,2025-01-01,3,Operator Route,Bleaching - Operations,Sensory Route,Rotating assembly shows dominant once-per-revolution vibration.,IMBALANCE,IMBALANCE,Mechanical,,BLE-MECHANICAL,Closed,,,,,,,,,OPERATING_CONDITION,Observed response is within the current operating envelope.,Inspection only,Field inspection completed; no corrective maintenance performed.,FALSE,0.93,215.46,
N0000801,WO0000486,PLT-FL-BLE-DOS,M-BLE-DOS-01,2025-01-03,2,Operator Report,Bleaching - Operations,,Motor bearing vibration above baseline.,MOTOR_BEARING_VIBRATION,MOTOR_BEARING_VIBRATION,Electrical,,BLE-ELECTRICAL,Closed,2025-01-07,PM02,Completed,2025-02-12,2025-02-12,2025-02-12,2025-02-12,2,WORK_COMPLETED,Corrective scope executed and checked.,Bearing replacement,Bearing replacement performed; post-work functional check within tolerance.,TRUE,15.20,9804.11,
N0000802,WO0000487,PLT-FL-DIG-CHP,CNV-DIG-CHP-01,2025-01-04,3,Planned Inspection,Digester - Inspection,Planned Inspection,Mechanism travel is uneven with elevated resistance.,MECHANICAL_BINDING,MECHANICAL_BINDING,Mechanical,,DIG-MECHANICAL,Closed,2025-01-04,PM02,Completed,2025-05-03,2025-05-03,2025-05-03,2025-05-03,5,WORK_COMPLETED,Corrective scope executed and checked.,Adjustment,Adjustment performed; post-work functional check within tolerance.,TRUE,7.82,2794.31,
N0000803,,PLT-RU-RB-BLF,FT-RB-BLF-01,2025-01-05,3,Operator Report,Recovery Boiler - Operations,,Intermittent signal dropout at stable process conditions.,INTERMITTENT_SIGNAL,INTERMITTENT_SIGNAL,Instrumentation,,RB-INSTRUMENTATION,Closed,,,,,,,,,NO_ACTION_REQUIRED,Notification dispositioned without corrective scope.,Inspection only,Field inspection completed; no corrective maintenance performed.,FALSE,0.53,144.54,
N0000804,WO0000488,PLT-FL-DRY-DRS,M-DRY-DRS-01,2025-01-05,3,Condition Monitoring,Drying - Condition Monitoring,Predictive Route,Localized heating at electrical connection.,TERMINAL_HEATING,TERMINAL_HEATING,Electrical,,DRY-ELECTRICAL,Closed,2025-01-05,PM02,Completed,2025-01-17,2025-01-19,2025-01-17,2025-01-19,0,WORK_COMPLETED,Corrective scope executed and checked.,Tightening,Tightening performed; post-work functional check within tolerance.,TRUE,5.90,1446.21,
N0000805,,PLT-FL-DIG-CIR,TT-DIG-CIR-01,2025-01-05,3,Process Alarm,Digester - Control Room,Process / Control Monitoring,Intermittent signal dropout at stable process conditions.,INTERMITTENT_SIGNAL,INTERMITTENT_SIGNAL,Instrumentation,,DIG-INSTRUMENTATION,Closed,,,,,,,,,NO_ACTION_REQUIRED,Notification dispositioned without corrective scope.,Inspection only,Field inspection completed; no corrective maintenance performed.,TRUE,0.88,165.07,
N0000806,WO0000489,PLT-FL-DRY-DRS,FAN-DRY-DRS-01,2025-01-06,2,Maintenance Sensory Route,Drying - Maintenance Route A,Sensory Route,Fan bearing vibration trending above baseline.,FAN_BEARING_VIBRATION,FAN_BEARING_VIBRATION,Mechanical,,DRY-MECHANICAL,Closed,2025-01-09,PM02,Completed,2025-02-16,2025-02-18,2025-02-16,2025-02-18,2,WORK_COMPLETED,Corrective scope executed and checked.,Bearing replacement,Bearing replacement performed; post-work functional check within tolerance.,TRUE,19.70,15658.70,
N0000807,,PLT-FL-BLE-CHM,FT-BLE-CHM-01,2025-01-06,3,Operator Route,Bleaching - Operations,Sensory Route,Control sequence response differs from approved logic.,CONTROL_SEQUENCE_DEVIATION,CONTROL_SEQUENCE_DEVIATION,Automation,,BLE-AUTOMATION,Closed,,,,,,,,,MONITOR_CONDITION,Condition recorded; continue observation without corrective work.,Inspection only,Field inspection completed; no corrective maintenance performed.,TRUE,1.18,261.03,
N0000808,WO0000490,PLT-RU-CAU-WLC,FT-CAU-WLC-01,2025-01-06,3,Process Alarm,Causticizing - Control Room,Process / Control Monitoring,Measured output outside calibration tolerance.,CALIBRATION_DEVIATION,CALIBRATION_DEVIATION,Instrumentation,,CAU-INSTRUMENTATION,Closed,2025-01-09,PM02,Completed,2025-03-05,2025-03-06,2025-03-05,2025-03-06,2,WORK_COMPLETED,Corrective scope executed and checked.,Calibration,Calibration performed; post-work functional check within tolerance.,TRUE,3.09,910.70,
N0000809,WO0000491,PLT-RU-UTL-STM,TT-UTL-STM-01,2025-01-06,3,Maintenance Sensory Route,Utilities - Maintenance Route A,Sensory Route,Control sequence response differs from approved logic.,CONTROL_SEQUENCE_DEVIATION,CONTROL_SEQUENCE_DEVIATION,Automation,,UTL-AUTOMATION,Closed,2025-01-07,PM02,Completed,2025-02-15,2025-02-15,2025-02-15,2025-02-15,2,WORK_COMPLETED,Corrective scope executed and checked.,Control logic correction,Control logic correction performed; post-work functional check within tolerance.,TRUE,7.81,2302.78,
N0000810,WO0000492,PLT-FL-DRY-HYD,M-DRY-HYD-01,2025-01-07,2,Operator Route,Drying - Operations,Sensory Route,Insulation test trending below reference.,INSULATION_DEGRADATION,INSULATION_DEGRADATION,Electrical,,DRY-ELECTRICAL,Closed,2025-01-07,PM02,Completed,2025-01-10,2025-01-10,2025-01-10,2025-01-10,0,WORK_COMPLETED,Corrective scope executed and checked.,Component replacement,Component replacement performed; post-work functional check within tolerance.,TRUE,15.32,14754.73,
N0000811,,PLT-RU-RB-BLF,M-RB-BLF-01,2025-01-07,3,Operator Report,Recovery Boiler - Operations,,Lubricant level below normal mark.,LOW_LUBE_LEVEL,LOW_LUBE_LEVEL,Lubrication,,RB-LUBRICATION,Closed,,,,,,,,,NO_DEFECT_FOUND,Inspection could not confirm the reported abnormality.,Inspection only,Field inspection completed; no corrective maintenance performed.,FALSE,1.11,247.36,
N0000812,WO0000493,PLT-FL-DRY-PMF,FT-DRY-PMF-01,2025-01-08,3,Planned Inspection,Drying - Inspection,Planned Inspection,Control sequence response differs from approved logic.,CONTROL_SEQUENCE_DEVIATION,CONTROL_SEQUENCE_DEVIATION,Automation,Instrumentation,DRY-INSTRUMENTATION,Closed,2025-01-09,PM02,Completed,2025-02-10,2025-02-12,2025-02-10,2025-02-12,0,WORK_COMPLETED,Corrective scope executed and checked.,Control logic correction,Control logic correction performed; post-work functional check within tolerance.,TRUE,5.95,1755.53,
N0000813,,PLT-FL-DRY-SHT,M-DRY-SHT-01,2025-01-10,2,Operator Route,Drying - Operations,Sensory Route,Insulation test trending below reference.,INSULATION_DEGRADATION,INSULATION_DEGRADATION,Electrical,,DRY-ELECTRICAL,Closed,,,,,,,,,NO_ACTION_REQUIRED,Notification dispositioned without corrective scope.,Inspection only,Field inspection completed; no corrective maintenance performed.,FALSE,0.67,166.49,
N0000814,,PLT-FL-DRY-PMF,FT-DRY-PMF-01,2025-01-12,3,Process Alarm,Drying - Control Room,Process / Control Monitoring,Intermittent signal dropout at stable process conditions.,INTERMITTENT_SIGNAL,INTERMITTENT_SIGNAL,Instrumentation,,DRY-INSTRUMENTATION,Closed,,,,,,,,,NO_ACTION_REQUIRED,Notification dispositioned without corrective scope.,Inspection only,Field inspection completed; no corrective maintenance performed.,FALSE,0.97,224.80,
N0000815,,PLT-RU-CAU-WLC,AG-CAU-WLC-01,2025-01-13,3,Condition Monitoring,Causticizing - Condition Monitoring,Predictive Route,Mechanism travel is uneven with elevated resistance.,MECHANICAL_BINDING,MECHANICAL_BINDING,Mechanical,,CAU-MECHANICAL,Closed,,,,,,,,,MONITOR_CONDITION,Condition recorded; continue observation without corrective work.,Inspection only,Field inspection completed; no corrective maintenance performed.,TRUE,1.41,281.41,
N0000816,,PLT-FL-BLE-CHM,P-BLE-CHM-01,2025-01-13,2,Process Alarm,Bleaching - Control Room,Process / Control Monitoring,Leakage at shaft seal.,SEAL_LEAKAGE,SEAL_LEAKAGE,Mechanical,,BLE-MECHANICAL,Closed,,,,,,,,,NO_ACTION_REQUIRED,Notification dispositioned without corrective scope.,Inspection only,Field inspection completed; no corrective maintenance performed.,TRUE,0.55,118.99,
N0000817,,PLT-FL-DIG-CHP,M-DIG-CHP-01,2025-01-14,3,Process Alarm,Digester - Control Room,Process / Control Monitoring,Motor temperature rising at normal load.,MOTOR_OVERHEATING,MOTOR_OVERHEATING,Electrical,,DIG-ELECTRICAL,Closed,,,,,,,,,NO_ACTION_REQUIRED,Notification dispositioned without corrective scope.,Inspection only,Field inspection completed; no corrective maintenance performed.,TRUE,1.20,217.55,
N0000818,,PLT-RU-CAU-WLC,P-CAU-WLC-01,2025-01-14,3,Operator Route,Causticizing - Operations,Sensory Route,Crackling noise and unstable suction pressure.,CAVITATION,CAVITATION,Mechanical,,CAU-MECHANICAL,Closed,,,,,,,,,MONITOR_CONDITION,Condition recorded; continue observation without corrective work.,Inspection only,Field inspection completed; no corrective maintenance performed.,TRUE,1.77,318.11,
N0000819,,PLT-FL-DRY-FOR,PT-DRY-FOR-01,2025-01-14,2,Operator Route,Drying - Operations,Sensory Route,Pressure response delayed during process change.,IMPULSE_LINE_RESTRICTION,IMPULSE_LINE_RESTRICTION,Instrumentation,,DRY-INSTRUMENTATION,Closed,,,,,,,,,NO_ACTION_REQUIRED,Notification dispositioned without corrective scope.,Inspection only,Field inspection completed; no corrective maintenance performed.,TRUE,1.84,352.41,
N0000820,WO0000494,PLT-RU-UTL-AIR,PT-UTL-AIR-01,2025-01-14,3,Process Alarm,Utilities - Control Room,Process / Control Monitoring,Pressure response delayed during process change.,IMPULSE_LINE_RESTRICTION,IMPULSE_LINE_RESTRICTION,Instrumentation,,UTL-INSTRUMENTATION,Closed,2025-01-18,PM02,Completed,2025-03-06,2025-03-08,2025-03-06,2025-03-08,2,WORK_COMPLETED,Corrective scope executed and checked.,Cleaning,Cleaning performed; post-work functional check within tolerance.,TRUE,6.20,1643.63,
N0000821,WO0000495,PLT-FL-DRY-PRS,ROLL-DRY-PRS-01,2025-01-14,2,Condition Monitoring,Drying - Condition Monitoring,Predictive Route,Bearing temperature trending above baseline.,BEARING_TEMPERATURE,BEARING_TEMPERATURE,Condition Monitoring,,DRY-CONDITION_MONITORING,Closed,2025-01-14,PM02,Completed,2025-02-25,2025-02-27,2025-02-25,2025-02-27,2,WORK_COMPLETED,Corrective scope executed and checked.,Bearing replacement,Bearing replacement performed; post-work functional check within tolerance.,TRUE,18.11,12974.29,
N0000822,,PLT-FL-BLE-STW,P-BLE-STW-01,2025-01-15,3,Maintenance Sensory Route,Bleaching - Maintenance Route A,Sensory Route,Elevated vibration at pump bearing housing.,PUMP_BEARING_VIBRATION,PUMP_BEARING_VIBRATION,Mechanical,,BLE-MECHANICAL,Closed,,,,,,,,,MONITOR_CONDITION,Condition recorded; continue observation without corrective work.,Inspection only,Field inspection completed; no corrective maintenance performed.,TRUE,1.08,228.17,
N0000823,WO0000496,PLT-RU-CAU-LMH,P-CAU-LMH-01,2025-01-15,2,Condition Monitoring,Causticizing - Condition Monitoring,Predictive Route,Delivered flow below expected operating range.,LOW_FLOW,LOW_FLOW,Mechanical,,CAU-MECHANICAL,Closed,2025-01-16,PM02,Completed,2025-05-04,2025-05-05,2025-05-04,2025-05-05,6,WORK_COMPLETED,Corrective scope executed and checked.,Cleaning,Cleaning performed; post-work functional check within tolerance.,TRUE,5.20,1534.10,
N0000824,,PLT-FL-DRY-DRS,TT-DRY-DRS-01,2025-01-15,3,Maintenance Sensory Route,Drying - Maintenance Route A,Sensory Route,Measured output outside calibration tolerance.,CALIBRATION_DEVIATION,CALIBRATION_DEVIATION,Instrumentation,Automation,DRY-AUTOMATION,Closed,,,,,,,,,NO_DEFECT_FOUND,Inspection could not confirm the reported abnormality.,Inspection only,Field inspection completed; no corrective maintenance performed.,FALSE,1.12,242.68,
N0000825,WO0000497,PLT-RU-UTL-CWT,M-UTL-CWT-01,2025-01-20,3,Condition Monitoring,Utilities - Condition Monitoring,Predictive Route,Insulation test trending below reference.,INSULATION_DEGRADATION,INSULATION_DEGRADATION,Electrical,,UTL-ELECTRICAL,Closed,2025-01-21,PM02,Completed,2025-03-03,2025-03-03,2025-03-03,2025-03-03,2,WORK_COMPLETED,Corrective scope executed and checked.,Component replacement,Component replacement performed; post-work functional check within tolerance.,TRUE,19.20,18493.98,
N0000826,WO0000498,PLT-RU-UTL-ELD,MCC-UTL-ELD-01,2025-01-20,3,Maintenance Sensory Route,Utilities - Maintenance Route A,Sensory Route,Insulation test trending below reference.,INSULATION_DEGRADATION,INSULATION_DEGRADATION,Electrical,,UTL-ELECTRICAL,Closed,2025-01-24,PM02,Completed,2025-02-24,2025-02-24,2025-02-24,2025-02-24,1,WORK_COMPLETED,Corrective scope executed and checked.,Component replacement,Component replacement performed; post-work functional check within tolerance.,TRUE,26.69,25704.22,
N0000827,WO0000499,PLT-FL-DIG-CIR,M-DIG-CIR-01,2025-01-21,1,Breakdown / Corrective,Digester - Operations,,Insulation test trending below reference.,INSULATION_DEGRADATION,INSULATION_DEGRADATION,Condition Monitoring,,DIG-CONDITION_MONITORING,Closed,2025-01-25,CM01,Completed,2025-01-26,2025-01-27,2025-01-26,2025-01-27,0,WORK_COMPLETED,Corrective scope executed and checked.,Component replacement,Component replacement performed; post-work functional check within tolerance.,TRUE,14.39,13863.68,
N0000828,,PLT-FL-WSH-FIL,M-WSH-FIL-01,2025-01-21,3,Maintenance Sensory Route,Washing & Screening - Maintenance Route A,Sensory Route,Motor bearing vibration above baseline.,MOTOR_BEARING_VIBRATION,MOTOR_BEARING_VIBRATION,Electrical,,WSH-ELECTRICAL,Closed,,,,,,,,,NO_DEFECT_FOUND,Inspection could not confirm the reported abnormality.,Inspection only,Field inspection completed; no corrective maintenance performed.,FALSE,0.57,117.64,
N0000829,WO0000500,PLT-RU-EVA-BLF,P-EVA-BLF-01,2025-01-21,3,Planned Inspection,Evaporation - Inspection,Planned Inspection,Delivered flow below expected operating range.,LOW_FLOW,LOW_FLOW,Mechanical,,EVA-MECHANICAL,Closed,2025-01-25,PM02,Completed,2025-02-27,2025-03-01,2025-02-27,2025-03-01,1,WORK_COMPLETED,Corrective scope executed and checked.,Cleaning,Cleaning performed; post-work functional check within tolerance.,TRUE,5.77,1701.00,
N0000830,WO0000501,PLT-RU-EVA-BLF,M-EVA-BLF-01,2025-01-22,3,Condition Monitoring,Evaporation - Condition Monitoring,Predictive Route,Localized heating at electrical connection.,TERMINAL_HEATING,TERMINAL_HEATING,Electrical,,EVA-ELECTRICAL,Closed,2025-01-24,PM02,Completed,2025-03-20,2025-03-21,2025-03-20,2025-03-21,1,WORK_COMPLETED,Corrective scope executed and checked.,Tightening,Tightening performed; post-work functional check within tolerance.,TRUE,2.99,733.55,
N0000831,,PLT-FL-DIG-IMP,P-DIG-IMP-01,2025-01-22,3,Condition Monitoring,Digester - Condition Monitoring,Predictive Route,Delivered flow below expected operating range.,LOW_FLOW,LOW_FLOW,Mechanical,,DIG-MECHANICAL,Closed,,,,,,,,,NO_ACTION_REQUIRED,Notification dispositioned without corrective scope.,Inspection only,Field inspection completed; no corrective maintenance performed.,TRUE,0.78,170.63,
N0000832,WO0000502,PLT-FL-DRY-DRS,FAN-DRY-DRS-01,2025-01-23,3,Condition Monitoring,Drying - Condition Monitoring,Predictive Route,Rotating assembly shows dominant once-per-revolution vibration.,IMBALANCE,IMBALANCE,Mechanical,,DRY-MECHANICAL,Closed,2025-01-24,PM02,Completed,2025-03-11,2025-03-11,2025-03-11,2025-03-11,1,WORK_COMPLETED,Corrective scope executed and checked.,Adjustment,Adjustment performed; post-work functional check within tolerance.,TRUE,8.53,4224.68,
N0000833,WO0000503,PLT-RU-CAU-GLH,P-CAU-GLH-01,2025-01-23,3,Maintenance Sensory Route,Causticizing - Maintenance Route A,Sensory Route,Crackling noise and unstable suction pressure.,CAVITATION,CAVITATION,Mechanical,,CAU-MECHANICAL,Closed,2025-01-24,PM02,Completed,2025-04-20,2025-04-20,2025-04-20,2025-04-20,5,WORK_COMPLETED,Corrective scope executed and checked.,Cleaning,Cleaning performed; post-work functional check within tolerance.,TRUE,6.70,1774.54,
N0000834,WO0000504,PLT-RU-EVA-CIR,PT-EVA-CIR-01,2025-01-23,2,Operator Report,Evaporation - Operations,,Pressure response delayed during process change.,IMPULSE_LINE_RESTRICTION,IMPULSE_LINE_RESTRICTION,Instrumentation,,EVA-INSTRUMENTATION,Closed,2025-01-23,PM02,Completed,2025-02-08,2025-02-08,2025-02-08,2025-02-08,0,WORK_COMPLETED,Corrective scope executed and checked.,Cleaning,Cleaning performed; post-work functional check within tolerance.,TRUE,6.11,1618.00,
N0000835,WO0000505,PLT-RU-LIM-BRN,BRN-LIM-BRN-01,2025-01-24,3,Operator Route,Lime Kiln - Operations,Sensory Route,Mechanism travel is uneven with elevated resistance.,MECHANICAL_BINDING,MECHANICAL_BINDING,Instrumentation,,LIM-INSTRUMENTATION,Closed,2025-01-25,PM02,Completed,2025-02-24,2025-02-26,2025-02-24,2025-02-26,0,WORK_COMPLETED,Corrective scope executed and checked.,Adjustment,Adjustment performed; post-work functional check within tolerance.,TRUE,5.26,1881.57,
N0000836,WO0000506,PLT-RU-UTL-BFW,FV-UTL-BFW-01,2025-01-24,3,Planned Inspection,Utilities - Inspection,Planned Inspection,Visible leakage at valve packing.,EXTERNAL_LEAKAGE,EXTERNAL_LEAKAGE,Valves,Instrumentation,UTL-INSTRUMENTATION,Closed,2025-01-27,PM02,Completed,2025-02-24,2025-02-24,2025-02-24,2025-02-24,1,WORK_COMPLETED,Corrective scope executed and checked.,Seal replacement,Seal replacement performed; post-work functional check within tolerance.,TRUE,4.38,2315.34,
N0000837,,PLT-FL-WSH-SCR,SCR-WSH-SCR-01,2025-01-25,3,Maintenance Sensory Route,Washing & Screening - Maintenance Route A,Sensory Route,Mechanism travel is uneven with elevated resistance.,MECHANICAL_BINDING,MECHANICAL_BINDING,Mechanical,,WSH-MECHANICAL,Closed,,,,,,,,,OPERATING_CONDITION,Observed response is within the current operating envelope.,Inspection only,Field inspection completed; no corrective maintenance performed.,FALSE,0.97,214.78,
N0000838,WO0000507,PLT-RU-RB-BLF,M-RB-BLF-01,2025-01-26,3,Planned Inspection,Recovery Boiler - Inspection,Planned Inspection,Motor temperature rising at normal load.,MOTOR_OVERHEATING,MOTOR_OVERHEATING,Electrical,,RB-ELECTRICAL,Closed,2025-01-31,PM02,Completed,2025-04-07,2025-04-08,2025-04-07,2025-04-08,3,NO_DEFECT_FOUND,Inspection could not confirm the reported abnormality.,Inspection only,Inspected and recorded readings; no component correction performed.,FALSE,0.88,188.31,
N0000839,WO0000508,PLT-RU-RB-SMT,LT-RB-SMT-01,2025-01-28,2,Maintenance Sensory Route,Recovery Boiler - Maintenance Route A,Sensory Route,Intermittent signal dropout at stable process conditions.,INTERMITTENT_SIGNAL,INTERMITTENT_SIGNAL,Automation,,RB-AUTOMATION,Closed,2025-01-29,PM02,Completed,2025-04-04,2025-04-04,2025-04-04,2025-04-04,3,WORK_COMPLETED,Corrective scope executed and checked.,Instrument replacement,Instrument replacement performed; post-work functional check within tolerance.,TRUE,7.37,5978.19,
N0000840,WO0000509,PLT-FL-DIG-CHP,M-DIG-CHP-01,2025-01-28,2,Condition Monitoring,Digester - Condition Monitoring,Predictive Route,Oil sample shows elevated contamination.,OIL_CONTAMINATION,OIL_CONTAMINATION,Lubrication,Electrical,DIG-ELECTRICAL,Closed,2025-01-29,PM02,Completed,2025-02-21,2025-02-21,2025-02-21,2025-02-21,1,WORK_COMPLETED,Corrective scope executed and checked.,Lubrication,Lubrication performed; post-work functional check within tolerance.,TRUE,6.78,3466.69,
N0000841,WO0000510,PLT-RU-EVA-VAC,M-EVA-VAC-01,2025-01-30,3,Operator Route,Evaporation - Operations,Sensory Route,Localized heating at electrical connection.,TERMINAL_HEATING,TERMINAL_HEATING,Condition Monitoring,,EVA-CONDITION_MONITORING,Closed,2025-01-30,PM02,Completed,2025-03-10,2025-03-12,2025-03-10,2025-03-12,1,WORK_COMPLETED,Corrective scope executed and checked.,Tightening,Tightening performed; post-work functional check within tolerance.,TRUE,2.77,678.79,
N0000842,WO0000511,PLT-FL-DIG-DIS,XV-DIG-DIS-01,2025-01-30,2,Maintenance Sensory Route,Digester - Maintenance Route A,Sensory Route,Valve travel sticks during small command changes.,VALVE_STICTION,VALVE_STICTION,Valves,Instrumentation,DIG-INSTRUMENTATION,Closed,2025-01-31,PM02,Completed,2025-02-07,2025-02-07,2025-02-07,2025-02-07,0,WORK_COMPLETED,Corrective scope executed and checked.,Valve overhaul,Valve overhaul performed; post-work functional check within tolerance.,TRUE,19.57,15882.90,
N0000843,,PLT-FL-BLE-TWR,PV-BLE-TWR-01,2025-02-01,3,Maintenance Sensory Route,Bleaching - Maintenance Route A,Sensory Route,Valve travel sticks during small command changes.,VALVE_STICTION,VALVE_STICTION,Valves,,BLE-VALVES,Closed,,,,,,,,,MONITOR_CONDITION,Condition recorded; continue observation without corrective work.,Inspection only,Field inspection completed; no corrective maintenance performed.,TRUE,0.34,127.46,
N0000844,,PLT-RU-UTL-AIR,DRY-UTL-AIR-01,2025-02-02,3,Planned Inspection,Utilities - Inspection,Planned Inspection,Mechanism travel is uneven with elevated resistance.,MECHANICAL_BINDING,MECHANICAL_BINDING,Mechanical,,UTL-MECHANICAL,Closed,,,,,,,,,NO_DEFECT_FOUND,Inspection could not confirm the reported abnormality.,Inspection only,Field inspection completed; no corrective maintenance performed.,FALSE,0.98,236.98,
N0000845,WO0000512,PLT-RU-EVA-BLF,M-EVA-BLF-01,2025-02-03,1,Planned Inspection,Evaporation - Inspection,Planned Inspection,Motor bearing vibration above baseline.,MOTOR_BEARING_VIBRATION,MOTOR_BEARING_VIBRATION,Condition Monitoring,,EVA-CONDITION_MONITORING,Closed,2025-02-06,CM01,Completed,2025-02-08,2025-02-08,2025-02-08,2025-02-08,0,WORK_COMPLETED,Corrective scope executed and checked.,Bearing replacement,Bearing replacement performed; post-work functional check within tolerance.,TRUE,17.63,11372.82,
N0000846,WO0000513,PLT-RU-UTL-STM,PV-UTL-STM-01,2025-02-03,3,Process Alarm,Utilities - Control Room,Process / Control Monitoring,Visible leakage at valve packing.,EXTERNAL_LEAKAGE,EXTERNAL_LEAKAGE,Instrumentation,,UTL-INSTRUMENTATION,Closed,2025-02-03,PM02,Completed,2025-03-03,2025-03-03,2025-03-03,2025-03-03,2,WORK_COMPLETED,Corrective scope executed and checked.,Seal replacement,Seal replacement performed; post-work functional check within tolerance.,TRUE,7.90,4174.12,
N0000847,WO0000514,PLT-FL-DRY-PMF,FV-DRY-PMF-01,2025-02-04,3,Operator Route,Drying - Operations,Sensory Route,Valve travel sticks during small command changes.,VALVE_STICTION,VALVE_STICTION,Valves,,DRY-VALVES,Closed,2025-02-05,PM02,Cancelled,2025-03-08,2025-03-09,,,1,CANCELLED,Order cancelled after scope review; no execution recorded.,,,TRUE,0.68,197.61,
N0000848,WO0000515,PLT-FL-DIG-DIS,LT-DIG-DIS-01,2025-02-04,1,Planned Inspection,Digester - Inspection,Planned Inspection,Intermittent signal dropout at stable process conditions.,INTERMITTENT_SIGNAL,INTERMITTENT_SIGNAL,Instrumentation,,DIG-INSTRUMENTATION,Closed,2025-02-08,CM01,Completed,2025-02-28,2025-03-02,2025-02-28,2025-03-02,1,WORK_COMPLETED,Corrective scope executed and checked.,Instrument replacement,Instrument replacement performed; post-work functional check within tolerance.,TRUE,7.40,6003.28,
N0000849,WO0000516,PLT-FL-DRY-PRS,HY-DRY-PRS-01,2025-02-05,3,Maintenance Sensory Route,Drying - Maintenance Route A,Sensory Route,Hydraulic pressure decays with no external leak.,HYD_INTERNAL_LEAKAGE,HYD_INTERNAL_LEAKAGE,Hydraulics,,DRY-HYDRAULICS,Closed,2025-02-06,PM02,Completed,2025-02-19,2025-02-19,2025-02-19,2025-02-19,0,WORK_COMPLETED,Corrective scope executed and checked.,Seal replacement,Seal replacement performed; post-work functional check within tolerance.,TRUE,17.04,9569.39,
N0000850,,PLT-FL-WSH-FIL,LT-WSH-FIL-01,2025-02-06,3,Maintenance Sensory Route,Washing & Screening - Maintenance Route A,Sensory Route,Intermittent signal dropout at stable process conditions.,INTERMITTENT_SIGNAL,INTERMITTENT_SIGNAL,Instrumentation,Automation,WSH-AUTOMATION,Closed,,,,,,,,,NO_DEFECT_FOUND,Inspection could not confirm the reported abnormality.,Inspection only,Field inspection completed; no corrective maintenance performed.,FALSE,1.34,276.17,
N0000851,,PLT-FL-WSH-SCR,M-WSH-SCR-01,2025-02-06,3,Maintenance Sensory Route,Washing & Screening - Maintenance Route A,Sensory Route,Localized heating at electrical connection.,TERMINAL_HEATING,TERMINAL_HEATING,Electrical,,WSH-ELECTRICAL,Closed,,,,,,,,,NO_DEFECT_FOUND,Inspection could not confirm the reported abnormality.,Inspection only,Field inspection completed; no corrective maintenance performed.,FALSE,1.93,375.58,
N0000852,WO0000517,PLT-RU-RB-FWS,P-RB-FWS-01,2025-02-06,2,Condition Monitoring,Recovery Boiler - Condition Monitoring,Predictive Route,Delivered flow below expected operating range.,LOW_FLOW,LOW_FLOW,Mechanical,,RB-MECHANICAL,Closed,2025-02-10,PM02,Completed,2025-04-05,2025-04-07,2025-04-05,2025-04-07,3,WORK_COMPLETED,Corrective scope executed and checked.,Cleaning,Cleaning performed; post-work functional check within tolerance.,TRUE,9.59,2830.03,
N0000853,WO0000518,PLT-FL-WSH-BSW,M-WSH-BSW-01,2025-02-07,3,Operator Route,Washing & Screening - Operations,Sensory Route,Motor bearing vibration above baseline.,MOTOR_BEARING_VIBRATION,MOTOR_BEARING_VIBRATION,Electrical,,WSH-ELECTRICAL,Closed,2025-02-09,PM02,Completed,2025-04-24,2025-04-24,2025-04-24,2025-04-24,2,WORK_COMPLETED,Corrective scope executed and checked.,Bearing replacement,Bearing replacement performed; post-work functional check within tolerance.,TRUE,18.76,12099.48,
N0000854,,PLT-FL-WSH-SCR,P-WSH-SCR-01,2025-02-07,3,Maintenance Sensory Route,Washing & Screening - Maintenance Route A,Sensory Route,Leakage at shaft seal.,SEAL_LEAKAGE,SEAL_LEAKAGE,Mechanical,Lubrication,WSH-LUBRICATION,Closed,,,,,,,,,OPERATING_CONDITION,Observed response is within the current operating envelope.,Inspection only,Field inspection completed; no corrective maintenance performed.,FALSE,1.07,193.70,
N0000855,,PLT-RU-RB-FWS,PT-RB-FWS-01,2025-02-07,3,Planned Inspection,Recovery Boiler - Inspection,Planned Inspection,Measured output outside calibration tolerance.,CALIBRATION_DEVIATION,CALIBRATION_DEVIATION,Instrumentation,,RB-INSTRUMENTATION,Closed,,,,,,,,,MONITOR_CONDITION,Condition recorded; continue observation without corrective work.,Inspection only,Field inspection completed; no corrective maintenance performed.,TRUE,1.33,277.10,
N0000856,,PLT-RU-RB-SMT,LT-RB-SMT-01,2025-02-10,2,Process Alarm,Recovery Boiler - Control Room,Process / Control Monitoring,Indicated value drifts from independent reference.,SIGNAL_DRIFT,SIGNAL_DRIFT,Instrumentation,,RB-INSTRUMENTATION,Closed,,,,,,,,,NO_ACTION_REQUIRED,Notification dispositioned without corrective scope.,Inspection only,Field inspection completed; no corrective maintenance performed.,TRUE,0.56,146.36,
N0000857,,PLT-FL-WSH-BSW,M-WSH-BSW-01,2025-02-10,3,Maintenance Sensory Route,Washing & Screening - Maintenance Route A,Sensory Route,Localized heating at electrical connection.,TERMINAL_HEATING,TERMINAL_HEATING,Electrical,,WSH-ELECTRICAL,Closed,,,,,,,,,OPERATING_CONDITION,Observed response is within the current operating envelope.,Inspection only,Field inspection completed; no corrective maintenance performed.,FALSE,1.26,217.88,
N0000858,WO0000519,PLT-RU-EVA-CIR,P-EVA-CIR-01,2025-02-11,3,Operator Route,Evaporation - Operations,Sensory Route,Leakage at shaft seal.,SEAL_LEAKAGE,SEAL_LEAKAGE,Condition Monitoring,Lubrication,EVA-LUBRICATION,Closed,2025-02-14,PM02,Cancelled,2025-03-30,2025-03-30,,,0,CANCELLED,Order cancelled after scope review; no execution recorded.,,,TRUE,0.65,155.28,
N0000859,WO0000520,PLT-RU-UTL-CWT,M-UTL-CWT-01,2025-02-12,3,Maintenance Sensory Route,Utilities - Maintenance Route A,Sensory Route,Motor bearing vibration above baseline.,MOTOR_BEARING_VIBRATION,MOTOR_BEARING_VIBRATION,Electrical,,UTL-ELECTRICAL,Closed,2025-02-12,PM02,Completed,2025-03-30,2025-03-31,2025-03-30,2025-03-31,1,WORK_COMPLETED,Corrective scope executed and checked.,Bearing replacement,Bearing replacement performed; post-work functional check within tolerance.,TRUE,15.18,9791.94,
N0000860,WO0000521,PLT-FL-WSH-KNR,M-WSH-KNR-01,2025-02-12,3,Operator Report,Washing & Screening - Operations,,Insulation test trending below reference.,INSULATION_DEGRADATION,INSULATION_DEGRADATION,Electrical,,WSH-ELECTRICAL,Closed,2025-02-17,PM02,Cancelled,2025-03-19,2025-03-20,,,0,CANCELLED,Order cancelled after scope review; no execution recorded.,,,TRUE,0.44,160.71,
N0000861,WO0000522,PLT-FL-DRY-LUB,P-DRY-LUB-01,2025-02-12,3,Condition Monitoring,Drying - Condition Monitoring,Predictive Route,Oil sample shows elevated contamination.,OIL_CONTAMINATION,OIL_CONTAMINATION,Lubrication,,DRY-LUBRICATION,Closed,2025-02-16,PM02,Completed,2025-03-10,2025-03-12,2025-03-10,2025-03-12,0,WORK_COMPLETED,Corrective scope executed and checked.,Lubrication,Lubrication performed; post-work functional check within tolerance.,TRUE,4.25,2174.64,
N0000862,WO0000523,PLT-FL-DIG-CHP,ZS-DIG-CHP-01,2025-02-12,3,Operator Route,Digester - Operations,Sensory Route,Intermittent signal dropout at stable process conditions.,INTERMITTENT_SIGNAL,INTERMITTENT_SIGNAL,Automation,,DIG-AUTOMATION,Closed,2025-02-13,PM02,Completed,2025-03-13,2025-03-15,2025-03-13,2025-03-15,0,MONITOR_CONDITION,Condition recorded; continue observation without corrective work.,Inspection only,Inspected and recorded readings; no component correction performed.,TRUE,0.80,181.34,
N0000863,,PLT-RU-EVA-BLF,FV-EVA-BLF-01,2025-02-15,3,Planned Inspection,Evaporation - Inspection,Planned Inspection,Actuator supply pressure decays while held.,ACTUATOR_LEAKAGE,ACTUATOR_LEAKAGE,Valves,,EVA-VALVES,Closed,,,,,,,,,NO_ACTION_REQUIRED,Notification dispositioned without corrective scope.,Inspection only,Field inspection completed; no corrective maintenance performed.,TRUE,1.73,343.08,
N0000864,WO0000524,PLT-RU-CAU-WLC,M-CAU-WLC-01,2025-02-15,2,Operator Report,Causticizing - Operations,,Motor temperature rising at normal load.,MOTOR_OVERHEATING,MOTOR_OVERHEATING,Electrical,,CAU-ELECTRICAL,Closed,2025-02-16,PM02,Completed,2025-05-29,2025-05-29,2025-05-29,2025-05-29,5,WORK_COMPLETED,Corrective scope executed and checked.,Cleaning,Cleaning performed; post-work functional check within tolerance.,TRUE,5.90,1740.35,
N0000865,WO0000525,PLT-FL-DRY-DRS,PV-DRY-DRS-01,2025-02-15,2,Operator Report,Drying - Operations,,Valve travel sticks during small command changes.,VALVE_STICTION,VALVE_STICTION,Valves,,DRY-VALVES,Closed,2025-02-20,PM02,Completed,2025-03-18,2025-03-19,2025-03-18,2025-03-19,1,WORK_COMPLETED,Corrective scope executed and checked.,Valve overhaul,Valve overhaul performed; post-work functional check within tolerance.,TRUE,18.79,15251.63,
N0000866,,PLT-FL-WSH-BSW,FV-WSH-BSW-01,2025-02-16,3,Maintenance Sensory Route,Washing & Screening - Maintenance Route A,Sensory Route,Visible leakage at valve packing.,EXTERNAL_LEAKAGE,EXTERNAL_LEAKAGE,Valves,,WSH-VALVES,Closed,,,,,,,,,OPERATING_CONDITION,Observed response is within the current operating envelope.,Inspection only,Field inspection completed; no corrective maintenance performed.,FALSE,1.60,298.30,
N0000867,,PLT-FL-WSH-FIL,FV-WSH-FIL-01,2025-02-16,3,Maintenance Sensory Route,Washing & Screening - Maintenance Route A,Sensory Route,Valve feedback differs from demanded position.,POSITIONER_DEVIATION,POSITIONER_DEVIATION,Valves,,WSH-VALVES,Closed,,,,,,,,,OPERATING_CONDITION,Observed response is within the current operating envelope.,Inspection only,Field inspection completed; no corrective maintenance performed.,FALSE,0.53,130.21,
N0000868,WO0000526,PLT-RU-RB-SMT,M-RB-SMT-01,2025-02-16,3,Planned Inspection,Recovery Boiler - Inspection,Planned Inspection,Motor temperature rising at normal load.,MOTOR_OVERHEATING,MOTOR_OVERHEATING,Electrical,,RB-ELECTRICAL,Closed,2025-02-20,PM02,Completed,2025-03-19,2025-03-20,2025-03-19,2025-03-20,0,WORK_COMPLETED,Corrective scope executed and checked.,Cleaning,Cleaning performed; post-work functional check within tolerance.,TRUE,5.41,1597.21,
N0000869,,PLT-RU-EVA-BLF,FT-EVA-BLF-01,2025-02-18,2,Process Alarm,Evaporation - Control Room,Process / Control Monitoring,Intermittent signal dropout at stable process conditions.,INTERMITTENT_SIGNAL,INTERMITTENT_SIGNAL,Automation,,EVA-AUTOMATION,Closed,,,,,,,,,NO_DEFECT_FOUND,Inspection could not confirm the reported abnormality.,Inspection only,Field inspection completed; no corrective maintenance performed.,FALSE,1.08,254.35,
N0000870,,PLT-FL-WSH-FIL,P-WSH-FIL-01,2025-02-18,3,Maintenance Sensory Route,Washing & Screening - Maintenance Route A,Sensory Route,Elevated vibration at pump bearing housing.,PUMP_BEARING_VIBRATION,PUMP_BEARING_VIBRATION,Mechanical,,WSH-MECHANICAL,Closed,,,,,,,,,NO_DEFECT_FOUND,Inspection could not confirm the reported abnormality.,Inspection only,Field inspection completed; no corrective maintenance performed.,FALSE,0.66,171.26,
N0000871,,PLT-FL-WSH-KNR,SCR-WSH-KNR-01,2025-02-18,3,Maintenance Sensory Route,Washing & Screening - Maintenance Route A,Sensory Route,Mechanism travel is uneven with elevated resistance.,MECHANICAL_BINDING,MECHANICAL_BINDING,Mechanical,,WSH-MECHANICAL,Closed,,,,,,,,,OPERATING_CONDITION,Observed response is within the current operating envelope.,Inspection only,Field inspection completed; no corrective maintenance performed.,FALSE,0.98,179.27,
N0000872,WO0000527,PLT-FL-WSH-KNR,SCR-WSH-KNR-01,2025-02-20,2,Maintenance Sensory Route,Washing & Screening - Maintenance Route A,Sensory Route,Process differential pressure above normal operating range.,PROCESS_RESTRICTION,PROCESS_RESTRICTION,Mechanical,,WSH-MECHANICAL,Closed,2025-02-24,PM02,Completed,2025-03-21,2025-03-23,2025-03-21,2025-03-23,1,WORK_COMPLETED,Corrective scope executed and checked.,Cleaning,Cleaning performed; post-work functional check within tolerance.,TRUE,12.41,3909.08,
N0000873,WO0000528,PLT-RU-UTL-STM,TT-UTL-STM-01,2025-02-20,1,Operator Route,Utilities - Operations,Sensory Route,Intermittent signal dropout at stable process conditions.,INTERMITTENT_SIGNAL,INTERMITTENT_SIGNAL,Automation,,UTL-AUTOMATION,Closed,2025-02-24,CM01,Completed,2025-03-12,2025-03-14,2025-03-12,2025-03-14,1,WORK_COMPLETED,Corrective scope executed and checked.,Instrument replacement,Instrument replacement performed; post-work functional check within tolerance.,TRUE,7.23,5870.64,
N0000874,WO0000529,PLT-RU-LIM-LMF,FT-LIM-LMF-01,2025-02-21,3,Operator Route,Lime Kiln - Operations,Sensory Route,Measured output outside calibration tolerance.,CALIBRATION_DEVIATION,CALIBRATION_DEVIATION,Instrumentation,,LIM-INSTRUMENTATION,Closed,2025-02-23,PM02,Completed,2025-05-26,2025-05-27,2025-05-26,2025-05-27,3,WORK_COMPLETED,Corrective scope executed and checked.,Calibration,Calibration performed; post-work functional check within tolerance.,TRUE,4.09,1206.01,
N0000875,WO0000530,PLT-FL-WSH-SCR,M-WSH-SCR-01,2025-02-21,3,Process Alarm,Washing & Screening - Control Room,Process / Control Monitoring,Motor bearing vibration above baseline.,MOTOR_BEARING_VIBRATION,MOTOR_BEARING_VIBRATION,Electrical,,WSH-ELECTRICAL,Closed,2025-02-23,PM02,Completed,2025-04-09,2025-04-11,2025-04-09,2025-04-11,0,WORK_COMPLETED,Corrective scope executed and checked.,Bearing replacement,Bearing replacement performed; post-work functional check within tolerance.,TRUE,13.77,8879.93,
N0000876,,PLT-FL-WSH-BSW,P-WSH-BSW-01,2025-02-22,3,Maintenance Sensory Route,Washing & Screening - Maintenance Route A,Sensory Route,Crackling noise and unstable suction pressure.,CAVITATION,CAVITATION,Mechanical,,WSH-MECHANICAL,Closed,,,,,,,,,NO_DEFECT_FOUND,Inspection could not confirm the reported abnormality.,Inspection only,Field inspection completed; no corrective maintenance performed.,FALSE,0.59,135.65,
N0000877,,PLT-RU-UTL-BFW,PT-UTL-BFW-01,2025-02-22,3,Maintenance Sensory Route,Utilities - Maintenance Route A,Sensory Route,Intermittent signal dropout at stable process conditions.,INTERMITTENT_SIGNAL,INTERMITTENT_SIGNAL,Instrumentation,,UTL-INSTRUMENTATION,Closed,,,,,,,,,NO_ACTION_REQUIRED,Notification dispositioned without corrective scope.,Inspection only,Field inspection completed; no corrective maintenance performed.,FALSE,0.70,193.98,
N0000878,,PLT-FL-WSH-SCR,DPIT-WSH-SCR-01,2025-02-23,3,Maintenance Sensory Route,Washing & Screening - Maintenance Route A,Sensory Route,Indicated value drifts from independent reference.,SIGNAL_DRIFT,SIGNAL_DRIFT,Instrumentation,,WSH-INSTRUMENTATION,Closed,,,,,,,,,OPERATING_CONDITION,Observed response is within the current operating envelope.,Inspection only,Field inspection completed; no corrective maintenance performed.,FALSE,1.93,320.12,
N0000879,,PLT-FL-WSH-BSW,DRV-WSH-BSW-01,2025-02-23,3,Maintenance Sensory Route,Washing & Screening - Maintenance Route A,Sensory Route,Bearing temperature trending above baseline.,BEARING_TEMPERATURE,BEARING_TEMPERATURE,Mechanical,,WSH-MECHANICAL,Closed,,,,,,,,,NO_DEFECT_FOUND,Inspection could not confirm the reported abnormality.,Inspection only,Field inspection completed; no corrective maintenance performed.,FALSE,0.50,143.08,
N0000880,,PLT-FL-WSH-KNR,M-WSH-KNR-01,2025-02-23,3,Maintenance Sensory Route,Washing & Screening - Maintenance Route A,Sensory Route,Localized heating at electrical connection.,TERMINAL_HEATING,TERMINAL_HEATING,Electrical,,WSH-ELECTRICAL,Closed,,,,,,,,,NO_DEFECT_FOUND,Inspection could not confirm the reported abnormality.,Inspection only,Field inspection completed; no corrective maintenance performed.,FALSE,0.81,174.68,
N0000881,WO0000531,PLT-FL-DIG-BLC,PSHH-DIG-BLC-01,2025-02-23,3,Operator Report,Digester - Operations,,Measured output outside calibration tolerance.,CALIBRATION_DEVIATION,CALIBRATION_DEVIATION,Instrumentation,,DIG-INSTRUMENTATION,Closed,2025-02-28,PM02,Completed,2025-04-08,2025-04-09,2025-04-08,2025-04-09,2,WORK_COMPLETED,Corrective scope executed and checked.,Calibration,Calibration performed; post-work functional check within tolerance.,TRUE,4.31,1271.61,
N0000882,,PLT-FL-WSH-KNR,XV-WSH-KNR-01,2025-02-23,3,Maintenance Sensory Route,Washing & Screening - Maintenance Route A,Sensory Route,Actuator supply pressure decays while held.,ACTUATOR_LEAKAGE,ACTUATOR_LEAKAGE,Valves,Instrumentation,WSH-INSTRUMENTATION,Closed,,,,,,,,,NO_DEFECT_FOUND,Inspection could not confirm the reported abnormality.,Inspection only,Field inspection completed; no corrective maintenance performed.,FALSE,1.44,284.92,
N0000883,WO0000532,PLT-FL-BLE-DOS,FT-BLE-DOS-01,2025-02-24,3,Process Alarm,Bleaching - Control Room,Process / Control Monitoring,Intermittent signal dropout at stable process conditions.,INTERMITTENT_SIGNAL,INTERMITTENT_SIGNAL,Instrumentation,,BLE-INSTRUMENTATION,Closed,2025-03-01,PM02,Completed,2025-04-08,2025-04-09,2025-04-08,2025-04-09,1,WORK_COMPLETED,Corrective scope executed and checked.,Instrument replacement,Instrument replacement performed; post-work functional check within tolerance.,TRUE,6.22,5045.12,
N0000884,WO0000533,PLT-RU-LIM-DRV,DRV-LIM-DRV-01,2025-02-25,3,Process Alarm,Lime Kiln - Control Room,Process / Control Monitoring,Oil sample shows elevated contamination.,OIL_CONTAMINATION,OIL_CONTAMINATION,Lubrication,,LIM-LUBRICATION,Closed,2025-02-27,PM02,Completed,2025-03-18,2025-03-20,2025-03-18,2025-03-20,0,MONITOR_CONDITION,Condition recorded; continue observation without corrective work.,Inspection only,Inspected and recorded readings; no component correction performed.,TRUE,1.93,321.52,
N0000885,,PLT-FL-DIG-IMP,FV-DIG-IMP-01,2025-02-25,3,Planned Inspection,Digester - Inspection,Planned Inspection,Valve feedback differs from demanded position.,POSITIONER_DEVIATION,POSITIONER_DEVIATION,Valves,,DIG-VALVES,Closed,,,,,,,,,NO_ACTION_REQUIRED,Notification dispositioned without corrective scope.,Inspection only,Field inspection completed; no corrective maintenance performed.,TRUE,0.57,117.22,
N0000886,WO0000534,PLT-FL-BLE-DOS,M-BLE-DOS-01,2025-02-25,3,Planned Inspection,Bleaching - Inspection,Planned Inspection,Motor temperature rising at normal load.,MOTOR_OVERHEATING,MOTOR_OVERHEATING,Condition Monitoring,,BLE-CONDITION_MONITORING,Closed,2025-02-27,PM02,Completed,2025-04-26,2025-04-27,2025-04-26,2025-04-27,4,WORK_COMPLETED,Corrective scope executed and checked.,Cleaning,Cleaning performed; post-work functional check within tolerance.,TRUE,6.60,1948.07,
N0000887,WO0000535,PLT-FL-BLE-DOS,M-BLE-DOS-01,2025-02-25,2,Maintenance Sensory Route,Bleaching - Maintenance Route A,Sensory Route,Localized heating at electrical connection.,TERMINAL_HEATING,TERMINAL_HEATING,Electrical,,BLE-ELECTRICAL,Closed,2025-03-01,PM02,Completed,2025-03-11,2025-03-11,2025-03-11,2025-03-11,0,WORK_COMPLETED,Corrective scope executed and checked.,Tightening,Tightening performed; post-work functional check within tolerance.,TRUE,5.28,1294.36,
N0000888,WO0000536,PLT-FL-DRY-SHT,M-DRY-SHT-01,2025-02-26,2,Maintenance Sensory Route,Drying - Maintenance Route A,Sensory Route,Motor temperature rising at normal load.,MOTOR_OVERHEATING,MOTOR_OVERHEATING,Electrical,,DRY-ELECTRICAL,Closed,2025-02-27,PM02,Completed,2025-03-06,2025-03-07,2025-03-06,2025-03-07,0,WORK_COMPLETED,Corrective scope executed and checked.,Cleaning,Cleaning performed; post-work functional check within tolerance.,TRUE,8.32,2454.34,
N0000889,WO0000537,PLT-RU-CAU-LMH,P-CAU-LMH-01,2025-02-27,3,Maintenance Sensory Route,Causticizing - Maintenance Route A,Sensory Route,Leakage at shaft seal.,SEAL_LEAKAGE,SEAL_LEAKAGE,Mechanical,,CAU-MECHANICAL,Closed,2025-03-01,PM02,Completed,2025-04-24,2025-04-24,2025-04-24,2025-04-24,2,WORK_COMPLETED,Corrective scope executed and checked.,Seal replacement,Seal replacement performed; post-work functional check within tolerance.,TRUE,7.73,5756.43,
N0000890,WO0000538,PLT-FL-DIG-IMP,FT-DIG-IMP-01,2025-02-28,2,Planned Inspection,Digester - Inspection,Planned Inspection,Indicated value drifts from independent reference.,SIGNAL_DRIFT,SIGNAL_DRIFT,Instrumentation,,DIG-INSTRUMENTATION,Closed,2025-03-01,PM02,Completed,2025-03-14,2025-03-14,2025-03-14,2025-03-14,0,WORK_COMPLETED,Corrective scope executed and checked.,Calibration,Calibration performed; post-work functional check within tolerance.,TRUE,5.51,1625.49,
N0000891,,PLT-RU-CAU-GLH,M-CAU-GLH-01,2025-02-28,2,Maintenance Sensory Route,Causticizing - Maintenance Route A,Sensory Route,Motor bearing vibration above baseline.,MOTOR_BEARING_VIBRATION,MOTOR_BEARING_VIBRATION,Condition Monitoring,,CAU-CONDITION_MONITORING,Closed,,,,,,,,,NO_ACTION_REQUIRED,Notification dispositioned without corrective scope.,Inspection only,Field inspection completed; no corrective maintenance performed.,TRUE,1.22,238.56,
N0000892,,PLT-FL-WSH-FIL,P-WSH-FIL-01,2025-02-28,3,Condition Monitoring,Washing & Screening - Condition Monitoring,Predictive Route,Oil sample shows elevated contamination.,OIL_CONTAMINATION,OIL_CONTAMINATION,Lubrication,,WSH-LUBRICATION,Closed,,,,,,,,,NO_DEFECT_FOUND,Inspection could not confirm the reported abnormality.,Inspection only,Field inspection completed; no corrective maintenance performed.,FALSE,0.44,136.94,
N0000893,WO0000539,PLT-RU-RB-BLF,FT-RB-BLF-01,2025-03-01,3,Maintenance Sensory Route,Recovery Boiler - Maintenance Route A,Sensory Route,Indicated value drifts from independent reference.,SIGNAL_DRIFT,SIGNAL_DRIFT,Instrumentation,Automation,RB-AUTOMATION,Closed,2025-03-03,PM02,Completed,2025-04-08,2025-04-09,2025-04-08,2025-04-09,1,WORK_COMPLETED,Corrective scope executed and checked.,Calibration,Calibration performed; post-work functional check within tolerance.,TRUE,5.10,1503.73,
N0000894,WO0000540,PLT-RU-UTL-AIR,M-UTL-AIR-01,2025-03-01,2,Condition Monitoring,Utilities - Condition Monitoring,Predictive Route,Lubricant level below normal mark.,LOW_LUBE_LEVEL,LOW_LUBE_LEVEL,Lubrication,,UTL-LUBRICATION,Closed,2025-03-06,PM02,Completed,2025-04-08,2025-04-10,2025-04-08,2025-04-10,1,WORK_COMPLETED,Corrective scope executed and checked.,Lubrication,Lubrication performed; post-work functional check within tolerance.,TRUE,2.60,1286.41,
N0000895,WO0000541,PLT-FL-BLE-TWR,M-BLE-TWR-01,2025-03-02,2,Operator Report,Bleaching - Operations,,Motor temperature rising at normal load.,MOTOR_OVERHEATING,MOTOR_OVERHEATING,Condition Monitoring,,BLE-CONDITION_MONITORING,Closed,2025-03-06,PM02,Completed,2025-04-13,2025-04-13,2025-04-13,2025-04-13,2,WORK_COMPLETED,Corrective scope executed and checked.,Cleaning,Cleaning performed; post-work functional check within tolerance.,TRUE,8.52,2513.05,
N0000896,WO0000542,PLT-RU-UTL-CWT,FV-UTL-CWT-01,2025-03-04,3,Maintenance Sensory Route,Utilities - Maintenance Route A,Sensory Route,Visible leakage at valve packing.,EXTERNAL_LEAKAGE,EXTERNAL_LEAKAGE,Valves,,UTL-VALVES,Closed,2025-03-04,PM02,Completed,2025-05-07,2025-05-08,2025-05-07,2025-05-08,2,MONITOR_CONDITION,Condition recorded; continue observation without corrective work.,Inspection only,Inspected and recorded readings; no component correction performed.,TRUE,1.80,311.70,
N0000897,WO0000543,PLT-RU-LIM-BRN,FT-LIM-BRN-01,2025-03-05,3,Maintenance Sensory Route,Lime Kiln - Maintenance Route A,Sensory Route,Intermittent signal dropout at stable process conditions.,INTERMITTENT_SIGNAL,INTERMITTENT_SIGNAL,Instrumentation,,LIM-INSTRUMENTATION,Closed,2025-03-06,PM02,Completed,2025-04-17,2025-04-17,2025-04-17,2025-04-17,1,WORK_COMPLETED,Corrective scope executed and checked.,Instrument replacement,Instrument replacement performed; post-work functional check within tolerance.,TRUE,4.76,3865.43,
N0000898,WO0000544,PLT-FL-WSH-SCR,P-WSH-SCR-01,2025-03-05,2,Maintenance Sensory Route,Washing & Screening - Maintenance Route A,Sensory Route,Elevated vibration at pump bearing housing.,PUMP_BEARING_VIBRATION,PUMP_BEARING_VIBRATION,Mechanical,,WSH-MECHANICAL,Closed,2025-03-07,PM02,Completed,2025-03-23,2025-03-24,2025-03-23,2025-03-24,1,WORK_COMPLETED,Corrective scope executed and checked.,Bearing replacement,Bearing replacement performed; post-work functional check within tolerance.,TRUE,20.02,14166.68,
N0000899,WO0000545,PLT-RU-RB-BLF,FV-RB-BLF-01,2025-03-06,2,Operator Route,Recovery Boiler - Operations,Sensory Route,Visible leakage at valve packing.,EXTERNAL_LEAKAGE,EXTERNAL_LEAKAGE,Valves,,RB-VALVES,Closed,2025-03-08,PM02,Completed,2025-03-16,2025-03-17,2025-03-16,2025-03-17,0,WORK_COMPLETED,Corrective scope executed and checked.,Seal replacement,Seal replacement performed; post-work functional check within tolerance.,TRUE,8.27,4368.20,
N0000900,,PLT-RU-RB-FWS,FV-RB-FWS-01,2025-03-06,3,Planned Inspection,Recovery Boiler - Inspection,Planned Inspection,Valve feedback differs from demanded position.,POSITIONER_DEVIATION,POSITIONER_DEVIATION,Valves,,RB-VALVES,Closed,,,,,,,,,OPERATING_CONDITION,Observed response is within the current operating envelope.,Inspection only,Field inspection completed; no corrective maintenance performed.,FALSE,0.51,171.85,
N0000901,WO0000546,PLT-RU-CAU-GLC,M-CAU-GLC-01,2025-03-07,2,Maintenance Sensory Route,Causticizing - Maintenance Route A,Sensory Route,Motor temperature rising at normal load.,MOTOR_OVERHEATING,MOTOR_OVERHEATING,Electrical,,CAU-ELECTRICAL,Closed,2025-03-12,PM02,Completed,2025-04-29,2025-04-30,2025-04-29,2025-04-30,4,WORK_COMPLETED,Corrective scope executed and checked.,Cleaning,Cleaning performed; post-work functional check within tolerance.,TRUE,7.43,2192.34,
N0000902,WO0000547,PLT-FL-DRY-HYD,P-DRY-HYD-01,2025-03-07,2,Condition Monitoring,Drying - Condition Monitoring,Predictive Route,Hydraulic pressure decays with no external leak.,HYD_INTERNAL_LEAKAGE,HYD_INTERNAL_LEAKAGE,Hydraulics,,DRY-HYDRAULICS,Closed,2025-03-10,PM02,Completed,2025-04-16,2025-04-18,2025-04-16,2025-04-18,2,MONITOR_CONDITION,Condition recorded; continue observation without corrective work.,Inspection only,Inspected and recorded readings; no component correction performed.,TRUE,0.87,199.88,
N0000903,,PLT-RU-EVA-CIR,PT-EVA-CIR-01,2025-03-08,1,Operator Route,Evaporation - Operations,Sensory Route,Intermittent signal dropout at stable process conditions.,INTERMITTENT_SIGNAL,INTERMITTENT_SIGNAL,Instrumentation,,EVA-INSTRUMENTATION,Closed,,,,,,,,,NO_ACTION_REQUIRED,Notification dispositioned without corrective scope.,Inspection only,Field inspection completed; no corrective maintenance performed.,TRUE,1.16,260.63,
N0000904,WO0000548,PLT-RU-UTL-PWT,FV-UTL-PWT-01,2025-03-09,3,Maintenance Sensory Route,Utilities - Maintenance Route A,Sensory Route,Valve feedback differs from demanded position.,POSITIONER_DEVIATION,POSITIONER_DEVIATION,Valves,,UTL-VALVES,Closed,2025-03-09,PM02,Completed,2025-04-05,2025-04-05,2025-04-05,2025-04-05,0,WORK_COMPLETED,Corrective scope executed and checked.,Calibration,Calibration performed; post-work functional check within tolerance.,TRUE,4.63,1480.03,
N0000905,,PLT-FL-DIG-BLC,PV-DIG-BLC-01,2025-03-09,3,Maintenance Sensory Route,Digester - Maintenance Route A,Sensory Route,Visible leakage at valve packing.,EXTERNAL_LEAKAGE,EXTERNAL_LEAKAGE,Valves,,DIG-VALVES,Closed,,,,,,,,,MONITOR_CONDITION,Condition recorded; continue observation without corrective work.,Inspection only,Field inspection completed; no corrective maintenance performed.,TRUE,0.55,164.30,
N0000906,,PLT-FL-BLE-DOS,FT-BLE-DOS-01,2025-03-10,3,Planned Inspection,Bleaching - Inspection,Planned Inspection,Indicated value drifts from independent reference.,SIGNAL_DRIFT,SIGNAL_DRIFT,Instrumentation,,BLE-INSTRUMENTATION,Closed,,,,,,,,,NO_DEFECT_FOUND,Inspection could not confirm the reported abnormality.,Inspection only,Field inspection completed; no corrective maintenance performed.,FALSE,1.71,282.97,
N0000907,,PLT-RU-UTL-PWT,FT-UTL-PWT-01,2025-03-10,3,Process Alarm,Utilities - Control Room,Process / Control Monitoring,Intermittent signal dropout at stable process conditions.,INTERMITTENT_SIGNAL,INTERMITTENT_SIGNAL,Instrumentation,,UTL-INSTRUMENTATION,Closed,,,,,,,,,NO_ACTION_REQUIRED,Notification dispositioned without corrective scope.,Inspection only,Field inspection completed; no corrective maintenance performed.,TRUE,0.37,103.52,
N0000908,WO0000549,PLT-FL-BLE-CHM,P-BLE-CHM-01,2025-03-10,3,Maintenance Sensory Route,Bleaching - Maintenance Route A,Sensory Route,Leakage at shaft seal.,SEAL_LEAKAGE,SEAL_LEAKAGE,Mechanical,,BLE-MECHANICAL,Closed,2025-03-15,PM02,Completed,2025-04-25,2025-04-26,2025-04-25,2025-04-26,0,WORK_COMPLETED,Corrective scope executed and checked.,Seal replacement,Seal replacement performed; post-work functional check within tolerance.,TRUE,10.28,7658.17,
N0000909,,PLT-RU-RB-FWS,M-RB-FWS-01,2025-03-11,2,Condition Monitoring,Recovery Boiler - Condition Monitoring,Predictive Route,Motor temperature rising at normal load.,MOTOR_OVERHEATING,MOTOR_OVERHEATING,Condition Monitoring,,RB-CONDITION_MONITORING,Closed,,,,,,,,,NO_ACTION_REQUIRED,Notification dispositioned without corrective scope.,Inspection only,Field inspection completed; no corrective maintenance performed.,FALSE,1.08,197.65,
N0000910,WO0000550,PLT-RU-CAU-WLC,AG-CAU-WLC-01,2025-03-14,3,Process Alarm,Causticizing - Control Room,Process / Control Monitoring,Rotating assembly shows dominant once-per-revolution vibration.,IMBALANCE,IMBALANCE,Condition Monitoring,,CAU-CONDITION_MONITORING,Closed,2025-03-14,PM02,Completed,2025-05-20,2025-05-20,2025-05-20,2025-05-20,3,WORK_COMPLETED,Corrective scope executed and checked.,Adjustment,Adjustment performed; post-work functional check within tolerance.,TRUE,14.82,7337.30,
N0000911,,PLT-FL-BLE-STW,FV-BLE-STW-01,2025-03-15,2,Process Alarm,Bleaching - Control Room,Process / Control Monitoring,Valve feedback differs from demanded position.,POSITIONER_DEVIATION,POSITIONER_DEVIATION,Valves,,BLE-VALVES,Closed,,,,,,,,,NO_ACTION_REQUIRED,Notification dispositioned without corrective scope.,Inspection only,Field inspection completed; no corrective maintenance performed.,TRUE,0.69,198.46,
N0000912,,PLT-RU-LIM-BRN,FV-LIM-BRN-01,2025-03-15,1,Operator Route,Lime Kiln - Operations,Sensory Route,Valve travel sticks during small command changes.,VALVE_STICTION,VALVE_STICTION,Valves,,LIM-VALVES,Closed,,,,,,,,,OPERATING_CONDITION,Observed response is within the current operating envelope.,Inspection only,Field inspection completed; no corrective maintenance performed.,FALSE,1.11,194.95,
N0000913,WO0000551,PLT-RU-RB-SMT,P-RB-SMT-01,2025-03-15,3,Condition Monitoring,Recovery Boiler - Condition Monitoring,Predictive Route,Leakage at shaft seal.,SEAL_LEAKAGE,SEAL_LEAKAGE,Mechanical,,RB-MECHANICAL,Closed,2025-03-16,PM02,Completed,2025-05-02,2025-05-04,2025-05-02,2025-05-04,1,WORK_COMPLETED,Corrective scope executed and checked.,Seal replacement,Seal replacement performed; post-work functional check within tolerance.,TRUE,6.89,5133.12,
N0000914,WO0000552,PLT-RU-CAU-REA,FV-CAU-REA-01,2025-03-16,3,Planned Inspection,Causticizing - Inspection,Planned Inspection,Actuator supply pressure decays while held.,ACTUATOR_LEAKAGE,ACTUATOR_LEAKAGE,Valves,,CAU-VALVES,Closed,2025-03-19,PM02,Completed,2025-04-27,2025-04-29,2025-04-27,2025-04-29,2,MONITOR_CONDITION,Condition recorded; continue observation without corrective work.,Inspection only,Inspected and recorded readings; no component correction performed.,TRUE,0.49,157.41,
N0000915,WO0000553,PLT-RU-RB-SMT,LT-RB-SMT-01,2025-03-16,2,Maintenance Sensory Route,Recovery Boiler - Maintenance Route A,Sensory Route,Measured output outside calibration tolerance.,CALIBRATION_DEVIATION,CALIBRATION_DEVIATION,Instrumentation,,RB-INSTRUMENTATION,Closed,2025-03-18,PM02,Completed,2025-04-12,2025-04-12,2025-04-12,2025-04-12,1,WORK_COMPLETED,Corrective scope executed and checked.,Calibration,Calibration performed; post-work functional check within tolerance.,TRUE,2.81,829.00,
N0000916,,PLT-RU-RB-STM,TT-RB-STM-01,2025-03-16,3,Maintenance Sensory Route,Recovery Boiler - Maintenance Route A,Sensory Route,Indicated value drifts from independent reference.,SIGNAL_DRIFT,SIGNAL_DRIFT,Instrumentation,,RB-INSTRUMENTATION,Closed,,,,,,,,,MONITOR_CONDITION,Condition recorded; continue observation without corrective work.,Inspection only,Field inspection completed; no corrective maintenance performed.,TRUE,1.30,224.70,
N0000917,WO0000554,PLT-RU-CAU-SLK,FV-CAU-SLK-01,2025-03-17,3,Maintenance Sensory Route,Causticizing - Maintenance Route A,Sensory Route,Visible leakage at valve packing.,EXTERNAL_LEAKAGE,EXTERNAL_LEAKAGE,Instrumentation,,CAU-INSTRUMENTATION,Closed,2025-03-22,PM02,Completed,2025-05-24,2025-05-24,2025-05-24,2025-05-24,3,WORK_COMPLETED,Corrective scope executed and checked.,Seal replacement,Seal replacement performed; post-work functional check within tolerance.,TRUE,8.75,4624.63,
N0000918,WO0000555,PLT-RU-RB-SBL,XV-RB-SBL-01,2025-03-17,2,Process Alarm,Recovery Boiler - Control Room,Process / Control Monitoring,Valve travel sticks during small command changes.,VALVE_STICTION,VALVE_STICTION,Instrumentation,,RB-INSTRUMENTATION,Closed,2025-03-22,PM02,Cancelled,2025-03-26,2025-03-26,,,0,CANCELLED,Order cancelled after scope review; no execution recorded.,,,TRUE,1.03,247.64,
N0000919,,PLT-RU-UTL-ELD,CB-UTL-ELD-01,2025-03-19,3,Operator Report,Utilities - Operations,,Control sequence response differs from approved logic.,CONTROL_SEQUENCE_DEVIATION,CONTROL_SEQUENCE_DEVIATION,Automation,,UTL-AUTOMATION,Closed,,,,,,,,,NO_ACTION_REQUIRED,Notification dispositioned without corrective scope.,Inspection only,Field inspection completed; no corrective maintenance performed.,TRUE,1.31,226.33,
N0000920,WO0000556,PLT-FL-DIG-CHP,M-DIG-CHP-01,2025-03-20,3,Operator Route,Digester - Operations,Sensory Route,Motor bearing vibration above baseline.,MOTOR_BEARING_VIBRATION,MOTOR_BEARING_VIBRATION,Electrical,Lubrication,DIG-LUBRICATION,Closed,2025-03-23,PM02,Completed,2025-04-27,2025-04-29,2025-04-27,2025-04-29,2,WORK_COMPLETED,Corrective scope executed and checked.,Bearing replacement,Bearing replacement performed; post-work functional check within tolerance.,TRUE,13.86,8942.58,
N0000921,,PLT-FL-WSH-FIL,P-WSH-FIL-01,2025-03-20,3,Operator Report,Washing & Screening - Operations,,Crackling noise and unstable suction pressure.,CAVITATION,CAVITATION,Mechanical,,WSH-MECHANICAL,Closed,,,,,,,,,OPERATING_CONDITION,Observed response is within the current operating envelope.,Inspection only,Field inspection completed; no corrective maintenance performed.,FALSE,0.56,173.18,
N0000922,WO0000557,PLT-RU-RB-STM,PT-RB-STM-01,2025-03-21,3,Operator Route,Recovery Boiler - Operations,Sensory Route,Measured output outside calibration tolerance.,CALIBRATION_DEVIATION,CALIBRATION_DEVIATION,Instrumentation,,RB-INSTRUMENTATION,Closed,2025-03-25,PM02,Completed,2025-05-14,2025-05-16,2025-05-14,2025-05-16,1,WORK_COMPLETED,Corrective scope executed and checked.,Calibration,Calibration performed; post-work functional check within tolerance.,TRUE,4.00,1180.14,
N0000923,,PLT-FL-DRY-SHT,ENC-DRY-SHT-01,2025-03-23,3,Operator Route,Drying - Operations,Sensory Route,Intermittent signal dropout at stable process conditions.,INTERMITTENT_SIGNAL,INTERMITTENT_SIGNAL,Instrumentation,,DRY-INSTRUMENTATION,Closed,,,,,,,,,MONITOR_CONDITION,Condition recorded; continue observation without corrective work.,Inspection only,Field inspection completed; no corrective maintenance performed.,TRUE,0.41,99.86,
N0000924,WO0000558,PLT-FL-DRY-LUB,PT-DRY-LUB-01,2025-03-23,2,Planned Inspection,Drying - Inspection,Planned Inspection,Intermittent signal dropout at stable process conditions.,INTERMITTENT_SIGNAL,INTERMITTENT_SIGNAL,Instrumentation,,DRY-INSTRUMENTATION,Closed,2025-03-28,PM02,Completed,2025-04-13,2025-04-14,2025-04-13,2025-04-14,1,WORK_COMPLETED,Corrective scope executed and checked.,Instrument replacement,Instrument replacement performed; post-work functional check within tolerance.,TRUE,5.71,4635.80,
N0000925,WO0000559,PLT-RU-RB-STM,PV-RB-STM-01,2025-03-23,2,Maintenance Sensory Route,Recovery Boiler - Maintenance Route A,Sensory Route,Actuator supply pressure decays while held.,ACTUATOR_LEAKAGE,ACTUATOR_LEAKAGE,Valves,,RB-VALVES,Closed,2025-03-28,PM02,Completed,2025-04-07,2025-04-07,2025-04-07,2025-04-07,0,WORK_COMPLETED,Corrective scope executed and checked.,Seal replacement,Seal replacement performed; post-work functional check within tolerance.,TRUE,9.69,5643.09,
N0000926,,PLT-RU-RB-SBL,ZS-RB-SBL-01,2025-03-26,2,Planned Inspection,Recovery Boiler - Inspection,Planned Inspection,Measured output outside calibration tolerance.,CALIBRATION_DEVIATION,CALIBRATION_DEVIATION,Instrumentation,,RB-INSTRUMENTATION,Closed,,,,,,,,,NO_DEFECT_FOUND,Inspection could not confirm the reported abnormality.,Inspection only,Field inspection completed; no corrective maintenance performed.,FALSE,0.46,162.07,
N0000927,,PLT-RU-RB-AIR,FT-RB-AIR-01,2025-03-27,3,Operator Route,Recovery Boiler - Operations,Sensory Route,Intermittent signal dropout at stable process conditions.,INTERMITTENT_SIGNAL,INTERMITTENT_SIGNAL,Instrumentation,Automation,RB-AUTOMATION,Closed,,,,,,,,,NO_ACTION_REQUIRED,Notification dispositioned without corrective scope.,Inspection only,Field inspection completed; no corrective maintenance performed.,TRUE,1.26,279.97,
N0000928,,PLT-RU-RB-STM,PT-RB-STM-01,2025-03-29,2,Maintenance Sensory Route,Recovery Boiler - Maintenance Route A,Sensory Route,Intermittent signal dropout at stable process conditions.,INTERMITTENT_SIGNAL,INTERMITTENT_SIGNAL,Instrumentation,,RB-INSTRUMENTATION,Closed,,,,,,,,,NO_DEFECT_FOUND,Inspection could not confirm the reported abnormality.,Inspection only,Field inspection completed; no corrective maintenance performed.,FALSE,0.71,181.50,
N0000929,WO0000560,PLT-FL-DIG-IMP,M-DIG-IMP-01,2025-03-30,2,Condition Monitoring,Digester - Condition Monitoring,Predictive Route,Oil sample shows elevated contamination.,OIL_CONTAMINATION,OIL_CONTAMINATION,Lubrication,,DIG-LUBRICATION,Closed,2025-03-31,PM02,Completed,2025-04-11,2025-04-11,2025-04-11,2025-04-11,0,WORK_COMPLETED,Corrective scope executed and checked.,Lubrication,Lubrication performed; post-work functional check within tolerance.,TRUE,6.35,3250.82,
N0000930,,PLT-RU-CAU-WLC,FV-CAU-WLC-01,2025-03-31,2,Planned Inspection,Causticizing - Inspection,Planned Inspection,Valve travel sticks during small command changes.,VALVE_STICTION,VALVE_STICTION,Valves,,CAU-VALVES,Closed,,,,,,,,,NO_ACTION_REQUIRED,Notification dispositioned without corrective scope.,Inspection only,Field inspection completed; no corrective maintenance performed.,TRUE,1.36,272.81,
N0000931,WO0000561,PLT-RU-UTL-BFW,FV-UTL-BFW-01,2025-03-31,2,Planned Inspection,Utilities - Inspection,Planned Inspection,Valve feedback differs from demanded position.,POSITIONER_DEVIATION,POSITIONER_DEVIATION,Valves,,UTL-VALVES,Closed,2025-04-02,PM02,Completed,2025-06-03,2025-06-05,2025-06-03,2025-06-05,3,WORK_COMPLETED,Corrective scope executed and checked.,Calibration,Calibration performed; post-work functional check within tolerance.,TRUE,5.56,1779.68,
N0000932,WO0000562,PLT-FL-DRY-HYD,HPU-DRY-HYD-01,2025-03-31,2,Planned Inspection,Drying - Inspection,Planned Inspection,Hydraulic header pressure oscillates under steady demand.,HYD_PRESS_INSTABILITY,HYD_PRESS_INSTABILITY,Instrumentation,Hydraulics,DRY-HYDRAULICS,Closed,2025-04-01,PM02,Completed,2025-05-01,2025-05-01,2025-05-01,2025-05-01,2,MONITOR_CONDITION,Condition recorded; continue observation without corrective work.,Inspection only,Inspected and recorded readings; no component correction performed.,TRUE,0.87,158.92,
N0000933,WO0000563,PLT-RU-CAU-REA,LT-CAU-REA-01,2025-03-31,1,Process Alarm,Causticizing - Control Room,Process / Control Monitoring,Intermittent signal dropout at stable process conditions.,INTERMITTENT_SIGNAL,INTERMITTENT_SIGNAL,Instrumentation,,CAU-INSTRUMENTATION,Closed,2025-03-31,CM01,Completed,2025-04-02,2025-04-03,2025-04-02,2025-04-03,0,WORK_COMPLETED,Corrective scope executed and checked.,Instrument replacement,Instrument replacement performed; post-work functional check within tolerance.,TRUE,4.05,3283.27,
N0000934,WO0000564,PLT-FL-DIG-CIR,P-DIG-CIR-01,2025-03-31,2,Planned Inspection,Digester - Inspection,Planned Inspection,Elevated vibration at pump bearing housing.,PUMP_BEARING_VIBRATION,PUMP_BEARING_VIBRATION,Mechanical,,DIG-MECHANICAL,Closed,2025-04-04,PM02,Completed,2025-05-10,2025-05-12,2025-05-10,2025-05-12,2,MONITOR_CONDITION,Condition recorded; continue observation without corrective work.,Inspection only,Inspected and recorded readings; no component correction performed.,TRUE,1.61,282.76,
N0000935,WO0000565,PLT-RU-RB-SMT,P-RB-SMT-01,2025-03-31,3,Operator Route,Recovery Boiler - Operations,Sensory Route,Delivered flow below expected operating range.,LOW_FLOW,LOW_FLOW,Mechanical,,RB-MECHANICAL,Closed,2025-04-04,PM02,Completed,2025-04-23,2025-04-25,2025-04-23,2025-04-25,0,WORK_COMPLETED,Corrective scope executed and checked.,Cleaning,Cleaning performed; post-work functional check within tolerance.,TRUE,11.12,3280.62,
N0000936,,PLT-FL-DIG-IMP,FV-DIG-IMP-01,2025-04-01,3,Maintenance Sensory Route,Digester - Maintenance Route A,Sensory Route,Visible leakage at valve packing.,EXTERNAL_LEAKAGE,EXTERNAL_LEAKAGE,Valves,,DIG-VALVES,Closed,,,,,,,,,NO_ACTION_REQUIRED,Notification dispositioned without corrective scope.,Inspection only,Field inspection completed; no corrective maintenance performed.,FALSE,1.01,197.70,
N0000937,WO0000566,PLT-RU-CAU-GLH,M-CAU-GLH-01,2025-04-01,3,Maintenance Sensory Route,Causticizing - Maintenance Route A,Sensory Route,Localized heating at electrical connection.,TERMINAL_HEATING,TERMINAL_HEATING,Electrical,,CAU-ELECTRICAL,Closed,2025-04-06,PM02,Completed,2025-05-15,2025-05-17,2025-05-15,2025-05-17,1,WORK_COMPLETED,Corrective scope executed and checked.,Tightening,Tightening performed; post-work functional check within tolerance.,TRUE,3.41,835.37,
N0000938,WO0000567,PLT-RU-RB-BLF,P-RB-BLF-01,2025-04-01,1,Planned Inspection,Recovery Boiler - Inspection,Planned Inspection,Leakage at shaft seal.,SEAL_LEAKAGE,SEAL_LEAKAGE,Mechanical,,RB-MECHANICAL,Closed,2025-04-01,CM01,Completed,2025-04-13,2025-04-14,2025-04-13,2025-04-14,1,WORK_COMPLETED,Corrective scope executed and checked.,Seal replacement,Seal replacement performed; post-work functional check within tolerance.,TRUE,12.00,8936.77,
N0000939,WO0000568,PLT-FL-DRY-FOR,PT-DRY-FOR-01,2025-04-03,3,Process Alarm,Drying - Control Room,Process / Control Monitoring,Control sequence response differs from approved logic.,CONTROL_SEQUENCE_DEVIATION,CONTROL_SEQUENCE_DEVIATION,Automation,,DRY-AUTOMATION,Closed,2025-04-08,PM02,Completed,2025-05-05,2025-05-07,2025-05-05,2025-05-07,0,WORK_COMPLETED,Corrective scope executed and checked.,Control logic correction,Control logic correction performed; post-work functional check within tolerance.,TRUE,7.14,2106.34,
N0000940,WO0000569,PLT-RU-RB-SBL,ZS-RB-SBL-01,2025-04-05,3,Operator Route,Recovery Boiler - Operations,Sensory Route,Control sequence response differs from approved logic.,CONTROL_SEQUENCE_DEVIATION,CONTROL_SEQUENCE_DEVIATION,Automation,,RB-AUTOMATION,Closed,2025-04-09,PM02,Completed,2025-05-10,2025-05-11,2025-05-10,2025-05-11,0,WORK_COMPLETED,Corrective scope executed and checked.,Control logic correction,Control logic correction performed; post-work functional check within tolerance.,TRUE,8.75,2580.34,
N0000941,WO0000570,PLT-FL-DIG-IMP,P-DIG-IMP-01,2025-04-06,2,Operator Route,Digester - Operations,Sensory Route,Oil sample shows elevated contamination.,OIL_CONTAMINATION,OIL_CONTAMINATION,Lubrication,,DIG-LUBRICATION,Closed,2025-04-07,PM02,Completed,2025-04-14,2025-04-15,2025-04-14,2025-04-15,0,WORK_COMPLETED,Corrective scope executed and checked.,Lubrication,Lubrication performed; post-work functional check within tolerance.,TRUE,8.13,4160.77,
N0000942,WO0000571,PLT-FL-BLE-STW,P-BLE-STW-01,2025-04-07,3,Condition Monitoring,Bleaching - Condition Monitoring,Predictive Route,Elevated vibration at pump bearing housing.,PUMP_BEARING_VIBRATION,PUMP_BEARING_VIBRATION,Mechanical,,BLE-MECHANICAL,Closed,2025-04-09,PM02,Completed,2025-06-07,2025-06-07,2025-06-07,2025-06-07,3,WORK_COMPLETED,Corrective scope executed and checked.,Bearing replacement,Bearing replacement performed; post-work functional check within tolerance.,TRUE,17.08,12082.14,
N0000943,,PLT-FL-BLE-DOS,FT-BLE-DOS-01,2025-04-08,3,Process Alarm,Bleaching - Control Room,Process / Control Monitoring,Measured output outside calibration tolerance.,CALIBRATION_DEVIATION,CALIBRATION_DEVIATION,Instrumentation,,BLE-INSTRUMENTATION,Closed,,,,,,,,,MONITOR_CONDITION,Condition recorded; continue observation without corrective work.,Inspection only,Field inspection completed; no corrective maintenance performed.,TRUE,1.15,238.84,
N0000944,WO0000572,PLT-RU-EVA-BLF,FV-EVA-BLF-01,2025-04-08,1,Maintenance Sensory Route,Evaporation - Maintenance Route A,Sensory Route,Actuator supply pressure decays while held.,ACTUATOR_LEAKAGE,ACTUATOR_LEAKAGE,Valves,,EVA-VALVES,Closed,2025-04-08,CM01,Completed,2025-04-27,2025-04-27,2025-04-27,2025-04-27,1,MONITOR_CONDITION,Condition recorded; continue observation without corrective work.,Inspection only,Inspected and recorded readings; no component correction performed.,TRUE,0.81,151.37,
N0000945,WO0000573,PLT-RU-CAU-WLC,M-CAU-WLC-01,2025-04-08,3,Planned Inspection,Causticizing - Inspection,Planned Inspection,Localized heating at electrical connection.,TERMINAL_HEATING,TERMINAL_HEATING,Electrical,,CAU-ELECTRICAL,Closed,2025-04-10,PM02,Completed,2025-05-12,2025-05-12,2025-05-12,2025-05-12,2,WORK_COMPLETED,Corrective scope executed and checked.,Tightening,Tightening performed; post-work functional check within tolerance.,TRUE,4.79,1172.88,
N0000946,WO0000574,PLT-FL-DIG-DIS,M-DIG-DIS-01,2025-04-08,2,Operator Route,Digester - Operations,Sensory Route,Motor bearing vibration above baseline.,MOTOR_BEARING_VIBRATION,MOTOR_BEARING_VIBRATION,Electrical,,DIG-ELECTRICAL,Closed,2025-04-08,PM02,Completed,2025-05-10,2025-05-10,2025-05-10,2025-05-10,1,WORK_COMPLETED,Corrective scope executed and checked.,Bearing replacement,Bearing replacement performed; post-work functional check within tolerance.,TRUE,17.21,11101.69,
N0000947,WO0000575,PLT-FL-DIG-CIR,M-DIG-CIR-01,2025-04-10,2,Planned Inspection,Digester - Inspection,Planned Inspection,Oil condition test indicates degraded lubricant.,OIL_DEGRADATION,OIL_DEGRADATION,Lubrication,,DIG-LUBRICATION,Closed,2025-04-10,PM02,Completed,2025-04-15,2025-04-16,2025-04-15,2025-04-16,0,WORK_COMPLETED,Corrective scope executed and checked.,Lubrication,Lubrication performed; post-work functional check within tolerance.,TRUE,7.02,3942.94,
N0000948,WO0000576,PLT-RU-UTL-STM,PT-UTL-STM-01,2025-04-10,3,Operator Route,Utilities - Operations,Sensory Route,Pressure response delayed during process change.,IMPULSE_LINE_RESTRICTION,IMPULSE_LINE_RESTRICTION,Instrumentation,,UTL-INSTRUMENTATION,Closed,2025-04-11,PM02,Completed,2025-06-05,2025-06-05,2025-06-05,2025-06-05,1,WORK_COMPLETED,Corrective scope executed and checked.,Cleaning,Cleaning performed; post-work functional check within tolerance.,TRUE,3.25,861.98,
N0000949,WO0000577,PLT-RU-EVA-CIR,M-EVA-CIR-01,2025-04-11,3,Condition Monitoring,Evaporation - Condition Monitoring,Predictive Route,Localized heating at electrical connection.,TERMINAL_HEATING,TERMINAL_HEATING,Condition Monitoring,,EVA-CONDITION_MONITORING,Closed,2025-04-14,PM02,Completed,2025-05-22,2025-05-22,2025-05-22,2025-05-22,1,MONITOR_CONDITION,Condition recorded; continue observation without corrective work.,Inspection only,Inspected and recorded readings; no component correction performed.,TRUE,0.63,130.69,
N0000950,WO0000578,PLT-RU-EVA-VAC,M-EVA-VAC-01,2025-04-11,1,Breakdown / Corrective,Evaporation - Operations,,Insulation test trending below reference.,INSULATION_DEGRADATION,INSULATION_DEGRADATION,Electrical,,EVA-ELECTRICAL,Closed,2025-04-12,CM01,Cancelled,2025-04-14,2025-04-14,,,0,CANCELLED,Order cancelled after scope review; no execution recorded.,,,TRUE,0.61,156.31,
N0000951,WO0000579,PLT-RU-RB-BLF,M-RB-BLF-01,2025-04-11,2,Condition Monitoring,Recovery Boiler - Condition Monitoring,Predictive Route,Localized heating at electrical connection.,TERMINAL_HEATING,TERMINAL_HEATING,Electrical,,RB-ELECTRICAL,Closed,2025-04-15,PM02,Completed,2025-05-30,2025-06-01,2025-05-30,2025-06-01,2,WORK_COMPLETED,Corrective scope executed and checked.,Tightening,Tightening performed; post-work functional check within tolerance.,TRUE,5.29,1295.15,
N0000952,WO0000580,PLT-FL-DRY-PRS,ROLL-DRY-PRS-01,2025-04-11,3,Condition Monitoring,Drying - Condition Monitoring,Predictive Route,Mechanism travel is uneven with elevated resistance.,MECHANICAL_BINDING,MECHANICAL_BINDING,Mechanical,,DRY-MECHANICAL,Closed,2025-04-13,PM02,Completed,2025-07-28,2025-07-28,2025-07-28,2025-07-28,4,WORK_COMPLETED,Corrective scope executed and checked.,Adjustment,Adjustment performed; post-work functional check within tolerance.,TRUE,5.35,1914.02,
N0000953,,PLT-RU-RB-SBL,XV-RB-SBL-01,2025-04-11,3,Planned Inspection,Recovery Boiler - Inspection,Planned Inspection,Visible leakage at valve packing.,EXTERNAL_LEAKAGE,EXTERNAL_LEAKAGE,Valves,,RB-VALVES,Closed,,,,,,,,,MONITOR_CONDITION,Condition recorded; continue observation without corrective work.,Inspection only,Field inspection completed; no corrective maintenance performed.,TRUE,1.36,254.31,
N0000954,WO0000581,PLT-FL-BLE-STW,M-BLE-STW-01,2025-04-12,3,Maintenance Sensory Route,Bleaching - Maintenance Route A,Sensory Route,Localized heating at electrical connection.,TERMINAL_HEATING,TERMINAL_HEATING,Condition Monitoring,,BLE-CONDITION_MONITORING,Closed,2025-04-13,PM02,Completed,2025-06-02,2025-06-02,2025-06-02,2025-06-02,1,WORK_COMPLETED,Corrective scope executed and checked.,Tightening,Tightening performed; post-work functional check within tolerance.,TRUE,4.49,1099.30,
N0000955,WO0000582,PLT-RU-EVA-CON,M-EVA-CON-01,2025-04-12,3,Operator Route,Evaporation - Operations,Sensory Route,Motor temperature rising at normal load.,MOTOR_OVERHEATING,MOTOR_OVERHEATING,Electrical,,EVA-ELECTRICAL,Closed,2025-04-13,PM02,Completed,2025-06-03,2025-06-04,2025-06-03,2025-06-04,2,WORK_COMPLETED,Corrective scope executed and checked.,Cleaning,Cleaning performed; post-work functional check within tolerance.,TRUE,6.64,1958.64,
N0000956,WO0000583,PLT-FL-DRY-DRS,M-DRY-DRS-01,2025-04-14,1,Operator Report,Drying - Operations,,Oil sample shows elevated contamination.,OIL_CONTAMINATION,OIL_CONTAMINATION,Lubrication,,DRY-LUBRICATION,Closed,2025-04-18,CM01,Completed,2025-04-18,2025-04-19,2025-04-18,2025-04-19,0,WORK_COMPLETED,Corrective scope executed and checked.,Lubrication,Lubrication performed; post-work functional check within tolerance.,TRUE,7.33,3751.92,
N0000957,WO0000584,PLT-FL-BLE-CHM,P-BLE-CHM-01,2025-04-14,2,Operator Report,Bleaching - Operations,,Crackling noise and unstable suction pressure.,CAVITATION,CAVITATION,Condition Monitoring,Mechanical,BLE-MECHANICAL,Closed,2025-04-18,PM02,Completed,2025-06-02,2025-06-04,2025-06-02,2025-06-04,2,WORK_COMPLETED,Corrective scope executed and checked.,Cleaning,Cleaning performed; post-work functional check within tolerance.,TRUE,3.46,916.95,
N0000958,WO0000585,PLT-FL-BLE-CHM,M-BLE-CHM-01,2025-04-15,3,Condition Monitoring,Bleaching - Condition Monitoring,Predictive Route,Insulation test trending below reference.,INSULATION_DEGRADATION,INSULATION_DEGRADATION,Condition Monitoring,,BLE-CONDITION_MONITORING,Closed,2025-04-15,PM02,Completed,2025-08-05,2025-08-06,2025-08-05,2025-08-06,6,MONITOR_CONDITION,Condition recorded; continue observation without corrective work.,Inspection only,Inspected and recorded readings; no component correction performed.,TRUE,1.95,322.46,
N0000959,,PLT-RU-RB-SBL,SBL-RB-SBL-01,2025-04-15,3,Maintenance Sensory Route,Recovery Boiler - Maintenance Route A,Sensory Route,Mechanism travel is uneven with elevated resistance.,MECHANICAL_BINDING,MECHANICAL_BINDING,Instrumentation,,RB-INSTRUMENTATION,Closed,,,,,,,,,MONITOR_CONDITION,Condition recorded; continue observation without corrective work.,Inspection only,Field inspection completed; no corrective maintenance performed.,TRUE,1.20,235.28,
N0000960,WO0000586,PLT-FL-WSH-SCR,DPIT-WSH-SCR-01,2025-04-17,2,Operator Route,Washing & Screening - Operations,Sensory Route,Intermittent signal dropout at stable process conditions.,INTERMITTENT_SIGNAL,INTERMITTENT_SIGNAL,Instrumentation,,WSH-INSTRUMENTATION,Closed,2025-04-22,PM02,Completed,2025-04-26,2025-04-28,2025-04-26,2025-04-28,0,WORK_COMPLETED,Corrective scope executed and checked.,Instrument replacement,Instrument replacement performed; post-work functional check within tolerance.,TRUE,5.35,4345.64,
N0000961,WO0000587,PLT-RU-RB-AIR,DV-RB-AIR-01,2025-04-17,2,Operator Report,Recovery Boiler - Operations,,Process differential pressure above normal operating range.,PROCESS_RESTRICTION,PROCESS_RESTRICTION,Mechanical,,RB-MECHANICAL,Closed,2025-04-18,PM02,Cancelled,2025-04-24,2025-04-24,,,0,CANCELLED,Order cancelled after scope review; no execution recorded.,,,TRUE,1.40,250.99,
N0000962,WO0000588,PLT-FL-BLE-CHM,M-BLE-CHM-01,2025-04-17,1,Breakdown / Corrective,Bleaching - Operations,,Motor bearing vibration above baseline.,MOTOR_BEARING_VIBRATION,MOTOR_BEARING_VIBRATION,Condition Monitoring,,BLE-CONDITION_MONITORING,Closed,2025-04-21,CM01,Completed,2025-04-22,2025-04-23,2025-04-22,2025-04-23,0,WORK_COMPLETED,Corrective scope executed and checked.,Bearing replacement,Bearing replacement performed; post-work functional check within tolerance.,TRUE,9.34,6026.99,
N0000963,WO0000589,PLT-FL-DIG-CHP,M-DIG-CHP-01,2025-04-18,1,Breakdown / Corrective,Digester - Operations,,Insulation test trending below reference.,INSULATION_DEGRADATION,INSULATION_DEGRADATION,Electrical,,DIG-ELECTRICAL,Closed,2025-04-19,CM01,Completed,2025-05-14,2025-05-14,2025-05-14,2025-05-14,2,MONITOR_CONDITION,Condition recorded; continue observation without corrective work.,Inspection only,Inspected and recorded readings; no component correction performed.,TRUE,1.81,348.76,
N0000964,WO0000590,PLT-RU-EVA-VAC,VAC-EVA-VAC-01,2025-04-19,3,Maintenance Sensory Route,Evaporation - Maintenance Route A,Sensory Route,Mechanism travel is uneven with elevated resistance.,MECHANICAL_BINDING,MECHANICAL_BINDING,Mechanical,,EVA-MECHANICAL,Closed,2025-04-19,PM02,Completed,2025-05-09,2025-05-10,2025-05-09,2025-05-10,0,WORK_COMPLETED,Corrective scope executed and checked.,Adjustment,Adjustment performed; post-work functional check within tolerance.,TRUE,7.21,2578.09,
N0000965,WO0000591,PLT-RU-CAU-REA,M-CAU-REA-01,2025-04-24,2,Condition Monitoring,Causticizing - Condition Monitoring,Predictive Route,Motor bearing vibration above baseline.,MOTOR_BEARING_VIBRATION,MOTOR_BEARING_VIBRATION,Electrical,,CAU-ELECTRICAL,Closed,2025-04-26,PM02,Completed,2025-05-04,2025-05-04,2025-05-04,2025-05-04,0,WORK_COMPLETED,Corrective scope executed and checked.,Bearing replacement,Bearing replacement performed; post-work functional check within tolerance.,TRUE,14.97,9654.28,
N0000966,WO0000592,PLT-RU-LIM-LMF,P-LIM-LMF-01,2025-04-24,3,Operator Route,Lime Kiln - Operations,Sensory Route,Leakage at shaft seal.,SEAL_LEAKAGE,SEAL_LEAKAGE,Mechanical,,LIM-MECHANICAL,Closed,2025-04-29,PM02,Completed,2025-06-12,2025-06-13,2025-06-12,2025-06-13,0,WORK_COMPLETED,Corrective scope executed and checked.,Seal replacement,Seal replacement performed; post-work functional check within tolerance.,TRUE,11.24,8373.66,
N0000967,,PLT-RU-LIM-BRN,BRN-LIM-BRN-01,2025-04-25,3,Process Alarm,Lime Kiln - Control Room,Process / Control Monitoring,Intermittent signal dropout at stable process conditions.,INTERMITTENT_SIGNAL,INTERMITTENT_SIGNAL,Automation,,LIM-AUTOMATION,Closed,,,,,,,,,OPERATING_CONDITION,Observed response is within the current operating envelope.,Inspection only,Field inspection completed; no corrective maintenance performed.,FALSE,0.75,150.58,
N0000968,,PLT-RU-CAU-LMH,FV-CAU-LMH-01,2025-04-26,3,Planned Inspection,Causticizing - Inspection,Planned Inspection,Actuator supply pressure decays while held.,ACTUATOR_LEAKAGE,ACTUATOR_LEAKAGE,Instrumentation,,CAU-INSTRUMENTATION,Closed,,,,,,,,,NO_ACTION_REQUIRED,Notification dispositioned without corrective scope.,Inspection only,Field inspection completed; no corrective maintenance performed.,TRUE,1.39,283.19,
N0000969,WO0000593,PLT-FL-DIG-BLC,PSHH-DIG-BLC-01,2025-04-26,1,Operator Report,Digester - Operations,,Control sequence response differs from approved logic.,CONTROL_SEQUENCE_DEVIATION,CONTROL_SEQUENCE_DEVIATION,Automation,Instrumentation,DIG-INSTRUMENTATION,Closed,2025-04-29,CM01,Completed,2025-05-01,2025-05-01,2025-05-01,2025-05-01,0,WORK_COMPLETED,Corrective scope executed and checked.,Control logic correction,Control logic correction performed; post-work functional check within tolerance.,TRUE,8.90,2626.22,
N0000970,WO0000594,PLT-FL-DRY-HYD,PT-DRY-HYD-01,2025-04-27,3,Process Alarm,Drying - Control Room,Process / Control Monitoring,Intermittent signal dropout at stable process conditions.,INTERMITTENT_SIGNAL,INTERMITTENT_SIGNAL,Instrumentation,,DRY-INSTRUMENTATION,Closed,2025-04-27,PM02,Completed,2025-07-12,2025-07-14,2025-07-12,2025-07-14,3,WORK_COMPLETED,Corrective scope executed and checked.,Instrument replacement,Instrument replacement performed; post-work functional check within tolerance.,TRUE,8.89,7212.51,
N0000971,,PLT-RU-UTL-AIR,PT-UTL-AIR-01,2025-04-27,3,Operator Route,Utilities - Operations,Sensory Route,Measured output outside calibration tolerance.,CALIBRATION_DEVIATION,CALIBRATION_DEVIATION,Instrumentation,,UTL-INSTRUMENTATION,Closed,,,,,,,,,MONITOR_CONDITION,Condition recorded; continue observation without corrective work.,Inspection only,Field inspection completed; no corrective maintenance performed.,TRUE,1.71,342.18,
N0000972,,PLT-FL-WSH-KNR,XV-WSH-KNR-01,2025-04-27,3,Operator Report,Washing & Screening - Operations,,Visible leakage at valve packing.,EXTERNAL_LEAKAGE,EXTERNAL_LEAKAGE,Valves,,WSH-VALVES,Closed,,,,,,,,,MONITOR_CONDITION,Condition recorded; continue observation without corrective work.,Inspection only,Field inspection completed; no corrective maintenance performed.,TRUE,1.63,334.55,
N0000973,,PLT-RU-EVA-BLF,FT-EVA-BLF-01,2025-04-28,3,Planned Inspection,Evaporation - Inspection,Planned Inspection,Control sequence response differs from approved logic.,CONTROL_SEQUENCE_DEVIATION,CONTROL_SEQUENCE_DEVIATION,Automation,,EVA-AUTOMATION,Closed,,,,,,,,,NO_ACTION_REQUIRED,Notification dispositioned without corrective scope.,Inspection only,Field inspection completed; no corrective maintenance performed.,FALSE,0.33,138.15,
N0000974,,PLT-RU-EVA-CIR,PV-EVA-CIR-01,2025-04-28,2,Planned Inspection,Evaporation - Inspection,Planned Inspection,Visible leakage at valve packing.,EXTERNAL_LEAKAGE,EXTERNAL_LEAKAGE,Valves,Instrumentation,EVA-INSTRUMENTATION,Closed,,,,,,,,,NO_ACTION_REQUIRED,Notification dispositioned without corrective scope.,Inspection only,Field inspection completed; no corrective maintenance performed.,TRUE,0.42,108.10,
N0000975,WO0000595,PLT-RU-LIM-IDF,DV-LIM-IDF-01,2025-04-29,1,Operator Route,Lime Kiln - Operations,Sensory Route,Mechanism travel is uneven with elevated resistance.,MECHANICAL_BINDING,MECHANICAL_BINDING,Mechanical,,LIM-MECHANICAL,Closed,2025-05-03,CM01,Completed,2025-05-04,2025-05-05,2025-05-04,2025-05-05,0,WORK_COMPLETED,Corrective scope executed and checked.,Adjustment,Adjustment performed; post-work functional check within tolerance.,TRUE,9.46,3383.22,
N0000976,WO0000596,PLT-RU-UTL-PWT,P-UTL-PWT-01,2025-04-29,3,Planned Inspection,Utilities - Inspection,Planned Inspection,Bearing temperature trending above baseline.,BEARING_TEMPERATURE,BEARING_TEMPERATURE,Mechanical,,UTL-MECHANICAL,Closed,2025-04-29,PM02,Completed,2025-05-30,2025-06-01,2025-05-30,2025-06-01,1,WORK_COMPLETED,Corrective scope executed and checked.,Bearing replacement,Bearing replacement performed; post-work functional check within tolerance.,TRUE,15.74,11273.70,
N0000977,WO0000597,PLT-FL-DRY-DRS,TT-DRY-DRS-01,2025-04-29,2,Operator Route,Drying - Operations,Sensory Route,Intermittent signal dropout at stable process conditions.,INTERMITTENT_SIGNAL,INTERMITTENT_SIGNAL,Instrumentation,,DRY-INSTRUMENTATION,Closed,2025-05-04,PM02,Completed,2025-06-18,2025-06-19,2025-06-18,2025-06-19,5,MONITOR_CONDITION,Condition recorded; continue observation without corrective work.,Inspection only,Inspected and recorded readings; no component correction performed.,TRUE,0.77,162.86,
N0000978,WO0000598,PLT-RU-UTL-AIR,M-UTL-AIR-01,2025-04-30,3,Operator Report,Utilities - Operations,,Oil condition test indicates degraded lubricant.,OIL_DEGRADATION,OIL_DEGRADATION,Lubrication,,UTL-LUBRICATION,Closed,2025-05-05,PM02,Completed,2025-05-30,2025-05-31,2025-05-30,2025-05-31,1,WORK_COMPLETED,Corrective scope executed and checked.,Lubrication,Lubrication performed; post-work functional check within tolerance.,TRUE,5.95,3342.99,
N0000979,,PLT-RU-UTL-STM,PV-UTL-STM-01,2025-04-30,2,Maintenance Sensory Route,Utilities - Maintenance Route A,Sensory Route,Valve feedback differs from demanded position.,POSITIONER_DEVIATION,POSITIONER_DEVIATION,Instrumentation,,UTL-INSTRUMENTATION,Closed,,,,,,,,,NO_ACTION_REQUIRED,Notification dispositioned without corrective scope.,Inspection only,Field inspection completed; no corrective maintenance performed.,FALSE,0.91,208.76,
N0000980,,PLT-FL-DRY-PMF,FT-DRY-PMF-01,2025-05-01,3,Operator Report,Drying - Operations,,Indicated value drifts from independent reference.,SIGNAL_DRIFT,SIGNAL_DRIFT,Instrumentation,,DRY-INSTRUMENTATION,Closed,,,,,,,,,NO_ACTION_REQUIRED,Notification dispositioned without corrective scope.,Inspection only,Field inspection completed; no corrective maintenance performed.,TRUE,1.55,316.26,
N0000981,WO0000599,PLT-FL-DIG-DIS,P-DIG-DIS-01,2025-05-03,3,Condition Monitoring,Digester - Condition Monitoring,Predictive Route,Elevated vibration at pump bearing housing.,PUMP_BEARING_VIBRATION,PUMP_BEARING_VIBRATION,Mechanical,,DIG-MECHANICAL,Closed,2025-05-05,PM02,Completed,2025-05-30,2025-06-01,2025-05-30,2025-06-01,0,WORK_COMPLETED,Corrective scope executed and checked.,Bearing replacement,Bearing replacement performed; post-work functional check within tolerance.,TRUE,20.81,14724.07,
N0000982,,PLT-FL-DIG-BLC,XV-DIG-BLC-01,2025-05-03,1,Maintenance Sensory Route,Digester - Maintenance Route A,Sensory Route,Visible leakage at valve packing.,EXTERNAL_LEAKAGE,EXTERNAL_LEAKAGE,Valves,Instrumentation,DIG-INSTRUMENTATION,Closed,,,,,,,,,NO_ACTION_REQUIRED,Notification dispositioned without corrective scope.,Inspection only,Field inspection completed; no corrective maintenance performed.,TRUE,1.32,229.72,
N0000983,,PLT-FL-WSH-SCR,P-WSH-SCR-01,2025-05-04,3,Condition Monitoring,Washing & Screening - Condition Monitoring,Predictive Route,Crackling noise and unstable suction pressure.,CAVITATION,CAVITATION,Mechanical,,WSH-MECHANICAL,Closed,,,,,,,,,MONITOR_CONDITION,Condition recorded; continue observation without corrective work.,Inspection only,Field inspection completed; no corrective maintenance performed.,TRUE,1.44,282.59,
N0000984,,PLT-RU-LIM-DRV,DRV-LIM-DRV-01,2025-05-06,3,Maintenance Sensory Route,Lime Kiln - Maintenance Route A,Sensory Route,Rotating assembly shows dominant once-per-revolution vibration.,IMBALANCE,IMBALANCE,Mechanical,,LIM-MECHANICAL,Closed,,,,,,,,,OPERATING_CONDITION,Observed response is within the current operating envelope.,Inspection only,Field inspection completed; no corrective maintenance performed.,FALSE,0.99,198.71,
N0000985,,PLT-RU-RB-FWS,FV-RB-FWS-01,2025-05-06,3,Planned Inspection,Recovery Boiler - Inspection,Planned Inspection,Valve travel sticks during small command changes.,VALVE_STICTION,VALVE_STICTION,Valves,,RB-VALVES,Closed,,,,,,,,,MONITOR_CONDITION,Condition recorded; continue observation without corrective work.,Inspection only,Field inspection completed; no corrective maintenance performed.,TRUE,1.61,300.72,
N0000986,WO0000600,PLT-RU-CAU-GLC,M-CAU-GLC-01,2025-05-06,3,Condition Monitoring,Causticizing - Condition Monitoring,Predictive Route,Localized heating at electrical connection.,TERMINAL_HEATING,TERMINAL_HEATING,Electrical,,CAU-ELECTRICAL,Closed,2025-05-07,PM02,Completed,2025-06-19,2025-06-19,2025-06-19,2025-06-19,3,WORK_COMPLETED,Corrective scope executed and checked.,Tightening,Tightening performed; post-work functional check within tolerance.,TRUE,2.84,696.05,
N0000987,WO0000601,PLT-FL-DIG-DIS,M-DIG-DIS-01,2025-05-06,3,Condition Monitoring,Digester - Condition Monitoring,Predictive Route,Localized heating at electrical connection.,TERMINAL_HEATING,TERMINAL_HEATING,Electrical,,DIG-ELECTRICAL,Closed,2025-05-09,PM02,Completed,2025-06-08,2025-06-09,2025-06-08,2025-06-09,1,WORK_COMPLETED,Corrective scope executed and checked.,Tightening,Tightening performed; post-work functional check within tolerance.,TRUE,4.27,1045.03,
N0000988,WO0000602,PLT-FL-WSH-BSW,P-WSH-BSW-01,2025-05-07,2,Operator Route,Washing & Screening - Operations,Sensory Route,Elevated vibration at pump bearing housing.,PUMP_BEARING_VIBRATION,PUMP_BEARING_VIBRATION,Mechanical,,WSH-MECHANICAL,Closed,2025-05-12,PM02,Completed,2025-05-28,2025-05-29,2025-05-28,2025-05-29,0,WORK_COMPLETED,Corrective scope executed and checked.,Bearing replacement,Bearing replacement performed; post-work functional check within tolerance.,TRUE,22.26,15748.58,
N0000989,,PLT-RU-RB-STM,TT-RB-STM-01,2025-05-08,1,Breakdown / Corrective,Recovery Boiler - Operations,,Intermittent signal dropout at stable process conditions.,INTERMITTENT_SIGNAL,INTERMITTENT_SIGNAL,Instrumentation,,RB-INSTRUMENTATION,Closed,,,,,,,,,NO_ACTION_REQUIRED,Notification dispositioned without corrective scope.,Inspection only,Field inspection completed; no corrective maintenance performed.,TRUE,0.62,174.91,
N0000990,,PLT-RU-LIM-LMF,FV-LIM-LMF-01,2025-05-10,3,Operator Report,Lime Kiln - Operations,,Valve feedback differs from demanded position.,POSITIONER_DEVIATION,POSITIONER_DEVIATION,Valves,,LIM-VALVES,Closed,,,,,,,,,NO_ACTION_REQUIRED,Notification dispositioned without corrective scope.,Inspection only,Field inspection completed; no corrective maintenance performed.,TRUE,1.29,218.88,
N0000991,WO0000603,PLT-RU-LIM-LMF,P-LIM-LMF-01,2025-05-10,3,Condition Monitoring,Lime Kiln - Condition Monitoring,Predictive Route,Bearing temperature trending above baseline.,BEARING_TEMPERATURE,BEARING_TEMPERATURE,Mechanical,Lubrication,LIM-LUBRICATION,Closed,2025-05-14,PM02,Completed,2025-06-07,2025-06-07,2025-06-07,2025-06-07,1,WORK_COMPLETED,Corrective scope executed and checked.,Bearing replacement,Bearing replacement performed; post-work functional check within tolerance.,TRUE,10.10,7232.93,
N0000992,WO0000604,PLT-FL-WSH-BSW,P-WSH-BSW-01,2025-05-10,3,Condition Monitoring,Washing & Screening - Condition Monitoring,Predictive Route,Lubricant level below normal mark.,LOW_LUBE_LEVEL,LOW_LUBE_LEVEL,Lubrication,,WSH-LUBRICATION,Closed,2025-05-10,PM02,Completed,2025-07-01,2025-07-01,2025-07-01,2025-07-01,4,WORK_COMPLETED,Corrective scope executed and checked.,Lubrication,Lubrication performed; post-work functional check within tolerance.,TRUE,2.90,1437.53,
N0000993,WO0000605,PLT-RU-CAU-LMH,LT-CAU-LMH-01,2025-05-13,3,Operator Route,Causticizing - Operations,Sensory Route,Indicated value drifts from independent reference.,SIGNAL_DRIFT,SIGNAL_DRIFT,Instrumentation,,CAU-INSTRUMENTATION,Closed,2025-05-18,PM02,Completed,2025-05-30,2025-05-31,2025-05-30,2025-05-31,0,WORK_COMPLETED,Corrective scope executed and checked.,Calibration,Calibration performed; post-work functional check within tolerance.,TRUE,4.61,1360.18,
N0000994,WO0000606,PLT-RU-LIM-IDF,M-LIM-IDF-01,2025-05-13,3,Condition Monitoring,Lime Kiln - Condition Monitoring,Predictive Route,Insulation test trending below reference.,INSULATION_DEGRADATION,INSULATION_DEGRADATION,Electrical,,LIM-ELECTRICAL,Closed,2025-05-16,PM02,Cancelled,2025-06-29,2025-07-01,,,0,CANCELLED,Order cancelled after scope review; no execution recorded.,,,TRUE,0.31,93.04,
N0000995,,PLT-FL-WSH-KNR,XV-WSH-KNR-01,2025-05-13,2,Planned Inspection,Washing & Screening - Inspection,Planned Inspection,Valve travel sticks during small command changes.,VALVE_STICTION,VALVE_STICTION,Valves,,WSH-VALVES,Closed,,,,,,,,,MONITOR_CONDITION,Condition recorded; continue observation without corrective work.,Inspection only,Field inspection completed; no corrective maintenance performed.,TRUE,1.19,256.91,
N0000996,WO0000607,PLT-FL-DRY-HYD,M-DRY-HYD-01,2025-05-14,3,Process Alarm,Drying - Control Room,Process / Control Monitoring,Localized heating at electrical connection.,TERMINAL_HEATING,TERMINAL_HEATING,Electrical,,DRY-ELECTRICAL,Closed,2025-05-15,PM02,Completed,2025-06-04,2025-06-04,2025-06-04,2025-06-04,0,WORK_COMPLETED,Corrective scope executed and checked.,Tightening,Tightening performed; post-work functional check within tolerance.,TRUE,5.93,1452.93,
N0000997,WO0000608,PLT-RU-CAU-REA,AG-CAU-REA-01,2025-05-15,1,Breakdown / Corrective,Causticizing - Operations,,Mechanism travel is uneven with elevated resistance.,MECHANICAL_BINDING,MECHANICAL_BINDING,Mechanical,,CAU-MECHANICAL,Closed,2025-05-15,CM01,Completed,2025-05-17,2025-05-18,2025-05-17,2025-05-18,0,WORK_COMPLETED,Corrective scope executed and checked.,Adjustment,Adjustment performed; post-work functional check within tolerance.,TRUE,10.54,3767.29,
N0000998,WO0000609,PLT-RU-RB-AIR,FT-RB-AIR-01,2025-05-16,1,Operator Route,Recovery Boiler - Operations,Sensory Route,Intermittent signal dropout at stable process conditions.,INTERMITTENT_SIGNAL,INTERMITTENT_SIGNAL,Instrumentation,,RB-INSTRUMENTATION,Closed,2025-05-20,CM01,Completed,2025-05-21,2025-05-21,2025-05-21,2025-05-21,0,WORK_COMPLETED,Corrective scope executed and checked.,Instrument replacement,Instrument replacement performed; post-work functional check within tolerance.,TRUE,5.91,4799.57,
N0000999,WO0000610,PLT-RU-RB-AIR,M-RB-AIR-01,2025-05-16,3,Planned Inspection,Recovery Boiler - Inspection,Planned Inspection,Motor temperature rising at normal load.,MOTOR_OVERHEATING,MOTOR_OVERHEATING,Electrical,,RB-ELECTRICAL,Closed,2025-05-21,PM02,Completed,2025-06-11,2025-06-13,2025-06-11,2025-06-13,0,WORK_COMPLETED,Corrective scope executed and checked.,Cleaning,Cleaning performed; post-work functional check within tolerance.,TRUE,5.83,1718.69,
N0001000,,PLT-FL-DIG-CIR,TT-DIG-CIR-01,2025-05-17,2,Operator Report,Digester - Operations,,Indicated value drifts from independent reference.,SIGNAL_DRIFT,SIGNAL_DRIFT,Instrumentation,,DIG-INSTRUMENTATION,Closed,,,,,,,,,MONITOR_CONDITION,Condition recorded; continue observation without corrective work.,Inspection only,Field inspection completed; no corrective maintenance performed.,TRUE,0.99,206.43,
N0001001,WO0000611,PLT-RU-CAU-REA,AG-CAU-REA-01,2025-05-19,2,Operator Report,Causticizing - Operations,,Oil condition test indicates degraded lubricant.,OIL_DEGRADATION,OIL_DEGRADATION,Lubrication,,CAU-LUBRICATION,Closed,2025-05-24,PM02,Completed,2025-06-05,2025-06-07,2025-06-05,2025-06-07,0,WORK_COMPLETED,Corrective scope executed and checked.,Lubrication,Lubrication performed; post-work functional check within tolerance.,TRUE,7.29,4092.27,
N0001002,,PLT-RU-RB-FWS,FV-RB-FWS-01,2025-05-19,3,Operator Route,Recovery Boiler - Operations,Sensory Route,Visible leakage at valve packing.,EXTERNAL_LEAKAGE,EXTERNAL_LEAKAGE,Valves,,RB-VALVES,Closed,,,,,,,,,MONITOR_CONDITION,Condition recorded; continue observation without corrective work.,Inspection only,Field inspection completed; no corrective maintenance performed.,TRUE,1.14,265.36,
N0001003,WO0000612,PLT-FL-DRY-PRS,HY-DRY-PRS-01,2025-05-19,2,Planned Inspection,Drying - Inspection,Planned Inspection,Hydraulic pressure decays with no external leak.,HYD_INTERNAL_LEAKAGE,HYD_INTERNAL_LEAKAGE,Mechanical,,DRY-MECHANICAL,Closed,2025-05-20,PM02,Completed,2025-05-26,2025-05-26,2025-05-26,2025-05-26,0,WORK_COMPLETED,Corrective scope executed and checked.,Seal replacement,Seal replacement performed; post-work functional check within tolerance.,TRUE,15.52,8716.36,
N0001004,,PLT-RU-EVA-CIR,P-EVA-CIR-01,2025-05-20,2,Operator Route,Evaporation - Operations,Sensory Route,Elevated vibration at pump bearing housing.,PUMP_BEARING_VIBRATION,PUMP_BEARING_VIBRATION,Mechanical,,EVA-MECHANICAL,Closed,,,,,,,,,NO_ACTION_REQUIRED,Notification dispositioned without corrective scope.,Inspection only,Field inspection completed; no corrective maintenance performed.,TRUE,0.65,187.04,
N0001005,WO0000613,PLT-FL-DRY-DRS,TT-DRY-DRS-01,2025-05-20,3,Operator Route,Drying - Operations,Sensory Route,Measured output outside calibration tolerance.,CALIBRATION_DEVIATION,CALIBRATION_DEVIATION,Instrumentation,Automation,DRY-AUTOMATION,Closed,2025-05-23,PM02,Completed,2025-06-07,2025-06-09,2025-06-07,2025-06-09,0,WORK_COMPLETED,Corrective scope executed and checked.,Calibration,Calibration performed; post-work functional check within tolerance.,TRUE,5.50,1622.17,
N0001006,,PLT-RU-EVA-CON,M-EVA-CON-01,2025-05-22,3,Maintenance Sensory Route,Evaporation - Maintenance Route A,Sensory Route,Insulation test trending below reference.,INSULATION_DEGRADATION,INSULATION_DEGRADATION,Condition Monitoring,,EVA-CONDITION_MONITORING,Closed,,,,,,,,,NO_ACTION_REQUIRED,Notification dispositioned without corrective scope.,Inspection only,Field inspection completed; no corrective maintenance performed.,TRUE,0.76,150.75,
N0001007,,PLT-RU-CAU-GLC,LT-CAU-GLC-01,2025-05-24,3,Operator Route,Causticizing - Operations,Sensory Route,Intermittent signal dropout at stable process conditions.,INTERMITTENT_SIGNAL,INTERMITTENT_SIGNAL,Instrumentation,Automation,CAU-AUTOMATION,Closed,,,,,,,,,NO_ACTION_REQUIRED,Notification dispositioned without corrective scope.,Inspection only,Field inspection completed; no corrective maintenance performed.,TRUE,0.35,96.54,
N0001008,WO0000614,PLT-RU-RB-FWS,FV-RB-FWS-01,2025-05-26,2,Maintenance Sensory Route,Recovery Boiler - Maintenance Route A,Sensory Route,Actuator supply pressure decays while held.,ACTUATOR_LEAKAGE,ACTUATOR_LEAKAGE,Valves,,RB-VALVES,Closed,2025-05-29,PM02,Completed,2025-06-14,2025-06-14,2025-06-14,2025-06-14,0,MONITOR_CONDITION,Condition recorded; continue observation without corrective work.,Inspection only,Inspected and recorded readings; no component correction performed.,TRUE,0.79,204.12,
N0001009,WO0000615,PLT-FL-DIG-BLC,PV-DIG-BLC-01,2025-05-27,2,Planned Inspection,Digester - Inspection,Planned Inspection,Actuator supply pressure decays while held.,ACTUATOR_LEAKAGE,ACTUATOR_LEAKAGE,Valves,,DIG-VALVES,Closed,2025-06-01,PM02,Completed,2025-06-08,2025-06-10,2025-06-08,2025-06-10,0,WORK_COMPLETED,Corrective scope executed and checked.,Seal replacement,Seal replacement performed; post-work functional check within tolerance.,TRUE,5.22,3041.41,
N0001010,WO0000616,PLT-RU-EVA-BLF,FV-EVA-BLF-01,2025-05-28,3,Process Alarm,Evaporation - Control Room,Process / Control Monitoring,Valve feedback differs from demanded position.,POSITIONER_DEVIATION,POSITIONER_DEVIATION,Valves,Instrumentation,EVA-INSTRUMENTATION,Closed,2025-05-28,PM02,Completed,2025-07-09,2025-07-11,2025-07-09,2025-07-11,0,WORK_COMPLETED,Corrective scope executed and checked.,Calibration,Calibration performed; post-work functional check within tolerance.,TRUE,5.09,1629.80,
N0001011,WO0000617,PLT-RU-CAU-SLK,M-CAU-SLK-01,2025-05-29,3,Operator Route,Causticizing - Operations,Sensory Route,Motor temperature rising at normal load.,MOTOR_OVERHEATING,MOTOR_OVERHEATING,Electrical,,CAU-ELECTRICAL,Closed,2025-06-01,PM02,Completed,2025-06-28,2025-06-28,2025-06-28,2025-06-28,0,WORK_COMPLETED,Corrective scope executed and checked.,Cleaning,Cleaning performed; post-work functional check within tolerance.,TRUE,6.57,1939.20,
N0001012,WO0000618,PLT-RU-RB-AIR,M-RB-AIR-01,2025-05-29,3,Operator Route,Recovery Boiler - Operations,Sensory Route,Motor bearing vibration above baseline.,MOTOR_BEARING_VIBRATION,MOTOR_BEARING_VIBRATION,Condition Monitoring,,RB-CONDITION_MONITORING,Closed,2025-05-30,PM02,Completed,2025-06-29,2025-06-30,2025-06-29,2025-06-30,2,WORK_COMPLETED,Corrective scope executed and checked.,Bearing replacement,Bearing replacement performed; post-work functional check within tolerance.,TRUE,13.27,8558.55,
N0001013,WO0000619,PLT-FL-DRY-DRS,TT-DRY-DRS-01,2025-05-29,3,Process Alarm,Drying - Control Room,Process / Control Monitoring,Indicated value drifts from independent reference.,SIGNAL_DRIFT,SIGNAL_DRIFT,Instrumentation,,DRY-INSTRUMENTATION,Closed,2025-05-30,PM02,Completed,2025-07-21,2025-07-21,2025-07-21,2025-07-21,2,WORK_COMPLETED,Corrective scope executed and checked.,Calibration,Calibration performed; post-work functional check within tolerance.,TRUE,3.16,931.56,
N0001014,,PLT-FL-DRY-SHT,M-DRY-SHT-01,2025-05-30,3,Operator Route,Drying - Operations,Sensory Route,Localized heating at electrical connection.,TERMINAL_HEATING,TERMINAL_HEATING,Condition Monitoring,,DRY-CONDITION_MONITORING,Closed,,,,,,,,,NO_ACTION_REQUIRED,Notification dispositioned without corrective scope.,Inspection only,Field inspection completed; no corrective maintenance performed.,TRUE,1.90,318.73,
N0001015,WO0000620,PLT-RU-EVA-VAC,M-EVA-VAC-01,2025-05-30,3,Condition Monitoring,Evaporation - Condition Monitoring,Predictive Route,Insulation test trending below reference.,INSULATION_DEGRADATION,INSULATION_DEGRADATION,Electrical,,EVA-ELECTRICAL,Closed,2025-05-31,PM02,Completed,2025-07-05,2025-07-06,2025-07-05,2025-07-06,1,MONITOR_CONDITION,Condition recorded; continue observation without corrective work.,Inspection only,Inspected and recorded readings; no component correction performed.,TRUE,1.26,270.86,
N0001016,WO0000621,PLT-RU-RB-BLF,P-RB-BLF-01,2025-05-30,1,Operator Report,Recovery Boiler - Operations,,Oil sample shows elevated contamination.,OIL_CONTAMINATION,OIL_CONTAMINATION,Lubrication,,RB-LUBRICATION,Closed,2025-06-01,CM01,Cancelled,2025-06-02,2025-06-04,,,0,CANCELLED,Order cancelled after scope review; no execution recorded.,,,TRUE,0.71,169.30,
N0001017,WO0000622,PLT-FL-DRY-FOR,DRV-DRY-FOR-01,2025-05-31,3,Maintenance Sensory Route,Drying - Maintenance Route A,Sensory Route,Rotating assembly shows dominant once-per-revolution vibration.,IMBALANCE,IMBALANCE,Mechanical,Electrical,DRY-ELECTRICAL,Closed,2025-06-05,PM02,Completed,2025-07-31,2025-08-02,2025-07-31,2025-08-02,3,WORK_COMPLETED,Corrective scope executed and checked.,Adjustment,Adjustment performed; post-work functional check within tolerance.,TRUE,9.33,4616.45,
N0001018,WO0000623,PLT-RU-RB-BLF,M-RB-BLF-01,2025-05-31,3,Operator Route,Recovery Boiler - Operations,Sensory Route,Insulation test trending below reference.,INSULATION_DEGRADATION,INSULATION_DEGRADATION,Condition Monitoring,,RB-CONDITION_MONITORING,Closed,2025-06-01,PM02,Completed,2025-07-09,2025-07-10,2025-07-09,2025-07-10,0,WORK_COMPLETED,Corrective scope executed and checked.,Component replacement,Component replacement performed; post-work functional check within tolerance.,TRUE,29.18,28106.52,
N0001019,WO0000624,PLT-RU-UTL-ELD,MCC-UTL-ELD-01,2025-06-01,3,Planned Inspection,Utilities - Inspection,Planned Inspection,Intermittent signal dropout at stable process conditions.,INTERMITTENT_SIGNAL,INTERMITTENT_SIGNAL,Automation,,UTL-AUTOMATION,Closed,2025-06-05,PM02,Completed,2025-06-19,2025-06-20,2025-06-19,2025-06-20,0,NO_DEFECT_FOUND,Inspection could not confirm the reported abnormality.,Inspection only,Inspected and recorded readings; no component correction performed.,FALSE,0.40,139.94,
N0001020,WO0000625,PLT-RU-CAU-LMH,P-CAU-LMH-01,2025-06-01,3,Operator Route,Causticizing - Operations,Sensory Route,Elevated vibration at pump bearing housing.,PUMP_BEARING_VIBRATION,PUMP_BEARING_VIBRATION,Condition Monitoring,,CAU-CONDITION_MONITORING,Closed,2025-06-04,PM02,Completed,2025-07-05,2025-07-05,2025-07-05,2025-07-05,1,WORK_COMPLETED,Corrective scope executed and checked.,Bearing replacement,Bearing replacement performed; post-work functional check within tolerance.,TRUE,23.55,16664.29,
N0001021,WO0000626,PLT-RU-CAU-WLC,P-CAU-WLC-01,2025-06-01,3,Process Alarm,Causticizing - Control Room,Process / Control Monitoring,Leakage at shaft seal.,SEAL_LEAKAGE,SEAL_LEAKAGE,Mechanical,,CAU-MECHANICAL,Closed,2025-06-05,PM02,Completed,2025-06-26,2025-06-27,2025-06-26,2025-06-27,0,WORK_COMPLETED,Corrective scope executed and checked.,Seal replacement,Seal replacement performed; post-work functional check within tolerance.,TRUE,7.10,5290.99,
N0001022,WO0000627,PLT-RU-UTL-ELD,TR-UTL-ELD-01,2025-06-01,3,Operator Route,Utilities - Operations,Sensory Route,Insulation test trending below reference.,INSULATION_DEGRADATION,INSULATION_DEGRADATION,Electrical,,UTL-ELECTRICAL,Closed,2025-06-02,PM02,Completed,2025-07-05,2025-07-05,2025-07-05,2025-07-05,1,WORK_COMPLETED,Corrective scope executed and checked.,Component replacement,Component replacement performed; post-work functional check within tolerance.,TRUE,19.32,18604.19,
N0001023,WO0000628,PLT-RU-RB-SMT,AG-RB-SMT-01,2025-06-02,2,Maintenance Sensory Route,Recovery Boiler - Maintenance Route A,Sensory Route,Rotating assembly shows dominant once-per-revolution vibration.,IMBALANCE,IMBALANCE,Mechanical,,RB-MECHANICAL,Closed,2025-06-03,PM02,Completed,2025-06-15,2025-06-15,2025-06-15,2025-06-15,0,WORK_COMPLETED,Corrective scope executed and checked.,Adjustment,Adjustment performed; post-work functional check within tolerance.,TRUE,13.34,6602.09,
N0001024,,PLT-FL-DRY-PMF,FT-DRY-PMF-01,2025-06-02,3,Planned Inspection,Drying - Inspection,Planned Inspection,Intermittent signal dropout at stable process conditions.,INTERMITTENT_SIGNAL,INTERMITTENT_SIGNAL,Instrumentation,,DRY-INSTRUMENTATION,Closed,,,,,,,,,NO_ACTION_REQUIRED,Notification dispositioned without corrective scope.,Inspection only,Field inspection completed; no corrective maintenance performed.,FALSE,1.64,291.37,
N0001025,,PLT-FL-DIG-CHP,XV-DIG-CHP-01,2025-06-02,3,Planned Inspection,Digester - Inspection,Planned Inspection,Visible leakage at valve packing.,EXTERNAL_LEAKAGE,EXTERNAL_LEAKAGE,Instrumentation,Valves,DIG-VALVES,Closed,,,,,,,,,OPERATING_CONDITION,Observed response is within the current operating envelope.,Inspection only,Field inspection completed; no corrective maintenance performed.,FALSE,0.56,137.01,
N0001026,WO0000629,PLT-FL-BLE-TWR,PV-BLE-TWR-01,2025-06-03,2,Planned Inspection,Bleaching - Inspection,Planned Inspection,Visible leakage at valve packing.,EXTERNAL_LEAKAGE,EXTERNAL_LEAKAGE,Instrumentation,,BLE-INSTRUMENTATION,Closed,2025-06-05,PM02,Completed,2025-07-10,2025-07-11,2025-07-10,2025-07-11,2,WORK_COMPLETED,Corrective scope executed and checked.,Seal replacement,Seal replacement performed; post-work functional check within tolerance.,TRUE,5.24,2766.04,
N0001027,WO0000630,PLT-RU-RB-STM,PSHH-RB-STM-01,2025-06-04,3,Operator Route,Recovery Boiler - Operations,Sensory Route,Intermittent signal dropout at stable process conditions.,INTERMITTENT_SIGNAL,INTERMITTENT_SIGNAL,Automation,,RB-AUTOMATION,Closed,2025-06-06,PM02,Completed,2025-07-30,2025-07-31,2025-07-30,2025-07-31,1,WORK_COMPLETED,Corrective scope executed and checked.,Instrument replacement,Instrument replacement performed; post-work functional check within tolerance.,TRUE,6.06,4919.98,
N0001028,WO0000631,PLT-FL-BLE-CHM,P-BLE-CHM-01,2025-06-05,2,Condition Monitoring,Bleaching - Condition Monitoring,Predictive Route,Delivered flow below expected operating range.,LOW_FLOW,LOW_FLOW,Mechanical,,BLE-MECHANICAL,Closed,2025-06-10,PM02,Completed,2025-08-28,2025-08-30,2025-08-28,2025-08-30,5,WORK_COMPLETED,Corrective scope executed and checked.,Cleaning,Cleaning performed; post-work functional check within tolerance.,TRUE,9.13,2693.30,
N0001029,,PLT-FL-DIG-CHP,XV-DIG-CHP-01,2025-06-05,3,Operator Report,Digester - Operations,,Valve travel sticks during small command changes.,VALVE_STICTION,VALVE_STICTION,Valves,,DIG-VALVES,Closed,,,,,,,,,NO_ACTION_REQUIRED,Notification dispositioned without corrective scope.,Inspection only,Field inspection completed; no corrective maintenance performed.,TRUE,1.18,203.46,
N0001030,WO0000632,PLT-FL-DIG-BLC,PT-DIG-BLC-01,2025-06-07,3,Planned Inspection,Digester - Inspection,Planned Inspection,Intermittent signal dropout at stable process conditions.,INTERMITTENT_SIGNAL,INTERMITTENT_SIGNAL,Instrumentation,,DIG-INSTRUMENTATION,Closed,2025-06-11,PM02,Completed,2025-07-28,2025-07-30,2025-07-28,2025-07-30,2,WORK_COMPLETED,Corrective scope executed and checked.,Instrument replacement,Instrument replacement performed; post-work functional check within tolerance.,TRUE,4.19,3403.38,
N0001031,,PLT-FL-BLE-STW,M-BLE-STW-01,2025-06-11,3,Maintenance Sensory Route,Bleaching - Maintenance Route A,Sensory Route,Motor bearing vibration above baseline.,MOTOR_BEARING_VIBRATION,MOTOR_BEARING_VIBRATION,Condition Monitoring,,BLE-CONDITION_MONITORING,Closed,,,,,,,,,NO_ACTION_REQUIRED,Notification dispositioned without corrective scope.,Inspection only,Field inspection completed; no corrective maintenance performed.,TRUE,0.86,179.37,
N0001032,WO0000633,PLT-FL-BLE-DOS,FV-BLE-DOS-01,2025-06-12,3,Maintenance Sensory Route,Bleaching - Maintenance Route A,Sensory Route,Actuator supply pressure decays while held.,ACTUATOR_LEAKAGE,ACTUATOR_LEAKAGE,Valves,,BLE-VALVES,Closed,2025-06-14,PM02,Completed,2025-08-01,2025-08-01,2025-08-01,2025-08-01,1,MONITOR_CONDITION,Condition recorded; continue observation without corrective work.,Inspection only,Inspected and recorded readings; no component correction performed.,TRUE,0.33,122.90,
N0001033,WO0000634,PLT-FL-DIG-DIS,M-DIG-DIS-01,2025-06-13,3,Condition Monitoring,Digester - Condition Monitoring,Predictive Route,Oil condition test indicates degraded lubricant.,OIL_DEGRADATION,OIL_DEGRADATION,Lubrication,,DIG-LUBRICATION,Closed,2025-06-18,PM02,Completed,2025-09-02,2025-09-04,2025-09-02,2025-09-04,4,WORK_COMPLETED,Corrective scope executed and checked.,Lubrication,Lubrication performed; post-work functional check within tolerance.,TRUE,7.97,4478.52,
N0001034,WO0000635,PLT-FL-DIG-IMP,M-DIG-IMP-01,2025-06-13,2,Operator Route,Digester - Operations,Sensory Route,Localized heating at electrical connection.,TERMINAL_HEATING,TERMINAL_HEATING,Condition Monitoring,,DIG-CONDITION_MONITORING,Closed,2025-06-15,PM02,Completed,2025-07-10,2025-07-10,2025-07-10,2025-07-10,1,WORK_COMPLETED,Corrective scope executed and checked.,Tightening,Tightening performed; post-work functional check within tolerance.,TRUE,4.61,1129.38,
N0001035,,PLT-FL-DIG-CHP,XV-DIG-CHP-01,2025-06-13,3,Planned Inspection,Digester - Inspection,Planned Inspection,Actuator supply pressure decays while held.,ACTUATOR_LEAKAGE,ACTUATOR_LEAKAGE,Valves,,DIG-VALVES,Closed,,,,,,,,,NO_ACTION_REQUIRED,Notification dispositioned without corrective scope.,Inspection only,Field inspection completed; no corrective maintenance performed.,TRUE,1.42,289.28,
N0001036,WO0000636,PLT-RU-UTL-PWT,FT-UTL-PWT-01,2025-06-14,3,Planned Inspection,Utilities - Inspection,Planned Inspection,Measured output outside calibration tolerance.,CALIBRATION_DEVIATION,CALIBRATION_DEVIATION,Instrumentation,,UTL-INSTRUMENTATION,Closed,2025-06-18,PM02,Completed,2025-08-28,2025-08-29,2025-08-28,2025-08-29,5,WORK_COMPLETED,Corrective scope executed and checked.,Calibration,Calibration performed; post-work functional check within tolerance.,TRUE,3.24,956.47,
N0001037,WO0000637,PLT-FL-DRY-PRS,HY-DRY-PRS-01,2025-06-14,2,Operator Report,Drying - Operations,,Hydraulic header pressure oscillates under steady demand.,HYD_PRESS_INSTABILITY,HYD_PRESS_INSTABILITY,Mechanical,,DRY-MECHANICAL,Closed,2025-06-16,PM02,Completed,2025-07-09,2025-07-09,2025-07-09,2025-07-09,1,WORK_COMPLETED,Corrective scope executed and checked.,Component replacement,Component replacement performed; post-work functional check within tolerance.,TRUE,9.98,8216.05,
N0001038,,PLT-RU-RB-SBL,XV-RB-SBL-01,2025-06-15,3,Planned Inspection,Recovery Boiler - Inspection,Planned Inspection,Actuator supply pressure decays while held.,ACTUATOR_LEAKAGE,ACTUATOR_LEAKAGE,Valves,,RB-VALVES,Closed,,,,,,,,,MONITOR_CONDITION,Condition recorded; continue observation without corrective work.,Inspection only,Field inspection completed; no corrective maintenance performed.,TRUE,0.71,136.62,
N0001039,WO0000638,PLT-FL-WSH-FIL,LT-WSH-FIL-01,2025-06-20,1,Breakdown / Corrective,Washing & Screening - Operations,,Intermittent signal dropout at stable process conditions.,INTERMITTENT_SIGNAL,INTERMITTENT_SIGNAL,Instrumentation,,WSH-INSTRUMENTATION,Closed,2025-06-25,CM01,Completed,2025-06-25,2025-06-26,2025-06-25,2025-06-26,0,WORK_COMPLETED,Corrective scope executed and checked.,Instrument replacement,Instrument replacement performed; post-work functional check within tolerance.,TRUE,7.64,6201.08,
N0001040,WO0000639,PLT-RU-CAU-REA,M-CAU-REA-01,2025-06-21,2,Condition Monitoring,Causticizing - Condition Monitoring,Predictive Route,Localized heating at electrical connection.,TERMINAL_HEATING,TERMINAL_HEATING,Condition Monitoring,,CAU-CONDITION_MONITORING,Closed,2025-06-22,PM02,Completed,2025-07-05,2025-07-07,2025-07-05,2025-07-07,0,WORK_COMPLETED,Corrective scope executed and checked.,Tightening,Tightening performed; post-work functional check within tolerance.,TRUE,4.69,1149.56,
N0001041,WO0000640,PLT-RU-LIM-BRN,BRN-LIM-BRN-01,2025-06-22,3,Maintenance Sensory Route,Lime Kiln - Maintenance Route A,Sensory Route,Process differential pressure above normal operating range.,PROCESS_RESTRICTION,PROCESS_RESTRICTION,Mechanical,,LIM-MECHANICAL,Closed,2025-06-27,PM02,Completed,2025-09-08,2025-09-09,2025-09-08,2025-09-09,3,WORK_COMPLETED,Corrective scope executed and checked.,Cleaning,Cleaning performed; post-work functional check within tolerance.,TRUE,12.28,3867.03,
N0001042,WO0000641,PLT-FL-DRY-DRS,FAN-DRY-DRS-01,2025-06-23,2,Process Alarm,Drying - Control Room,Process / Control Monitoring,Fan bearing vibration trending above baseline.,FAN_BEARING_VIBRATION,FAN_BEARING_VIBRATION,Mechanical,,DRY-MECHANICAL,Closed,2025-06-24,PM02,Completed,2025-07-18,2025-07-18,2025-07-18,2025-07-18,1,WORK_COMPLETED,Corrective scope executed and checked.,Bearing replacement,Bearing replacement performed; post-work functional check within tolerance.,TRUE,27.69,22012.06,
N0001043,WO0000642,PLT-FL-DRY-FOR,M-DRY-FOR-01,2025-06-26,2,Maintenance Sensory Route,Drying - Maintenance Route A,Sensory Route,Lubricant level below normal mark.,LOW_LUBE_LEVEL,LOW_LUBE_LEVEL,Lubrication,,DRY-LUBRICATION,Closed,2025-06-28,PM02,Completed,2025-07-14,2025-07-16,2025-07-14,2025-07-16,0,WORK_COMPLETED,Corrective scope executed and checked.,Lubrication,Lubrication performed; post-work functional check within tolerance.,TRUE,2.13,1055.39,
N0001044,WO0000643,PLT-FL-BLE-DOS,FV-BLE-DOS-01,2025-06-28,3,Operator Report,Bleaching - Operations,,Valve feedback differs from demanded position.,POSITIONER_DEVIATION,POSITIONER_DEVIATION,Valves,,BLE-VALVES,Closed,2025-06-28,PM02,Completed,2025-08-06,2025-08-07,2025-08-06,2025-08-07,2,WORK_COMPLETED,Corrective scope executed and checked.,Calibration,Calibration performed; post-work functional check within tolerance.,TRUE,4.72,1510.29,
N0001045,WO0000644,PLT-FL-BLE-TWR,LT-BLE-TWR-01,2025-06-28,3,Operator Route,Bleaching - Operations,Sensory Route,Indicated value drifts from independent reference.,SIGNAL_DRIFT,SIGNAL_DRIFT,Instrumentation,,BLE-INSTRUMENTATION,Closed,2025-06-28,PM02,Completed,2025-08-04,2025-08-04,2025-08-04,2025-08-04,2,WORK_COMPLETED,Corrective scope executed and checked.,Calibration,Calibration performed; post-work functional check within tolerance.,TRUE,2.60,767.30,
N0001046,WO0000645,PLT-RU-UTL-AIR,CMP-UTL-AIR-01,2025-06-29,2,Planned Inspection,Utilities - Inspection,Planned Inspection,Rotating assembly shows dominant once-per-revolution vibration.,IMBALANCE,IMBALANCE,Mechanical,,UTL-MECHANICAL,Closed,2025-07-01,PM02,Completed,2025-07-28,2025-07-30,2025-07-28,2025-07-30,1,WORK_COMPLETED,Corrective scope executed and checked.,Adjustment,Adjustment performed; post-work functional check within tolerance.,TRUE,13.45,6658.02,
N0001047,WO0000646,PLT-FL-DRY-FOR,P-DRY-FOR-01,2025-06-29,2,Operator Route,Drying - Operations,Sensory Route,Bearing temperature trending above baseline.,BEARING_TEMPERATURE,BEARING_TEMPERATURE,Mechanical,,DRY-MECHANICAL,Closed,2025-06-29,PM02,Completed,2025-07-02,2025-07-02,2025-07-02,2025-07-02,0,WORK_COMPLETED,Corrective scope executed and checked.,Bearing replacement,Bearing replacement performed; post-work functional check within tolerance.,TRUE,19.72,14130.22,
N0001048,,PLT-RU-RB-FWS,PT-RB-FWS-01,2025-06-30,2,Operator Report,Recovery Boiler - Operations,,Intermittent signal dropout at stable process conditions.,INTERMITTENT_SIGNAL,INTERMITTENT_SIGNAL,Instrumentation,,RB-INSTRUMENTATION,Closed,,,,,,,,,NO_ACTION_REQUIRED,Notification dispositioned without corrective scope.,Inspection only,Field inspection completed; no corrective maintenance performed.,TRUE,0.67,189.77,
N0001049,,PLT-RU-EVA-CIR,PV-EVA-CIR-01,2025-06-30,1,Breakdown / Corrective,Evaporation - Operations,,Valve travel sticks during small command changes.,VALVE_STICTION,VALVE_STICTION,Valves,,EVA-VALVES,Closed,,,,,,,,,NO_ACTION_REQUIRED,Notification dispositioned without corrective scope.,Inspection only,Field inspection completed; no corrective maintenance performed.,TRUE,0.54,128.30,
N0001050,,PLT-RU-RB-STM,PV-RB-STM-01,2025-07-01,3,Operator Route,Recovery Boiler - Operations,Sensory Route,Actuator supply pressure decays while held.,ACTUATOR_LEAKAGE,ACTUATOR_LEAKAGE,Instrumentation,Valves,RB-VALVES,Closed,,,,,,,,,NO_ACTION_REQUIRED,Notification dispositioned without corrective scope.,Inspection only,Field inspection completed; no corrective maintenance performed.,TRUE,1.48,300.05,
N0001051,,PLT-RU-LIM-DRV,GB-LIM-DRV-01,2025-07-02,2,Operator Route,Lime Kiln - Operations,Sensory Route,Gearbox oil temperature above normal trend.,GEARBOX_OVERHEATING,GEARBOX_OVERHEATING,Mechanical,,LIM-MECHANICAL,Closed,,,,,,,,,OPERATING_CONDITION,Observed response is within the current operating envelope.,Inspection only,Field inspection completed; no corrective maintenance performed.,FALSE,1.40,241.15,
N0001052,WO0000647,PLT-FL-BLE-CHM,AG-BLE-CHM-01,2025-07-03,3,Condition Monitoring,Bleaching - Condition Monitoring,Predictive Route,Bearing temperature trending above baseline.,BEARING_TEMPERATURE,BEARING_TEMPERATURE,Mechanical,,BLE-MECHANICAL,Closed,2025-07-06,PM02,Completed,2025-07-31,2025-08-01,2025-07-31,2025-08-01,0,WORK_COMPLETED,Corrective scope executed and checked.,Bearing replacement,Bearing replacement performed; post-work functional check within tolerance.,TRUE,16.27,11656.81,
N0001053,WO0000648,PLT-RU-UTL-BFW,M-UTL-BFW-01,2025-07-05,3,Condition Monitoring,Utilities - Condition Monitoring,Predictive Route,Motor bearing vibration above baseline.,MOTOR_BEARING_VIBRATION,MOTOR_BEARING_VIBRATION,Electrical,,UTL-ELECTRICAL,Closed,2025-07-08,PM02,Completed,2025-09-11,2025-09-12,2025-09-11,2025-09-12,3,WORK_COMPLETED,Corrective scope executed and checked.,Bearing replacement,Bearing replacement performed; post-work functional check within tolerance.,TRUE,17.32,11168.83,
N0001054,WO0000649,PLT-RU-UTL-AIR,DRY-UTL-AIR-01,2025-07-06,3,Operator Route,Utilities - Operations,Sensory Route,Process differential pressure above normal operating range.,PROCESS_RESTRICTION,PROCESS_RESTRICTION,Mechanical,,UTL-MECHANICAL,Closed,2025-07-07,PM02,Completed,2025-09-08,2025-09-09,2025-09-08,2025-09-09,3,WORK_COMPLETED,Corrective scope executed and checked.,Cleaning,Cleaning performed; post-work functional check within tolerance.,TRUE,7.53,2371.36,
N0001055,,PLT-FL-DRY-PMF,FT-DRY-PMF-01,2025-07-08,2,Process Alarm,Drying - Control Room,Process / Control Monitoring,Indicated value drifts from independent reference.,SIGNAL_DRIFT,SIGNAL_DRIFT,Instrumentation,,DRY-INSTRUMENTATION,Closed,,,,,,,,,NO_ACTION_REQUIRED,Notification dispositioned without corrective scope.,Inspection only,Field inspection completed; no corrective maintenance performed.,TRUE,1.49,264.08,
N0001056,WO0000650,PLT-RU-RB-SBL,SBL-RB-SBL-01,2025-07-09,2,Operator Route,Recovery Boiler - Operations,Sensory Route,Process differential pressure above normal operating range.,PROCESS_RESTRICTION,PROCESS_RESTRICTION,Mechanical,,RB-MECHANICAL,Closed,2025-07-14,PM02,Completed,2025-08-05,2025-08-05,2025-08-05,2025-08-05,1,WORK_COMPLETED,Corrective scope executed and checked.,Cleaning,Cleaning performed; post-work functional check within tolerance.,TRUE,12.37,3895.27,
N0001057,WO0000651,PLT-RU-LIM-DRV,DRV-LIM-DRV-01,2025-07-11,1,Breakdown / Corrective,Lime Kiln - Operations,,Bearing temperature trending above baseline.,BEARING_TEMPERATURE,BEARING_TEMPERATURE,Mechanical,,LIM-MECHANICAL,Closed,2025-07-14,CM01,Completed,2025-07-27,2025-07-29,2025-07-27,2025-07-29,1,MONITOR_CONDITION,Condition recorded; continue observation without corrective work.,Inspection only,Inspected and recorded readings; no component correction performed.,TRUE,1.30,267.50,
N0001058,,PLT-RU-CAU-REA,AG-CAU-REA-01,2025-07-13,3,Process Alarm,Causticizing - Control Room,Process / Control Monitoring,Rotating assembly shows dominant once-per-revolution vibration.,IMBALANCE,IMBALANCE,Mechanical,Lubrication,CAU-LUBRICATION,Closed,,,,,,,,,MONITOR_CONDITION,Condition recorded; continue observation without corrective work.,Inspection only,Field inspection completed; no corrective maintenance performed.,TRUE,1.14,240.06,
N0001059,WO0000652,PLT-FL-DRY-FOR,PT-DRY-FOR-01,2025-07-13,3,Operator Route,Drying - Operations,Sensory Route,Intermittent signal dropout at stable process conditions.,INTERMITTENT_SIGNAL,INTERMITTENT_SIGNAL,Instrumentation,,DRY-INSTRUMENTATION,Closed,2025-07-15,PM02,Completed,2025-08-10,2025-08-12,2025-08-10,2025-08-12,1,WORK_COMPLETED,Corrective scope executed and checked.,Instrument replacement,Instrument replacement performed; post-work functional check within tolerance.,TRUE,4.11,3335.26,
N0001060,WO0000653,PLT-RU-LIM-IDF,DV-LIM-IDF-01,2025-07-14,2,Operator Route,Lime Kiln - Operations,Sensory Route,Process differential pressure above normal operating range.,PROCESS_RESTRICTION,PROCESS_RESTRICTION,Mechanical,,LIM-MECHANICAL,Closed,2025-07-15,PM02,Completed,2025-08-16,2025-08-16,2025-08-16,2025-08-16,1,WORK_COMPLETED,Corrective scope executed and checked.,Cleaning,Cleaning performed; post-work functional check within tolerance.,TRUE,11.20,3528.02,
N0001061,WO0000654,PLT-RU-RB-AIR,FT-RB-AIR-01,2025-07-14,3,Operator Report,Recovery Boiler - Operations,,Control sequence response differs from approved logic.,CONTROL_SEQUENCE_DEVIATION,CONTROL_SEQUENCE_DEVIATION,Automation,,RB-AUTOMATION,Closed,2025-07-19,PM02,Completed,2025-09-27,2025-09-27,2025-09-27,2025-09-27,2,WORK_COMPLETED,Corrective scope executed and checked.,Control logic correction,Control logic correction performed; post-work functional check within tolerance.,TRUE,5.60,1651.77,
N0001062,,PLT-RU-LIM-BRN,FV-LIM-BRN-01,2025-07-14,2,Operator Report,Lime Kiln - Operations,,Valve travel sticks during small command changes.,VALVE_STICTION,VALVE_STICTION,Valves,,LIM-VALVES,Closed,,,,,,,,,MONITOR_CONDITION,Condition recorded; continue observation without corrective work.,Inspection only,Field inspection completed; no corrective maintenance performed.,TRUE,0.49,105.35,
N0001063,WO0000655,PLT-FL-DIG-DIS,LT-DIG-DIS-01,2025-07-16,3,Planned Inspection,Digester - Inspection,Planned Inspection,Measured output outside calibration tolerance.,CALIBRATION_DEVIATION,CALIBRATION_DEVIATION,Instrumentation,,DIG-INSTRUMENTATION,Closed,2025-07-19,PM02,Completed,2025-08-02,2025-08-02,2025-08-02,2025-08-02,0,WORK_COMPLETED,Corrective scope executed and checked.,Calibration,Calibration performed; post-work functional check within tolerance.,TRUE,5.07,1494.21,
N0001064,,PLT-FL-WSH-FIL,FV-WSH-FIL-01,2025-07-18,3,Planned Inspection,Washing & Screening - Inspection,Planned Inspection,Visible leakage at valve packing.,EXTERNAL_LEAKAGE,EXTERNAL_LEAKAGE,Valves,,WSH-VALVES,Closed,,,,,,,,,MONITOR_CONDITION,Condition recorded; continue observation without corrective work.,Inspection only,Field inspection completed; no corrective maintenance performed.,TRUE,0.59,121.77,
N0001065,,PLT-FL-BLE-CHM,P-BLE-CHM-01,2025-07-20,3,Condition Monitoring,Bleaching - Condition Monitoring,Predictive Route,Elevated vibration at pump bearing housing.,PUMP_BEARING_VIBRATION,PUMP_BEARING_VIBRATION,Mechanical,,BLE-MECHANICAL,Closed,,,,,,,,,NO_ACTION_REQUIRED,Notification dispositioned without corrective scope.,Inspection only,Field inspection completed; no corrective maintenance performed.,TRUE,1.05,231.20,
N0001066,,PLT-RU-RB-AIR,FT-RB-AIR-01,2025-07-21,3,Operator Report,Recovery Boiler - Operations,,Indicated value drifts from independent reference.,SIGNAL_DRIFT,SIGNAL_DRIFT,Instrumentation,Automation,RB-AUTOMATION,Closed,,,,,,,,,NO_ACTION_REQUIRED,Notification dispositioned without corrective scope.,Inspection only,Field inspection completed; no corrective maintenance performed.,FALSE,1.00,197.84,
N0001067,,PLT-FL-WSH-KNR,XV-WSH-KNR-01,2025-07-21,3,Planned Inspection,Washing & Screening - Inspection,Planned Inspection,Actuator supply pressure decays while held.,ACTUATOR_LEAKAGE,ACTUATOR_LEAKAGE,Valves,Instrumentation,WSH-INSTRUMENTATION,Closed,,,,,,,,,OPERATING_CONDITION,Observed response is within the current operating envelope.,Inspection only,Field inspection completed; no corrective maintenance performed.,FALSE,1.88,356.86,
N0001068,WO0000656,PLT-RU-CAU-GLC,LT-CAU-GLC-01,2025-07-22,3,Planned Inspection,Causticizing - Inspection,Planned Inspection,Control sequence response differs from approved logic.,CONTROL_SEQUENCE_DEVIATION,CONTROL_SEQUENCE_DEVIATION,Automation,,CAU-AUTOMATION,Closed,2025-07-23,PM02,Completed,2025-08-09,2025-08-10,2025-08-09,2025-08-10,0,WORK_COMPLETED,Corrective scope executed and checked.,Control logic correction,Control logic correction performed; post-work functional check within tolerance.,TRUE,9.75,2876.57,
N0001069,,PLT-RU-CAU-REA,M-CAU-REA-01,2025-07-23,3,Condition Monitoring,Causticizing - Condition Monitoring,Predictive Route,Insulation test trending below reference.,INSULATION_DEGRADATION,INSULATION_DEGRADATION,Electrical,,CAU-ELECTRICAL,Closed,,,,,,,,,MONITOR_CONDITION,Condition recorded; continue observation without corrective work.,Inspection only,Field inspection completed; no corrective maintenance performed.,TRUE,0.91,225.89,
N0001070,,PLT-RU-UTL-PWT,M-UTL-PWT-01,2025-07-26,2,Condition Monitoring,Utilities - Condition Monitoring,Predictive Route,Motor temperature rising at normal load.,MOTOR_OVERHEATING,MOTOR_OVERHEATING,Electrical,,UTL-ELECTRICAL,Closed,,,,,,,,,MONITOR_CONDITION,Condition recorded; continue observation without corrective work.,Inspection only,Field inspection completed; no corrective maintenance performed.,TRUE,0.34,133.00,
N0001071,WO0000657,PLT-FL-DRY-LUB,LU-DRY-LUB-01,2025-07-27,2,Planned Inspection,Drying - Inspection,Planned Inspection,Lubricant level below normal mark.,LOW_LUBE_LEVEL,LOW_LUBE_LEVEL,Lubrication,,DRY-LUBRICATION,Closed,2025-08-01,PM02,Completed,2025-08-20,2025-08-21,2025-08-20,2025-08-21,1,WORK_COMPLETED,Corrective scope executed and checked.,Lubrication,Lubrication performed; post-work functional check within tolerance.,TRUE,2.70,1337.31,
N0001072,WO0000658,PLT-RU-CAU-GLC,P-CAU-GLC-01,2025-07-30,2,Maintenance Sensory Route,Causticizing - Maintenance Route A,Sensory Route,Elevated vibration at pump bearing housing.,PUMP_BEARING_VIBRATION,PUMP_BEARING_VIBRATION,Mechanical,,CAU-MECHANICAL,Closed,2025-08-01,PM02,Cancelled,2025-08-28,2025-08-29,,,1,CANCELLED,Order cancelled after scope review; no execution recorded.,,,TRUE,1.22,217.08,
N0001073,WO0000659,PLT-FL-DRY-HYD,PT-DRY-HYD-01,2025-07-30,3,Planned Inspection,Drying - Inspection,Planned Inspection,Pressure response delayed during process change.,IMPULSE_LINE_RESTRICTION,IMPULSE_LINE_RESTRICTION,Instrumentation,,DRY-INSTRUMENTATION,Closed,2025-08-02,PM02,Completed,2025-09-17,2025-09-17,2025-09-17,2025-09-17,2,WORK_COMPLETED,Corrective scope executed and checked.,Cleaning,Cleaning performed; post-work functional check within tolerance.,TRUE,3.96,1049.81,
N0001074,,PLT-FL-DRY-PRS,PT-DRY-PRS-01,2025-07-31,3,Operator Route,Drying - Operations,Sensory Route,Indicated value drifts from independent reference.,SIGNAL_DRIFT,SIGNAL_DRIFT,Instrumentation,,DRY-INSTRUMENTATION,Closed,,,,,,,,,NO_ACTION_REQUIRED,Notification dispositioned without corrective scope.,Inspection only,Field inspection completed; no corrective maintenance performed.,TRUE,1.51,293.42,
N0001075,,PLT-FL-DIG-BLC,XV-DIG-BLC-01,2025-07-31,2,Planned Inspection,Digester - Inspection,Planned Inspection,Valve travel sticks during small command changes.,VALVE_STICTION,VALVE_STICTION,Valves,,DIG-VALVES,Closed,,,,,,,,,MONITOR_CONDITION,Condition recorded; continue observation without corrective work.,Inspection only,Field inspection completed; no corrective maintenance performed.,TRUE,1.07,241.73,
N0001076,,PLT-RU-UTL-BFW,P-UTL-BFW-01,2025-08-01,3,Operator Route,Utilities - Operations,Sensory Route,Delivered flow below expected operating range.,LOW_FLOW,LOW_FLOW,Mechanical,,UTL-MECHANICAL,Closed,,,,,,,,,MONITOR_CONDITION,Condition recorded; continue observation without corrective work.,Inspection only,Field inspection completed; no corrective maintenance performed.,TRUE,1.83,321.75,
N0001077,,PLT-FL-DRY-FOR,P-DRY-FOR-01,2025-08-03,3,Maintenance Sensory Route,Drying - Maintenance Route A,Sensory Route,Elevated vibration at pump bearing housing.,PUMP_BEARING_VIBRATION,PUMP_BEARING_VIBRATION,Mechanical,,DRY-MECHANICAL,Closed,,,,,,,,,NO_ACTION_REQUIRED,Notification dispositioned without corrective scope.,Inspection only,Field inspection completed; no corrective maintenance performed.,TRUE,1.92,367.11,
N0001078,,PLT-FL-BLE-TWR,AG-BLE-TWR-01,2025-08-05,3,Planned Inspection,Bleaching - Inspection,Planned Inspection,Bearing temperature trending above baseline.,BEARING_TEMPERATURE,BEARING_TEMPERATURE,Mechanical,Lubrication,BLE-LUBRICATION,Closed,,,,,,,,,MONITOR_CONDITION,Condition recorded; continue observation without corrective work.,Inspection only,Field inspection completed; no corrective maintenance performed.,TRUE,1.39,300.62,
N0001079,,PLT-RU-RB-SBL,ZS-RB-SBL-01,2025-08-06,3,Planned Inspection,Recovery Boiler - Inspection,Planned Inspection,Intermittent signal dropout at stable process conditions.,INTERMITTENT_SIGNAL,INTERMITTENT_SIGNAL,Instrumentation,Automation,RB-AUTOMATION,Closed,,,,,,,,,MONITOR_CONDITION,Condition recorded; continue observation without corrective work.,Inspection only,Field inspection completed; no corrective maintenance performed.,TRUE,1.39,269.30,
N0001080,WO0000660,PLT-RU-UTL-PWT,FT-UTL-PWT-01,2025-08-07,2,Operator Report,Utilities - Operations,,Indicated value drifts from independent reference.,SIGNAL_DRIFT,SIGNAL_DRIFT,Instrumentation,,UTL-INSTRUMENTATION,Closed,2025-08-07,PM02,Completed,2025-09-06,2025-09-06,2025-09-06,2025-09-06,1,WORK_COMPLETED,Corrective scope executed and checked.,Calibration,Calibration performed; post-work functional check within tolerance.,TRUE,3.24,957.06,
N0001081,WO0000661,PLT-RU-RB-BLF,FV-RB-BLF-01,2025-08-08,2,Operator Route,Recovery Boiler - Operations,Sensory Route,Actuator supply pressure decays while held.,ACTUATOR_LEAKAGE,ACTUATOR_LEAKAGE,Valves,Instrumentation,RB-INSTRUMENTATION,Closed,2025-08-12,PM02,Completed,2025-08-29,2025-08-31,2025-08-29,2025-08-31,0,MONITOR_CONDITION,Condition recorded; continue observation without corrective work.,Inspection only,Inspected and recorded readings; no component correction performed.,TRUE,1.39,247.78,
N0001082,WO0000662,PLT-RU-CAU-GLC,P-CAU-GLC-01,2025-08-08,2,Operator Route,Causticizing - Operations,Sensory Route,Crackling noise and unstable suction pressure.,CAVITATION,CAVITATION,Mechanical,,CAU-MECHANICAL,Closed,2025-08-10,PM02,Completed,2025-08-29,2025-08-31,2025-08-29,2025-08-31,1,WORK_COMPLETED,Corrective scope executed and checked.,Cleaning,Cleaning performed; post-work functional check within tolerance.,TRUE,6.45,1709.28,
N0001083,WO0000663,PLT-RU-RB-SBL,XV-RB-SBL-01,2025-08-08,1,Breakdown / Corrective,Recovery Boiler - Operations,,Actuator supply pressure decays while held.,ACTUATOR_LEAKAGE,ACTUATOR_LEAKAGE,Instrumentation,,RB-INSTRUMENTATION,Closed,2025-08-12,CM01,Completed,2025-08-25,2025-08-25,2025-08-25,2025-08-25,1,WORK_COMPLETED,Corrective scope executed and checked.,Seal replacement,Seal replacement performed; post-work functional check within tolerance.,TRUE,5.41,3149.26,
N0001084,WO0000664,PLT-RU-LIM-LMF,FT-LIM-LMF-01,2025-08-09,3,Operator Report,Lime Kiln - Operations,,Intermittent signal dropout at stable process conditions.,INTERMITTENT_SIGNAL,INTERMITTENT_SIGNAL,Automation,,LIM-AUTOMATION,Closed,2025-08-11,PM02,Completed,2025-10-19,2025-10-19,2025-10-19,2025-10-19,4,WORK_COMPLETED,Corrective scope executed and checked.,Instrument replacement,Instrument replacement performed; post-work functional check within tolerance.,TRUE,8.10,6572.18,
N0001085,,PLT-FL-DRY-HYD,P-DRY-HYD-01,2025-08-11,2,Maintenance Sensory Route,Drying - Maintenance Route A,Sensory Route,Hydraulic pressure decays with no external leak.,HYD_INTERNAL_LEAKAGE,HYD_INTERNAL_LEAKAGE,Mechanical,,DRY-MECHANICAL,Closed,,,,,,,,,NO_ACTION_REQUIRED,Notification dispositioned without corrective scope.,Inspection only,Field inspection completed; no corrective maintenance performed.,TRUE,1.71,316.05,
N0001086,,PLT-RU-RB-STM,PV-RB-STM-01,2025-08-11,3,Operator Route,Recovery Boiler - Operations,Sensory Route,Valve feedback differs from demanded position.,POSITIONER_DEVIATION,POSITIONER_DEVIATION,Valves,,RB-VALVES,Closed,,,,,,,,,NO_ACTION_REQUIRED,Notification dispositioned without corrective scope.,Inspection only,Field inspection completed; no corrective maintenance performed.,TRUE,0.35,112.39,
N0001087,WO0000665,PLT-RU-UTL-CWT,M-UTL-CWT-01,2025-08-13,1,Operator Route,Utilities - Operations,Sensory Route,Localized heating at electrical connection.,TERMINAL_HEATING,TERMINAL_HEATING,Electrical,,UTL-ELECTRICAL,Closed,2025-08-13,CM01,Completed,2025-08-16,2025-08-18,2025-08-16,2025-08-18,0,WORK_COMPLETED,Corrective scope executed and checked.,Tightening,Tightening performed; post-work functional check within tolerance.,TRUE,4.02,985.57,
N0001088,,PLT-RU-CAU-GLH,P-CAU-GLH-01,2025-08-13,3,Operator Route,Causticizing - Operations,Sensory Route,Oil condition test indicates degraded lubricant.,OIL_DEGRADATION,OIL_DEGRADATION,Lubrication,,CAU-LUBRICATION,Closed,,,,,,,,,NO_ACTION_REQUIRED,Notification dispositioned without corrective scope.,Inspection only,Field inspection completed; no corrective maintenance performed.,TRUE,1.00,185.33,
N0001089,WO0000666,PLT-FL-DIG-IMP,FT-DIG-IMP-01,2025-08-15,1,Maintenance Sensory Route,Digester - Maintenance Route A,Sensory Route,Intermittent signal dropout at stable process conditions.,INTERMITTENT_SIGNAL,INTERMITTENT_SIGNAL,Instrumentation,Automation,DIG-AUTOMATION,Closed,2025-08-15,CM01,Completed,2025-08-18,2025-08-18,2025-08-18,2025-08-18,0,WORK_COMPLETED,Corrective scope executed and checked.,Instrument replacement,Instrument replacement performed; post-work functional check within tolerance.,TRUE,4.16,3373.59,
N0001090,,PLT-FL-BLE-STW,FV-BLE-STW-01,2025-08-15,3,Operator Report,Bleaching - Operations,,Visible leakage at valve packing.,EXTERNAL_LEAKAGE,EXTERNAL_LEAKAGE,Valves,Instrumentation,BLE-INSTRUMENTATION,Closed,,,,,,,,,NO_ACTION_REQUIRED,Notification dispositioned without corrective scope.,Inspection only,Field inspection completed; no corrective maintenance performed.,TRUE,1.44,253.84,
N0001091,,PLT-RU-RB-FWS,FV-RB-FWS-01,2025-08-15,3,Planned Inspection,Recovery Boiler - Inspection,Planned Inspection,Visible leakage at valve packing.,EXTERNAL_LEAKAGE,EXTERNAL_LEAKAGE,Valves,,RB-VALVES,Closed,,,,,,,,,NO_ACTION_REQUIRED,Notification dispositioned without corrective scope.,Inspection only,Field inspection completed; no corrective maintenance performed.,TRUE,0.49,139.20,
N0001092,,PLT-RU-RB-SBL,SBL-RB-SBL-01,2025-08-15,3,Maintenance Sensory Route,Recovery Boiler - Maintenance Route A,Sensory Route,Mechanism travel is uneven with elevated resistance.,MECHANICAL_BINDING,MECHANICAL_BINDING,Mechanical,,RB-MECHANICAL,Closed,,,,,,,,,NO_ACTION_REQUIRED,Notification dispositioned without corrective scope.,Inspection only,Field inspection completed; no corrective maintenance performed.,FALSE,1.10,201.63,
N0001093,,PLT-RU-RB-SMT,M-RB-SMT-01,2025-08-17,3,Process Alarm,Recovery Boiler - Control Room,Process / Control Monitoring,Motor bearing vibration above baseline.,MOTOR_BEARING_VIBRATION,MOTOR_BEARING_VIBRATION,Electrical,,RB-ELECTRICAL,Closed,,,,,,,,,MONITOR_CONDITION,Condition recorded; continue observation without corrective work.,Inspection only,Field inspection completed; no corrective maintenance performed.,TRUE,1.39,295.36,
N0001094,WO0000667,PLT-RU-CAU-WLC,FV-CAU-WLC-01,2025-08-18,1,Process Alarm,Causticizing - Control Room,Process / Control Monitoring,Valve travel sticks during small command changes.,VALVE_STICTION,VALVE_STICTION,Valves,,CAU-VALVES,Closed,2025-08-22,CM01,Completed,2025-10-21,2025-10-22,2025-10-21,2025-10-22,4,MONITOR_CONDITION,Condition recorded; continue observation without corrective work.,Inspection only,Inspected and recorded readings; no component correction performed.,TRUE,0.73,204.20,
N0001095,WO0000668,PLT-FL-DRY-HYD,HPU-DRY-HYD-01,2025-08-18,1,Process Alarm,Drying - Control Room,Process / Control Monitoring,Hydraulic header pressure oscillates under steady demand.,HYD_PRESS_INSTABILITY,HYD_PRESS_INSTABILITY,Hydraulics,,DRY-HYDRAULICS,Closed,2025-08-23,CM01,Completed,2025-10-02,2025-10-03,2025-10-02,2025-10-03,4,MONITOR_CONDITION,Condition recorded; continue observation without corrective work.,Inspection only,Inspected and recorded readings; no component correction performed.,TRUE,0.30,94.77,
N0001096,WO0000669,PLT-RU-RB-FWS,M-RB-FWS-01,2025-08-18,1,Condition Monitoring,Recovery Boiler - Condition Monitoring,Predictive Route,Motor temperature rising at normal load.,MOTOR_OVERHEATING,MOTOR_OVERHEATING,Electrical,,RB-ELECTRICAL,Closed,2025-08-20,CM01,Completed,2025-08-20,2025-08-21,2025-08-20,2025-08-21,0,WORK_COMPLETED,Corrective scope executed and checked.,Cleaning,Cleaning performed; post-work functional check within tolerance.,TRUE,6.18,1821.81,
N0001097,WO0000670,PLT-FL-DIG-CIR,P-DIG-CIR-01,2025-08-18,1,Process Alarm,Digester - Control Room,Process / Control Monitoring,Elevated vibration at pump bearing housing.,PUMP_BEARING_VIBRATION,PUMP_BEARING_VIBRATION,Mechanical,,DIG-MECHANICAL,Closed,2025-08-23,CM01,Completed,2025-09-23,2025-09-23,2025-09-23,2025-09-23,4,MONITOR_CONDITION,Condition recorded; continue observation without corrective work.,Inspection only,Inspected and recorded readings; no component correction performed.,TRUE,1.88,341.21,
N0001098,WO0000671,PLT-FL-DRY-PMF,P-DRY-PMF-01,2025-08-21,2,Maintenance Sensory Route,Drying - Maintenance Route A,Sensory Route,Crackling noise and unstable suction pressure.,CAVITATION,CAVITATION,Mechanical,,DRY-MECHANICAL,Closed,2025-08-23,PM02,Completed,2025-10-24,2025-10-24,2025-10-24,2025-10-24,3,WORK_COMPLETED,Corrective scope executed and checked.,Cleaning,Cleaning performed; post-work functional check within tolerance.,TRUE,3.61,956.27,
N0001099,,PLT-FL-DRY-SHT,ENC-DRY-SHT-01,2025-08-22,3,Maintenance Sensory Route,Drying - Maintenance Route A,Sensory Route,Measured output outside calibration tolerance.,CALIBRATION_DEVIATION,CALIBRATION_DEVIATION,Instrumentation,,DRY-INSTRUMENTATION,Closed,,,,,,,,,NO_ACTION_REQUIRED,Notification dispositioned without corrective scope.,Inspection only,Field inspection completed; no corrective maintenance performed.,TRUE,1.86,359.50,
N0001100,WO0000672,PLT-RU-UTL-BFW,PT-UTL-BFW-01,2025-08-23,1,Maintenance Sensory Route,Utilities - Maintenance Route A,Sensory Route,Intermittent signal dropout at stable process conditions.,INTERMITTENT_SIGNAL,INTERMITTENT_SIGNAL,Automation,,UTL-AUTOMATION,Closed,2025-08-23,CM01,Completed,2025-08-23,2025-08-24,2025-08-23,2025-08-24,0,WORK_COMPLETED,Corrective scope executed and checked.,Instrument replacement,Instrument replacement performed; post-work functional check within tolerance.,TRUE,6.74,5471.52,
N0001101,,PLT-FL-DRY-FOR,M-DRY-FOR-01,2025-08-24,2,Operator Report,Drying - Operations,,Motor temperature rising at normal load.,MOTOR_OVERHEATING,MOTOR_OVERHEATING,Electrical,,DRY-ELECTRICAL,Closed,,,,,,,,,NO_DEFECT_FOUND,Inspection could not confirm the reported abnormality.,Inspection only,Field inspection completed; no corrective maintenance performed.,FALSE,1.65,276.42,
N0001102,,PLT-RU-UTL-STM,PV-UTL-STM-01,2025-08-24,3,Operator Route,Utilities - Operations,Sensory Route,Valve travel sticks during small command changes.,VALVE_STICTION,VALVE_STICTION,Instrumentation,,UTL-INSTRUMENTATION,Closed,,,,,,,,,MONITOR_CONDITION,Condition recorded; continue observation without corrective work.,Inspection only,Field inspection completed; no corrective maintenance performed.,TRUE,1.81,329.80,
N0001103,WO0000673,PLT-FL-DRY-PRS,PT-DRY-PRS-01,2025-08-25,3,Planned Inspection,Drying - Inspection,Planned Inspection,Intermittent signal dropout at stable process conditions.,INTERMITTENT_SIGNAL,INTERMITTENT_SIGNAL,Instrumentation,,DRY-INSTRUMENTATION,Closed,2025-08-29,PM02,Completed,2025-10-15,2025-10-15,2025-10-15,2025-10-15,2,WORK_COMPLETED,Corrective scope executed and checked.,Instrument replacement,Instrument replacement performed; post-work functional check within tolerance.,TRUE,7.28,5907.06,
N0001104,WO0000674,PLT-RU-CAU-REA,AG-CAU-REA-01,2025-08-26,3,Condition Monitoring,Causticizing - Condition Monitoring,Predictive Route,Rotating assembly shows dominant once-per-revolution vibration.,IMBALANCE,IMBALANCE,Mechanical,,CAU-MECHANICAL,Closed,2025-08-27,PM02,Completed,2025-10-27,2025-10-29,2025-10-27,2025-10-29,5,WORK_COMPLETED,Corrective scope executed and checked.,Adjustment,Adjustment performed; post-work functional check within tolerance.,TRUE,10.36,5126.15,
N0001105,,PLT-FL-BLE-TWR,PV-BLE-TWR-01,2025-08-26,1,Maintenance Sensory Route,Bleaching - Maintenance Route A,Sensory Route,Valve travel sticks during small command changes.,VALVE_STICTION,VALVE_STICTION,Instrumentation,Valves,BLE-VALVES,Closed,,,,,,,,,NO_ACTION_REQUIRED,Notification dispositioned without corrective scope.,Inspection only,Field inspection completed; no corrective maintenance performed.,FALSE,1.15,252.68,
N0001106,WO0000675,PLT-FL-DRY-DRS,TT-DRY-DRS-01,2025-08-27,3,Planned Inspection,Drying - Inspection,Planned Inspection,Intermittent signal dropout at stable process conditions.,INTERMITTENT_SIGNAL,INTERMITTENT_SIGNAL,Automation,,DRY-AUTOMATION,Closed,2025-08-28,PM02,Completed,2025-10-17,2025-10-18,2025-10-17,2025-10-18,1,WORK_COMPLETED,Corrective scope executed and checked.,Instrument replacement,Instrument replacement performed; post-work functional check within tolerance.,TRUE,7.07,5738.89,
N0001107,WO0000676,PLT-FL-WSH-FIL,FV-WSH-FIL-01,2025-08-28,3,Planned Inspection,Washing & Screening - Inspection,Planned Inspection,Valve feedback differs from demanded position.,POSITIONER_DEVIATION,POSITIONER_DEVIATION,Valves,,WSH-VALVES,Closed,2025-09-02,PM02,Completed,2025-09-17,2025-09-18,2025-09-17,2025-09-18,0,MONITOR_CONDITION,Condition recorded; continue observation without corrective work.,Inspection only,Inspected and recorded readings; no component correction performed.,TRUE,1.65,299.90,
N0001108,WO0000677,PLT-FL-DRY-HYD,P-DRY-HYD-01,2025-08-29,3,Planned Inspection,Drying - Inspection,Planned Inspection,Hydraulic header pressure oscillates under steady demand.,HYD_PRESS_INSTABILITY,HYD_PRESS_INSTABILITY,Condition Monitoring,Mechanical,DRY-MECHANICAL,Closed,2025-09-03,PM02,Completed,2025-10-15,2025-10-16,2025-10-15,2025-10-16,0,WORK_COMPLETED,Corrective scope executed and checked.,Component replacement,Component replacement performed; post-work functional check within tolerance.,TRUE,13.42,11049.34,
N0001109,,PLT-RU-RB-STM,PV-RB-STM-01,2025-08-29,2,Process Alarm,Recovery Boiler - Control Room,Process / Control Monitoring,Valve travel sticks during small command changes.,VALVE_STICTION,VALVE_STICTION,Valves,,RB-VALVES,Closed,,,,,,,,,NO_DEFECT_FOUND,Inspection could not confirm the reported abnormality.,Inspection only,Field inspection completed; no corrective maintenance performed.,FALSE,0.90,171.47,
N0001110,WO0000678,PLT-RU-LIM-LMF,FV-LIM-LMF-01,2025-08-30,3,Operator Route,Lime Kiln - Operations,Sensory Route,Visible leakage at valve packing.,EXTERNAL_LEAKAGE,EXTERNAL_LEAKAGE,Valves,,LIM-VALVES,In Progress,2025-09-04,PM02,Scheduled,2025-11-26,2025-11-26,,,3,,,,,TRUE,0.89,189.73,
N0001111,WO0000679,PLT-FL-DRY-LUB,PT-DRY-LUB-01,2025-08-30,3,Planned Inspection,Drying - Inspection,Planned Inspection,Control sequence response differs from approved logic.,CONTROL_SEQUENCE_DEVIATION,CONTROL_SEQUENCE_DEVIATION,Automation,,DRY-AUTOMATION,Closed,2025-08-31,PM02,Completed,2025-09-13,2025-09-13,2025-09-13,2025-09-13,0,WORK_COMPLETED,Corrective scope executed and checked.,Control logic correction,Control logic correction performed; post-work functional check within tolerance.,TRUE,6.96,2053.55,
N0001112,WO0000680,PLT-FL-DIG-BLC,PV-DIG-BLC-01,2025-08-31,3,Planned Inspection,Digester - Inspection,Planned Inspection,Actuator supply pressure decays while held.,ACTUATOR_LEAKAGE,ACTUATOR_LEAKAGE,Valves,,DIG-VALVES,Closed,2025-09-04,PM02,Completed,2025-11-01,2025-11-03,2025-11-01,2025-11-03,2,MONITOR_CONDITION,Condition recorded; continue observation without corrective work.,Inspection only,Inspected and recorded readings; no component correction performed.,TRUE,1.68,303.69,
N0001113,WO0000681,PLT-RU-CAU-LMH,P-CAU-LMH-01,2025-09-06,2,Operator Route,Causticizing - Operations,Sensory Route,Crackling noise and unstable suction pressure.,CAVITATION,CAVITATION,Condition Monitoring,,CAU-CONDITION_MONITORING,Closed,2025-09-09,PM02,Completed,2025-09-19,2025-09-20,2025-09-19,2025-09-20,0,WORK_COMPLETED,Corrective scope executed and checked.,Cleaning,Cleaning performed; post-work functional check within tolerance.,TRUE,4.05,1073.06,
N0001114,WO0000682,PLT-RU-CAU-WLC,AG-CAU-WLC-01,2025-09-07,3,Condition Monitoring,Causticizing - Condition Monitoring,Predictive Route,Bearing temperature trending above baseline.,BEARING_TEMPERATURE,BEARING_TEMPERATURE,Mechanical,,CAU-MECHANICAL,Closed,2025-09-12,PM02,Completed,2025-10-12,2025-10-13,2025-10-12,2025-10-13,0,WORK_COMPLETED,Corrective scope executed and checked.,Bearing replacement,Bearing replacement performed; post-work functional check within tolerance.,TRUE,13.80,9884.66,
N0001115,WO0000683,PLT-RU-CAU-GLC,P-CAU-GLC-01,2025-09-09,3,Planned Inspection,Causticizing - Inspection,Planned Inspection,Bearing temperature trending above baseline.,BEARING_TEMPERATURE,BEARING_TEMPERATURE,Mechanical,,CAU-MECHANICAL,Closed,2025-09-13,PM02,Completed,2025-10-24,2025-10-26,2025-10-24,2025-10-26,2,MONITOR_CONDITION,Condition recorded; continue observation without corrective work.,Inspection only,Inspected and recorded readings; no component correction performed.,TRUE,1.52,255.54,
N0001116,,PLT-FL-DRY-FOR,P-DRY-FOR-01,2025-09-09,3,Condition Monitoring,Drying - Condition Monitoring,Predictive Route,Leakage at shaft seal.,SEAL_LEAKAGE,SEAL_LEAKAGE,Mechanical,,DRY-MECHANICAL,Closed,,,,,,,,,NO_DEFECT_FOUND,Inspection could not confirm the reported abnormality.,Inspection only,Field inspection completed; no corrective maintenance performed.,FALSE,1.46,272.76,
N0001117,WO0000684,PLT-RU-RB-BLF,P-RB-BLF-01,2025-09-09,1,Breakdown / Corrective,Recovery Boiler - Operations,,Crackling noise and unstable suction pressure.,CAVITATION,CAVITATION,Condition Monitoring,,RB-CONDITION_MONITORING,Closed,2025-09-12,CM01,Completed,2025-09-12,2025-09-12,2025-09-12,2025-09-12,0,WORK_COMPLETED,Corrective scope executed and checked.,Cleaning,Cleaning performed; post-work functional check within tolerance.,TRUE,7.00,1854.96,
N0001118,,PLT-RU-RB-FWS,FV-RB-FWS-01,2025-09-10,3,Planned Inspection,Recovery Boiler - Inspection,Planned Inspection,Actuator supply pressure decays while held.,ACTUATOR_LEAKAGE,ACTUATOR_LEAKAGE,Instrumentation,,RB-INSTRUMENTATION,Open,,,,,,,,,,,,,TRUE,0.60,141.29,
N0001119,WO0000685,PLT-RU-UTL-BFW,PT-UTL-BFW-01,2025-09-11,2,Planned Inspection,Utilities - Inspection,Planned Inspection,Measured output outside calibration tolerance.,CALIBRATION_DEVIATION,CALIBRATION_DEVIATION,Instrumentation,,UTL-INSTRUMENTATION,In Progress,2025-09-12,PM02,Created,2025-11-16,2025-11-16,,,4,,,,,TRUE,1.89,334.30,
N0001120,,PLT-RU-EVA-CIR,M-EVA-CIR-01,2025-09-12,3,Operator Route,Evaporation - Operations,Sensory Route,Motor bearing vibration above baseline.,MOTOR_BEARING_VIBRATION,MOTOR_BEARING_VIBRATION,Electrical,,EVA-ELECTRICAL,Closed,,,,,,,,,NO_DEFECT_FOUND,Inspection could not confirm the reported abnormality.,Inspection only,Field inspection completed; no corrective maintenance performed.,FALSE,1.74,300.71,
N0001121,WO0000686,PLT-RU-RB-SMT,P-RB-SMT-01,2025-09-12,1,Operator Route,Recovery Boiler - Operations,Sensory Route,Delivered flow below expected operating range.,LOW_FLOW,LOW_FLOW,Mechanical,,RB-MECHANICAL,Closed,2025-09-16,CM01,Completed,2025-09-25,2025-09-27,2025-09-25,2025-09-27,1,WORK_COMPLETED,Corrective scope executed and checked.,Cleaning,Cleaning performed; post-work functional check within tolerance.,TRUE,9.39,2769.56,
N0001122,,PLT-FL-WSH-FIL,FV-WSH-FIL-01,2025-09-13,3,Planned Inspection,Washing & Screening - Inspection,Planned Inspection,Visible leakage at valve packing.,EXTERNAL_LEAKAGE,EXTERNAL_LEAKAGE,Valves,,WSH-VALVES,Closed,,,,,,,,,NO_ACTION_REQUIRED,Notification dispositioned without corrective scope.,Inspection only,Field inspection completed; no corrective maintenance performed.,TRUE,0.94,214.62,
N0001123,WO0000687,PLT-RU-CAU-SLK,M-CAU-SLK-01,2025-09-13,3,Condition Monitoring,Causticizing - Condition Monitoring,Predictive Route,Motor bearing vibration above baseline.,MOTOR_BEARING_VIBRATION,MOTOR_BEARING_VIBRATION,Electrical,,CAU-ELECTRICAL,Closed,2025-09-13,PM02,Completed,2025-10-28,2025-10-28,2025-10-28,2025-10-28,3,WORK_COMPLETED,Corrective scope executed and checked.,Bearing replacement,Bearing replacement performed; post-work functional check within tolerance.,TRUE,12.39,7994.40,
N0001124,,PLT-FL-BLE-DOS,FV-BLE-DOS-01,2025-09-14,3,Maintenance Sensory Route,Bleaching - Maintenance Route A,Sensory Route,Valve travel sticks during small command changes.,VALVE_STICTION,VALVE_STICTION,Instrumentation,,BLE-INSTRUMENTATION,Closed,,,,,,,,,NO_DEFECT_FOUND,Inspection could not confirm the reported abnormality.,Inspection only,Field inspection completed; no corrective maintenance performed.,FALSE,1.85,361.79,
N0001125,WO0000688,PLT-RU-EVA-CON,LT-EVA-CON-01,2025-09-14,3,Planned Inspection,Evaporation - Inspection,Planned Inspection,Measured output outside calibration tolerance.,CALIBRATION_DEVIATION,CALIBRATION_DEVIATION,Instrumentation,,EVA-INSTRUMENTATION,Closed,2025-09-15,PM02,Completed,2025-10-21,2025-10-21,2025-10-21,2025-10-21,1,WORK_COMPLETED,Corrective scope executed and checked.,Calibration,Calibration performed; post-work functional check within tolerance.,TRUE,2.95,870.81,
N0001126,WO0000689,PLT-RU-UTL-AIR,PT-UTL-AIR-01,2025-09-14,3,Maintenance Sensory Route,Utilities - Maintenance Route A,Sensory Route,Measured output outside calibration tolerance.,CALIBRATION_DEVIATION,CALIBRATION_DEVIATION,Instrumentation,,UTL-INSTRUMENTATION,Closed,2025-09-15,PM02,Completed,2025-11-06,2025-11-08,2025-11-06,2025-11-08,1,WORK_COMPLETED,Corrective scope executed and checked.,Calibration,Calibration performed; post-work functional check within tolerance.,TRUE,5.60,1650.58,
N0001127,WO0000690,PLT-FL-DRY-DRS,FAN-DRY-DRS-01,2025-09-16,3,Operator Route,Drying - Operations,Sensory Route,Bearing temperature trending above baseline.,BEARING_TEMPERATURE,BEARING_TEMPERATURE,Mechanical,,DRY-MECHANICAL,Closed,2025-09-21,PM02,Completed,2025-11-08,2025-11-09,2025-11-08,2025-11-09,2,WORK_COMPLETED,Corrective scope executed and checked.,Bearing replacement,Bearing replacement performed; post-work functional check within tolerance.,TRUE,13.57,9719.50,
N0001128,WO0000691,PLT-FL-DRY-LUB,M-DRY-LUB-01,2025-09-16,2,Operator Report,Drying - Operations,,Motor bearing vibration above baseline.,MOTOR_BEARING_VIBRATION,MOTOR_BEARING_VIBRATION,Electrical,,DRY-ELECTRICAL,Closed,2025-09-21,PM02,Completed,2025-10-06,2025-10-08,2025-10-06,2025-10-08,0,WORK_COMPLETED,Corrective scope executed and checked.,Bearing replacement,Bearing replacement performed; post-work functional check within tolerance.,TRUE,9.12,5883.16,
N0001129,WO0000692,PLT-RU-EVA-BLF,M-EVA-BLF-01,2025-09-16,1,Breakdown / Corrective,Evaporation - Operations,,Motor bearing vibration above baseline.,MOTOR_BEARING_VIBRATION,MOTOR_BEARING_VIBRATION,Electrical,,EVA-ELECTRICAL,Closed,2025-09-17,CM01,Completed,2025-10-04,2025-10-06,2025-10-04,2025-10-06,1,WORK_COMPLETED,Corrective scope executed and checked.,Bearing replacement,Bearing replacement performed; post-work functional check within tolerance.,TRUE,19.50,12576.88,
N0001130,WO0000693,PLT-RU-CAU-REA,LT-CAU-REA-01,2025-09-17,2,Planned Inspection,Causticizing - Inspection,Planned Inspection,Indicated value drifts from independent reference.,SIGNAL_DRIFT,SIGNAL_DRIFT,Instrumentation,,CAU-INSTRUMENTATION,Closed,2025-09-22,PM02,Completed,2025-10-18,2025-10-18,2025-10-18,2025-10-18,1,WORK_COMPLETED,Corrective scope executed and checked.,Calibration,Calibration performed; post-work functional check within tolerance.,TRUE,3.14,925.98,
N0001131,WO0000694,PLT-RU-RB-AIR,DV-RB-AIR-01,2025-09-18,3,Planned Inspection,Recovery Boiler - Inspection,Planned Inspection,Process differential pressure above normal operating range.,PROCESS_RESTRICTION,PROCESS_RESTRICTION,Mechanical,,RB-MECHANICAL,Closed,2025-09-18,PM02,Completed,2025-10-08,2025-10-10,2025-10-08,2025-10-10,0,WORK_COMPLETED,Corrective scope executed and checked.,Cleaning,Cleaning performed; post-work functional check within tolerance.,TRUE,8.68,2735.70,
N0001132,WO0000695,PLT-RU-EVA-BLF,FT-EVA-BLF-01,2025-09-18,3,Process Alarm,Evaporation - Control Room,Process / Control Monitoring,Indicated value drifts from independent reference.,SIGNAL_DRIFT,SIGNAL_DRIFT,Instrumentation,,EVA-INSTRUMENTATION,In Progress,2025-09-20,PM02,Released,2025-12-06,2025-12-06,,,3,,,,,TRUE,1.88,365.61,
N0001133,WO0000696,PLT-RU-RB-SMT,P-RB-SMT-01,2025-09-19,3,Condition Monitoring,Recovery Boiler - Condition Monitoring,Predictive Route,Leakage at shaft seal.,SEAL_LEAKAGE,SEAL_LEAKAGE,Mechanical,,RB-MECHANICAL,Closed,2025-09-21,PM02,Completed,2025-11-11,2025-11-11,2025-11-11,2025-11-11,2,WORK_COMPLETED,Corrective scope executed and checked.,Seal replacement,Seal replacement performed; post-work functional check within tolerance.,TRUE,11.01,8205.81,
N0001134,WO0000697,PLT-RU-CAU-SLK,SLK-CAU-SLK-01,2025-09-19,3,Condition Monitoring,Causticizing - Condition Monitoring,Predictive Route,Process differential pressure above normal operating range.,PROCESS_RESTRICTION,PROCESS_RESTRICTION,Mechanical,Lubrication,CAU-LUBRICATION,Closed,2025-09-19,PM02,Completed,2025-10-29,2025-10-30,2025-10-29,2025-10-30,2,WORK_COMPLETED,Corrective scope executed and checked.,Cleaning,Cleaning performed; post-work functional check within tolerance.,TRUE,12.55,3952.41,
N0001135,WO0000698,PLT-FL-DIG-CHP,ZS-DIG-CHP-01,2025-09-20,3,Operator Report,Digester - Operations,,Indicated value drifts from independent reference.,SIGNAL_DRIFT,SIGNAL_DRIFT,Instrumentation,,DIG-INSTRUMENTATION,Closed,2025-09-23,PM02,Completed,2025-10-27,2025-10-29,2025-10-27,2025-10-29,0,WORK_COMPLETED,Corrective scope executed and checked.,Calibration,Calibration performed; post-work functional check within tolerance.,TRUE,2.66,783.99,
N0001136,,PLT-FL-DIG-IMP,FV-DIG-IMP-01,2025-09-22,3,Maintenance Sensory Route,Digester - Maintenance Route A,Sensory Route,Actuator supply pressure decays while held.,ACTUATOR_LEAKAGE,ACTUATOR_LEAKAGE,Instrumentation,,DIG-INSTRUMENTATION,Closed,,,,,,,,,MONITOR_CONDITION,Condition recorded; continue observation without corrective work.,Inspection only,Field inspection completed; no corrective maintenance performed.,TRUE,1.75,353.10,
N0001137,WO0000699,PLT-FL-WSH-KNR,SCR-WSH-KNR-01,2025-09-23,2,Process Alarm,Washing & Screening - Control Room,Process / Control Monitoring,Process differential pressure above normal operating range.,PROCESS_RESTRICTION,PROCESS_RESTRICTION,Mechanical,,WSH-MECHANICAL,Closed,2025-09-25,PM02,Completed,2025-10-08,2025-10-10,2025-10-08,2025-10-10,0,MONITOR_CONDITION,Condition recorded; continue observation without corrective work.,Inspection only,Inspected and recorded readings; no component correction performed.,TRUE,0.72,143.11,
N0001138,WO0000700,PLT-FL-DRY-HYD,M-DRY-HYD-01,2025-09-24,3,Condition Monitoring,Drying - Condition Monitoring,Predictive Route,Motor bearing vibration above baseline.,MOTOR_BEARING_VIBRATION,MOTOR_BEARING_VIBRATION,Electrical,,DRY-ELECTRICAL,In Progress,2025-09-27,PM02,Released,2025-12-14,2025-12-16,,,3,,,,,TRUE,0.98,206.01,
N0001139,WO0000701,PLT-RU-CAU-REA,M-CAU-REA-01,2025-09-26,2,Condition Monitoring,Causticizing - Condition Monitoring,Predictive Route,Motor temperature rising at normal load.,MOTOR_OVERHEATING,MOTOR_OVERHEATING,Condition Monitoring,,CAU-CONDITION_MONITORING,Closed,2025-10-01,PM02,Completed,2025-10-07,2025-10-09,2025-10-07,2025-10-09,0,WORK_COMPLETED,Corrective scope executed and checked.,Cleaning,Cleaning performed; post-work functional check within tolerance.,TRUE,4.38,1293.41,
N0001140,,PLT-RU-CAU-REA,AG-CAU-REA-01,2025-09-29,3,Process Alarm,Causticizing - Control Room,Process / Control Monitoring,Bearing temperature trending above baseline.,BEARING_TEMPERATURE,BEARING_TEMPERATURE,Mechanical,,CAU-MECHANICAL,Open,,,,,,,,,,,,,TRUE,1.02,203.62,
N0001141,WO0000702,PLT-FL-WSH-FIL,M-WSH-FIL-01,2025-09-29,1,Condition Monitoring,Washing & Screening - Condition Monitoring,Predictive Route,Localized heating at electrical connection.,TERMINAL_HEATING,TERMINAL_HEATING,Electrical,,WSH-ELECTRICAL,Closed,2025-09-29,CM01,Completed,2025-10-02,2025-10-03,2025-10-02,2025-10-03,0,WORK_COMPLETED,Corrective scope executed and checked.,Tightening,Tightening performed; post-work functional check within tolerance.,TRUE,2.68,655.64,
N0001142,WO0000703,PLT-FL-DIG-BLC,PV-DIG-BLC-01,2025-09-29,2,Operator Route,Digester - Operations,Sensory Route,Visible leakage at valve packing.,EXTERNAL_LEAKAGE,EXTERNAL_LEAKAGE,Valves,,DIG-VALVES,Closed,2025-10-04,PM02,Completed,2025-10-13,2025-10-15,2025-10-13,2025-10-15,0,WORK_COMPLETED,Corrective scope executed and checked.,Seal replacement,Seal replacement performed; post-work functional check within tolerance.,TRUE,5.05,2669.40,
N0001143,WO0000704,PLT-RU-UTL-ELD,CB-UTL-ELD-01,2025-09-30,3,Planned Inspection,Utilities - Inspection,Planned Inspection,Control sequence response differs from approved logic.,CONTROL_SEQUENCE_DEVIATION,CONTROL_SEQUENCE_DEVIATION,Electrical,,UTL-ELECTRICAL,Closed,2025-10-04,PM02,Completed,2025-11-10,2025-11-12,2025-11-10,2025-11-12,1,WORK_COMPLETED,Corrective scope executed and checked.,Control logic correction,Control logic correction performed; post-work functional check within tolerance.,TRUE,5.68,1675.52,
N0001144,WO0000705,PLT-FL-BLE-DOS,FT-BLE-DOS-01,2025-10-01,2,Planned Inspection,Bleaching - Inspection,Planned Inspection,Control sequence response differs from approved logic.,CONTROL_SEQUENCE_DEVIATION,CONTROL_SEQUENCE_DEVIATION,Automation,,BLE-AUTOMATION,Closed,2025-10-04,PM02,Completed,2025-10-10,2025-10-12,2025-10-10,2025-10-12,0,WORK_COMPLETED,Corrective scope executed and checked.,Control logic correction,Control logic correction performed; post-work functional check within tolerance.,TRUE,6.42,1895.09,
N0001145,WO0000706,PLT-RU-CAU-WLC,FV-CAU-WLC-01,2025-10-01,1,Maintenance Sensory Route,Causticizing - Maintenance Route A,Sensory Route,Valve travel sticks during small command changes.,VALVE_STICTION,VALVE_STICTION,Valves,,CAU-VALVES,In Progress,2025-10-02,CM01,Scheduled,2025-12-16,2025-12-17,,,5,,,,,TRUE,0.37,139.06,
N0001146,WO0000707,PLT-FL-DRY-HYD,HPU-DRY-HYD-01,2025-10-01,1,Condition Monitoring,Drying - Condition Monitoring,Predictive Route,Hydraulic header pressure oscillates under steady demand.,HYD_PRESS_INSTABILITY,HYD_PRESS_INSTABILITY,Hydraulics,Electrical,DRY-ELECTRICAL,In Progress,2025-10-03,CM01,Scheduled,2025-11-14,2025-11-16,,,5,,,,,TRUE,1.80,336.71,
N0001147,WO0000708,PLT-FL-DIG-CIR,P-DIG-CIR-01,2025-10-01,1,Operator Route,Digester - Operations,Sensory Route,Elevated vibration at pump bearing housing.,PUMP_BEARING_VIBRATION,PUMP_BEARING_VIBRATION,Mechanical,Lubrication,DIG-LUBRICATION,In Progress,2025-10-03,CM01,Scheduled,2025-12-09,2025-12-11,,,5,,,,,TRUE,1.54,265.42,
N0001148,WO0000709,PLT-FL-BLE-STW,M-BLE-STW-01,2025-10-03,2,Maintenance Sensory Route,Bleaching - Maintenance Route A,Sensory Route,Insulation test trending below reference.,INSULATION_DEGRADATION,INSULATION_DEGRADATION,Electrical,,BLE-ELECTRICAL,In Progress,2025-10-05,PM02,Released,2025-11-28,2025-11-29,,,2,,,,,FALSE,0.65,174.06,
N0001149,WO0000710,PLT-RU-UTL-AIR,M-UTL-AIR-01,2025-10-05,2,Operator Report,Utilities - Operations,,Motor temperature rising at normal load.,MOTOR_OVERHEATING,MOTOR_OVERHEATING,Electrical,,UTL-ELECTRICAL,Closed,2025-10-06,PM02,Completed,2025-10-14,2025-10-16,2025-10-14,2025-10-16,0,WORK_COMPLETED,Corrective scope executed and checked.,Cleaning,Cleaning performed; post-work functional check within tolerance.,TRUE,4.91,1447.33,
N0001150,,PLT-FL-DIG-CIR,TT-DIG-CIR-01,2025-10-05,3,Operator Route,Digester - Operations,Sensory Route,Control sequence response differs from approved logic.,CONTROL_SEQUENCE_DEVIATION,CONTROL_SEQUENCE_DEVIATION,Automation,,DIG-AUTOMATION,Closed,,,,,,,,,MONITOR_CONDITION,Condition recorded; continue observation without corrective work.,Inspection only,Field inspection completed; no corrective maintenance performed.,TRUE,1.86,327.69,
N0001151,WO0000711,PLT-FL-BLE-CHM,M-BLE-CHM-01,2025-10-06,3,Operator Route,Bleaching - Operations,Sensory Route,Motor temperature rising at normal load.,MOTOR_OVERHEATING,MOTOR_OVERHEATING,Electrical,,BLE-ELECTRICAL,In Progress,2025-10-06,PM02,Released,2025-11-24,2025-11-25,,,1,,,,,TRUE,1.82,353.61,
N0001152,WO0000712,PLT-FL-DRY-LUB,P-DRY-LUB-01,2025-10-07,3,Planned Inspection,Drying - Inspection,Planned Inspection,Lubricant level below normal mark.,LOW_LUBE_LEVEL,LOW_LUBE_LEVEL,Lubrication,,DRY-LUBRICATION,In Progress,2025-10-11,PM02,Created,2025-11-22,2025-11-22,,,0,,,,,TRUE,0.67,128.02,
N0001153,WO0000713,PLT-RU-RB-FWS,P-RB-FWS-01,2025-10-08,2,Condition Monitoring,Recovery Boiler - Condition Monitoring,Predictive Route,Oil sample shows elevated contamination.,OIL_CONTAMINATION,OIL_CONTAMINATION,Lubrication,,RB-LUBRICATION,Closed,2025-10-09,PM02,Completed,2025-10-13,2025-10-15,2025-10-13,2025-10-15,0,WORK_COMPLETED,Corrective scope executed and checked.,Lubrication,Lubrication performed; post-work functional check within tolerance.,TRUE,4.14,2117.89,
N0001154,WO0000714,PLT-FL-DIG-BLC,XV-DIG-BLC-01,2025-10-08,2,Operator Route,Digester - Operations,Sensory Route,Actuator supply pressure decays while held.,ACTUATOR_LEAKAGE,ACTUATOR_LEAKAGE,Valves,,DIG-VALVES,Closed,2025-10-09,PM02,Completed,2025-10-12,2025-10-13,2025-10-12,2025-10-13,0,WORK_COMPLETED,Corrective scope executed and checked.,Seal replacement,Seal replacement performed; post-work functional check within tolerance.,TRUE,6.60,3846.16,
N0001155,,PLT-FL-DRY-PMF,FV-DRY-PMF-01,2025-10-09,3,Operator Route,Drying - Operations,Sensory Route,Actuator supply pressure decays while held.,ACTUATOR_LEAKAGE,ACTUATOR_LEAKAGE,Valves,,DRY-VALVES,Open,,,,,,,,,,,,,TRUE,0.64,181.89,
N0001156,,PLT-RU-UTL-PWT,P-UTL-PWT-01,2025-10-10,3,Maintenance Sensory Route,Utilities - Maintenance Route A,Sensory Route,Elevated vibration at pump bearing housing.,PUMP_BEARING_VIBRATION,PUMP_BEARING_VIBRATION,Mechanical,,UTL-MECHANICAL,Open,,,,,,,,,,,,,FALSE,0.98,176.36,
N0001157,WO0000715,PLT-RU-LIM-IDF,DV-LIM-IDF-01,2025-10-11,2,Planned Inspection,Lime Kiln - Inspection,Planned Inspection,Mechanism travel is uneven with elevated resistance.,MECHANICAL_BINDING,MECHANICAL_BINDING,Mechanical,,LIM-MECHANICAL,Closed,2025-10-15,PM02,Completed,2025-10-25,2025-10-27,2025-10-25,2025-10-27,0,WORK_COMPLETED,Corrective scope executed and checked.,Adjustment,Adjustment performed; post-work functional check within tolerance.,TRUE,7.82,2794.87,
N0001158,,PLT-FL-DIG-DIS,M-DIG-DIS-01,2025-10-12,2,Planned Inspection,Digester - Inspection,Planned Inspection,Insulation test trending below reference.,INSULATION_DEGRADATION,INSULATION_DEGRADATION,Condition Monitoring,Lubrication,DIG-LUBRICATION,Closed,,,,,,,,,NO_ACTION_REQUIRED,Notification dispositioned without corrective scope.,Inspection only,Field inspection completed; no corrective maintenance performed.,TRUE,1.99,342.03,
N0001159,,PLT-FL-WSH-FIL,LT-WSH-FIL-01,2025-10-13,3,Planned Inspection,Washing & Screening - Inspection,Planned Inspection,Control sequence response differs from approved logic.,CONTROL_SEQUENCE_DEVIATION,CONTROL_SEQUENCE_DEVIATION,Automation,,WSH-AUTOMATION,Open,,,,,,,,,,,,,FALSE,1.51,274.27,
N0001160,,PLT-FL-DRY-PRS,HY-DRY-PRS-01,2025-10-14,3,Planned Inspection,Drying - Inspection,Planned Inspection,Hydraulic pressure decays with no external leak.,HYD_INTERNAL_LEAKAGE,HYD_INTERNAL_LEAKAGE,Hydraulics,,DRY-HYDRAULICS,Open,,,,,,,,,,,,,FALSE,0.69,130.02,
N0001161,WO0000716,PLT-FL-DRY-LUB,M-DRY-LUB-01,2025-10-16,2,Process Alarm,Drying - Control Room,Process / Control Monitoring,Motor temperature rising at normal load.,MOTOR_OVERHEATING,MOTOR_OVERHEATING,Electrical,,DRY-ELECTRICAL,Closed,2025-10-20,PM02,Completed,2025-11-12,2025-11-14,2025-11-12,2025-11-14,1,WORK_COMPLETED,Corrective scope executed and checked.,Cleaning,Cleaning performed; post-work functional check within tolerance.,TRUE,4.59,1354.05,
N0001162,WO0000717,PLT-FL-DIG-DIS,P-DIG-DIS-01,2025-10-16,3,Condition Monitoring,Digester - Condition Monitoring,Predictive Route,Bearing temperature trending above baseline.,BEARING_TEMPERATURE,BEARING_TEMPERATURE,Mechanical,,DIG-MECHANICAL,In Progress,2025-10-18,PM02,Created,2025-12-08,2025-12-08,,,1,,,,,TRUE,1.02,237.31,
N0001163,WO0000718,PLT-RU-EVA-BLF,FT-EVA-BLF-01,2025-10-17,1,Breakdown / Corrective,Evaporation - Operations,,Intermittent signal dropout at stable process conditions.,INTERMITTENT_SIGNAL,INTERMITTENT_SIGNAL,Automation,,EVA-AUTOMATION,Closed,2025-10-18,CM01,Completed,2025-10-20,2025-10-20,2025-10-20,2025-10-20,0,WORK_COMPLETED,Corrective scope executed and checked.,Instrument replacement,Instrument replacement performed; post-work functional check within tolerance.,TRUE,7.17,5820.93,
N0001164,,PLT-FL-WSH-SCR,P-WSH-SCR-01,2025-10-17,3,Operator Report,Washing & Screening - Operations,,Leakage at shaft seal.,SEAL_LEAKAGE,SEAL_LEAKAGE,Mechanical,,WSH-MECHANICAL,Open,,,,,,,,,,,,,TRUE,0.59,119.65,
N0001165,WO0000719,PLT-FL-BLE-CHM,AG-BLE-CHM-01,2025-10-18,2,Condition Monitoring,Bleaching - Condition Monitoring,Predictive Route,Oil condition test indicates degraded lubricant.,OIL_DEGRADATION,OIL_DEGRADATION,Lubrication,Mechanical,BLE-MECHANICAL,Closed,2025-10-20,PM02,Completed,2025-11-05,2025-11-06,2025-11-05,2025-11-06,0,WORK_COMPLETED,Corrective scope executed and checked.,Lubrication,Lubrication performed; post-work functional check within tolerance.,TRUE,5.30,2977.06,
N0001166,,PLT-RU-UTL-BFW,M-UTL-BFW-01,2025-10-19,3,Operator Route,Utilities - Operations,Sensory Route,Insulation test trending below reference.,INSULATION_DEGRADATION,INSULATION_DEGRADATION,Electrical,,UTL-ELECTRICAL,Closed,,,,,,,,,NO_DEFECT_FOUND,Inspection could not confirm the reported abnormality.,Inspection only,Field inspection completed; no corrective maintenance performed.,FALSE,1.93,339.61,
N0001167,WO0000720,PLT-FL-DRY-LUB,P-DRY-LUB-01,2025-10-19,2,Operator Report,Drying - Operations,,Oil condition test indicates degraded lubricant.,OIL_DEGRADATION,OIL_DEGRADATION,Lubrication,,DRY-LUBRICATION,In Progress,2025-10-20,PM02,Scheduled,2025-11-30,2025-11-30,,,3,,,,,TRUE,1.61,268.42,
N0001168,WO0000721,PLT-RU-LIM-IDF,M-LIM-IDF-01,2025-10-20,1,Operator Route,Lime Kiln - Operations,Sensory Route,Motor temperature rising at normal load.,MOTOR_OVERHEATING,MOTOR_OVERHEATING,Electrical,,LIM-ELECTRICAL,Closed,2025-10-21,CM01,Completed,2025-10-23,2025-10-24,2025-10-23,2025-10-24,0,WORK_COMPLETED,Corrective scope executed and checked.,Cleaning,Cleaning performed; post-work functional check within tolerance.,TRUE,8.87,2616.46,
N0001169,WO0000722,PLT-FL-DRY-LUB,M-DRY-LUB-01,2025-10-21,3,Operator Report,Drying - Operations,,Insulation test trending below reference.,INSULATION_DEGRADATION,INSULATION_DEGRADATION,Electrical,,DRY-ELECTRICAL,Closed,2025-10-25,PM02,Completed,2025-11-12,2025-11-14,2025-11-12,2025-11-14,0,NO_DEFECT_FOUND,Inspection could not confirm the reported abnormality.,Inspection only,Inspected and recorded readings; no component correction performed.,FALSE,0.98,222.91,
N0001170,WO0000723,PLT-RU-RB-STM,PT-RB-STM-01,2025-10-21,2,Process Alarm,Recovery Boiler - Control Room,Process / Control Monitoring,Indicated value drifts from independent reference.,SIGNAL_DRIFT,SIGNAL_DRIFT,Instrumentation,,RB-INSTRUMENTATION,Closed,2025-10-23,PM02,Cancelled,2025-10-26,2025-10-26,,,0,CANCELLED,Order cancelled after scope review; no execution recorded.,,,TRUE,1.73,287.99,
N0001171,WO0000724,PLT-FL-WSH-SCR,DPIT-WSH-SCR-01,2025-10-22,1,Breakdown / Corrective,Washing & Screening - Operations,,Pressure response delayed during process change.,IMPULSE_LINE_RESTRICTION,IMPULSE_LINE_RESTRICTION,Instrumentation,,WSH-INSTRUMENTATION,Closed,2025-10-26,CM01,Completed,2025-11-07,2025-11-08,2025-11-07,2025-11-08,1,WORK_COMPLETED,Corrective scope executed and checked.,Cleaning,Cleaning performed; post-work functional check within tolerance.,TRUE,6.14,1625.99,
N0001172,WO0000725,PLT-RU-EVA-CON,LT-EVA-CON-01,2025-10-23,3,Planned Inspection,Evaporation - Inspection,Planned Inspection,Indicated value drifts from independent reference.,SIGNAL_DRIFT,SIGNAL_DRIFT,Instrumentation,,EVA-INSTRUMENTATION,In Progress,2025-10-28,PM02,Released,2025-12-05,2025-12-05,,,0,,,,,TRUE,1.97,364.95,
N0001173,,PLT-FL-DRY-PMF,M-DRY-PMF-01,2025-10-23,3,Condition Monitoring,Drying - Condition Monitoring,Predictive Route,Insulation test trending below reference.,INSULATION_DEGRADATION,INSULATION_DEGRADATION,Electrical,,DRY-ELECTRICAL,Closed,,,,,,,,,NO_ACTION_REQUIRED,Notification dispositioned without corrective scope.,Inspection only,Field inspection completed; no corrective maintenance performed.,TRUE,1.89,311.43,
N0001174,,PLT-RU-EVA-CIR,P-EVA-CIR-01,2025-10-25,3,Maintenance Sensory Route,Evaporation - Maintenance Route A,Sensory Route,Oil condition test indicates degraded lubricant.,OIL_DEGRADATION,OIL_DEGRADATION,Lubrication,,EVA-LUBRICATION,Closed,,,,,,,,,MONITOR_CONDITION,Condition recorded; continue observation without corrective work.,Inspection only,Field inspection completed; no corrective maintenance performed.,TRUE,1.92,334.12,
N0001175,,PLT-FL-WSH-SCR,DPIT-WSH-SCR-01,2025-10-26,3,Operator Route,Washing & Screening - Operations,Sensory Route,Intermittent signal dropout at stable process conditions.,INTERMITTENT_SIGNAL,INTERMITTENT_SIGNAL,Instrumentation,,WSH-INSTRUMENTATION,Open,,,,,,,,,,,,,TRUE,1.50,301.82,
N0001176,WO0000726,PLT-RU-LIM-LMF,FT-LIM-LMF-01,2025-10-28,3,Operator Report,Lime Kiln - Operations,,Indicated value drifts from independent reference.,SIGNAL_DRIFT,SIGNAL_DRIFT,Instrumentation,,LIM-INSTRUMENTATION,Closed,2025-10-31,PM02,Cancelled,2025-12-14,2025-12-14,,,2,CANCELLED,Order cancelled after scope review; no execution recorded.,,,TRUE,0.38,139.18,
N0001177,WO0000727,PLT-RU-RB-SMT,P-RB-SMT-01,2025-10-28,1,Breakdown / Corrective,Recovery Boiler - Operations,,Bearing temperature trending above baseline.,BEARING_TEMPERATURE,BEARING_TEMPERATURE,Mechanical,,RB-MECHANICAL,Closed,2025-10-31,CM01,Completed,2025-10-31,2025-11-01,2025-10-31,2025-11-01,0,WORK_COMPLETED,Corrective scope executed and checked.,Bearing replacement,Bearing replacement performed; post-work functional check within tolerance.,TRUE,18.82,13486.51,
N0001178,,PLT-FL-WSH-SCR,DPIT-WSH-SCR-01,2025-10-30,3,Planned Inspection,Washing & Screening - Inspection,Planned Inspection,Measured output outside calibration tolerance.,CALIBRATION_DEVIATION,CALIBRATION_DEVIATION,Instrumentation,,WSH-INSTRUMENTATION,Closed,,,,,,,,,OPERATING_CONDITION,Observed response is within the current operating envelope.,Inspection only,Field inspection completed; no corrective maintenance performed.,FALSE,1.02,228.64,
N0001179,,PLT-FL-WSH-SCR,SCR-WSH-SCR-01,2025-10-30,3,Operator Report,Washing & Screening - Operations,,Mechanism travel is uneven with elevated resistance.,MECHANICAL_BINDING,MECHANICAL_BINDING,Mechanical,,WSH-MECHANICAL,Open,,,,,,,,,,,,,FALSE,0.72,179.18,
N0001180,WO0000728,PLT-RU-LIM-DRV,GB-LIM-DRV-01,2025-11-01,3,Operator Route,Lime Kiln - Operations,Sensory Route,Oil condition test indicates degraded lubricant.,OIL_DEGRADATION,OIL_DEGRADATION,Mechanical,,LIM-MECHANICAL,In Progress,2025-11-02,PM02,Released,2025-12-23,2025-12-25,,,1,,,,,TRUE,1.41,272.97,
N0001181,,PLT-RU-CAU-SLK,SLK-CAU-SLK-01,2025-11-01,3,Operator Report,Causticizing - Operations,,Mechanism travel is uneven with elevated resistance.,MECHANICAL_BINDING,MECHANICAL_BINDING,Mechanical,,CAU-MECHANICAL,Closed,,,,,,,,,NO_DEFECT_FOUND,Inspection could not confirm the reported abnormality.,Inspection only,Field inspection completed; no corrective maintenance performed.,FALSE,0.58,151.01,
N0001182,WO0000729,PLT-FL-DRY-PRS,DRV-DRY-PRS-01,2025-11-02,3,Condition Monitoring,Drying - Condition Monitoring,Predictive Route,Insulation test trending below reference.,INSULATION_DEGRADATION,INSULATION_DEGRADATION,Condition Monitoring,Electrical,DRY-ELECTRICAL,In Progress,2025-11-04,PM02,Released,2026-01-09,2026-01-09,,,2,,,,,TRUE,1.17,200.60,
N0001183,,PLT-RU-LIM-IDF,FAN-LIM-IDF-01,2025-11-02,3,Planned Inspection,Lime Kiln - Inspection,Planned Inspection,Rotating assembly shows dominant once-per-revolution vibration.,IMBALANCE,IMBALANCE,Mechanical,,LIM-MECHANICAL,Closed,,,,,,,,,MONITOR_CONDITION,Condition recorded; continue observation without corrective work.,Inspection only,Field inspection completed; no corrective maintenance performed.,TRUE,0.59,133.64,
N0001184,,PLT-RU-LIM-BRN,FV-LIM-BRN-01,2025-11-04,2,Operator Report,Lime Kiln - Operations,,Visible leakage at valve packing.,EXTERNAL_LEAKAGE,EXTERNAL_LEAKAGE,Valves,,LIM-VALVES,Closed,,,,,,,,,MONITOR_CONDITION,Condition recorded; continue observation without corrective work.,Inspection only,Field inspection completed; no corrective maintenance performed.,TRUE,0.61,180.29,
N0001185,WO0000730,PLT-RU-LIM-LMF,FV-LIM-LMF-01,2025-11-04,3,Operator Route,Lime Kiln - Operations,Sensory Route,Valve feedback differs from demanded position.,POSITIONER_DEVIATION,POSITIONER_DEVIATION,Instrumentation,,LIM-INSTRUMENTATION,In Progress,2025-11-05,PM02,Released,2025-12-20,2025-12-22,,,0,,,,,TRUE,1.95,322.93,
N0001186,WO0000731,PLT-FL-DIG-CHP,CNV-DIG-CHP-01,2025-11-05,3,Condition Monitoring,Digester - Condition Monitoring,Predictive Route,Process differential pressure above normal operating range.,PROCESS_RESTRICTION,PROCESS_RESTRICTION,Condition Monitoring,,DIG-CONDITION_MONITORING,In Progress,2025-11-06,PM02,Scheduled,2025-11-30,2025-12-02,,,1,,,,,TRUE,1.10,195.72,
N0001187,,PLT-RU-UTL-AIR,PT-UTL-AIR-01,2025-11-05,2,Operator Route,Utilities - Operations,Sensory Route,Intermittent signal dropout at stable process conditions.,INTERMITTENT_SIGNAL,INTERMITTENT_SIGNAL,Instrumentation,,UTL-INSTRUMENTATION,Open,,,,,,,,,,,,,FALSE,1.41,257.51,
N0001188,WO0000732,PLT-RU-CAU-SLK,TT-CAU-SLK-01,2025-11-05,3,Maintenance Sensory Route,Causticizing - Maintenance Route A,Sensory Route,Indicated value drifts from independent reference.,SIGNAL_DRIFT,SIGNAL_DRIFT,Instrumentation,,CAU-INSTRUMENTATION,Closed,2025-11-08,PM02,Cancelled,2025-11-28,2025-11-29,,,0,CANCELLED,Order cancelled after scope review; no execution recorded.,,,TRUE,1.01,217.87,
N0001189,WO0000733,PLT-RU-CAU-REA,AG-CAU-REA-01,2025-11-07,3,Planned Inspection,Causticizing - Inspection,Planned Inspection,Bearing temperature trending above baseline.,BEARING_TEMPERATURE,BEARING_TEMPERATURE,Condition Monitoring,,CAU-CONDITION_MONITORING,In Progress,2025-11-07,PM02,Released,2026-01-10,2026-01-11,,,3,,,,,TRUE,1.20,257.75,
N0001190,WO0000734,PLT-RU-UTL-STM,PV-UTL-STM-01,2025-11-07,3,Planned Inspection,Utilities - Inspection,Planned Inspection,Valve feedback differs from demanded position.,POSITIONER_DEVIATION,POSITIONER_DEVIATION,Valves,,UTL-VALVES,In Progress,2025-11-07,PM02,Released,2025-12-08,2025-12-08,,,0,,,,,TRUE,1.87,326.14,
N0001191,WO0000735,PLT-RU-UTL-PWT,FT-UTL-PWT-01,2025-11-08,3,Operator Report,Utilities - Operations,,Intermittent signal dropout at stable process conditions.,INTERMITTENT_SIGNAL,INTERMITTENT_SIGNAL,Instrumentation,,UTL-INSTRUMENTATION,In Progress,2025-11-08,PM02,Created,2025-12-16,2025-12-17,,,0,,,,,TRUE,0.73,195.39,
N0001192,,PLT-RU-UTL-AIR,M-UTL-AIR-01,2025-11-08,3,Condition Monitoring,Utilities - Condition Monitoring,Predictive Route,Insulation test trending below reference.,INSULATION_DEGRADATION,INSULATION_DEGRADATION,Condition Monitoring,,UTL-CONDITION_MONITORING,Open,,,,,,,,,,,,,TRUE,0.48,139.52,
N0001193,WO0000736,PLT-RU-UTL-ELD,CB-UTL-ELD-01,2025-11-09,2,Process Alarm,Utilities - Control Room,Process / Control Monitoring,Localized heating at electrical connection.,TERMINAL_HEATING,TERMINAL_HEATING,Electrical,,UTL-ELECTRICAL,In Progress,2025-11-11,PM02,Created,2025-12-13,2025-12-15,,,2,,,,,TRUE,0.57,151.87,
N0001194,WO0000737,PLT-FL-WSH-SCR,M-WSH-SCR-01,2025-11-09,3,Condition Monitoring,Washing & Screening - Condition Monitoring,Predictive Route,Motor temperature rising at normal load.,MOTOR_OVERHEATING,MOTOR_OVERHEATING,Condition Monitoring,,WSH-CONDITION_MONITORING,In Progress,2025-11-14,PM02,Created,2026-01-31,2026-01-31,,,2,,,,,TRUE,1.46,248.28,
N0001195,,PLT-RU-CAU-WLC,FV-CAU-WLC-01,2025-11-10,1,Process Alarm,Causticizing - Control Room,Process / Control Monitoring,Valve travel sticks during small command changes.,VALVE_STICTION,VALVE_STICTION,Valves,,CAU-VALVES,Open,,,,,,,,,,,,,TRUE,1.60,328.05,
N0001196,,PLT-FL-DRY-HYD,HPU-DRY-HYD-01,2025-11-10,1,Condition Monitoring,Drying - Condition Monitoring,Predictive Route,Hydraulic header pressure oscillates under steady demand.,HYD_PRESS_INSTABILITY,HYD_PRESS_INSTABILITY,Hydraulics,,DRY-HYDRAULICS,Open,,,,,,,,,,,,,TRUE,0.81,214.57,
N0001197,WO0000738,PLT-FL-DRY-DRS,M-DRY-DRS-01,2025-11-10,1,Breakdown / Corrective,Drying - Operations,,Lubricant level below normal mark.,LOW_LUBE_LEVEL,LOW_LUBE_LEVEL,Lubrication,,DRY-LUBRICATION,In Progress,2025-11-15,CM01,Created,2025-11-18,2025-11-18,,,0,,,,,TRUE,1.73,338.59,
N0001198,,PLT-FL-DIG-CIR,P-DIG-CIR-01,2025-11-10,1,Operator Route,Digester - Operations,Sensory Route,Elevated vibration at pump bearing housing.,PUMP_BEARING_VIBRATION,PUMP_BEARING_VIBRATION,Mechanical,Lubrication,DIG-LUBRICATION,Open,,,,,,,,,,,,,TRUE,0.63,135.52,
N0001199,,PLT-FL-WSH-BSW,FV-WSH-BSW-01,2025-11-11,3,Operator Route,Washing & Screening - Operations,Sensory Route,Actuator supply pressure decays while held.,ACTUATOR_LEAKAGE,ACTUATOR_LEAKAGE,Instrumentation,,WSH-INSTRUMENTATION,Closed,,,,,,,,,MONITOR_CONDITION,Condition recorded; continue observation without corrective work.,Inspection only,Field inspection completed; no corrective maintenance performed.,TRUE,1.84,361.65,
N0001200,WO0000739,PLT-FL-DIG-IMP,FT-DIG-IMP-01,2025-11-13,3,Maintenance Sensory Route,Digester - Maintenance Route A,Sensory Route,Measured output outside calibration tolerance.,CALIBRATION_DEVIATION,CALIBRATION_DEVIATION,Instrumentation,,DIG-INSTRUMENTATION,In Progress,2025-11-14,PM02,Created,2025-12-05,2025-12-07,,,0,,,,,TRUE,1.90,328.13,
